index,sobol_id,replicate_id,rf_seed,r_toro_fixed,r_toro_dip,delta_r,rel_l1_geomean_arms,Vs1,H,CoV,rH,aHV,Vs2,dip_angle_deg
0,0,0,3225228,0.5621176764551984,0.5130699453629353,-0.049047731092263125,0.027735846368691027,181.71401476829877,54.0,0.26797559950500727,82.57714900188148,13.51265704265684,1143.255911211728,-1.2123646102845669
1,0,1,7005739,0.5656564886876705,0.5249319035031701,-0.040724585184500395,0.027735846368691027,181.71401476829877,54.0,0.26797559950500727,82.57714900188148,13.51265704265684,1143.255911211728,-1.2123646102845669
2,0,2,9301927,-0.048286732520134656,-0.040047755039261466,0.00823897748087319,0.027735846368691027,181.71401476829877,54.0,0.26797559950500727,82.57714900188148,13.51265704265684,1143.255911211728,-1.2123646102845669
3,0,3,621504,-0.0330790404426926,-0.020590638704449663,0.012488401738242939,0.027735846368691027,181.71401476829877,54.0,0.26797559950500727,82.57714900188148,13.51265704265684,1143.255911211728,-1.2123646102845669
4,0,4,1593157,0.5737312891800793,0.5474840235088856,-0.02624726567119373,0.027735846368691027,181.71401476829877,54.0,0.26797559950500727,82.57714900188148,13.51265704265684,1143.255911211728,-1.2123646102845669
5,0,5,7851696,0.63764919822344,0.5897320899295496,-0.0479171082938904,0.027735846368691027,181.71401476829877,54.0,0.26797559950500727,82.57714900188148,13.51265704265684,1143.255911211728,-1.2123646102845669
6,0,6,5799740,0.4949552405473518,0.4614163156773057,-0.033538924870046116,0.027735846368691027,181.71401476829877,54.0,0.26797559950500727,82.57714900188148,13.51265704265684,1143.255911211728,-1.2123646102845669
7,0,7,4597342,0.5730356501068091,0.5238048694008713,-0.04923078070593778,0.027735846368691027,181.71401476829877,54.0,0.26797559950500727,82.57714900188148,13.51265704265684,1143.255911211728,-1.2123646102845669
8,0,8,4295983,0.6108437336360936,0.5754282238741094,-0.035415509761984154,0.027735846368691027,181.71401476829877,54.0,0.26797559950500727,82.57714900188148,13.51265704265684,1143.255911211728,-1.2123646102845669
9,0,9,5476400,0.6770995877362407,0.6472621393493669,-0.029837448386873744,0.027735846368691027,181.71401476829877,54.0,0.26797559950500727,82.57714900188148,13.51265704265684,1143.255911211728,-1.2123646102845669
10,0,10,8175648,0.5886188767244994,0.5383237123395502,-0.05029516438494919,0.027735846368691027,181.71401476829877,54.0,0.26797559950500727,82.57714900188148,13.51265704265684,1143.255911211728,-1.2123646102845669
11,0,11,1895126,0.6132261381364507,0.577768884802662,-0.035457253333788685,0.027735846368691027,181.71401476829877,54.0,0.26797559950500727,82.57714900188148,13.51265704265684,1143.255911211728,-1.2123646102845669
12,0,12,923174,0.6612817329084426,0.633366998382329,-0.027914734526113594,0.027735846368691027,181.71401476829877,54.0,0.26797559950500727,82.57714900188148,13.51265704265684,1143.255911211728,-1.2123646102845669
13,0,13,9625558,0.6547504121216958,0.6266095218321251,-0.028140890289570675,0.027735846368691027,181.71401476829877,54.0,0.26797559950500727,82.57714900188148,13.51265704265684,1143.255911211728,-1.2123646102845669
14,0,14,6682717,0.6461141771350917,0.6068066373977004,-0.03930753973739132,0.027735846368691027,181.71401476829877,54.0,0.26797559950500727,82.57714900188148,13.51265704265684,1143.255911211728,-1.2123646102845669
15,0,15,2924170,0.37114839698768304,0.3372076285047135,-0.03394076848296956,0.027735846368691027,181.71401476829877,54.0,0.26797559950500727,82.57714900188148,13.51265704265684,1143.255911211728,-1.2123646102845669
16,0,16,2529710,0.5620369827456921,0.514035304511203,-0.04800167823448909,0.027735846368691027,181.71401476829877,54.0,0.26797559950500727,82.57714900188148,13.51265704265684,1143.255911211728,-1.2123646102845669
17,0,17,6290701,0.5731158503185974,0.5134645134323478,-0.05965133688624957,0.027735846368691027,181.71401476829877,54.0,0.26797559950500727,82.57714900188148,13.51265704265684,1143.255911211728,-1.2123646102845669
18,0,18,9861365,0.807773097331857,0.7789761079724942,-0.028796989359362812,0.027735846368691027,181.71401476829877,54.0,0.26797559950500727,82.57714900188148,13.51265704265684,1143.255911211728,-1.2123646102845669
19,0,19,1161419,0.5314092749821909,0.487896636708411,-0.043512638273779936,0.027735846368691027,181.71401476829877,54.0,0.26797559950500727,82.57714900188148,13.51265704265684,1143.255911211728,-1.2123646102845669
20,0,20,2289204,0.6406782711018856,0.58947284466706,-0.05120542643482562,0.027735846368691027,181.71401476829877,54.0,0.26797559950500727,82.57714900188148,13.51265704265684,1143.255911211728,-1.2123646102845669
21,0,21,8567283,0.5788242788116039,0.5512181039077452,-0.02760617490385875,0.027735846368691027,181.71401476829877,54.0,0.26797559950500727,82.57714900188148,13.51265704265684,1143.255911211728,-1.2123646102845669
22,0,22,5240975,0.5942274571486443,0.5572536493230212,-0.036973807825623095,0.027735846368691027,181.71401476829877,54.0,0.26797559950500727,82.57714900188148,13.51265704265684,1143.255911211728,-1.2123646102845669
23,0,23,4058119,0.5342766612353035,0.504170992943022,-0.03010566829228145,0.027735846368691027,181.71401476829877,54.0,0.26797559950500727,82.57714900188148,13.51265704265684,1143.255911211728,-1.2123646102845669
24,0,24,4986614,0.49738659778204336,0.46569228835469745,-0.03169430942734591,0.027735846368691027,181.71401476829877,54.0,0.26797559950500727,82.57714900188148,13.51265704265684,1143.255911211728,-1.2123646102845669
25,0,25,6186568,0.54894607496639,0.5123280811079256,-0.036617993858464426,0.027735846368691027,181.71401476829877,54.0,0.26797559950500727,82.57714900188148,13.51265704265684,1143.255911211728,-1.2123646102845669
26,0,26,7621078,0.7152189033269005,0.6760371992553312,-0.03918170407156929,0.027735846368691027,181.71401476829877,54.0,0.26797559950500727,82.57714900188148,13.51265704265684,1143.255911211728,-1.2123646102845669
27,0,27,1360099,0.6391729824451602,0.6055022581775722,-0.03367072426758799,0.027735846368691027,181.71401476829877,54.0,0.26797559950500727,82.57714900188148,13.51265704265684,1143.255911211728,-1.2123646102845669
28,0,28,232003,0.5172431481869657,0.48316257848709093,-0.034080569699874774,0.027735846368691027,181.71401476829877,54.0,0.26797559950500727,82.57714900188148,13.51265704265684,1143.255911211728,-1.2123646102845669
29,0,29,8914870,0.4171555262005528,0.38089444007840395,-0.036261086122148845,0.027735846368691027,181.71401476829877,54.0,0.26797559950500727,82.57714900188148,13.51265704265684,1143.255911211728,-1.2123646102845669
30,1,0,3225228,0.8456011454299658,0.8418617501687846,-0.0037393952611811665,0.019379973656606694,254.90187020693213,30.0,0.1534626644104719,39.42307441495359,37.76105748548582,1037.1168055502942,0.423505749553442
31,1,1,7005739,0.7906050703178003,0.7778793992992683,-0.012725671018531948,0.019379973656606694,254.90187020693213,30.0,0.1534626644104719,39.42307441495359,37.76105748548582,1037.1168055502942,0.423505749553442
32,1,2,9301927,0.8128721927574745,0.8023611390688732,-0.01051105368860128,0.019379973656606694,254.90187020693213,30.0,0.1534626644104719,39.42307441495359,37.76105748548582,1037.1168055502942,0.423505749553442
33,1,3,621504,0.8394000338087286,0.8342009488951698,-0.005199084913558805,0.019379973656606694,254.90187020693213,30.0,0.1534626644104719,39.42307441495359,37.76105748548582,1037.1168055502942,0.423505749553442
34,1,4,1593157,0.7663438157978342,0.7489111396082951,-0.01743267618953903,0.019379973656606694,254.90187020693213,30.0,0.1534626644104719,39.42307441495359,37.76105748548582,1037.1168055502942,0.423505749553442
35,1,5,7851696,0.7358283218376986,0.7124986284712748,-0.023329693366423876,0.019379973656606694,254.90187020693213,30.0,0.1534626644104719,39.42307441495359,37.76105748548582,1037.1168055502942,0.423505749553442
36,1,6,5799740,0.8519336477076778,0.8605857921352665,0.00865214442758877,0.019379973656606694,254.90187020693213,30.0,0.1534626644104719,39.42307441495359,37.76105748548582,1037.1168055502942,0.423505749553442
37,1,7,4597342,0.8567270596927832,0.8564929369707455,-0.00023412272203771067,0.019379973656606694,254.90187020693213,30.0,0.1534626644104719,39.42307441495359,37.76105748548582,1037.1168055502942,0.423505749553442
38,1,8,4295983,0.8026081173636739,0.7906366878074977,-0.011971429556176139,0.019379973656606694,254.90187020693213,30.0,0.1534626644104719,39.42307441495359,37.76105748548582,1037.1168055502942,0.423505749553442
39,1,9,5476400,0.7919037037404545,0.7926410520397991,0.0007373482993445757,0.019379973656606694,254.90187020693213,30.0,0.1534626644104719,39.42307441495359,37.76105748548582,1037.1168055502942,0.423505749553442
40,1,10,8175648,0.8708773962534616,0.8683041947947469,-0.002573201458714758,0.019379973656606694,254.90187020693213,30.0,0.1534626644104719,39.42307441495359,37.76105748548582,1037.1168055502942,0.423505749553442
41,1,11,1895126,0.856725012979911,0.8573669174574223,0.0006419044775113347,0.019379973656606694,254.90187020693213,30.0,0.1534626644104719,39.42307441495359,37.76105748548582,1037.1168055502942,0.423505749553442
42,1,12,923174,0.8747520974463416,0.873448146366723,-0.0013039510796186704,0.019379973656606694,254.90187020693213,30.0,0.1534626644104719,39.42307441495359,37.76105748548582,1037.1168055502942,0.423505749553442
43,1,13,9625558,0.8754314737788146,0.8718991194721225,-0.003532354306692076,0.019379973656606694,254.90187020693213,30.0,0.1534626644104719,39.42307441495359,37.76105748548582,1037.1168055502942,0.423505749553442
44,1,14,6682717,0.8219732823838305,0.8118454177478418,-0.010127864635988693,0.019379973656606694,254.90187020693213,30.0,0.1534626644104719,39.42307441495359,37.76105748548582,1037.1168055502942,0.423505749553442
45,1,15,2924170,0.8513577330877155,0.8488623850481665,-0.0024953480395489835,0.019379973656606694,254.90187020693213,30.0,0.1534626644104719,39.42307441495359,37.76105748548582,1037.1168055502942,0.423505749553442
46,1,16,2529710,0.8184852037663772,0.809780401494145,-0.008704802272232248,0.019379973656606694,254.90187020693213,30.0,0.1534626644104719,39.42307441495359,37.76105748548582,1037.1168055502942,0.423505749553442
47,1,17,6290701,0.8077881095265415,0.8013033365920565,-0.006484772934484906,0.019379973656606694,254.90187020693213,30.0,0.1534626644104719,39.42307441495359,37.76105748548582,1037.1168055502942,0.423505749553442
48,1,18,9861365,0.8503401756085105,0.84795719433173,-0.0023829812767804937,0.019379973656606694,254.90187020693213,30.0,0.1534626644104719,39.42307441495359,37.76105748548582,1037.1168055502942,0.423505749553442
49,1,19,1161419,0.8726536090089237,0.8817797735316459,0.009126164522722191,0.019379973656606694,254.90187020693213,30.0,0.1534626644104719,39.42307441495359,37.76105748548582,1037.1168055502942,0.423505749553442
50,1,20,2289204,0.8479614356540434,0.8476096727049606,-0.00035176294908279004,0.019379973656606694,254.90187020693213,30.0,0.1534626644104719,39.42307441495359,37.76105748548582,1037.1168055502942,0.423505749553442
51,1,21,8567283,0.8349566179606266,0.832948050551043,-0.0020085674095835504,0.019379973656606694,254.90187020693213,30.0,0.1534626644104719,39.42307441495359,37.76105748548582,1037.1168055502942,0.423505749553442
52,1,22,5240975,0.8269904328363192,0.8233226788909246,-0.0036677539453946473,0.019379973656606694,254.90187020693213,30.0,0.1534626644104719,39.42307441495359,37.76105748548582,1037.1168055502942,0.423505749553442
53,1,23,4058119,0.8492973090235526,0.8525722807712642,0.0032749717477116302,0.019379973656606694,254.90187020693213,30.0,0.1534626644104719,39.42307441495359,37.76105748548582,1037.1168055502942,0.423505749553442
54,1,24,4986614,0.8054694511240013,0.799667041163967,-0.005802409960034227,0.019379973656606694,254.90187020693213,30.0,0.1534626644104719,39.42307441495359,37.76105748548582,1037.1168055502942,0.423505749553442
55,1,25,6186568,0.8491020295929068,0.8472237163151048,-0.0018783132778019684,0.019379973656606694,254.90187020693213,30.0,0.1534626644104719,39.42307441495359,37.76105748548582,1037.1168055502942,0.423505749553442
56,1,26,7621078,0.8291783049751827,0.8279135196339176,-0.0012647853412651733,0.019379973656606694,254.90187020693213,30.0,0.1534626644104719,39.42307441495359,37.76105748548582,1037.1168055502942,0.423505749553442
57,1,27,1360099,0.8811685011529063,0.8859612610502139,0.004792759897307541,0.019379973656606694,254.90187020693213,30.0,0.1534626644104719,39.42307441495359,37.76105748548582,1037.1168055502942,0.423505749553442
58,1,28,232003,0.8392472822394769,0.8349131311290393,-0.004334151110437556,0.019379973656606694,254.90187020693213,30.0,0.1534626644104719,39.42307441495359,37.76105748548582,1037.1168055502942,0.423505749553442
59,1,29,8914870,0.8593350331905899,0.8566438264587438,-0.0026912067318460853,0.019379973656606694,254.90187020693213,30.0,0.1534626644104719,39.42307441495359,37.76105748548582,1037.1168055502942,0.423505749553442
60,2,0,3225228,0.7507424263094197,0.7487774351467936,-0.0019649911626260508,0.03831941273672816,216.67642668606018,51.0,0.13994896914809943,74.33470762334764,20.025233146786718,1208.3555305629695,1.594426967203617
61,2,1,7005739,0.7187654473280024,0.7213901965228166,0.0026247491948141466,0.03831941273672816,216.67642668606018,51.0,0.13994896914809943,74.33470762334764,20.025233146786718,1208.3555305629695,1.594426967203617
62,2,2,9301927,0.7755655720057602,0.7586858030888871,-0.01687976891687304,0.03831941273672816,216.67642668606018,51.0,0.13994896914809943,74.33470762334764,20.025233146786718,1208.3555305629695,1.594426967203617
63,2,3,621504,0.7720657585690985,0.7567138473284178,-0.015351911240680693,0.03831941273672816,216.67642668606018,51.0,0.13994896914809943,74.33470762334764,20.025233146786718,1208.3555305629695,1.594426967203617
64,2,4,1593157,0.7351707454532572,0.7320786681997304,-0.0030920772535267815,0.03831941273672816,216.67642668606018,51.0,0.13994896914809943,74.33470762334764,20.025233146786718,1208.3555305629695,1.594426967203617
65,2,5,7851696,0.7747053069331553,0.7787776783352474,0.004072371402092045,0.03831941273672816,216.67642668606018,51.0,0.13994896914809943,74.33470762334764,20.025233146786718,1208.3555305629695,1.594426967203617
66,2,6,5799740,0.7057361054690383,0.6974851126783717,-0.008250992790666656,0.03831941273672816,216.67642668606018,51.0,0.13994896914809943,74.33470762334764,20.025233146786718,1208.3555305629695,1.594426967203617
67,2,7,4597342,0.7484306786447876,0.7316959304056379,-0.016734748239149777,0.03831941273672816,216.67642668606018,51.0,0.13994896914809943,74.33470762334764,20.025233146786718,1208.3555305629695,1.594426967203617
68,2,8,4295983,0.7727528221335005,0.7651905786399873,-0.007562243493513199,0.03831941273672816,216.67642668606018,51.0,0.13994896914809943,74.33470762334764,20.025233146786718,1208.3555305629695,1.594426967203617
69,2,9,5476400,0.7712248989765917,0.7754608032280013,0.004235904251409517,0.03831941273672816,216.67642668606018,51.0,0.13994896914809943,74.33470762334764,20.025233146786718,1208.3555305629695,1.594426967203617
70,2,10,8175648,0.7897029617599065,0.7777371147700939,-0.011965846989812623,0.03831941273672816,216.67642668606018,51.0,0.13994896914809943,74.33470762334764,20.025233146786718,1208.3555305629695,1.594426967203617
71,2,11,1895126,0.7750183288606898,0.7724128142005511,-0.002605514660138697,0.03831941273672816,216.67642668606018,51.0,0.13994896914809943,74.33470762334764,20.025233146786718,1208.3555305629695,1.594426967203617
72,2,12,923174,0.789781727797336,0.7793090618464168,-0.010472665950919224,0.03831941273672816,216.67642668606018,51.0,0.13994896914809943,74.33470762334764,20.025233146786718,1208.3555305629695,1.594426967203617
73,2,13,9625558,0.8018467458962598,0.7951834316331253,-0.00666331426313449,0.03831941273672816,216.67642668606018,51.0,0.13994896914809943,74.33470762334764,20.025233146786718,1208.3555305629695,1.594426967203617
74,2,14,6682717,0.8211623861225544,0.8065408939235271,-0.014621492199027308,0.03831941273672816,216.67642668606018,51.0,0.13994896914809943,74.33470762334764,20.025233146786718,1208.3555305629695,1.594426967203617
75,2,15,2924170,0.7706453131167624,0.7752729491666132,0.004627636049850725,0.03831941273672816,216.67642668606018,51.0,0.13994896914809943,74.33470762334764,20.025233146786718,1208.3555305629695,1.594426967203617
76,2,16,2529710,0.7151927696347485,0.7212728991367594,0.006080129502010867,0.03831941273672816,216.67642668606018,51.0,0.13994896914809943,74.33470762334764,20.025233146786718,1208.3555305629695,1.594426967203617
77,2,17,6290701,0.7166998161507847,0.7150117355640002,-0.0016880805867844906,0.03831941273672816,216.67642668606018,51.0,0.13994896914809943,74.33470762334764,20.025233146786718,1208.3555305629695,1.594426967203617
78,2,18,9861365,0.8164611278220933,0.8022147697900963,-0.01424635803199703,0.03831941273672816,216.67642668606018,51.0,0.13994896914809943,74.33470762334764,20.025233146786718,1208.3555305629695,1.594426967203617
79,2,19,1161419,0.7878710073510788,0.7927782931779469,0.0049072858268680575,0.03831941273672816,216.67642668606018,51.0,0.13994896914809943,74.33470762334764,20.025233146786718,1208.3555305629695,1.594426967203617
80,2,20,2289204,0.7275414807487012,0.7189421940887433,-0.008599286659957905,0.03831941273672816,216.67642668606018,51.0,0.13994896914809943,74.33470762334764,20.025233146786718,1208.3555305629695,1.594426967203617
81,2,21,8567283,0.7355093189654485,0.7265817959200213,-0.00892752304542721,0.03831941273672816,216.67642668606018,51.0,0.13994896914809943,74.33470762334764,20.025233146786718,1208.3555305629695,1.594426967203617
82,2,22,5240975,0.7578920782676116,0.7357440966707405,-0.022147981596871147,0.03831941273672816,216.67642668606018,51.0,0.13994896914809943,74.33470762334764,20.025233146786718,1208.3555305629695,1.594426967203617
83,2,23,4058119,0.7910948240707438,0.7830059394359471,-0.008088884634796734,0.03831941273672816,216.67642668606018,51.0,0.13994896914809943,74.33470762334764,20.025233146786718,1208.3555305629695,1.594426967203617
84,2,24,4986614,0.7179892243485182,0.7055417323334466,-0.01244749201507156,0.03831941273672816,216.67642668606018,51.0,0.13994896914809943,74.33470762334764,20.025233146786718,1208.3555305629695,1.594426967203617
85,2,25,6186568,0.7947607177965899,0.771118905736111,-0.023641812060478884,0.03831941273672816,216.67642668606018,51.0,0.13994896914809943,74.33470762334764,20.025233146786718,1208.3555305629695,1.594426967203617
86,2,26,7621078,0.7247547712742064,0.7228640998319765,-0.0018906714422298743,0.03831941273672816,216.67642668606018,51.0,0.13994896914809943,74.33470762334764,20.025233146786718,1208.3555305629695,1.594426967203617
87,2,27,1360099,0.7832226698722244,0.7675438249711517,-0.01567884490107274,0.03831941273672816,216.67642668606018,51.0,0.13994896914809943,74.33470762334764,20.025233146786718,1208.3555305629695,1.594426967203617
88,2,28,232003,0.7504694404955875,0.7346238757496801,-0.01584556474590737,0.03831941273672816,216.67642668606018,51.0,0.13994896914809943,74.33470762334764,20.025233146786718,1208.3555305629695,1.594426967203617
89,2,29,8914870,0.7027244621086993,0.7067282543638521,0.004003792255152794,0.03831941273672816,216.67642668606018,51.0,0.13994896914809943,74.33470762334764,20.025233146786718,1208.3555305629695,1.594426967203617
90,3,0,3225228,0.647893801426301,0.5950378938522402,-0.05285590757406089,0.06706661594732308,158.30550237826546,35.0,0.22524072676897047,25.20396794192493,25.109185227266014,837.449827508864,-2.383018344640732
91,3,1,7005739,0.5387056934625841,0.4597866994671962,-0.07891899399538793,0.06706661594732308,158.30550237826546,35.0,0.22524072676897047,25.20396794192493,25.109185227266014,837.449827508864,-2.383018344640732
92,3,2,9301927,0.5881633615823736,0.5429114080249666,-0.045251953557406965,0.06706661594732308,158.30550237826546,35.0,0.22524072676897047,25.20396794192493,25.109185227266014,837.449827508864,-2.383018344640732
93,3,3,621504,0.5303732764492941,0.45486488686870646,-0.07550838958058764,0.06706661594732308,158.30550237826546,35.0,0.22524072676897047,25.20396794192493,25.109185227266014,837.449827508864,-2.383018344640732
94,3,4,1593157,0.5887648053310364,0.5202582617085166,-0.06850654362251973,0.06706661594732308,158.30550237826546,35.0,0.22524072676897047,25.20396794192493,25.109185227266014,837.449827508864,-2.383018344640732
95,3,5,7851696,0.5656227596841635,0.4647146308933529,-0.10090812879081063,0.06706661594732308,158.30550237826546,35.0,0.22524072676897047,25.20396794192493,25.109185227266014,837.449827508864,-2.383018344640732
96,3,6,5799740,0.5720779725864331,0.5126809151504922,-0.059397057435940925,0.06706661594732308,158.30550237826546,35.0,0.22524072676897047,25.20396794192493,25.109185227266014,837.449827508864,-2.383018344640732
97,3,7,4597342,0.5684365908873392,0.48563639699549715,-0.08280019389184207,0.06706661594732308,158.30550237826546,35.0,0.22524072676897047,25.20396794192493,25.109185227266014,837.449827508864,-2.383018344640732
98,3,8,4295983,0.7423368450202485,0.7016808431007618,-0.040656001919486706,0.06706661594732308,158.30550237826546,35.0,0.22524072676897047,25.20396794192493,25.109185227266014,837.449827508864,-2.383018344640732
99,3,9,5476400,0.6160887328452092,0.5589460891370454,-0.0571426437081638,0.06706661594732308,158.30550237826546,35.0,0.22524072676897047,25.20396794192493,25.109185227266014,837.449827508864,-2.383018344640732
100,3,10,8175648,0.7302980195638792,0.6364109408026041,-0.09388707876127511,0.06706661594732308,158.30550237826546,35.0,0.22524072676897047,25.20396794192493,25.109185227266014,837.449827508864,-2.383018344640732
101,3,11,1895126,0.6023175042232023,0.5402903380995415,-0.06202716612366077,0.06706661594732308,158.30550237826546,35.0,0.22524072676897047,25.20396794192493,25.109185227266014,837.449827508864,-2.383018344640732
102,3,12,923174,0.6365914758818398,0.6027530001112966,-0.03383847577054322,0.06706661594732308,158.30550237826546,35.0,0.22524072676897047,25.20396794192493,25.109185227266014,837.449827508864,-2.383018344640732
103,3,13,9625558,0.6780964518166149,0.6210229334379633,-0.0570735183786516,0.06706661594732308,158.30550237826546,35.0,0.22524072676897047,25.20396794192493,25.109185227266014,837.449827508864,-2.383018344640732
104,3,14,6682717,0.5762996710151964,0.5079457652151645,-0.06835390580003187,0.06706661594732308,158.30550237826546,35.0,0.22524072676897047,25.20396794192493,25.109185227266014,837.449827508864,-2.383018344640732
105,3,15,2924170,0.52216768823249,0.44153482814347944,-0.0806328600890106,0.06706661594732308,158.30550237826546,35.0,0.22524072676897047,25.20396794192493,25.109185227266014,837.449827508864,-2.383018344640732
106,3,16,2529710,0.5919266777323361,0.5032734965744972,-0.08865318115783893,0.06706661594732308,158.30550237826546,35.0,0.22524072676897047,25.20396794192493,25.109185227266014,837.449827508864,-2.383018344640732
107,3,17,6290701,0.6139128588471036,0.5362576923961119,-0.07765516645099169,0.06706661594732308,158.30550237826546,35.0,0.22524072676897047,25.20396794192493,25.109185227266014,837.449827508864,-2.383018344640732
108,3,18,9861365,0.5559195783766218,0.49282231608528404,-0.06309726229133772,0.06706661594732308,158.30550237826546,35.0,0.22524072676897047,25.20396794192493,25.109185227266014,837.449827508864,-2.383018344640732
109,3,19,1161419,0.5217568788763969,0.44676413119952163,-0.07499274767687525,0.06706661594732308,158.30550237826546,35.0,0.22524072676897047,25.20396794192493,25.109185227266014,837.449827508864,-2.383018344640732
110,3,20,2289204,0.6103702477599819,0.5599944698237669,-0.05037577793621506,0.06706661594732308,158.30550237826546,35.0,0.22524072676897047,25.20396794192493,25.109185227266014,837.449827508864,-2.383018344640732
111,3,21,8567283,0.6097655787037979,0.5510615281652964,-0.05870405053850147,0.06706661594732308,158.30550237826546,35.0,0.22524072676897047,25.20396794192493,25.109185227266014,837.449827508864,-2.383018344640732
112,3,22,5240975,0.6662533054724155,0.6184213148714265,-0.04783199060098897,0.06706661594732308,158.30550237826546,35.0,0.22524072676897047,25.20396794192493,25.109185227266014,837.449827508864,-2.383018344640732
113,3,23,4058119,0.6251699554813759,0.5711712264177754,-0.05399872906360048,0.06706661594732308,158.30550237826546,35.0,0.22524072676897047,25.20396794192493,25.109185227266014,837.449827508864,-2.383018344640732
114,3,24,4986614,0.6540293655702647,0.6129727463744867,-0.041056619195777966,0.06706661594732308,158.30550237826546,35.0,0.22524072676897047,25.20396794192493,25.109185227266014,837.449827508864,-2.383018344640732
115,3,25,6186568,0.6771412111946167,0.6180136942371112,-0.05912751695750551,0.06706661594732308,158.30550237826546,35.0,0.22524072676897047,25.20396794192493,25.109185227266014,837.449827508864,-2.383018344640732
116,3,26,7621078,0.6647454883642878,0.6201112405666078,-0.04463424779767999,0.06706661594732308,158.30550237826546,35.0,0.22524072676897047,25.20396794192493,25.109185227266014,837.449827508864,-2.383018344640732
117,3,27,1360099,0.5638072583850741,0.5439247361565274,-0.019882522228546695,0.06706661594732308,158.30550237826546,35.0,0.22524072676897047,25.20396794192493,25.109185227266014,837.449827508864,-2.383018344640732
118,3,28,232003,0.6029164721396468,0.5286419534892719,-0.07427451865037493,0.06706661594732308,158.30550237826546,35.0,0.22524072676897047,25.20396794192493,25.109185227266014,837.449827508864,-2.383018344640732
119,3,29,8914870,0.6018791921463458,0.5166338584492234,-0.0852453336971224,0.06706661594732308,158.30550237826546,35.0,0.22524072676897047,25.20396794192493,25.109185227266014,837.449827508864,-2.383018344640732
120,4,0,3225228,0.6767145699752168,0.6428236395548907,-0.03389093042032609,0.0426820088095286,138.7100821454469,43.0,0.2895577881485224,53.42582343146205,24.648830796296103,1387.9696257752187,-2.0719126481562853
121,4,1,7005739,0.6584788348034887,0.6069396461591927,-0.051539188644295963,0.0426820088095286,138.7100821454469,43.0,0.2895577881485224,53.42582343146205,24.648830796296103,1387.9696257752187,-2.0719126481562853
122,4,2,9301927,0.6683343150448301,0.6515437154551025,-0.016790599589727617,0.0426820088095286,138.7100821454469,43.0,0.2895577881485224,53.42582343146205,24.648830796296103,1387.9696257752187,-2.0719126481562853
123,4,3,621504,0.5463054105289916,0.49568000874341045,-0.05062540178558117,0.0426820088095286,138.7100821454469,43.0,0.2895577881485224,53.42582343146205,24.648830796296103,1387.9696257752187,-2.0719126481562853
124,4,4,1593157,0.6856798557447893,0.6434008743205867,-0.04227898142420261,0.0426820088095286,138.7100821454469,43.0,0.2895577881485224,53.42582343146205,24.648830796296103,1387.9696257752187,-2.0719126481562853
125,4,5,7851696,0.6359552977976217,0.5737081837091503,-0.06224711408847139,0.0426820088095286,138.7100821454469,43.0,0.2895577881485224,53.42582343146205,24.648830796296103,1387.9696257752187,-2.0719126481562853
126,4,6,5799740,0.6561346614231636,0.6683926202179018,0.012257958794738233,0.0426820088095286,138.7100821454469,43.0,0.2895577881485224,53.42582343146205,24.648830796296103,1387.9696257752187,-2.0719126481562853
127,4,7,4597342,0.49898835796605934,0.5025524381086557,0.0035640801425963486,0.0426820088095286,138.7100821454469,43.0,0.2895577881485224,53.42582343146205,24.648830796296103,1387.9696257752187,-2.0719126481562853
128,4,8,4295983,0.535677230178043,0.4728515514920548,-0.0628256786859882,0.0426820088095286,138.7100821454469,43.0,0.2895577881485224,53.42582343146205,24.648830796296103,1387.9696257752187,-2.0719126481562853
129,4,9,5476400,0.5379483098326044,0.554138259537619,0.016189949705014528,0.0426820088095286,138.7100821454469,43.0,0.2895577881485224,53.42582343146205,24.648830796296103,1387.9696257752187,-2.0719126481562853
130,4,10,8175648,0.6096618819702067,0.6240359536164369,0.01437407164623028,0.0426820088095286,138.7100821454469,43.0,0.2895577881485224,53.42582343146205,24.648830796296103,1387.9696257752187,-2.0719126481562853
131,4,11,1895126,0.6141147450674029,0.6016980077892613,-0.012416737278141632,0.0426820088095286,138.7100821454469,43.0,0.2895577881485224,53.42582343146205,24.648830796296103,1387.9696257752187,-2.0719126481562853
132,4,12,923174,0.7324907678451684,0.7608511267840513,0.02836035893888289,0.0426820088095286,138.7100821454469,43.0,0.2895577881485224,53.42582343146205,24.648830796296103,1387.9696257752187,-2.0719126481562853
133,4,13,9625558,0.49177216288826575,0.4337957782137082,-0.05797638467455757,0.0426820088095286,138.7100821454469,43.0,0.2895577881485224,53.42582343146205,24.648830796296103,1387.9696257752187,-2.0719126481562853
134,4,14,6682717,0.4997992958677933,0.4683487723588495,-0.03145052350894384,0.0426820088095286,138.7100821454469,43.0,0.2895577881485224,53.42582343146205,24.648830796296103,1387.9696257752187,-2.0719126481562853
135,4,15,2924170,0.5493690963570295,0.5708283771216527,0.021459280764623223,0.0426820088095286,138.7100821454469,43.0,0.2895577881485224,53.42582343146205,24.648830796296103,1387.9696257752187,-2.0719126481562853
136,4,16,2529710,0.6536954881228849,0.6474831353018129,-0.00621235282107202,0.0426820088095286,138.7100821454469,43.0,0.2895577881485224,53.42582343146205,24.648830796296103,1387.9696257752187,-2.0719126481562853
137,4,17,6290701,0.6371438968817317,0.5947415851805928,-0.04240231170113884,0.0426820088095286,138.7100821454469,43.0,0.2895577881485224,53.42582343146205,24.648830796296103,1387.9696257752187,-2.0719126481562853
138,4,18,9861365,0.49005708793910574,0.46303380652984494,-0.027023281409260802,0.0426820088095286,138.7100821454469,43.0,0.2895577881485224,53.42582343146205,24.648830796296103,1387.9696257752187,-2.0719126481562853
139,4,19,1161419,0.5967791123985426,0.5726445772323059,-0.02413453516623676,0.0426820088095286,138.7100821454469,43.0,0.2895577881485224,53.42582343146205,24.648830796296103,1387.9696257752187,-2.0719126481562853
140,4,20,2289204,0.6566173705023912,0.6174134163335971,-0.039203954168794075,0.0426820088095286,138.7100821454469,43.0,0.2895577881485224,53.42582343146205,24.648830796296103,1387.9696257752187,-2.0719126481562853
141,4,21,8567283,0.5352210125296766,0.5319024358274704,-0.003318576702206144,0.0426820088095286,138.7100821454469,43.0,0.2895577881485224,53.42582343146205,24.648830796296103,1387.9696257752187,-2.0719126481562853
142,4,22,5240975,0.6011407166699967,0.6032237125722009,0.0020829959022041766,0.0426820088095286,138.7100821454469,43.0,0.2895577881485224,53.42582343146205,24.648830796296103,1387.9696257752187,-2.0719126481562853
143,4,23,4058119,0.5527782215723485,0.5202715367994567,-0.03250668477289176,0.0426820088095286,138.7100821454469,43.0,0.2895577881485224,53.42582343146205,24.648830796296103,1387.9696257752187,-2.0719126481562853
144,4,24,4986614,0.5938021410867829,0.5378828607727475,-0.05591928031403537,0.0426820088095286,138.7100821454469,43.0,0.2895577881485224,53.42582343146205,24.648830796296103,1387.9696257752187,-2.0719126481562853
145,4,25,6186568,0.38699626549880034,0.4186744370791082,0.031678171580307835,0.0426820088095286,138.7100821454469,43.0,0.2895577881485224,53.42582343146205,24.648830796296103,1387.9696257752187,-2.0719126481562853
146,4,26,7621078,0.6444901770666942,0.6178763155276286,-0.026613861539065642,0.0426820088095286,138.7100821454469,43.0,0.2895577881485224,53.42582343146205,24.648830796296103,1387.9696257752187,-2.0719126481562853
147,4,27,1360099,0.7680352717028984,0.7273590261529997,-0.04067624554989868,0.0426820088095286,138.7100821454469,43.0,0.2895577881485224,53.42582343146205,24.648830796296103,1387.9696257752187,-2.0719126481562853
148,4,28,232003,0.493568253653316,0.47572900534112644,-0.017839248312189582,0.0426820088095286,138.7100821454469,43.0,0.2895577881485224,53.42582343146205,24.648830796296103,1387.9696257752187,-2.0719126481562853
149,4,29,8914870,0.5929622113039072,0.519888430131104,-0.07307378117280328,0.0426820088095286,138.7100821454469,43.0,0.2895577881485224,53.42582343146205,24.648830796296103,1387.9696257752187,-2.0719126481562853
150,5,0,3225228,0.701554309409813,0.5902397545008337,-0.11131455490897935,0.0724839812555074,199.84089275471806,42.0,0.17641239184886218,90.95492349937558,20.694247976630535,919.7201638302063,2.8547291960567236
151,5,1,7005739,0.6558026084281187,0.5806006060985022,-0.07520200232961649,0.0724839812555074,199.84089275471806,42.0,0.17641239184886218,90.95492349937558,20.694247976630535,919.7201638302063,2.8547291960567236
152,5,2,9301927,0.709542948453792,0.665735809829389,-0.043807138624403,0.0724839812555074,199.84089275471806,42.0,0.17641239184886218,90.95492349937558,20.694247976630535,919.7201638302063,2.8547291960567236
153,5,3,621504,0.652874124447881,0.5360799653057158,-0.11679415914216518,0.0724839812555074,199.84089275471806,42.0,0.17641239184886218,90.95492349937558,20.694247976630535,919.7201638302063,2.8547291960567236
154,5,4,1593157,0.6767392521217866,0.5813263651702492,-0.09541288695153749,0.0724839812555074,199.84089275471806,42.0,0.17641239184886218,90.95492349937558,20.694247976630535,919.7201638302063,2.8547291960567236
155,5,5,7851696,0.7220010657552719,0.6307132899610965,-0.09128777579417535,0.0724839812555074,199.84089275471806,42.0,0.17641239184886218,90.95492349937558,20.694247976630535,919.7201638302063,2.8547291960567236
156,5,6,5799740,0.5724597391742352,0.5550773594720618,-0.01738237970217338,0.0724839812555074,199.84089275471806,42.0,0.17641239184886218,90.95492349937558,20.694247976630535,919.7201638302063,2.8547291960567236
157,5,7,4597342,0.6066077166938785,0.5279749788974856,-0.0786327377963929,0.0724839812555074,199.84089275471806,42.0,0.17641239184886218,90.95492349937558,20.694247976630535,919.7201638302063,2.8547291960567236
158,5,8,4295983,0.6747515102055964,0.6163163613339856,-0.05843514887161083,0.0724839812555074,199.84089275471806,42.0,0.17641239184886218,90.95492349937558,20.694247976630535,919.7201638302063,2.8547291960567236
159,5,9,5476400,0.6455316460476612,0.6360193848242363,-0.009512261223424967,0.0724839812555074,199.84089275471806,42.0,0.17641239184886218,90.95492349937558,20.694247976630535,919.7201638302063,2.8547291960567236
160,5,10,8175648,0.7059024613541185,0.6506705778636366,-0.055231883490481914,0.0724839812555074,199.84089275471806,42.0,0.17641239184886218,90.95492349937558,20.694247976630535,919.7201638302063,2.8547291960567236
161,5,11,1895126,0.666058131272687,0.6048967699473808,-0.06116136132530614,0.0724839812555074,199.84089275471806,42.0,0.17641239184886218,90.95492349937558,20.694247976630535,919.7201638302063,2.8547291960567236
162,5,12,923174,0.6845243674052536,0.6565469442586633,-0.02797742314659024,0.0724839812555074,199.84089275471806,42.0,0.17641239184886218,90.95492349937558,20.694247976630535,919.7201638302063,2.8547291960567236
163,5,13,9625558,0.6519326370628107,0.5605033152671571,-0.09142932179565355,0.0724839812555074,199.84089275471806,42.0,0.17641239184886218,90.95492349937558,20.694247976630535,919.7201638302063,2.8547291960567236
164,5,14,6682717,0.6457562527945537,0.5274225285862318,-0.11833372420832189,0.0724839812555074,199.84089275471806,42.0,0.17641239184886218,90.95492349937558,20.694247976630535,919.7201638302063,2.8547291960567236
165,5,15,2924170,0.6584160659053174,0.6094128043369992,-0.049003261568318246,0.0724839812555074,199.84089275471806,42.0,0.17641239184886218,90.95492349937558,20.694247976630535,919.7201638302063,2.8547291960567236
166,5,16,2529710,0.6590502504836885,0.6046831888576574,-0.05436706162603111,0.0724839812555074,199.84089275471806,42.0,0.17641239184886218,90.95492349937558,20.694247976630535,919.7201638302063,2.8547291960567236
167,5,17,6290701,0.665295013626467,0.583908061892112,-0.08138695173435506,0.0724839812555074,199.84089275471806,42.0,0.17641239184886218,90.95492349937558,20.694247976630535,919.7201638302063,2.8547291960567236
168,5,18,9861365,0.6247605301493571,0.5345052095329772,-0.09025532061637986,0.0724839812555074,199.84089275471806,42.0,0.17641239184886218,90.95492349937558,20.694247976630535,919.7201638302063,2.8547291960567236
169,5,19,1161419,0.7278889443541071,0.6442180372483194,-0.08367090710578773,0.0724839812555074,199.84089275471806,42.0,0.17641239184886218,90.95492349937558,20.694247976630535,919.7201638302063,2.8547291960567236
170,5,20,2289204,0.6589768930834937,0.6358383140630374,-0.02313857902045635,0.0724839812555074,199.84089275471806,42.0,0.17641239184886218,90.95492349937558,20.694247976630535,919.7201638302063,2.8547291960567236
171,5,21,8567283,0.611250845364594,0.5218900871288925,-0.08936075823570144,0.0724839812555074,199.84089275471806,42.0,0.17641239184886218,90.95492349937558,20.694247976630535,919.7201638302063,2.8547291960567236
172,5,22,5240975,0.6689886042450677,0.6059204237593867,-0.06306818048568097,0.0724839812555074,199.84089275471806,42.0,0.17641239184886218,90.95492349937558,20.694247976630535,919.7201638302063,2.8547291960567236
173,5,23,4058119,0.6389439596684616,0.5495203413423838,-0.08942361832607781,0.0724839812555074,199.84089275471806,42.0,0.17641239184886218,90.95492349937558,20.694247976630535,919.7201638302063,2.8547291960567236
174,5,24,4986614,0.6488577580612572,0.5612337764009278,-0.08762398166032948,0.0724839812555074,199.84089275471806,42.0,0.17641239184886218,90.95492349937558,20.694247976630535,919.7201638302063,2.8547291960567236
175,5,25,6186568,0.6389448421997115,0.6230538912128248,-0.015890950986886643,0.0724839812555074,199.84089275471806,42.0,0.17641239184886218,90.95492349937558,20.694247976630535,919.7201638302063,2.8547291960567236
176,5,26,7621078,0.6147918745431666,0.5540157240927548,-0.06077615045041185,0.0724839812555074,199.84089275471806,42.0,0.17641239184886218,90.95492349937558,20.694247976630535,919.7201638302063,2.8547291960567236
177,5,27,1360099,0.6506856077780674,0.6019228984890287,-0.0487627092890387,0.0724839812555074,199.84089275471806,42.0,0.17641239184886218,90.95492349937558,20.694247976630535,919.7201638302063,2.8547291960567236
178,5,28,232003,0.6784892020821776,0.6256097705609704,-0.05287943152120711,0.0724839812555074,199.84089275471806,42.0,0.17641239184886218,90.95492349937558,20.694247976630535,919.7201638302063,2.8547291960567236
179,5,29,8914870,0.6688305565630945,0.6119622927756438,-0.05686826378745069,0.0724839812555074,199.84089275471806,42.0,0.17641239184886218,90.95492349937558,20.694247976630535,919.7201638302063,2.8547291960567236
180,6,0,3225228,0.7971888892349386,0.7939540675232662,-0.003234821711672331,0.04727672640057765,224.93422012888254,57.0,0.11758440956473351,11.070757452398539,29.28200628234296,1107.2335869463684,1.1216964069753885
181,6,1,7005739,0.7849974921566386,0.7780298408038876,-0.006967651352751014,0.04727672640057765,224.93422012888254,57.0,0.11758440956473351,11.070757452398539,29.28200628234296,1107.2335869463684,1.1216964069753885
182,6,2,9301927,0.8070561956793686,0.7948021001060893,-0.012254095573279278,0.04727672640057765,224.93422012888254,57.0,0.11758440956473351,11.070757452398539,29.28200628234296,1107.2335869463684,1.1216964069753885
183,6,3,621504,0.7795513531196117,0.773283371730362,-0.006267981389249666,0.04727672640057765,224.93422012888254,57.0,0.11758440956473351,11.070757452398539,29.28200628234296,1107.2335869463684,1.1216964069753885
184,6,4,1593157,0.8231445283580382,0.826961097696921,0.003816569338882858,0.04727672640057765,224.93422012888254,57.0,0.11758440956473351,11.070757452398539,29.28200628234296,1107.2335869463684,1.1216964069753885
185,6,5,7851696,0.7781567384805887,0.7773569785643571,-0.0007997599162316016,0.04727672640057765,224.93422012888254,57.0,0.11758440956473351,11.070757452398539,29.28200628234296,1107.2335869463684,1.1216964069753885
186,6,6,5799740,0.8025448320355154,0.793777181417204,-0.008767650618311418,0.04727672640057765,224.93422012888254,57.0,0.11758440956473351,11.070757452398539,29.28200628234296,1107.2335869463684,1.1216964069753885
187,6,7,4597342,0.7833651150327824,0.7855203539056856,0.0021552388729032534,0.04727672640057765,224.93422012888254,57.0,0.11758440956473351,11.070757452398539,29.28200628234296,1107.2335869463684,1.1216964069753885
188,6,8,4295983,0.7938116763038995,0.7869204614325787,-0.006891214871320828,0.04727672640057765,224.93422012888254,57.0,0.11758440956473351,11.070757452398539,29.28200628234296,1107.2335869463684,1.1216964069753885
189,6,9,5476400,0.8027633027776263,0.8009735220117195,-0.0017897807659068565,0.04727672640057765,224.93422012888254,57.0,0.11758440956473351,11.070757452398539,29.28200628234296,1107.2335869463684,1.1216964069753885
190,6,10,8175648,0.8451569165860303,0.8319209719043814,-0.013235944681648903,0.04727672640057765,224.93422012888254,57.0,0.11758440956473351,11.070757452398539,29.28200628234296,1107.2335869463684,1.1216964069753885
191,6,11,1895126,0.795176502979157,0.790810076265959,-0.0043664267131979795,0.04727672640057765,224.93422012888254,57.0,0.11758440956473351,11.070757452398539,29.28200628234296,1107.2335869463684,1.1216964069753885
192,6,12,923174,0.7935490397816267,0.7878319086953818,-0.005717131086244942,0.04727672640057765,224.93422012888254,57.0,0.11758440956473351,11.070757452398539,29.28200628234296,1107.2335869463684,1.1216964069753885
193,6,13,9625558,0.7875656892495958,0.7875732197729204,7.5305233245837044e-06,0.04727672640057765,224.93422012888254,57.0,0.11758440956473351,11.070757452398539,29.28200628234296,1107.2335869463684,1.1216964069753885
194,6,14,6682717,0.7979783809453556,0.7905854246645783,-0.007392956280777296,0.04727672640057765,224.93422012888254,57.0,0.11758440956473351,11.070757452398539,29.28200628234296,1107.2335869463684,1.1216964069753885
195,6,15,2924170,0.8017872283907055,0.7919793276440119,-0.009807900746693576,0.04727672640057765,224.93422012888254,57.0,0.11758440956473351,11.070757452398539,29.28200628234296,1107.2335869463684,1.1216964069753885
196,6,16,2529710,0.7945353299628884,0.7896965134522607,-0.004838816510627786,0.04727672640057765,224.93422012888254,57.0,0.11758440956473351,11.070757452398539,29.28200628234296,1107.2335869463684,1.1216964069753885
197,6,17,6290701,0.814099778901333,0.8109722115688442,-0.0031275673324887565,0.04727672640057765,224.93422012888254,57.0,0.11758440956473351,11.070757452398539,29.28200628234296,1107.2335869463684,1.1216964069753885
198,6,18,9861365,0.7816490144396506,0.7790413017657976,-0.0026077126738530687,0.04727672640057765,224.93422012888254,57.0,0.11758440956473351,11.070757452398539,29.28200628234296,1107.2335869463684,1.1216964069753885
199,6,19,1161419,0.7792568803661799,0.7720648655827144,-0.007192014783465539,0.04727672640057765,224.93422012888254,57.0,0.11758440956473351,11.070757452398539,29.28200628234296,1107.2335869463684,1.1216964069753885
200,6,20,2289204,0.8026340098356727,0.7952974156533998,-0.0073365941822728375,0.04727672640057765,224.93422012888254,57.0,0.11758440956473351,11.070757452398539,29.28200628234296,1107.2335869463684,1.1216964069753885
201,6,21,8567283,0.8236062811104136,0.8202838428725914,-0.0033224382378221895,0.04727672640057765,224.93422012888254,57.0,0.11758440956473351,11.070757452398539,29.28200628234296,1107.2335869463684,1.1216964069753885
202,6,22,5240975,0.7900760990589955,0.7877340315719026,-0.0023420674870928693,0.04727672640057765,224.93422012888254,57.0,0.11758440956473351,11.070757452398539,29.28200628234296,1107.2335869463684,1.1216964069753885
203,6,23,4058119,0.8126712222425416,0.8049966797702255,-0.007674542472316137,0.04727672640057765,224.93422012888254,57.0,0.11758440956473351,11.070757452398539,29.28200628234296,1107.2335869463684,1.1216964069753885
204,6,24,4986614,0.7765871861129243,0.780135095967639,0.003547909854714648,0.04727672640057765,224.93422012888254,57.0,0.11758440956473351,11.070757452398539,29.28200628234296,1107.2335869463684,1.1216964069753885
205,6,25,6186568,0.7997074608218854,0.7903803935567264,-0.009327067265158973,0.04727672640057765,224.93422012888254,57.0,0.11758440956473351,11.070757452398539,29.28200628234296,1107.2335869463684,1.1216964069753885
206,6,26,7621078,0.7800515741548673,0.7790582623432104,-0.0009933118116568496,0.04727672640057765,224.93422012888254,57.0,0.11758440956473351,11.070757452398539,29.28200628234296,1107.2335869463684,1.1216964069753885
207,6,27,1360099,0.8024524831734848,0.7995088767994185,-0.002943606374066321,0.04727672640057765,224.93422012888254,57.0,0.11758440956473351,11.070757452398539,29.28200628234296,1107.2335869463684,1.1216964069753885
208,6,28,232003,0.8182757847752786,0.8122027997066638,-0.006072985068614867,0.04727672640057765,224.93422012888254,57.0,0.11758440956473351,11.070757452398539,29.28200628234296,1107.2335869463684,1.1216964069753885
209,6,29,8914870,0.7695522191685686,0.7592210684557309,-0.010331150712837744,0.04727672640057765,224.93422012888254,57.0,0.11758440956473351,11.070757452398539,29.28200628234296,1107.2335869463684,1.1216964069753885
210,7,0,3225228,0.6334973331082385,0.6446278691342718,0.01113053602603331,0.025909644163942657,167.77010684333558,27.0,0.20463434439152478,65.82646897062659,17.54096809974818,978.0123913942222,-0.3384149204939604
211,7,1,7005739,0.7105465475180338,0.7254858095698573,0.014939262051823499,0.025909644163942657,167.77010684333558,27.0,0.20463434439152478,65.82646897062659,17.54096809974818,978.0123913942222,-0.3384149204939604
212,7,2,9301927,0.7818592670414806,0.8047774107536865,0.022918143712205907,0.025909644163942657,167.77010684333558,27.0,0.20463434439152478,65.82646897062659,17.54096809974818,978.0123913942222,-0.3384149204939604
213,7,3,621504,0.658972439535624,0.6884825315951769,0.029510092059552906,0.025909644163942657,167.77010684333558,27.0,0.20463434439152478,65.82646897062659,17.54096809974818,978.0123913942222,-0.3384149204939604
214,7,4,1593157,0.7243721326994693,0.7439436345751614,0.01957150187569212,0.025909644163942657,167.77010684333558,27.0,0.20463434439152478,65.82646897062659,17.54096809974818,978.0123913942222,-0.3384149204939604
215,7,5,7851696,0.6438638369422038,0.6614930596223269,0.017629222680123013,0.025909644163942657,167.77010684333558,27.0,0.20463434439152478,65.82646897062659,17.54096809974818,978.0123913942222,-0.3384149204939604
216,7,6,5799740,0.6940393849359675,0.7146832964170439,0.02064391148107636,0.025909644163942657,167.77010684333558,27.0,0.20463434439152478,65.82646897062659,17.54096809974818,978.0123913942222,-0.3384149204939604
217,7,7,4597342,0.5774152167733329,0.6025539503875942,0.025138733614261333,0.025909644163942657,167.77010684333558,27.0,0.20463434439152478,65.82646897062659,17.54096809974818,978.0123913942222,-0.3384149204939604
218,7,8,4295983,0.8190349832407958,0.8470529208213954,0.02801793758059956,0.025909644163942657,167.77010684333558,27.0,0.20463434439152478,65.82646897062659,17.54096809974818,978.0123913942222,-0.3384149204939604
219,7,9,5476400,0.7647889715542918,0.784642741637922,0.019853770083630207,0.025909644163942657,167.77010684333558,27.0,0.20463434439152478,65.82646897062659,17.54096809974818,978.0123913942222,-0.3384149204939604
220,7,10,8175648,0.6835642790950845,0.6937866839593287,0.010222404864244194,0.025909644163942657,167.77010684333558,27.0,0.20463434439152478,65.82646897062659,17.54096809974818,978.0123913942222,-0.3384149204939604
221,7,11,1895126,0.7099685705994407,0.7342955350165504,0.024326964417109687,0.025909644163942657,167.77010684333558,27.0,0.20463434439152478,65.82646897062659,17.54096809974818,978.0123913942222,-0.3384149204939604
222,7,12,923174,0.7779057085906299,0.7953825715427129,0.01747686295208295,0.025909644163942657,167.77010684333558,27.0,0.20463434439152478,65.82646897062659,17.54096809974818,978.0123913942222,-0.3384149204939604
223,7,13,9625558,0.7439444523206504,0.7544141120703785,0.010469659749728022,0.025909644163942657,167.77010684333558,27.0,0.20463434439152478,65.82646897062659,17.54096809974818,978.0123913942222,-0.3384149204939604
224,7,14,6682717,0.6735114502950755,0.6956680286212104,0.022156578326134824,0.025909644163942657,167.77010684333558,27.0,0.20463434439152478,65.82646897062659,17.54096809974818,978.0123913942222,-0.3384149204939604
225,7,15,2924170,0.756835839623037,0.7788963140679499,0.02206047444491288,0.025909644163942657,167.77010684333558,27.0,0.20463434439152478,65.82646897062659,17.54096809974818,978.0123913942222,-0.3384149204939604
226,7,16,2529710,0.6729210245965315,0.6910600769968018,0.01813905240027036,0.025909644163942657,167.77010684333558,27.0,0.20463434439152478,65.82646897062659,17.54096809974818,978.0123913942222,-0.3384149204939604
227,7,17,6290701,0.6288930364795697,0.6476886224455018,0.018795585965932116,0.025909644163942657,167.77010684333558,27.0,0.20463434439152478,65.82646897062659,17.54096809974818,978.0123913942222,-0.3384149204939604
228,7,18,9861365,0.7686206904441278,0.7841070927014502,0.01548640225732234,0.025909644163942657,167.77010684333558,27.0,0.20463434439152478,65.82646897062659,17.54096809974818,978.0123913942222,-0.3384149204939604
229,7,19,1161419,0.660876600240242,0.6814789087152997,0.02060230847505773,0.025909644163942657,167.77010684333558,27.0,0.20463434439152478,65.82646897062659,17.54096809974818,978.0123913942222,-0.3384149204939604
230,7,20,2289204,0.653020711079548,0.6606221927430013,0.007601481663453313,0.025909644163942657,167.77010684333558,27.0,0.20463434439152478,65.82646897062659,17.54096809974818,978.0123913942222,-0.3384149204939604
231,7,21,8567283,0.6822382505801968,0.7061434345680393,0.02390518398784247,0.025909644163942657,167.77010684333558,27.0,0.20463434439152478,65.82646897062659,17.54096809974818,978.0123913942222,-0.3384149204939604
232,7,22,5240975,0.6701938594296522,0.6897330168332909,0.019539157403638763,0.025909644163942657,167.77010684333558,27.0,0.20463434439152478,65.82646897062659,17.54096809974818,978.0123913942222,-0.3384149204939604
233,7,23,4058119,0.7860540285389725,0.8121722193175184,0.026118190778545824,0.025909644163942657,167.77010684333558,27.0,0.20463434439152478,65.82646897062659,17.54096809974818,978.0123913942222,-0.3384149204939604
234,7,24,4986614,0.5286657354812461,0.527774222356381,-0.0008915131248650177,0.025909644163942657,167.77010684333558,27.0,0.20463434439152478,65.82646897062659,17.54096809974818,978.0123913942222,-0.3384149204939604
235,7,25,6186568,0.6777904500771015,0.6973818937124511,0.019591443635349592,0.025909644163942657,167.77010684333558,27.0,0.20463434439152478,65.82646897062659,17.54096809974818,978.0123913942222,-0.3384149204939604
236,7,26,7621078,0.7848587692016197,0.7943084091979244,0.00944963999630477,0.025909644163942657,167.77010684333558,27.0,0.20463434439152478,65.82646897062659,17.54096809974818,978.0123913942222,-0.3384149204939604
237,7,27,1360099,0.6881828901645066,0.6993279158804814,0.011145025715974755,0.025909644163942657,167.77010684333558,27.0,0.20463434439152478,65.82646897062659,17.54096809974818,978.0123913942222,-0.3384149204939604
238,7,28,232003,0.7950023362771684,0.8149536827478375,0.019951346470669096,0.025909644163942657,167.77010684333558,27.0,0.20463434439152478,65.82646897062659,17.54096809974818,978.0123913942222,-0.3384149204939604
239,7,29,8914870,0.6280753084047976,0.6433629559575419,0.015287647552744255,0.025909644163942657,167.77010684333558,27.0,0.20463434439152478,65.82646897062659,17.54096809974818,978.0123913942222,-0.3384149204939604
240,8,0,3225228,0.7141018671035974,0.7522781529588617,0.038176285855264336,0.02586067538366656,168.05907832943055,47.0,0.24177112840116025,18.391036596149206,21.770258905850135,1272.896189632999,0.25642428919672966
241,8,1,7005739,0.6524366527015283,0.695359883889613,0.04292323118808472,0.02586067538366656,168.05907832943055,47.0,0.24177112840116025,18.391036596149206,21.770258905850135,1272.896189632999,0.25642428919672966
242,8,2,9301927,0.6473966531337221,0.6781519684386853,0.030755315304963227,0.02586067538366656,168.05907832943055,47.0,0.24177112840116025,18.391036596149206,21.770258905850135,1272.896189632999,0.25642428919672966
243,8,3,621504,0.7490891892331742,0.7868888918113016,0.03779970257812737,0.02586067538366656,168.05907832943055,47.0,0.24177112840116025,18.391036596149206,21.770258905850135,1272.896189632999,0.25642428919672966
244,8,4,1593157,0.6880355923333213,0.7230134813000025,0.03497788896668119,0.02586067538366656,168.05907832943055,47.0,0.24177112840116025,18.391036596149206,21.770258905850135,1272.896189632999,0.25642428919672966
245,8,5,7851696,0.6936748223200011,0.7349755564370068,0.041300734117005744,0.02586067538366656,168.05907832943055,47.0,0.24177112840116025,18.391036596149206,21.770258905850135,1272.896189632999,0.25642428919672966
246,8,6,5799740,0.7193480350948612,0.7478201164568682,0.028472081362006962,0.02586067538366656,168.05907832943055,47.0,0.24177112840116025,18.391036596149206,21.770258905850135,1272.896189632999,0.25642428919672966
247,8,7,4597342,0.601329901776825,0.63293973230569,0.03160983052886501,0.02586067538366656,168.05907832943055,47.0,0.24177112840116025,18.391036596149206,21.770258905850135,1272.896189632999,0.25642428919672966
248,8,8,4295983,0.7230938040048219,0.7570234049370835,0.033929600932261605,0.02586067538366656,168.05907832943055,47.0,0.24177112840116025,18.391036596149206,21.770258905850135,1272.896189632999,0.25642428919672966
249,8,9,5476400,0.7182855620052536,0.7545304432012782,0.036244881196024537,0.02586067538366656,168.05907832943055,47.0,0.24177112840116025,18.391036596149206,21.770258905850135,1272.896189632999,0.25642428919672966
250,8,10,8175648,0.7902553768455008,0.8229007751117345,0.032645398266233694,0.02586067538366656,168.05907832943055,47.0,0.24177112840116025,18.391036596149206,21.770258905850135,1272.896189632999,0.25642428919672966
251,8,11,1895126,0.693480526170235,0.7196736088133444,0.026193082643109378,0.02586067538366656,168.05907832943055,47.0,0.24177112840116025,18.391036596149206,21.770258905850135,1272.896189632999,0.25642428919672966
252,8,12,923174,0.7571160611596236,0.7780621200669562,0.020946058907332588,0.02586067538366656,168.05907832943055,47.0,0.24177112840116025,18.391036596149206,21.770258905850135,1272.896189632999,0.25642428919672966
253,8,13,9625558,0.731291039589044,0.7638323519902255,0.03254131240118152,0.02586067538366656,168.05907832943055,47.0,0.24177112840116025,18.391036596149206,21.770258905850135,1272.896189632999,0.25642428919672966
254,8,14,6682717,0.7430323707249168,0.774214647136087,0.031182276411170218,0.02586067538366656,168.05907832943055,47.0,0.24177112840116025,18.391036596149206,21.770258905850135,1272.896189632999,0.25642428919672966
255,8,15,2924170,0.6624303464735828,0.7015278169373764,0.03909747046379364,0.02586067538366656,168.05907832943055,47.0,0.24177112840116025,18.391036596149206,21.770258905850135,1272.896189632999,0.25642428919672966
256,8,16,2529710,0.702974936236782,0.7407073977589409,0.03773246152215892,0.02586067538366656,168.05907832943055,47.0,0.24177112840116025,18.391036596149206,21.770258905850135,1272.896189632999,0.25642428919672966
257,8,17,6290701,0.709284147721662,0.7484771362208609,0.03919298849919883,0.02586067538366656,168.05907832943055,47.0,0.24177112840116025,18.391036596149206,21.770258905850135,1272.896189632999,0.25642428919672966
258,8,18,9861365,0.6861402027367063,0.724445515412631,0.03830531267592474,0.02586067538366656,168.05907832943055,47.0,0.24177112840116025,18.391036596149206,21.770258905850135,1272.896189632999,0.25642428919672966
259,8,19,1161419,0.6801065074373602,0.7109202556978251,0.0308137482604649,0.02586067538366656,168.05907832943055,47.0,0.24177112840116025,18.391036596149206,21.770258905850135,1272.896189632999,0.25642428919672966
260,8,20,2289204,0.722905650025689,0.7564659881244188,0.033560338098729825,0.02586067538366656,168.05907832943055,47.0,0.24177112840116025,18.391036596149206,21.770258905850135,1272.896189632999,0.25642428919672966
261,8,21,8567283,0.6961202258577975,0.7355209662816099,0.039400740423812364,0.02586067538366656,168.05907832943055,47.0,0.24177112840116025,18.391036596149206,21.770258905850135,1272.896189632999,0.25642428919672966
262,8,22,5240975,0.6759624298851902,0.7040894147649744,0.028126984879784267,0.02586067538366656,168.05907832943055,47.0,0.24177112840116025,18.391036596149206,21.770258905850135,1272.896189632999,0.25642428919672966
263,8,23,4058119,0.827265394439069,0.8583725123687246,0.031107117929655592,0.02586067538366656,168.05907832943055,47.0,0.24177112840116025,18.391036596149206,21.770258905850135,1272.896189632999,0.25642428919672966
264,8,24,4986614,0.6700256811033857,0.708075207463026,0.03804952635964032,0.02586067538366656,168.05907832943055,47.0,0.24177112840116025,18.391036596149206,21.770258905850135,1272.896189632999,0.25642428919672966
265,8,25,6186568,0.5820380457462422,0.6099407681893229,0.027902722443080674,0.02586067538366656,168.05907832943055,47.0,0.24177112840116025,18.391036596149206,21.770258905850135,1272.896189632999,0.25642428919672966
266,8,26,7621078,0.6464582808688226,0.6844201888130769,0.03796190794425425,0.02586067538366656,168.05907832943055,47.0,0.24177112840116025,18.391036596149206,21.770258905850135,1272.896189632999,0.25642428919672966
267,8,27,1360099,0.7673939130519792,0.8022220080576924,0.034828095005713156,0.02586067538366656,168.05907832943055,47.0,0.24177112840116025,18.391036596149206,21.770258905850135,1272.896189632999,0.25642428919672966
268,8,28,232003,0.7273151661887071,0.7622604478413789,0.034945281652671856,0.02586067538366656,168.05907832943055,47.0,0.24177112840116025,18.391036596149206,21.770258905850135,1272.896189632999,0.25642428919672966
269,8,29,8914870,0.6909916419757384,0.7267473925223633,0.03575575054662494,0.02586067538366656,168.05907832943055,47.0,0.24177112840116025,18.391036596149206,21.770258905850135,1272.896189632999,0.25642428919672966
270,9,0,3225228,0.8565734348358497,0.8416903495644174,-0.01488308527143234,0.018404908316832704,252.18040204476517,38.0,0.12977003995329142,58.5568299330771,23.406589513731348,956.1594501825649,-1.0161754600703716
271,9,1,7005739,0.7884138064399153,0.7694612520776369,-0.018952554362278384,0.018404908316832704,252.18040204476517,38.0,0.12977003995329142,58.5568299330771,23.406589513731348,956.1594501825649,-1.0161754600703716
272,9,2,9301927,0.8451173847418593,0.8321933357409527,-0.012924049000906601,0.018404908316832704,252.18040204476517,38.0,0.12977003995329142,58.5568299330771,23.406589513731348,956.1594501825649,-1.0161754600703716
273,9,3,621504,0.7927097791404566,0.7807248314877744,-0.01198494765268221,0.018404908316832704,252.18040204476517,38.0,0.12977003995329142,58.5568299330771,23.406589513731348,956.1594501825649,-1.0161754600703716
274,9,4,1593157,0.7641464005566099,0.7462456327722155,-0.017900767784394422,0.018404908316832704,252.18040204476517,38.0,0.12977003995329142,58.5568299330771,23.406589513731348,956.1594501825649,-1.0161754600703716
275,9,5,7851696,0.783474305248653,0.7627921305900953,-0.020682174658557706,0.018404908316832704,252.18040204476517,38.0,0.12977003995329142,58.5568299330771,23.406589513731348,956.1594501825649,-1.0161754600703716
276,9,6,5799740,0.7939046546481334,0.7815760645059417,-0.012328590142191675,0.018404908316832704,252.18040204476517,38.0,0.12977003995329142,58.5568299330771,23.406589513731348,956.1594501825649,-1.0161754600703716
277,9,7,4597342,0.8080236269049832,0.7902770913360228,-0.017746535568960442,0.018404908316832704,252.18040204476517,38.0,0.12977003995329142,58.5568299330771,23.406589513731348,956.1594501825649,-1.0161754600703716
278,9,8,4295983,0.8252476204482805,0.8113279551529147,-0.013919665295365813,0.018404908316832704,252.18040204476517,38.0,0.12977003995329142,58.5568299330771,23.406589513731348,956.1594501825649,-1.0161754600703716
279,9,9,5476400,0.8137215875687355,0.7991122824866463,-0.01460930508208913,0.018404908316832704,252.18040204476517,38.0,0.12977003995329142,58.5568299330771,23.406589513731348,956.1594501825649,-1.0161754600703716
280,9,10,8175648,0.8374952670497418,0.827603640784718,-0.009891626265023712,0.018404908316832704,252.18040204476517,38.0,0.12977003995329142,58.5568299330771,23.406589513731348,956.1594501825649,-1.0161754600703716
281,9,11,1895126,0.8174622677369658,0.8033482889303802,-0.014113978806585603,0.018404908316832704,252.18040204476517,38.0,0.12977003995329142,58.5568299330771,23.406589513731348,956.1594501825649,-1.0161754600703716
282,9,12,923174,0.8259716420475911,0.8197045355300446,-0.006267106517546472,0.018404908316832704,252.18040204476517,38.0,0.12977003995329142,58.5568299330771,23.406589513731348,956.1594501825649,-1.0161754600703716
283,9,13,9625558,0.8447003203228572,0.8356520351272733,-0.009048285195583983,0.018404908316832704,252.18040204476517,38.0,0.12977003995329142,58.5568299330771,23.406589513731348,956.1594501825649,-1.0161754600703716
284,9,14,6682717,0.8270714004676836,0.8122270099326265,-0.01484439053505704,0.018404908316832704,252.18040204476517,38.0,0.12977003995329142,58.5568299330771,23.406589513731348,956.1594501825649,-1.0161754600703716
285,9,15,2924170,0.8300620039012058,0.8197015920139094,-0.010360411887296417,0.018404908316832704,252.18040204476517,38.0,0.12977003995329142,58.5568299330771,23.406589513731348,956.1594501825649,-1.0161754600703716
286,9,16,2529710,0.7689440233951997,0.7512325137692508,-0.017711509625948918,0.018404908316832704,252.18040204476517,38.0,0.12977003995329142,58.5568299330771,23.406589513731348,956.1594501825649,-1.0161754600703716
287,9,17,6290701,0.7835787333298436,0.7684041627862557,-0.01517457054358795,0.018404908316832704,252.18040204476517,38.0,0.12977003995329142,58.5568299330771,23.406589513731348,956.1594501825649,-1.0161754600703716
288,9,18,9861365,0.7897896809252215,0.7734574255657503,-0.01633225535947125,0.018404908316832704,252.18040204476517,38.0,0.12977003995329142,58.5568299330771,23.406589513731348,956.1594501825649,-1.0161754600703716
289,9,19,1161419,0.8251750900773996,0.8144747574032642,-0.010700332674135393,0.018404908316832704,252.18040204476517,38.0,0.12977003995329142,58.5568299330771,23.406589513731348,956.1594501825649,-1.0161754600703716
290,9,20,2289204,0.7774267331604753,0.7631577226372405,-0.014269010523234815,0.018404908316832704,252.18040204476517,38.0,0.12977003995329142,58.5568299330771,23.406589513731348,956.1594501825649,-1.0161754600703716
291,9,21,8567283,0.8134967785641349,0.8042882565334458,-0.009208522030689115,0.018404908316832704,252.18040204476517,38.0,0.12977003995329142,58.5568299330771,23.406589513731348,956.1594501825649,-1.0161754600703716
292,9,22,5240975,0.797291627537456,0.7828024328635212,-0.014489194673934724,0.018404908316832704,252.18040204476517,38.0,0.12977003995329142,58.5568299330771,23.406589513731348,956.1594501825649,-1.0161754600703716
293,9,23,4058119,0.8193547201776565,0.8056886410797464,-0.013666079097910178,0.018404908316832704,252.18040204476517,38.0,0.12977003995329142,58.5568299330771,23.406589513731348,956.1594501825649,-1.0161754600703716
294,9,24,4986614,0.766544001253715,0.7482946327362808,-0.018249368517434195,0.018404908316832704,252.18040204476517,38.0,0.12977003995329142,58.5568299330771,23.406589513731348,956.1594501825649,-1.0161754600703716
295,9,25,6186568,0.7824423603660198,0.7697419066428359,-0.012700453723183847,0.018404908316832704,252.18040204476517,38.0,0.12977003995329142,58.5568299330771,23.406589513731348,956.1594501825649,-1.0161754600703716
296,9,26,7621078,0.8315723407463099,0.8179998740483353,-0.013572466697974628,0.018404908316832704,252.18040204476517,38.0,0.12977003995329142,58.5568299330771,23.406589513731348,956.1594501825649,-1.0161754600703716
297,9,27,1360099,0.8221861053712709,0.8093199296908746,-0.012866175680396275,0.018404908316832704,252.18040204476517,38.0,0.12977003995329142,58.5568299330771,23.406589513731348,956.1594501825649,-1.0161754600703716
298,9,28,232003,0.8063937523992442,0.7965630379758825,-0.009830714423361697,0.018404908316832704,252.18040204476517,38.0,0.12977003995329142,58.5568299330771,23.406589513731348,956.1594501825649,-1.0161754600703716
299,9,29,8914870,0.813448592355297,0.8015241160931896,-0.011924476262107353,0.018404908316832704,252.18040204476517,38.0,0.12977003995329142,58.5568299330771,23.406589513731348,956.1594501825649,-1.0161754600703716
300,10,0,3225228,0.5799016590085957,0.5592191601924085,-0.020682498816187223,0.031510994023550114,194.555889677985,53.0,0.1635492891073227,49.133477974683046,16.16315876843301,1080.6582436220501,-2.9368241876363754
301,10,1,7005739,0.6152946014871805,0.5897145043218359,-0.025580097165344595,0.031510994023550114,194.555889677985,53.0,0.1635492891073227,49.133477974683046,16.16315876843301,1080.6582436220501,-2.9368241876363754
302,10,2,9301927,0.5436399636653649,0.5263206462259904,-0.017319317439374537,0.031510994023550114,194.555889677985,53.0,0.1635492891073227,49.133477974683046,16.16315876843301,1080.6582436220501,-2.9368241876363754
303,10,3,621504,0.5925047302948974,0.5768269812195086,-0.01567774907538877,0.031510994023550114,194.555889677985,53.0,0.1635492891073227,49.133477974683046,16.16315876843301,1080.6582436220501,-2.9368241876363754
304,10,4,1593157,0.6186978083744146,0.5910991523852089,-0.027598655989205634,0.031510994023550114,194.555889677985,53.0,0.1635492891073227,49.133477974683046,16.16315876843301,1080.6582436220501,-2.9368241876363754
305,10,5,7851696,0.6313154130004072,0.6038727336314742,-0.027442679368932965,0.031510994023550114,194.555889677985,53.0,0.1635492891073227,49.133477974683046,16.16315876843301,1080.6582436220501,-2.9368241876363754
306,10,6,5799740,0.5438465005692139,0.5455938297637798,0.001747329194565883,0.031510994023550114,194.555889677985,53.0,0.1635492891073227,49.133477974683046,16.16315876843301,1080.6582436220501,-2.9368241876363754
307,10,7,4597342,0.6005613110798846,0.5781545003999531,-0.022406810679931555,0.031510994023550114,194.555889677985,53.0,0.1635492891073227,49.133477974683046,16.16315876843301,1080.6582436220501,-2.9368241876363754
308,10,8,4295983,0.6207323796212738,0.5963554026559368,-0.024376976965337027,0.031510994023550114,194.555889677985,53.0,0.1635492891073227,49.133477974683046,16.16315876843301,1080.6582436220501,-2.9368241876363754
309,10,9,5476400,0.6421335004871597,0.6210006758178073,-0.0211328246693524,0.031510994023550114,194.555889677985,53.0,0.1635492891073227,49.133477974683046,16.16315876843301,1080.6582436220501,-2.9368241876363754
310,10,10,8175648,0.5936289151160046,0.5763922371066874,-0.017236678009317163,0.031510994023550114,194.555889677985,53.0,0.1635492891073227,49.133477974683046,16.16315876843301,1080.6582436220501,-2.9368241876363754
311,10,11,1895126,0.6468325495529241,0.6311279803764953,-0.015704569176428818,0.031510994023550114,194.555889677985,53.0,0.1635492891073227,49.133477974683046,16.16315876843301,1080.6582436220501,-2.9368241876363754
312,10,12,923174,0.6054511994365219,0.5938879757639488,-0.01156322367257312,0.031510994023550114,194.555889677985,53.0,0.1635492891073227,49.133477974683046,16.16315876843301,1080.6582436220501,-2.9368241876363754
313,10,13,9625558,0.6181842154971783,0.5867009715514268,-0.03148324394575153,0.031510994023550114,194.555889677985,53.0,0.1635492891073227,49.133477974683046,16.16315876843301,1080.6582436220501,-2.9368241876363754
314,10,14,6682717,0.6362458642053488,0.6126970540867095,-0.023548810118639296,0.031510994023550114,194.555889677985,53.0,0.1635492891073227,49.133477974683046,16.16315876843301,1080.6582436220501,-2.9368241876363754
315,10,15,2924170,0.5954743545506207,0.5779547559142377,-0.01751959863638297,0.031510994023550114,194.555889677985,53.0,0.1635492891073227,49.133477974683046,16.16315876843301,1080.6582436220501,-2.9368241876363754
316,10,16,2529710,0.5813583579131142,0.5600448806423434,-0.02131347727077082,0.031510994023550114,194.555889677985,53.0,0.1635492891073227,49.133477974683046,16.16315876843301,1080.6582436220501,-2.9368241876363754
317,10,17,6290701,0.6467461027610587,0.6201970169554819,-0.0265490858055768,0.031510994023550114,194.555889677985,53.0,0.1635492891073227,49.133477974683046,16.16315876843301,1080.6582436220501,-2.9368241876363754
318,10,18,9861365,0.600680974198614,0.570737067953178,-0.02994390624543597,0.031510994023550114,194.555889677985,53.0,0.1635492891073227,49.133477974683046,16.16315876843301,1080.6582436220501,-2.9368241876363754
319,10,19,1161419,0.6085666687878702,0.5786478625955317,-0.029918806192338554,0.031510994023550114,194.555889677985,53.0,0.1635492891073227,49.133477974683046,16.16315876843301,1080.6582436220501,-2.9368241876363754
320,10,20,2289204,0.6127466252619278,0.6023653192527704,-0.010381306009157432,0.031510994023550114,194.555889677985,53.0,0.1635492891073227,49.133477974683046,16.16315876843301,1080.6582436220501,-2.9368241876363754
321,10,21,8567283,0.5939408799523967,0.580288221478517,-0.013652658473879753,0.031510994023550114,194.555889677985,53.0,0.1635492891073227,49.133477974683046,16.16315876843301,1080.6582436220501,-2.9368241876363754
322,10,22,5240975,0.6174517381955008,0.5976859681153522,-0.01976577008014857,0.031510994023550114,194.555889677985,53.0,0.1635492891073227,49.133477974683046,16.16315876843301,1080.6582436220501,-2.9368241876363754
323,10,23,4058119,0.5966301991990638,0.5760311499723646,-0.020599049226699195,0.031510994023550114,194.555889677985,53.0,0.1635492891073227,49.133477974683046,16.16315876843301,1080.6582436220501,-2.9368241876363754
324,10,24,4986614,0.6225157606103854,0.598313837146654,-0.0242019234637314,0.031510994023550114,194.555889677985,53.0,0.1635492891073227,49.133477974683046,16.16315876843301,1080.6582436220501,-2.9368241876363754
325,10,25,6186568,0.5463627677666563,0.5372333094638269,-0.009129458302829407,0.031510994023550114,194.555889677985,53.0,0.1635492891073227,49.133477974683046,16.16315876843301,1080.6582436220501,-2.9368241876363754
326,10,26,7621078,0.5582734366855133,0.5349785451844441,-0.023294891501069226,0.031510994023550114,194.555889677985,53.0,0.1635492891073227,49.133477974683046,16.16315876843301,1080.6582436220501,-2.9368241876363754
327,10,27,1360099,0.5936436462679197,0.5627474722801817,-0.030896173987737918,0.031510994023550114,194.555889677985,53.0,0.1635492891073227,49.133477974683046,16.16315876843301,1080.6582436220501,-2.9368241876363754
328,10,28,232003,0.5783220052516247,0.5649564247915543,-0.013365580460070414,0.031510994023550114,194.555889677985,53.0,0.1635492891073227,49.133477974683046,16.16315876843301,1080.6582436220501,-2.9368241876363754
329,10,29,8914870,0.6743995455595423,0.655362462355545,-0.01903708320399733,0.031510994023550114,194.555889677985,53.0,0.1635492891073227,49.133477974683046,16.16315876843301,1080.6582436220501,-2.9368241876363754
330,11,0,3225228,0.4051093063653075,0.3246109441075549,-0.08049836225775259,0.04808815441397535,115.6772881875435,32.0,0.2517434960231185,95.27593640610576,32.01256244522855,1004.4481755138845,2.1773519441485405
331,11,1,7005739,0.45011431624035125,0.39404496098013564,-0.056069355260215614,0.04808815441397535,115.6772881875435,32.0,0.2517434960231185,95.27593640610576,32.01256244522855,1004.4481755138845,2.1773519441485405
332,11,2,9301927,0.4147151992084005,0.4063504386270596,-0.008364760581340891,0.04808815441397535,115.6772881875435,32.0,0.2517434960231185,95.27593640610576,32.01256244522855,1004.4481755138845,2.1773519441485405
333,11,3,621504,0.35463280409277326,0.2933022268322428,-0.06133057726053048,0.04808815441397535,115.6772881875435,32.0,0.2517434960231185,95.27593640610576,32.01256244522855,1004.4481755138845,2.1773519441485405
334,11,4,1593157,0.6351836810014662,0.6100702866209817,-0.025113394380484433,0.04808815441397535,115.6772881875435,32.0,0.2517434960231185,95.27593640610576,32.01256244522855,1004.4481755138845,2.1773519441485405
335,11,5,7851696,0.4187842644032794,0.37653908141178843,-0.04224518299149099,0.04808815441397535,115.6772881875435,32.0,0.2517434960231185,95.27593640610576,32.01256244522855,1004.4481755138845,2.1773519441485405
336,11,6,5799740,0.3744486014415118,0.2868990091482919,-0.0875495922932199,0.04808815441397535,115.6772881875435,32.0,0.2517434960231185,95.27593640610576,32.01256244522855,1004.4481755138845,2.1773519441485405
337,11,7,4597342,0.4184750521107452,0.3899615982562967,-0.02851345385444848,0.04808815441397535,115.6772881875435,32.0,0.2517434960231185,95.27593640610576,32.01256244522855,1004.4481755138845,2.1773519441485405
338,11,8,4295983,0.4640112504210879,0.4277074432520348,-0.03630380716905307,0.04808815441397535,115.6772881875435,32.0,0.2517434960231185,95.27593640610576,32.01256244522855,1004.4481755138845,2.1773519441485405
339,11,9,5476400,0.5428814606191404,0.4569690981288889,-0.08591236249025153,0.04808815441397535,115.6772881875435,32.0,0.2517434960231185,95.27593640610576,32.01256244522855,1004.4481755138845,2.1773519441485405
340,11,10,8175648,0.6070168129341962,0.5718972677583475,-0.0351195451758487,0.04808815441397535,115.6772881875435,32.0,0.2517434960231185,95.27593640610576,32.01256244522855,1004.4481755138845,2.1773519441485405
341,11,11,1895126,0.49750572590266307,0.4549274067641665,-0.04257831913849658,0.04808815441397535,115.6772881875435,32.0,0.2517434960231185,95.27593640610576,32.01256244522855,1004.4481755138845,2.1773519441485405
342,11,12,923174,0.475205512073615,0.4249898088109657,-0.05021570326264929,0.04808815441397535,115.6772881875435,32.0,0.2517434960231185,95.27593640610576,32.01256244522855,1004.4481755138845,2.1773519441485405
343,11,13,9625558,0.48302355227146243,0.4205181540321999,-0.06250539823926254,0.04808815441397535,115.6772881875435,32.0,0.2517434960231185,95.27593640610576,32.01256244522855,1004.4481755138845,2.1773519441485405
344,11,14,6682717,0.4328056134473596,0.3494579243283716,-0.08334768911898804,0.04808815441397535,115.6772881875435,32.0,0.2517434960231185,95.27593640610576,32.01256244522855,1004.4481755138845,2.1773519441485405
345,11,15,2924170,0.29882151223484277,0.32074640956531,0.021924897330467208,0.04808815441397535,115.6772881875435,32.0,0.2517434960231185,95.27593640610576,32.01256244522855,1004.4481755138845,2.1773519441485405
346,11,16,2529710,0.36889219620151836,0.34255393382067434,-0.026338262380844024,0.04808815441397535,115.6772881875435,32.0,0.2517434960231185,95.27593640610576,32.01256244522855,1004.4481755138845,2.1773519441485405
347,11,17,6290701,0.5532018423939247,0.5459876938795069,-0.0072141485144178175,0.04808815441397535,115.6772881875435,32.0,0.2517434960231185,95.27593640610576,32.01256244522855,1004.4481755138845,2.1773519441485405
348,11,18,9861365,0.4927643857371245,0.4279864284845612,-0.0647779572525633,0.04808815441397535,115.6772881875435,32.0,0.2517434960231185,95.27593640610576,32.01256244522855,1004.4481755138845,2.1773519441485405
349,11,19,1161419,0.46303907931144017,0.40746016695065745,-0.05557891236078272,0.04808815441397535,115.6772881875435,32.0,0.2517434960231185,95.27593640610576,32.01256244522855,1004.4481755138845,2.1773519441485405
350,11,20,2289204,0.45211793069916534,0.3942786676685491,-0.05783926303061626,0.04808815441397535,115.6772881875435,32.0,0.2517434960231185,95.27593640610576,32.01256244522855,1004.4481755138845,2.1773519441485405
351,11,21,8567283,0.38409301935542794,0.3159094402801856,-0.06818357907524236,0.04808815441397535,115.6772881875435,32.0,0.2517434960231185,95.27593640610576,32.01256244522855,1004.4481755138845,2.1773519441485405
352,11,22,5240975,0.44488871002617536,0.4169751085209952,-0.027913601505180186,0.04808815441397535,115.6772881875435,32.0,0.2517434960231185,95.27593640610576,32.01256244522855,1004.4481755138845,2.1773519441485405
353,11,23,4058119,0.5278888174998553,0.4843022273923426,-0.0435865901075127,0.04808815441397535,115.6772881875435,32.0,0.2517434960231185,95.27593640610576,32.01256244522855,1004.4481755138845,2.1773519441485405
354,11,24,4986614,0.5992203488607304,0.5752733314274227,-0.023947017433307738,0.04808815441397535,115.6772881875435,32.0,0.2517434960231185,95.27593640610576,32.01256244522855,1004.4481755138845,2.1773519441485405
355,11,25,6186568,0.4667425695876367,0.38273017158490613,-0.08401239800273058,0.04808815441397535,115.6772881875435,32.0,0.2517434960231185,95.27593640610576,32.01256244522855,1004.4481755138845,2.1773519441485405
356,11,26,7621078,0.5048193901225176,0.4354741892992306,-0.06934520082328705,0.04808815441397535,115.6772881875435,32.0,0.2517434960231185,95.27593640610576,32.01256244522855,1004.4481755138845,2.1773519441485405
357,11,27,1360099,0.5153455317960058,0.46253763098403616,-0.05280790081196968,0.04808815441397535,115.6772881875435,32.0,0.2517434960231185,95.27593640610576,32.01256244522855,1004.4481755138845,2.1773519441485405
358,11,28,232003,0.2844966826100059,0.2821693263082568,-0.002327356301749073,0.04808815441397535,115.6772881875435,32.0,0.2517434960231185,95.27593640610576,32.01256244522855,1004.4481755138845,2.1773519441485405
359,11,29,8914870,0.3735775040433391,0.3138276806264778,-0.0597498234168613,0.04808815441397535,115.6772881875435,32.0,0.2517434960231185,95.27593640610576,32.01256244522855,1004.4481755138845,2.1773519441485405
360,12,0,3225228,0.4949456600210352,0.494879421497139,-6.623852389620044e-05,0.02821262954130577,145.6591547228463,58.0,0.2131588624790311,67.01150889508426,33.21710977223727,1113.89350919252,2.2774975653737783
361,12,1,7005739,0.5273402342906846,0.5314002199584709,0.004059985667786314,0.02821262954130577,145.6591547228463,58.0,0.2131588624790311,67.01150889508426,33.21710977223727,1113.89350919252,2.2774975653737783
362,12,2,9301927,0.44426994900663297,0.46334670634542874,0.01907675733879577,0.02821262954130577,145.6591547228463,58.0,0.2131588624790311,67.01150889508426,33.21710977223727,1113.89350919252,2.2774975653737783
363,12,3,621504,0.4694623373836145,0.46427212244473715,-0.0051902149388773355,0.02821262954130577,145.6591547228463,58.0,0.2131588624790311,67.01150889508426,33.21710977223727,1113.89350919252,2.2774975653737783
364,12,4,1593157,0.4946137061502828,0.5043521050402008,0.00973839888991801,0.02821262954130577,145.6591547228463,58.0,0.2131588624790311,67.01150889508426,33.21710977223727,1113.89350919252,2.2774975653737783
365,12,5,7851696,0.516941648955333,0.5171480405800667,0.00020639162473368167,0.02821262954130577,145.6591547228463,58.0,0.2131588624790311,67.01150889508426,33.21710977223727,1113.89350919252,2.2774975653737783
366,12,6,5799740,0.3962363862320979,0.4212900245238614,0.02505363829176349,0.02821262954130577,145.6591547228463,58.0,0.2131588624790311,67.01150889508426,33.21710977223727,1113.89350919252,2.2774975653737783
367,12,7,4597342,0.3381921816543079,0.34913393482321814,0.010941753168910218,0.02821262954130577,145.6591547228463,58.0,0.2131588624790311,67.01150889508426,33.21710977223727,1113.89350919252,2.2774975653737783
368,12,8,4295983,0.5173453879889329,0.5239721421625887,0.006626754173655769,0.02821262954130577,145.6591547228463,58.0,0.2131588624790311,67.01150889508426,33.21710977223727,1113.89350919252,2.2774975653737783
369,12,9,5476400,0.4723692563882304,0.48680641587383144,0.014437159485601037,0.02821262954130577,145.6591547228463,58.0,0.2131588624790311,67.01150889508426,33.21710977223727,1113.89350919252,2.2774975653737783
370,12,10,8175648,0.5532074413171187,0.564950616917586,0.011743175600467226,0.02821262954130577,145.6591547228463,58.0,0.2131588624790311,67.01150889508426,33.21710977223727,1113.89350919252,2.2774975653737783
371,12,11,1895126,0.46703622450781784,0.47196451120446054,0.004928286696642692,0.02821262954130577,145.6591547228463,58.0,0.2131588624790311,67.01150889508426,33.21710977223727,1113.89350919252,2.2774975653737783
372,12,12,923174,0.37466180704778973,0.38251274335893826,0.007850936311148526,0.02821262954130577,145.6591547228463,58.0,0.2131588624790311,67.01150889508426,33.21710977223727,1113.89350919252,2.2774975653737783
373,12,13,9625558,0.4901935568046259,0.5080308231309356,0.01783726632630972,0.02821262954130577,145.6591547228463,58.0,0.2131588624790311,67.01150889508426,33.21710977223727,1113.89350919252,2.2774975653737783
374,12,14,6682717,0.34968748292972457,0.37336457089852776,0.02367708796880319,0.02821262954130577,145.6591547228463,58.0,0.2131588624790311,67.01150889508426,33.21710977223727,1113.89350919252,2.2774975653737783
375,12,15,2924170,0.436412849479397,0.45084277153796753,0.014429922058570521,0.02821262954130577,145.6591547228463,58.0,0.2131588624790311,67.01150889508426,33.21710977223727,1113.89350919252,2.2774975653737783
376,12,16,2529710,0.5224535829178846,0.5327354448376481,0.010281861919763546,0.02821262954130577,145.6591547228463,58.0,0.2131588624790311,67.01150889508426,33.21710977223727,1113.89350919252,2.2774975653737783
377,12,17,6290701,0.5022914667687506,0.5117858652147566,0.00949439844600597,0.02821262954130577,145.6591547228463,58.0,0.2131588624790311,67.01150889508426,33.21710977223727,1113.89350919252,2.2774975653737783
378,12,18,9861365,0.4783219179359014,0.480423149123385,0.002101231187483621,0.02821262954130577,145.6591547228463,58.0,0.2131588624790311,67.01150889508426,33.21710977223727,1113.89350919252,2.2774975653737783
379,12,19,1161419,0.3910103250486271,0.4067865764737924,0.01577625142516531,0.02821262954130577,145.6591547228463,58.0,0.2131588624790311,67.01150889508426,33.21710977223727,1113.89350919252,2.2774975653737783
380,12,20,2289204,0.4843620399661617,0.5068919418791786,0.02252990191301696,0.02821262954130577,145.6591547228463,58.0,0.2131588624790311,67.01150889508426,33.21710977223727,1113.89350919252,2.2774975653737783
381,12,21,8567283,0.46891750983372693,0.4734387341268524,0.004521224293125459,0.02821262954130577,145.6591547228463,58.0,0.2131588624790311,67.01150889508426,33.21710977223727,1113.89350919252,2.2774975653737783
382,12,22,5240975,0.46658953361544464,0.47173120256634055,0.005141668950895906,0.02821262954130577,145.6591547228463,58.0,0.2131588624790311,67.01150889508426,33.21710977223727,1113.89350919252,2.2774975653737783
383,12,23,4058119,0.5947355531152214,0.6123286438085158,0.0175930906932944,0.02821262954130577,145.6591547228463,58.0,0.2131588624790311,67.01150889508426,33.21710977223727,1113.89350919252,2.2774975653737783
384,12,24,4986614,0.5609282811357554,0.5707622764087794,0.009833995273023977,0.02821262954130577,145.6591547228463,58.0,0.2131588624790311,67.01150889508426,33.21710977223727,1113.89350919252,2.2774975653737783
385,12,25,6186568,0.42407628615041737,0.43557113679043946,0.011494850640022092,0.02821262954130577,145.6591547228463,58.0,0.2131588624790311,67.01150889508426,33.21710977223727,1113.89350919252,2.2774975653737783
386,12,26,7621078,0.489024849735859,0.5016393504625649,0.01261450072670589,0.02821262954130577,145.6591547228463,58.0,0.2131588624790311,67.01150889508426,33.21710977223727,1113.89350919252,2.2774975653737783
387,12,27,1360099,0.4635197559287894,0.48352084824048597,0.020001092311696556,0.02821262954130577,145.6591547228463,58.0,0.2131588624790311,67.01150889508426,33.21710977223727,1113.89350919252,2.2774975653737783
388,12,28,232003,0.3925740309524613,0.4012375142940431,0.00866348334158179,0.02821262954130577,145.6591547228463,58.0,0.2131588624790311,67.01150889508426,33.21710977223727,1113.89350919252,2.2774975653737783
389,12,29,8914870,0.44719991289978406,0.4477094953668862,0.0005095824671021432,0.02821262954130577,145.6591547228463,58.0,0.2131588624790311,67.01150889508426,33.21710977223727,1113.89350919252,2.2774975653737783
390,13,0,3225228,0.8315190563386732,0.8107123629060126,-0.020806693432660617,0.05996104282811551,211.61292261143794,27.0,0.10291593857109547,32.47069007717073,15.238146919917327,1061.136304648547,-1.512436168268323
391,13,1,7005739,0.8431585343728103,0.8028086442981691,-0.04034989007464118,0.05996104282811551,211.61292261143794,27.0,0.10291593857109547,32.47069007717073,15.238146919917327,1061.136304648547,-1.512436168268323
392,13,2,9301927,0.8391069288593287,0.7968088304245028,-0.042298098434825904,0.05996104282811551,211.61292261143794,27.0,0.10291593857109547,32.47069007717073,15.238146919917327,1061.136304648547,-1.512436168268323
393,13,3,621504,0.80746934800431,0.7766745328283665,-0.030794815175943513,0.05996104282811551,211.61292261143794,27.0,0.10291593857109547,32.47069007717073,15.238146919917327,1061.136304648547,-1.512436168268323
394,13,4,1593157,0.8166221684384299,0.7861405383687813,-0.030481630069648658,0.05996104282811551,211.61292261143794,27.0,0.10291593857109547,32.47069007717073,15.238146919917327,1061.136304648547,-1.512436168268323
395,13,5,7851696,0.7364401025823213,0.6934228112115314,-0.04301729137078991,0.05996104282811551,211.61292261143794,27.0,0.10291593857109547,32.47069007717073,15.238146919917327,1061.136304648547,-1.512436168268323
396,13,6,5799740,0.8259322025008426,0.8034656176221655,-0.022466584878677143,0.05996104282811551,211.61292261143794,27.0,0.10291593857109547,32.47069007717073,15.238146919917327,1061.136304648547,-1.512436168268323
397,13,7,4597342,0.8284739446622176,0.7991657424474318,-0.029308202214785806,0.05996104282811551,211.61292261143794,27.0,0.10291593857109547,32.47069007717073,15.238146919917327,1061.136304648547,-1.512436168268323
398,13,8,4295983,0.8271213686286096,0.7891205443370936,-0.03800082429151608,0.05996104282811551,211.61292261143794,27.0,0.10291593857109547,32.47069007717073,15.238146919917327,1061.136304648547,-1.512436168268323
399,13,9,5476400,0.8013470356908392,0.7820561391460045,-0.019290896544834735,0.05996104282811551,211.61292261143794,27.0,0.10291593857109547,32.47069007717073,15.238146919917327,1061.136304648547,-1.512436168268323
400,13,10,8175648,0.8089133757679842,0.7750208647122458,-0.03389251105573832,0.05996104282811551,211.61292261143794,27.0,0.10291593857109547,32.47069007717073,15.238146919917327,1061.136304648547,-1.512436168268323
401,13,11,1895126,0.8540112748017844,0.824166496124967,-0.02984477867681745,0.05996104282811551,211.61292261143794,27.0,0.10291593857109547,32.47069007717073,15.238146919917327,1061.136304648547,-1.512436168268323
402,13,12,923174,0.8389749897437704,0.8142245137139016,-0.024750476029868795,0.05996104282811551,211.61292261143794,27.0,0.10291593857109547,32.47069007717073,15.238146919917327,1061.136304648547,-1.512436168268323
403,13,13,9625558,0.8096422738969956,0.7936527215872816,-0.015989552309713995,0.05996104282811551,211.61292261143794,27.0,0.10291593857109547,32.47069007717073,15.238146919917327,1061.136304648547,-1.512436168268323
404,13,14,6682717,0.8556682662584614,0.8149202517737271,-0.04074801448473431,0.05996104282811551,211.61292261143794,27.0,0.10291593857109547,32.47069007717073,15.238146919917327,1061.136304648547,-1.512436168268323
405,13,15,2924170,0.8103430191996887,0.7723665935791505,-0.03797642562053816,0.05996104282811551,211.61292261143794,27.0,0.10291593857109547,32.47069007717073,15.238146919917327,1061.136304648547,-1.512436168268323
406,13,16,2529710,0.8205346906057085,0.7934559869979952,-0.02707870360771325,0.05996104282811551,211.61292261143794,27.0,0.10291593857109547,32.47069007717073,15.238146919917327,1061.136304648547,-1.512436168268323
407,13,17,6290701,0.821264223748513,0.7904969756059392,-0.03076724814257381,0.05996104282811551,211.61292261143794,27.0,0.10291593857109547,32.47069007717073,15.238146919917327,1061.136304648547,-1.512436168268323
408,13,18,9861365,0.8133121907543213,0.8072597978968623,-0.006052392857458955,0.05996104282811551,211.61292261143794,27.0,0.10291593857109547,32.47069007717073,15.238146919917327,1061.136304648547,-1.512436168268323
409,13,19,1161419,0.8195392720552866,0.7881576192580071,-0.03138165279727956,0.05996104282811551,211.61292261143794,27.0,0.10291593857109547,32.47069007717073,15.238146919917327,1061.136304648547,-1.512436168268323
410,13,20,2289204,0.8422929785082047,0.8095160869776135,-0.03277689153059127,0.05996104282811551,211.61292261143794,27.0,0.10291593857109547,32.47069007717073,15.238146919917327,1061.136304648547,-1.512436168268323
411,13,21,8567283,0.8259524620634251,0.7946773542479745,-0.03127510781545062,0.05996104282811551,211.61292261143794,27.0,0.10291593857109547,32.47069007717073,15.238146919917327,1061.136304648547,-1.512436168268323
412,13,22,5240975,0.8368984650604878,0.8044214134785721,-0.03247705158191572,0.05996104282811551,211.61292261143794,27.0,0.10291593857109547,32.47069007717073,15.238146919917327,1061.136304648547,-1.512436168268323
413,13,23,4058119,0.8238922521949426,0.7946991068481857,-0.029193145346756877,0.05996104282811551,211.61292261143794,27.0,0.10291593857109547,32.47069007717073,15.238146919917327,1061.136304648547,-1.512436168268323
414,13,24,4986614,0.7838229800776546,0.7700421493824933,-0.013780830695161339,0.05996104282811551,211.61292261143794,27.0,0.10291593857109547,32.47069007717073,15.238146919917327,1061.136304648547,-1.512436168268323
415,13,25,6186568,0.8072288696447059,0.7801450673556318,-0.027083802289074033,0.05996104282811551,211.61292261143794,27.0,0.10291593857109547,32.47069007717073,15.238146919917327,1061.136304648547,-1.512436168268323
416,13,26,7621078,0.7918462664327293,0.7764785555989124,-0.015367710833816828,0.05996104282811551,211.61292261143794,27.0,0.10291593857109547,32.47069007717073,15.238146919917327,1061.136304648547,-1.512436168268323
417,13,27,1360099,0.8381620126872709,0.8097928777155923,-0.02836913497167859,0.05996104282811551,211.61292261143794,27.0,0.10291593857109547,32.47069007717073,15.238146919917327,1061.136304648547,-1.512436168268323
418,13,28,232003,0.829583300631853,0.8034930245411307,-0.026090276090722342,0.05996104282811551,211.61292261143794,27.0,0.10291593857109547,32.47069007717073,15.238146919917327,1061.136304648547,-1.512436168268323
419,13,29,8914870,0.8125279253766378,0.7790422297374582,-0.03348569563917958,0.05996104282811551,211.61292261143794,27.0,0.10291593857109547,32.47069007717073,15.238146919917327,1061.136304648547,-1.512436168268323
420,14,0,3225228,0.8082800327499851,0.7987764916724014,-0.009503541077583666,0.01680577729869129,355.8918473276948,46.0,0.19138071071356533,86.86657487414777,26.48287345020296,1170.8200616444983,-0.5289448779076338
421,14,1,7005739,0.7158903204311882,0.7012001640753172,-0.014690156355871009,0.01680577729869129,355.8918473276948,46.0,0.19138071071356533,86.86657487414777,26.48287345020296,1170.8200616444983,-0.5289448779076338
422,14,2,9301927,0.8005244921202073,0.7967123615686348,-0.003812130551572479,0.01680577729869129,355.8918473276948,46.0,0.19138071071356533,86.86657487414777,26.48287345020296,1170.8200616444983,-0.5289448779076338
423,14,3,621504,0.778636301631108,0.7709459326436365,-0.007690368987471441,0.01680577729869129,355.8918473276948,46.0,0.19138071071356533,86.86657487414777,26.48287345020296,1170.8200616444983,-0.5289448779076338
424,14,4,1593157,0.7331215842183728,0.7190660750144289,-0.014055509203943939,0.01680577729869129,355.8918473276948,46.0,0.19138071071356533,86.86657487414777,26.48287345020296,1170.8200616444983,-0.5289448779076338
425,14,5,7851696,0.7092289347429092,0.6916023371859307,-0.017626597556978485,0.01680577729869129,355.8918473276948,46.0,0.19138071071356533,86.86657487414777,26.48287345020296,1170.8200616444983,-0.5289448779076338
426,14,6,5799740,0.8357239864150777,0.8314475911235228,-0.00427639529155488,0.01680577729869129,355.8918473276948,46.0,0.19138071071356533,86.86657487414777,26.48287345020296,1170.8200616444983,-0.5289448779076338
427,14,7,4597342,0.7140474900951257,0.7001554408530632,-0.013892049242062443,0.01680577729869129,355.8918473276948,46.0,0.19138071071356533,86.86657487414777,26.48287345020296,1170.8200616444983,-0.5289448779076338
428,14,8,4295983,0.769508124879058,0.764050738944534,-0.0054573859345239395,0.01680577729869129,355.8918473276948,46.0,0.19138071071356533,86.86657487414777,26.48287345020296,1170.8200616444983,-0.5289448779076338
429,14,9,5476400,0.8233081742371967,0.8181214924796772,-0.005186681757519462,0.01680577729869129,355.8918473276948,46.0,0.19138071071356533,86.86657487414777,26.48287345020296,1170.8200616444983,-0.5289448779076338
430,14,10,8175648,0.8573517557813113,0.853867820482188,-0.0034839352991232753,0.01680577729869129,355.8918473276948,46.0,0.19138071071356533,86.86657487414777,26.48287345020296,1170.8200616444983,-0.5289448779076338
431,14,11,1895126,0.8556196090614475,0.8629990514619101,0.007379442400462621,0.01680577729869129,355.8918473276948,46.0,0.19138071071356533,86.86657487414777,26.48287345020296,1170.8200616444983,-0.5289448779076338
432,14,12,923174,0.8716181699026232,0.8734376795677342,0.0018195096651110187,0.01680577729869129,355.8918473276948,46.0,0.19138071071356533,86.86657487414777,26.48287345020296,1170.8200616444983,-0.5289448779076338
433,14,13,9625558,0.8089588537528191,0.7951970243540769,-0.013761829398742154,0.01680577729869129,355.8918473276948,46.0,0.19138071071356533,86.86657487414777,26.48287345020296,1170.8200616444983,-0.5289448779076338
434,14,14,6682717,0.8454238413040843,0.8370779598289744,-0.00834588147510995,0.01680577729869129,355.8918473276948,46.0,0.19138071071356533,86.86657487414777,26.48287345020296,1170.8200616444983,-0.5289448779076338
435,14,15,2924170,0.7624563751008391,0.7564533936106321,-0.006002981490206949,0.01680577729869129,355.8918473276948,46.0,0.19138071071356533,86.86657487414777,26.48287345020296,1170.8200616444983,-0.5289448779076338
436,14,16,2529710,0.7979736980645731,0.7821935854784342,-0.015780112586138872,0.01680577729869129,355.8918473276948,46.0,0.19138071071356533,86.86657487414777,26.48287345020296,1170.8200616444983,-0.5289448779076338
437,14,17,6290701,0.8014148511104345,0.7952375243981818,-0.006177326712252684,0.01680577729869129,355.8918473276948,46.0,0.19138071071356533,86.86657487414777,26.48287345020296,1170.8200616444983,-0.5289448779076338
438,14,18,9861365,0.6985771118146618,0.6811069563885599,-0.017470155426101863,0.01680577729869129,355.8918473276948,46.0,0.19138071071356533,86.86657487414777,26.48287345020296,1170.8200616444983,-0.5289448779076338
439,14,19,1161419,0.8070849528846634,0.8008621996706667,-0.006222753213996679,0.01680577729869129,355.8918473276948,46.0,0.19138071071356533,86.86657487414777,26.48287345020296,1170.8200616444983,-0.5289448779076338
440,14,20,2289204,0.7928740514711005,0.7898077909085846,-0.00306626056251591,0.01680577729869129,355.8918473276948,46.0,0.19138071071356533,86.86657487414777,26.48287345020296,1170.8200616444983,-0.5289448779076338
441,14,21,8567283,0.7773047460408349,0.7662633083143028,-0.0110414377265321,0.01680577729869129,355.8918473276948,46.0,0.19138071071356533,86.86657487414777,26.48287345020296,1170.8200616444983,-0.5289448779076338
442,14,22,5240975,0.7919499744463112,0.7877996184637176,-0.004150355982593612,0.01680577729869129,355.8918473276948,46.0,0.19138071071356533,86.86657487414777,26.48287345020296,1170.8200616444983,-0.5289448779076338
443,14,23,4058119,0.8891995386461156,0.8950365312853391,0.005836992639223548,0.01680577729869129,355.8918473276948,46.0,0.19138071071356533,86.86657487414777,26.48287345020296,1170.8200616444983,-0.5289448779076338
444,14,24,4986614,0.7569708508847026,0.7412332788754047,-0.01573757200929793,0.01680577729869129,355.8918473276948,46.0,0.19138071071356533,86.86657487414777,26.48287345020296,1170.8200616444983,-0.5289448779076338
445,14,25,6186568,0.7890394753973881,0.7907305558249057,0.0016910804275176439,0.01680577729869129,355.8918473276948,46.0,0.19138071071356533,86.86657487414777,26.48287345020296,1170.8200616444983,-0.5289448779076338
446,14,26,7621078,0.7835918610961509,0.7786788275939119,-0.004913033502238928,0.01680577729869129,355.8918473276948,46.0,0.19138071071356533,86.86657487414777,26.48287345020296,1170.8200616444983,-0.5289448779076338
447,14,27,1360099,0.8023019111534623,0.792175351733179,-0.010126559420283288,0.01680577729869129,355.8918473276948,46.0,0.19138071071356533,86.86657487414777,26.48287345020296,1170.8200616444983,-0.5289448779076338
448,14,28,232003,0.7851935517952627,0.7815275001904926,-0.003666051604770182,0.01680577729869129,355.8918473276948,46.0,0.19138071071356533,86.86657487414777,26.48287345020296,1170.8200616444983,-0.5289448779076338
449,14,29,8914870,0.6808882653785537,0.6565176161611895,-0.024370649217364204,0.01680577729869129,355.8918473276948,46.0,0.19138071071356533,86.86657487414777,26.48287345020296,1170.8200616444983,-0.5289448779076338
450,15,0,3225228,0.5148887740665122,0.5559302095694528,0.04104143550294059,0.033615077114978256,183.00572828243588,39.0,0.2809424676001072,35.09914460591972,19.003240786648583,905.1962001752855,1.2944597695022821
451,15,1,7005739,0.4309940070695543,0.47941664258225797,0.04842263551270365,0.033615077114978256,183.00572828243588,39.0,0.2809424676001072,35.09914460591972,19.003240786648583,905.1962001752855,1.2944597695022821
452,15,2,9301927,0.5254247498064373,0.5785270150589414,0.053102265252504166,0.033615077114978256,183.00572828243588,39.0,0.2809424676001072,35.09914460591972,19.003240786648583,905.1962001752855,1.2944597695022821
453,15,3,621504,0.4628765754169797,0.5167117817529349,0.05383520633595518,0.033615077114978256,183.00572828243588,39.0,0.2809424676001072,35.09914460591972,19.003240786648583,905.1962001752855,1.2944597695022821
454,15,4,1593157,0.3739676685419903,0.4064120879185405,0.03244441937655018,0.033615077114978256,183.00572828243588,39.0,0.2809424676001072,35.09914460591972,19.003240786648583,905.1962001752855,1.2944597695022821
455,15,5,7851696,0.4089649267914431,0.4471779170528664,0.03821299026142333,0.033615077114978256,183.00572828243588,39.0,0.2809424676001072,35.09914460591972,19.003240786648583,905.1962001752855,1.2944597695022821
456,15,6,5799740,0.5267824148971765,0.5747848503336512,0.048002435436474755,0.033615077114978256,183.00572828243588,39.0,0.2809424676001072,35.09914460591972,19.003240786648583,905.1962001752855,1.2944597695022821
457,15,7,4597342,0.5019276004582818,0.5458205881642408,0.04389298770595906,0.033615077114978256,183.00572828243588,39.0,0.2809424676001072,35.09914460591972,19.003240786648583,905.1962001752855,1.2944597695022821
458,15,8,4295983,0.6034431220727206,0.6486665301599361,0.04522340808721559,0.033615077114978256,183.00572828243588,39.0,0.2809424676001072,35.09914460591972,19.003240786648583,905.1962001752855,1.2944597695022821
459,15,9,5476400,0.5152596936756841,0.5478935494056607,0.03263385572997657,0.033615077114978256,183.00572828243588,39.0,0.2809424676001072,35.09914460591972,19.003240786648583,905.1962001752855,1.2944597695022821
460,15,10,8175648,0.6088247621793859,0.6633485188129649,0.054523756633579,0.033615077114978256,183.00572828243588,39.0,0.2809424676001072,35.09914460591972,19.003240786648583,905.1962001752855,1.2944597695022821
461,15,11,1895126,0.5351962189323881,0.5802447756555651,0.04504855672317698,0.033615077114978256,183.00572828243588,39.0,0.2809424676001072,35.09914460591972,19.003240786648583,905.1962001752855,1.2944597695022821
462,15,12,923174,0.5983557143106231,0.6389949538371563,0.040639239526533255,0.033615077114978256,183.00572828243588,39.0,0.2809424676001072,35.09914460591972,19.003240786648583,905.1962001752855,1.2944597695022821
463,15,13,9625558,0.6374400128170447,0.6663764546425804,0.028936441825535786,0.033615077114978256,183.00572828243588,39.0,0.2809424676001072,35.09914460591972,19.003240786648583,905.1962001752855,1.2944597695022821
464,15,14,6682717,0.5389744536344081,0.5859148051781121,0.04694035154370402,0.033615077114978256,183.00572828243588,39.0,0.2809424676001072,35.09914460591972,19.003240786648583,905.1962001752855,1.2944597695022821
465,15,15,2924170,0.4857046120624246,0.5229417499546521,0.037237137892227545,0.033615077114978256,183.00572828243588,39.0,0.2809424676001072,35.09914460591972,19.003240786648583,905.1962001752855,1.2944597695022821
466,15,16,2529710,0.5535625830796942,0.6054067788114583,0.05184419573176413,0.033615077114978256,183.00572828243588,39.0,0.2809424676001072,35.09914460591972,19.003240786648583,905.1962001752855,1.2944597695022821
467,15,17,6290701,0.4439629419212702,0.49013858899799556,0.046175647076725335,0.033615077114978256,183.00572828243588,39.0,0.2809424676001072,35.09914460591972,19.003240786648583,905.1962001752855,1.2944597695022821
468,15,18,9861365,0.53371299305057,0.5843399429106751,0.050626949860105186,0.033615077114978256,183.00572828243588,39.0,0.2809424676001072,35.09914460591972,19.003240786648583,905.1962001752855,1.2944597695022821
469,15,19,1161419,0.6075923902111737,0.6493902988064644,0.041797908595290645,0.033615077114978256,183.00572828243588,39.0,0.2809424676001072,35.09914460591972,19.003240786648583,905.1962001752855,1.2944597695022821
470,15,20,2289204,0.602557798823486,0.6556840486803198,0.053126249856833785,0.033615077114978256,183.00572828243588,39.0,0.2809424676001072,35.09914460591972,19.003240786648583,905.1962001752855,1.2944597695022821
471,15,21,8567283,0.6138819408564921,0.6599034282587799,0.04602148740228784,0.033615077114978256,183.00572828243588,39.0,0.2809424676001072,35.09914460591972,19.003240786648583,905.1962001752855,1.2944597695022821
472,15,22,5240975,0.5251929732990854,0.5657612278669453,0.04056825456785984,0.033615077114978256,183.00572828243588,39.0,0.2809424676001072,35.09914460591972,19.003240786648583,905.1962001752855,1.2944597695022821
473,15,23,4058119,0.49771976370159987,0.5418496170030066,0.04412985330140673,0.033615077114978256,183.00572828243588,39.0,0.2809424676001072,35.09914460591972,19.003240786648583,905.1962001752855,1.2944597695022821
474,15,24,4986614,0.4797757762077826,0.5258797411467147,0.04610396493893204,0.033615077114978256,183.00572828243588,39.0,0.2809424676001072,35.09914460591972,19.003240786648583,905.1962001752855,1.2944597695022821
475,15,25,6186568,0.5653034502688891,0.6070569154666455,0.04175346519775647,0.033615077114978256,183.00572828243588,39.0,0.2809424676001072,35.09914460591972,19.003240786648583,905.1962001752855,1.2944597695022821
476,15,26,7621078,0.5798221832023189,0.627699722391255,0.047877539188936113,0.033615077114978256,183.00572828243588,39.0,0.2809424676001072,35.09914460591972,19.003240786648583,905.1962001752855,1.2944597695022821
477,15,27,1360099,0.622142363051732,0.6598821581460013,0.03773979509426928,0.033615077114978256,183.00572828243588,39.0,0.2809424676001072,35.09914460591972,19.003240786648583,905.1962001752855,1.2944597695022821
478,15,28,232003,0.6069058527543658,0.6438359027162943,0.0369300499619285,0.033615077114978256,183.00572828243588,39.0,0.2809424676001072,35.09914460591972,19.003240786648583,905.1962001752855,1.2944597695022821
479,15,29,8914870,0.44462047513112674,0.48924437512253705,0.04462389999141031,0.033615077114978256,183.00572828243588,39.0,0.2809424676001072,35.09914460591972,19.003240786648583,905.1962001752855,1.2944597695022821
480,16,0,3225228,0.7187220163237341,0.6821172393999292,-0.03660477692380493,0.0599954095492602,187.67260589020265,45.0,0.11213736608624458,56.50256913155317,27.620927241346923,1024.4744970335894,-2.623276362195611
481,16,1,7005739,0.6957832553529985,0.6492437707089093,-0.04653948464408919,0.0599954095492602,187.67260589020265,45.0,0.11213736608624458,56.50256913155317,27.620927241346923,1024.4744970335894,-2.623276362195611
482,16,2,9301927,0.699100245485668,0.647719786590106,-0.051380458895561976,0.0599954095492602,187.67260589020265,45.0,0.11213736608624458,56.50256913155317,27.620927241346923,1024.4744970335894,-2.623276362195611
483,16,3,621504,0.6774884723678987,0.6258778542089393,-0.0516106181589594,0.0599954095492602,187.67260589020265,45.0,0.11213736608624458,56.50256913155317,27.620927241346923,1024.4744970335894,-2.623276362195611
484,16,4,1593157,0.6844743313800261,0.6509736623487641,-0.03350066903126203,0.0599954095492602,187.67260589020265,45.0,0.11213736608624458,56.50256913155317,27.620927241346923,1024.4744970335894,-2.623276362195611
485,16,5,7851696,0.7039934996789865,0.6668538132297812,-0.03713968644920529,0.0599954095492602,187.67260589020265,45.0,0.11213736608624458,56.50256913155317,27.620927241346923,1024.4744970335894,-2.623276362195611
486,16,6,5799740,0.6199527558115691,0.5692002073213777,-0.050752548490191396,0.0599954095492602,187.67260589020265,45.0,0.11213736608624458,56.50256913155317,27.620927241346923,1024.4744970335894,-2.623276362195611
487,16,7,4597342,0.6585231801708653,0.6231470756632073,-0.035376104507658046,0.0599954095492602,187.67260589020265,45.0,0.11213736608624458,56.50256913155317,27.620927241346923,1024.4744970335894,-2.623276362195611
488,16,8,4295983,0.6678167221058323,0.6281369847430578,-0.039679737362774525,0.0599954095492602,187.67260589020265,45.0,0.11213736608624458,56.50256913155317,27.620927241346923,1024.4744970335894,-2.623276362195611
489,16,9,5476400,0.6545664955114668,0.6024033351365912,-0.05216316037487567,0.0599954095492602,187.67260589020265,45.0,0.11213736608624458,56.50256913155317,27.620927241346923,1024.4744970335894,-2.623276362195611
490,16,10,8175648,0.6793433631544192,0.6256566377950215,-0.05368672535939778,0.0599954095492602,187.67260589020265,45.0,0.11213736608624458,56.50256913155317,27.620927241346923,1024.4744970335894,-2.623276362195611
491,16,11,1895126,0.7033262100801576,0.6640567646601683,-0.039269445419989335,0.0599954095492602,187.67260589020265,45.0,0.11213736608624458,56.50256913155317,27.620927241346923,1024.4744970335894,-2.623276362195611
492,16,12,923174,0.7201227543321498,0.6712468071127174,-0.048875947219432336,0.0599954095492602,187.67260589020265,45.0,0.11213736608624458,56.50256913155317,27.620927241346923,1024.4744970335894,-2.623276362195611
493,16,13,9625558,0.6928883172881661,0.6547869538747744,-0.038101363413391764,0.0599954095492602,187.67260589020265,45.0,0.11213736608624458,56.50256913155317,27.620927241346923,1024.4744970335894,-2.623276362195611
494,16,14,6682717,0.6895127108050589,0.6395630405986836,-0.04994967020637531,0.0599954095492602,187.67260589020265,45.0,0.11213736608624458,56.50256913155317,27.620927241346923,1024.4744970335894,-2.623276362195611
495,16,15,2924170,0.6975647263424346,0.654245626372089,-0.043319099970345554,0.0599954095492602,187.67260589020265,45.0,0.11213736608624458,56.50256913155317,27.620927241346923,1024.4744970335894,-2.623276362195611
496,16,16,2529710,0.6466123156936071,0.5924266587691751,-0.054185656924432,0.0599954095492602,187.67260589020265,45.0,0.11213736608624458,56.50256913155317,27.620927241346923,1024.4744970335894,-2.623276362195611
497,16,17,6290701,0.6964251845215392,0.6531459297962521,-0.04327925472528715,0.0599954095492602,187.67260589020265,45.0,0.11213736608624458,56.50256913155317,27.620927241346923,1024.4744970335894,-2.623276362195611
498,16,18,9861365,0.682937875601649,0.6363953066450797,-0.046542568956569275,0.0599954095492602,187.67260589020265,45.0,0.11213736608624458,56.50256913155317,27.620927241346923,1024.4744970335894,-2.623276362195611
499,16,19,1161419,0.7525250988213033,0.7049010928154187,-0.04762400600588457,0.0599954095492602,187.67260589020265,45.0,0.11213736608624458,56.50256913155317,27.620927241346923,1024.4744970335894,-2.623276362195611
500,16,20,2289204,0.6880000235339288,0.6470335747893065,-0.0409664487446223,0.0599954095492602,187.67260589020265,45.0,0.11213736608624458,56.50256913155317,27.620927241346923,1024.4744970335894,-2.623276362195611
501,16,21,8567283,0.6306255336767763,0.5836090300917344,-0.04701650358504195,0.0599954095492602,187.67260589020265,45.0,0.11213736608624458,56.50256913155317,27.620927241346923,1024.4744970335894,-2.623276362195611
502,16,22,5240975,0.6689594370713423,0.6139867843689558,-0.05497265270238649,0.0599954095492602,187.67260589020265,45.0,0.11213736608624458,56.50256913155317,27.620927241346923,1024.4744970335894,-2.623276362195611
503,16,23,4058119,0.6654904388333106,0.6197329639399062,-0.045757474893404426,0.0599954095492602,187.67260589020265,45.0,0.11213736608624458,56.50256913155317,27.620927241346923,1024.4744970335894,-2.623276362195611
504,16,24,4986614,0.6535167943817535,0.6041636090547091,-0.04935318532704436,0.0599954095492602,187.67260589020265,45.0,0.11213736608624458,56.50256913155317,27.620927241346923,1024.4744970335894,-2.623276362195611
505,16,25,6186568,0.6807834519239603,0.6313067144802171,-0.049476737443743146,0.0599954095492602,187.67260589020265,45.0,0.11213736608624458,56.50256913155317,27.620927241346923,1024.4744970335894,-2.623276362195611
506,16,26,7621078,0.6365432343854109,0.5975569151026269,-0.038986319282784065,0.0599954095492602,187.67260589020265,45.0,0.11213736608624458,56.50256913155317,27.620927241346923,1024.4744970335894,-2.623276362195611
507,16,27,1360099,0.6628097150701215,0.6208834941785372,-0.041926220891584376,0.0599954095492602,187.67260589020265,45.0,0.11213736608624458,56.50256913155317,27.620927241346923,1024.4744970335894,-2.623276362195611
508,16,28,232003,0.6836803702943275,0.6318597689746355,-0.05182060131969202,0.0599954095492602,187.67260589020265,45.0,0.11213736608624458,56.50256913155317,27.620927241346923,1024.4744970335894,-2.623276362195611
509,16,29,8914870,0.6749371207441239,0.6231249946708267,-0.051812126073297216,0.0599954095492602,187.67260589020265,45.0,0.11213736608624458,56.50256913155317,27.620927241346923,1024.4744970335894,-2.623276362195611
510,17,0,3225228,0.7199631995252813,0.6627083868074327,-0.0572548127178486,0.0309318035991415,288.5056880274989,39.0,0.2225760443136096,18.973129093647003,17.653934160951795,1158.8388332111074,1.8345918338745832
511,17,1,7005739,0.7636642954223717,0.7043183538497382,-0.05934594157263351,0.0309318035991415,288.5056880274989,39.0,0.2225760443136096,18.973129093647003,17.653934160951795,1158.8388332111074,1.8345918338745832
512,17,2,9301927,0.7572209217094419,0.711292995861361,-0.04592792584808092,0.0309318035991415,288.5056880274989,39.0,0.2225760443136096,18.973129093647003,17.653934160951795,1158.8388332111074,1.8345918338745832
513,17,3,621504,0.7901286668279746,0.7324721768849892,-0.057656489942985334,0.0309318035991415,288.5056880274989,39.0,0.2225760443136096,18.973129093647003,17.653934160951795,1158.8388332111074,1.8345918338745832
514,17,4,1593157,0.7507100226625422,0.6956190930815589,-0.05509092958098327,0.0309318035991415,288.5056880274989,39.0,0.2225760443136096,18.973129093647003,17.653934160951795,1158.8388332111074,1.8345918338745832
515,17,5,7851696,0.7197046433965861,0.654692548584677,-0.06501209481190917,0.0309318035991415,288.5056880274989,39.0,0.2225760443136096,18.973129093647003,17.653934160951795,1158.8388332111074,1.8345918338745832
516,17,6,5799740,0.764172538919364,0.7225435045964657,-0.04162903432289833,0.0309318035991415,288.5056880274989,39.0,0.2225760443136096,18.973129093647003,17.653934160951795,1158.8388332111074,1.8345918338745832
517,17,7,4597342,0.727212775667176,0.6636251734345718,-0.06358760223260418,0.0309318035991415,288.5056880274989,39.0,0.2225760443136096,18.973129093647003,17.653934160951795,1158.8388332111074,1.8345918338745832
518,17,8,4295983,0.7231146820597152,0.6617438306996872,-0.061370851360027956,0.0309318035991415,288.5056880274989,39.0,0.2225760443136096,18.973129093647003,17.653934160951795,1158.8388332111074,1.8345918338745832
519,17,9,5476400,0.7881745917615088,0.7457660775564077,-0.04240851420510117,0.0309318035991415,288.5056880274989,39.0,0.2225760443136096,18.973129093647003,17.653934160951795,1158.8388332111074,1.8345918338745832
520,17,10,8175648,0.7558537771831226,0.6990652277532848,-0.0567885494298378,0.0309318035991415,288.5056880274989,39.0,0.2225760443136096,18.973129093647003,17.653934160951795,1158.8388332111074,1.8345918338745832
521,17,11,1895126,0.684669799109278,0.6263168214308671,-0.05835297767841097,0.0309318035991415,288.5056880274989,39.0,0.2225760443136096,18.973129093647003,17.653934160951795,1158.8388332111074,1.8345918338745832
522,17,12,923174,0.7011222276393941,0.644857423224389,-0.05626480441500514,0.0309318035991415,288.5056880274989,39.0,0.2225760443136096,18.973129093647003,17.653934160951795,1158.8388332111074,1.8345918338745832
523,17,13,9625558,0.7998248760845375,0.7471577239096526,-0.052667152174884824,0.0309318035991415,288.5056880274989,39.0,0.2225760443136096,18.973129093647003,17.653934160951795,1158.8388332111074,1.8345918338745832
524,17,14,6682717,0.7238652598954555,0.6770294005942622,-0.04683585930119327,0.0309318035991415,288.5056880274989,39.0,0.2225760443136096,18.973129093647003,17.653934160951795,1158.8388332111074,1.8345918338745832
525,17,15,2924170,0.7587704380626147,0.7011067390507015,-0.05766369901191315,0.0309318035991415,288.5056880274989,39.0,0.2225760443136096,18.973129093647003,17.653934160951795,1158.8388332111074,1.8345918338745832
526,17,16,2529710,0.7464012957047632,0.6938119101622019,-0.05258938554256132,0.0309318035991415,288.5056880274989,39.0,0.2225760443136096,18.973129093647003,17.653934160951795,1158.8388332111074,1.8345918338745832
527,17,17,6290701,0.7145795583452208,0.6605259086038662,-0.054053649741354626,0.0309318035991415,288.5056880274989,39.0,0.2225760443136096,18.973129093647003,17.653934160951795,1158.8388332111074,1.8345918338745832
528,17,18,9861365,0.7075265458341782,0.6596207783515456,-0.04790576748263253,0.0309318035991415,288.5056880274989,39.0,0.2225760443136096,18.973129093647003,17.653934160951795,1158.8388332111074,1.8345918338745832
529,17,19,1161419,0.7290133513163601,0.679503265226933,-0.049510086089427086,0.0309318035991415,288.5056880274989,39.0,0.2225760443136096,18.973129093647003,17.653934160951795,1158.8388332111074,1.8345918338745832
530,17,20,2289204,0.7383268681260372,0.6858624028343068,-0.05246446529173043,0.0309318035991415,288.5056880274989,39.0,0.2225760443136096,18.973129093647003,17.653934160951795,1158.8388332111074,1.8345918338745832
531,17,21,8567283,0.730482341906028,0.6657067927033592,-0.06477554920266881,0.0309318035991415,288.5056880274989,39.0,0.2225760443136096,18.973129093647003,17.653934160951795,1158.8388332111074,1.8345918338745832
532,17,22,5240975,0.7275355983854626,0.678856571674227,-0.048679026711235585,0.0309318035991415,288.5056880274989,39.0,0.2225760443136096,18.973129093647003,17.653934160951795,1158.8388332111074,1.8345918338745832
533,17,23,4058119,0.7117659835687669,0.6520073925868487,-0.05975859098191816,0.0309318035991415,288.5056880274989,39.0,0.2225760443136096,18.973129093647003,17.653934160951795,1158.8388332111074,1.8345918338745832
534,17,24,4986614,0.7454334676378469,0.692631949684774,-0.05280151795307286,0.0309318035991415,288.5056880274989,39.0,0.2225760443136096,18.973129093647003,17.653934160951795,1158.8388332111074,1.8345918338745832
535,17,25,6186568,0.7805887379583912,0.7383347425294945,-0.04225399542889674,0.0309318035991415,288.5056880274989,39.0,0.2225760443136096,18.973129093647003,17.653934160951795,1158.8388332111074,1.8345918338745832
536,17,26,7621078,0.7548983208890022,0.6975589917416293,-0.05733932914737294,0.0309318035991415,288.5056880274989,39.0,0.2225760443136096,18.973129093647003,17.653934160951795,1158.8388332111074,1.8345918338745832
537,17,27,1360099,0.8020804458530851,0.747722372238692,-0.054358073614393154,0.0309318035991415,288.5056880274989,39.0,0.2225760443136096,18.973129093647003,17.653934160951795,1158.8388332111074,1.8345918338745832
538,17,28,232003,0.7178779273087115,0.6502209527514552,-0.06765697455725628,0.0309318035991415,288.5056880274989,39.0,0.2225760443136096,18.973129093647003,17.653934160951795,1158.8388332111074,1.8345918338745832
539,17,29,8914870,0.7344573184666519,0.6760762398267697,-0.05838107863988218,0.0309318035991415,288.5056880274989,39.0,0.2225760443136096,18.973129093647003,17.653934160951795,1158.8388332111074,1.8345918338745832
540,18,0,3225228,0.8213798016533168,0.8135229982857848,-0.007856803367532028,0.03138129638907296,151.29622590509993,26.0,0.1943540947511792,44.112565256655216,20.79626698360689,1226.1413359472049,-1.3589656110852957
541,18,1,7005739,0.7252990302310622,0.7344006711562103,0.009101640925148091,0.03138129638907296,151.29622590509993,26.0,0.1943540947511792,44.112565256655216,20.79626698360689,1226.1413359472049,-1.3589656110852957
542,18,2,9301927,0.7338424208121823,0.737227068117035,0.0033846473048526615,0.03138129638907296,151.29622590509993,26.0,0.1943540947511792,44.112565256655216,20.79626698360689,1226.1413359472049,-1.3589656110852957
543,18,3,621504,0.7375175777130739,0.7297530942827077,-0.007764483430366176,0.03138129638907296,151.29622590509993,26.0,0.1943540947511792,44.112565256655216,20.79626698360689,1226.1413359472049,-1.3589656110852957
544,18,4,1593157,0.6499756791880955,0.660896696382302,0.010921017194206462,0.03138129638907296,151.29622590509993,26.0,0.1943540947511792,44.112565256655216,20.79626698360689,1226.1413359472049,-1.3589656110852957
545,18,5,7851696,0.558463996079872,0.5733420152748322,0.014878019194960235,0.03138129638907296,151.29622590509993,26.0,0.1943540947511792,44.112565256655216,20.79626698360689,1226.1413359472049,-1.3589656110852957
546,18,6,5799740,0.7111458417536938,0.6840646690457043,-0.027081172707989487,0.03138129638907296,151.29622590509993,26.0,0.1943540947511792,44.112565256655216,20.79626698360689,1226.1413359472049,-1.3589656110852957
547,18,7,4597342,0.7658559868183296,0.7354995025811416,-0.030356484237187953,0.03138129638907296,151.29622590509993,26.0,0.1943540947511792,44.112565256655216,20.79626698360689,1226.1413359472049,-1.3589656110852957
548,18,8,4295983,0.763225034254183,0.7619392870630294,-0.0012857471911535967,0.03138129638907296,151.29622590509993,26.0,0.1943540947511792,44.112565256655216,20.79626698360689,1226.1413359472049,-1.3589656110852957
549,18,9,5476400,0.7055337025809038,0.6969013253060383,-0.008632377274865433,0.03138129638907296,151.29622590509993,26.0,0.1943540947511792,44.112565256655216,20.79626698360689,1226.1413359472049,-1.3589656110852957
550,18,10,8175648,0.7965267892284281,0.778585942329175,-0.017940846899253127,0.03138129638907296,151.29622590509993,26.0,0.1943540947511792,44.112565256655216,20.79626698360689,1226.1413359472049,-1.3589656110852957
551,18,11,1895126,0.7489093465004162,0.7191873982619236,-0.029721948238492613,0.03138129638907296,151.29622590509993,26.0,0.1943540947511792,44.112565256655216,20.79626698360689,1226.1413359472049,-1.3589656110852957
552,18,12,923174,0.8614779217209442,0.8387061863611288,-0.02277173535981536,0.03138129638907296,151.29622590509993,26.0,0.1943540947511792,44.112565256655216,20.79626698360689,1226.1413359472049,-1.3589656110852957
553,18,13,9625558,0.7181832893895762,0.7013984128424401,-0.01678487654713612,0.03138129638907296,151.29622590509993,26.0,0.1943540947511792,44.112565256655216,20.79626698360689,1226.1413359472049,-1.3589656110852957
554,18,14,6682717,0.6921789140316151,0.6967906483431708,0.004611734311555704,0.03138129638907296,151.29622590509993,26.0,0.1943540947511792,44.112565256655216,20.79626698360689,1226.1413359472049,-1.3589656110852957
555,18,15,2924170,0.6484183589095802,0.6482496722352007,-0.00016868667437952567,0.03138129638907296,151.29622590509993,26.0,0.1943540947511792,44.112565256655216,20.79626698360689,1226.1413359472049,-1.3589656110852957
556,18,16,2529710,0.7200735723262268,0.7161681419392596,-0.0039054303869672236,0.03138129638907296,151.29622590509993,26.0,0.1943540947511792,44.112565256655216,20.79626698360689,1226.1413359472049,-1.3589656110852957
557,18,17,6290701,0.7867509326170187,0.7656661646733096,-0.02108476794370906,0.03138129638907296,151.29622590509993,26.0,0.1943540947511792,44.112565256655216,20.79626698360689,1226.1413359472049,-1.3589656110852957
558,18,18,9861365,0.7236150890746079,0.690517971310468,-0.03309711776413993,0.03138129638907296,151.29622590509993,26.0,0.1943540947511792,44.112565256655216,20.79626698360689,1226.1413359472049,-1.3589656110852957
559,18,19,1161419,0.7160679096797846,0.6809842433239907,-0.03508366635579396,0.03138129638907296,151.29622590509993,26.0,0.1943540947511792,44.112565256655216,20.79626698360689,1226.1413359472049,-1.3589656110852957
560,18,20,2289204,0.6847304403839524,0.6841485273579191,-0.0005819130260332761,0.03138129638907296,151.29622590509993,26.0,0.1943540947511792,44.112565256655216,20.79626698360689,1226.1413359472049,-1.3589656110852957
561,18,21,8567283,0.7516009212433262,0.730038508066412,-0.021562413176914208,0.03138129638907296,151.29622590509993,26.0,0.1943540947511792,44.112565256655216,20.79626698360689,1226.1413359472049,-1.3589656110852957
562,18,22,5240975,0.7961329909731233,0.7836408164292041,-0.012492174543919154,0.03138129638907296,151.29622590509993,26.0,0.1943540947511792,44.112565256655216,20.79626698360689,1226.1413359472049,-1.3589656110852957
563,18,23,4058119,0.7664935761176199,0.7431576985588962,-0.023335877558723683,0.03138129638907296,151.29622590509993,26.0,0.1943540947511792,44.112565256655216,20.79626698360689,1226.1413359472049,-1.3589656110852957
564,18,24,4986614,0.7730223796280121,0.771190959051455,-0.0018314205765571634,0.03138129638907296,151.29622590509993,26.0,0.1943540947511792,44.112565256655216,20.79626698360689,1226.1413359472049,-1.3589656110852957
565,18,25,6186568,0.7298948151470078,0.7235648509257685,-0.006329964221239326,0.03138129638907296,151.29622590509993,26.0,0.1943540947511792,44.112565256655216,20.79626698360689,1226.1413359472049,-1.3589656110852957
566,18,26,7621078,0.6693218032717981,0.6704861436487007,0.0011643403769026062,0.03138129638907296,151.29622590509993,26.0,0.1943540947511792,44.112565256655216,20.79626698360689,1226.1413359472049,-1.3589656110852957
567,18,27,1360099,0.7708576652064442,0.7478890902023135,-0.02296857500413063,0.03138129638907296,151.29622590509993,26.0,0.1943540947511792,44.112565256655216,20.79626698360689,1226.1413359472049,-1.3589656110852957
568,18,28,232003,0.7554792968150823,0.7454460290961873,-0.010033267718895011,0.03138129638907296,151.29622590509993,26.0,0.1943540947511792,44.112565256655216,20.79626698360689,1226.1413359472049,-1.3589656110852957
569,18,29,8914870,0.7569605646764593,0.7444701153528084,-0.012490449323650954,0.03138129638907296,151.29622590509993,26.0,0.1943540947511792,44.112565256655216,20.79626698360689,1226.1413359472049,-1.3589656110852957
570,19,0,3225228,0.7926915330503407,0.8102263687519807,0.01753483570164005,0.02337286275718581,128.79891172937894,52.0,0.1329386865720153,27.471749344840646,19.38307989286545,934.7699476466298,-0.09829432144761086
571,19,1,7005739,0.7812960969705388,0.802200931935268,0.02090483496472917,0.02337286275718581,128.79891172937894,52.0,0.1329386865720153,27.471749344840646,19.38307989286545,934.7699476466298,-0.09829432144761086
572,19,2,9301927,0.7200301361515378,0.739591533829624,0.01956139767808618,0.02337286275718581,128.79891172937894,52.0,0.1329386865720153,27.471749344840646,19.38307989286545,934.7699476466298,-0.09829432144761086
573,19,3,621504,0.6822506439542713,0.7054876621959189,0.02323701824164759,0.02337286275718581,128.79891172937894,52.0,0.1329386865720153,27.471749344840646,19.38307989286545,934.7699476466298,-0.09829432144761086
574,19,4,1593157,0.8027675589354333,0.8280255476451086,0.025257988709675327,0.02337286275718581,128.79891172937894,52.0,0.1329386865720153,27.471749344840646,19.38307989286545,934.7699476466298,-0.09829432144761086
575,19,5,7851696,0.6995514585444516,0.7306559756377692,0.03110451709331763,0.02337286275718581,128.79891172937894,52.0,0.1329386865720153,27.471749344840646,19.38307989286545,934.7699476466298,-0.09829432144761086
576,19,6,5799740,0.6786653560227296,0.6918271364276437,0.013161780404914114,0.02337286275718581,128.79891172937894,52.0,0.1329386865720153,27.471749344840646,19.38307989286545,934.7699476466298,-0.09829432144761086
577,19,7,4597342,0.7142498984130088,0.7343458057320853,0.02009590731907651,0.02337286275718581,128.79891172937894,52.0,0.1329386865720153,27.471749344840646,19.38307989286545,934.7699476466298,-0.09829432144761086
578,19,8,4295983,0.7652559946829366,0.7825892460913115,0.01733325140837494,0.02337286275718581,128.79891172937894,52.0,0.1329386865720153,27.471749344840646,19.38307989286545,934.7699476466298,-0.09829432144761086
579,19,9,5476400,0.725566207244122,0.7486169397589056,0.023050732514783623,0.02337286275718581,128.79891172937894,52.0,0.1329386865720153,27.471749344840646,19.38307989286545,934.7699476466298,-0.09829432144761086
580,19,10,8175648,0.8000104050102448,0.8178124034379091,0.01780199842766428,0.02337286275718581,128.79891172937894,52.0,0.1329386865720153,27.471749344840646,19.38307989286545,934.7699476466298,-0.09829432144761086
581,19,11,1895126,0.6592292987912359,0.6782942735853033,0.019064974794067324,0.02337286275718581,128.79891172937894,52.0,0.1329386865720153,27.471749344840646,19.38307989286545,934.7699476466298,-0.09829432144761086
582,19,12,923174,0.7596765243756333,0.7777439581430168,0.01806743376738351,0.02337286275718581,128.79891172937894,52.0,0.1329386865720153,27.471749344840646,19.38307989286545,934.7699476466298,-0.09829432144761086
583,19,13,9625558,0.7342691956135378,0.7588059181236801,0.024536722510142384,0.02337286275718581,128.79891172937894,52.0,0.1329386865720153,27.471749344840646,19.38307989286545,934.7699476466298,-0.09829432144761086
584,19,14,6682717,0.6573061035185908,0.67541148993814,0.018105386419549285,0.02337286275718581,128.79891172937894,52.0,0.1329386865720153,27.471749344840646,19.38307989286545,934.7699476466298,-0.09829432144761086
585,19,15,2924170,0.7316333349569619,0.7513433060558489,0.019709971098886947,0.02337286275718581,128.79891172937894,52.0,0.1329386865720153,27.471749344840646,19.38307989286545,934.7699476466298,-0.09829432144761086
586,19,16,2529710,0.7268178124082105,0.7489864819106695,0.022168669502458993,0.02337286275718581,128.79891172937894,52.0,0.1329386865720153,27.471749344840646,19.38307989286545,934.7699476466298,-0.09829432144761086
587,19,17,6290701,0.7562338289915735,0.7790165936613509,0.022782764669777356,0.02337286275718581,128.79891172937894,52.0,0.1329386865720153,27.471749344840646,19.38307989286545,934.7699476466298,-0.09829432144761086
588,19,18,9861365,0.7250949391767331,0.7453145225720427,0.020219583395309604,0.02337286275718581,128.79891172937894,52.0,0.1329386865720153,27.471749344840646,19.38307989286545,934.7699476466298,-0.09829432144761086
589,19,19,1161419,0.7762928416030072,0.8004943370229562,0.024201495419949093,0.02337286275718581,128.79891172937894,52.0,0.1329386865720153,27.471749344840646,19.38307989286545,934.7699476466298,-0.09829432144761086
590,19,20,2289204,0.7565724176234262,0.776871940702114,0.020299523078687765,0.02337286275718581,128.79891172937894,52.0,0.1329386865720153,27.471749344840646,19.38307989286545,934.7699476466298,-0.09829432144761086
591,19,21,8567283,0.7408839522939704,0.7530561060262815,0.012172153732311064,0.02337286275718581,128.79891172937894,52.0,0.1329386865720153,27.471749344840646,19.38307989286545,934.7699476466298,-0.09829432144761086
592,19,22,5240975,0.6744902153158112,0.6907400820034528,0.016249866687641612,0.02337286275718581,128.79891172937894,52.0,0.1329386865720153,27.471749344840646,19.38307989286545,934.7699476466298,-0.09829432144761086
593,19,23,4058119,0.7564815854859483,0.7726976298299367,0.01621604434398838,0.02337286275718581,128.79891172937894,52.0,0.1329386865720153,27.471749344840646,19.38307989286545,934.7699476466298,-0.09829432144761086
594,19,24,4986614,0.7265258262766133,0.7515732624253417,0.025047436148728397,0.02337286275718581,128.79891172937894,52.0,0.1329386865720153,27.471749344840646,19.38307989286545,934.7699476466298,-0.09829432144761086
595,19,25,6186568,0.7302870363854834,0.7466979427331573,0.016410906347673837,0.02337286275718581,128.79891172937894,52.0,0.1329386865720153,27.471749344840646,19.38307989286545,934.7699476466298,-0.09829432144761086
596,19,26,7621078,0.7258145062281843,0.7493300636775355,0.023515557449351188,0.02337286275718581,128.79891172937894,52.0,0.1329386865720153,27.471749344840646,19.38307989286545,934.7699476466298,-0.09829432144761086
597,19,27,1360099,0.8045041883954913,0.8256948157631973,0.02119062736770594,0.02337286275718581,128.79891172937894,52.0,0.1329386865720153,27.471749344840646,19.38307989286545,934.7699476466298,-0.09829432144761086
598,19,28,232003,0.7449866908780411,0.7686942670001188,0.023707576122077634,0.02337286275718581,128.79891172937894,52.0,0.1329386865720153,27.471749344840646,19.38307989286545,934.7699476466298,-0.09829432144761086
599,19,29,8914870,0.7452657940191233,0.7636000388519206,0.01833424483279733,0.02337286275718581,128.79891172937894,52.0,0.1329386865720153,27.471749344840646,19.38307989286545,934.7699476466298,-0.09829432144761086
600,20,0,3225228,0.7978423465306729,0.7693099092847234,-0.02853243724594945,0.024325571521446297,190.19481916339916,34.0,0.24474413990974425,70.62617194838822,25.651788154893886,1326.3050656141806,0.8813023902475834
601,20,1,7005739,0.6301204049661531,0.6007891032713546,-0.029331301694798473,0.024325571521446297,190.19481916339916,34.0,0.24474413990974425,70.62617194838822,25.651788154893886,1326.3050656141806,0.8813023902475834
602,20,2,9301927,0.8078913486405201,0.7971202422397107,-0.010771106400809471,0.024325571521446297,190.19481916339916,34.0,0.24474413990974425,70.62617194838822,25.651788154893886,1326.3050656141806,0.8813023902475834
603,20,3,621504,0.6971729690554032,0.6726292241688894,-0.024543744886513785,0.024325571521446297,190.19481916339916,34.0,0.24474413990974425,70.62617194838822,25.651788154893886,1326.3050656141806,0.8813023902475834
604,20,4,1593157,0.612980857390377,0.5927518758043618,-0.02022898158601516,0.024325571521446297,190.19481916339916,34.0,0.24474413990974425,70.62617194838822,25.651788154893886,1326.3050656141806,0.8813023902475834
605,20,5,7851696,0.5421201743215688,0.4992052444430912,-0.04291492987847756,0.024325571521446297,190.19481916339916,34.0,0.24474413990974425,70.62617194838822,25.651788154893886,1326.3050656141806,0.8813023902475834
606,20,6,5799740,0.716151723149673,0.7204966639878879,0.004344940838214906,0.024325571521446297,190.19481916339916,34.0,0.24474413990974425,70.62617194838822,25.651788154893886,1326.3050656141806,0.8813023902475834
607,20,7,4597342,0.7038626751143122,0.6874638395497596,-0.016398835564552572,0.024325571521446297,190.19481916339916,34.0,0.24474413990974425,70.62617194838822,25.651788154893886,1326.3050656141806,0.8813023902475834
608,20,8,4295983,0.5344629083620839,0.5014903900724147,-0.032972518289669184,0.024325571521446297,190.19481916339916,34.0,0.24474413990974425,70.62617194838822,25.651788154893886,1326.3050656141806,0.8813023902475834
609,20,9,5476400,0.6748009963056716,0.6339172851721472,-0.0408837111335244,0.024325571521446297,190.19481916339916,34.0,0.24474413990974425,70.62617194838822,25.651788154893886,1326.3050656141806,0.8813023902475834
610,20,10,8175648,0.8065238534452517,0.7795665457497103,-0.026957307695541388,0.024325571521446297,190.19481916339916,34.0,0.24474413990974425,70.62617194838822,25.651788154893886,1326.3050656141806,0.8813023902475834
611,20,11,1895126,0.7904516605323377,0.7722480538511692,-0.018203606681168494,0.024325571521446297,190.19481916339916,34.0,0.24474413990974425,70.62617194838822,25.651788154893886,1326.3050656141806,0.8813023902475834
612,20,12,923174,0.8582464215350335,0.8428925360136034,-0.015353885521430133,0.024325571521446297,190.19481916339916,34.0,0.24474413990974425,70.62617194838822,25.651788154893886,1326.3050656141806,0.8813023902475834
613,20,13,9625558,0.6803964835317087,0.6494443297472527,-0.030952153784455927,0.024325571521446297,190.19481916339916,34.0,0.24474413990974425,70.62617194838822,25.651788154893886,1326.3050656141806,0.8813023902475834
614,20,14,6682717,0.7340143125495932,0.7050650029460779,-0.028949309603515272,0.024325571521446297,190.19481916339916,34.0,0.24474413990974425,70.62617194838822,25.651788154893886,1326.3050656141806,0.8813023902475834
615,20,15,2924170,0.6586229907369117,0.6353672860922062,-0.0232557046447055,0.024325571521446297,190.19481916339916,34.0,0.24474413990974425,70.62617194838822,25.651788154893886,1326.3050656141806,0.8813023902475834
616,20,16,2529710,0.7142982161484871,0.6895380136510563,-0.024760202497430828,0.024325571521446297,190.19481916339916,34.0,0.24474413990974425,70.62617194838822,25.651788154893886,1326.3050656141806,0.8813023902475834
617,20,17,6290701,0.6031638354908365,0.5803445467310684,-0.02281928875976813,0.024325571521446297,190.19481916339916,34.0,0.24474413990974425,70.62617194838822,25.651788154893886,1326.3050656141806,0.8813023902475834
618,20,18,9861365,0.8024524033271342,0.7747140422478916,-0.027738361079242546,0.024325571521446297,190.19481916339916,34.0,0.24474413990974425,70.62617194838822,25.651788154893886,1326.3050656141806,0.8813023902475834
619,20,19,1161419,0.7684967049135792,0.7614297279107445,-0.007066977002834762,0.024325571521446297,190.19481916339916,34.0,0.24474413990974425,70.62617194838822,25.651788154893886,1326.3050656141806,0.8813023902475834
620,20,20,2289204,0.7570231877897118,0.725910483754516,-0.031112704035195837,0.024325571521446297,190.19481916339916,34.0,0.24474413990974425,70.62617194838822,25.651788154893886,1326.3050656141806,0.8813023902475834
621,20,21,8567283,0.670823558077253,0.6445745907956172,-0.026248967281635838,0.024325571521446297,190.19481916339916,34.0,0.24474413990974425,70.62617194838822,25.651788154893886,1326.3050656141806,0.8813023902475834
622,20,22,5240975,0.6761985287151323,0.6501784134515929,-0.026020115263539423,0.024325571521446297,190.19481916339916,34.0,0.24474413990974425,70.62617194838822,25.651788154893886,1326.3050656141806,0.8813023902475834
623,20,23,4058119,0.77508753831391,0.7371719902924712,-0.037915548021438816,0.024325571521446297,190.19481916339916,34.0,0.24474413990974425,70.62617194838822,25.651788154893886,1326.3050656141806,0.8813023902475834
624,20,24,4986614,0.5561069542148559,0.5321939560162836,-0.02391299819857229,0.024325571521446297,190.19481916339916,34.0,0.24474413990974425,70.62617194838822,25.651788154893886,1326.3050656141806,0.8813023902475834
625,20,25,6186568,0.810478629233694,0.7968195709454622,-0.013659058288231773,0.024325571521446297,190.19481916339916,34.0,0.24474413990974425,70.62617194838822,25.651788154893886,1326.3050656141806,0.8813023902475834
626,20,26,7621078,0.7580542887432136,0.7472575073633729,-0.010796781379840636,0.024325571521446297,190.19481916339916,34.0,0.24474413990974425,70.62617194838822,25.651788154893886,1326.3050656141806,0.8813023902475834
627,20,27,1360099,0.7656332004401185,0.7586400022996629,-0.006993198140455625,0.024325571521446297,190.19481916339916,34.0,0.24474413990974425,70.62617194838822,25.651788154893886,1326.3050656141806,0.8813023902475834
628,20,28,232003,0.7900215839026,0.7607678630141446,-0.02925372088845546,0.024325571521446297,190.19481916339916,34.0,0.24474413990974425,70.62617194838822,25.651788154893886,1326.3050656141806,0.8813023902475834
629,20,29,8914870,0.7082093514964014,0.6759097445356549,-0.03229960696074652,0.024325571521446297,190.19481916339916,34.0,0.24474413990974425,70.62617194838822,25.651788154893886,1326.3050656141806,0.8813023902475834
630,21,0,3225228,0.5608488938486957,0.597737510410521,0.036888616561825294,0.030412032340466993,241.11066723144913,48.0,0.2609653199091554,35.74715574271977,11.363055295978606,991.9683991854686,2.708178162574768
631,21,1,7005739,0.5510566007822046,0.5856189961090001,0.0345623953267955,0.030412032340466993,241.11066723144913,48.0,0.2609653199091554,35.74715574271977,11.363055295978606,991.9683991854686,2.708178162574768
632,21,2,9301927,0.5749303327196843,0.5882752924285766,0.013344959708892268,0.030412032340466993,241.11066723144913,48.0,0.2609653199091554,35.74715574271977,11.363055295978606,991.9683991854686,2.708178162574768
633,21,3,621504,0.6263250007994752,0.6403280106332168,0.014003009833741586,0.030412032340466993,241.11066723144913,48.0,0.2609653199091554,35.74715574271977,11.363055295978606,991.9683991854686,2.708178162574768
634,21,4,1593157,0.5563459508602662,0.5801738476873334,0.023827896827067208,0.030412032340466993,241.11066723144913,48.0,0.2609653199091554,35.74715574271977,11.363055295978606,991.9683991854686,2.708178162574768
635,21,5,7851696,0.6289264699302186,0.6453274040039028,0.016400934073684148,0.030412032340466993,241.11066723144913,48.0,0.2609653199091554,35.74715574271977,11.363055295978606,991.9683991854686,2.708178162574768
636,21,6,5799740,0.5167826714794105,0.5266134586403058,0.00983078716089536,0.030412032340466993,241.11066723144913,48.0,0.2609653199091554,35.74715574271977,11.363055295978606,991.9683991854686,2.708178162574768
637,21,7,4597342,0.5233892225959683,0.543197989109195,0.019808766513226717,0.030412032340466993,241.11066723144913,48.0,0.2609653199091554,35.74715574271977,11.363055295978606,991.9683991854686,2.708178162574768
638,21,8,4295983,0.5629186423828745,0.5933180737012813,0.030399431318406833,0.030412032340466993,241.11066723144913,48.0,0.2609653199091554,35.74715574271977,11.363055295978606,991.9683991854686,2.708178162574768
639,21,9,5476400,0.6255881963999101,0.6571555020208327,0.03156730562092258,0.030412032340466993,241.11066723144913,48.0,0.2609653199091554,35.74715574271977,11.363055295978606,991.9683991854686,2.708178162574768
640,21,10,8175648,0.623697403004799,0.6291806278470802,0.0054832248422811425,0.030412032340466993,241.11066723144913,48.0,0.2609653199091554,35.74715574271977,11.363055295978606,991.9683991854686,2.708178162574768
641,21,11,1895126,0.6132402909234403,0.6381020214490811,0.02486173052564078,0.030412032340466993,241.11066723144913,48.0,0.2609653199091554,35.74715574271977,11.363055295978606,991.9683991854686,2.708178162574768
642,21,12,923174,0.6088105054868578,0.6166997929811724,0.007889287494314612,0.030412032340466993,241.11066723144913,48.0,0.2609653199091554,35.74715574271977,11.363055295978606,991.9683991854686,2.708178162574768
643,21,13,9625558,0.7576508875637914,0.7630670838309076,0.005416196267116202,0.030412032340466993,241.11066723144913,48.0,0.2609653199091554,35.74715574271977,11.363055295978606,991.9683991854686,2.708178162574768
644,21,14,6682717,0.7100875990453083,0.7175653661805819,0.007477767135273594,0.030412032340466993,241.11066723144913,48.0,0.2609653199091554,35.74715574271977,11.363055295978606,991.9683991854686,2.708178162574768
645,21,15,2924170,0.5858858439520283,0.614015757352049,0.0281299134000208,0.030412032340466993,241.11066723144913,48.0,0.2609653199091554,35.74715574271977,11.363055295978606,991.9683991854686,2.708178162574768
646,21,16,2529710,0.5819279671794912,0.5989275356591368,0.016999568479645566,0.030412032340466993,241.11066723144913,48.0,0.2609653199091554,35.74715574271977,11.363055295978606,991.9683991854686,2.708178162574768
647,21,17,6290701,0.46158710779473044,0.4931007066658521,0.03151359887112165,0.030412032340466993,241.11066723144913,48.0,0.2609653199091554,35.74715574271977,11.363055295978606,991.9683991854686,2.708178162574768
648,21,18,9861365,0.5895350101548041,0.5907287114909494,0.0011937013361452697,0.030412032340466993,241.11066723144913,48.0,0.2609653199091554,35.74715574271977,11.363055295978606,991.9683991854686,2.708178162574768
649,21,19,1161419,0.577669513300616,0.5934030798769692,0.015733566576353164,0.030412032340466993,241.11066723144913,48.0,0.2609653199091554,35.74715574271977,11.363055295978606,991.9683991854686,2.708178162574768
650,21,20,2289204,0.5480936618734835,0.5652909036650863,0.017197241791602758,0.030412032340466993,241.11066723144913,48.0,0.2609653199091554,35.74715574271977,11.363055295978606,991.9683991854686,2.708178162574768
651,21,21,8567283,0.5849731176288802,0.5997836857926604,0.014810568163780236,0.030412032340466993,241.11066723144913,48.0,0.2609653199091554,35.74715574271977,11.363055295978606,991.9683991854686,2.708178162574768
652,21,22,5240975,0.6297738667376497,0.6317247945216437,0.001950927783993972,0.030412032340466993,241.11066723144913,48.0,0.2609653199091554,35.74715574271977,11.363055295978606,991.9683991854686,2.708178162574768
653,21,23,4058119,0.6292812552627312,0.6366836571160908,0.007402401853359608,0.030412032340466993,241.11066723144913,48.0,0.2609653199091554,35.74715574271977,11.363055295978606,991.9683991854686,2.708178162574768
654,21,24,4986614,0.5656228241517677,0.5760131625173935,0.010390338365625862,0.030412032340466993,241.11066723144913,48.0,0.2609653199091554,35.74715574271977,11.363055295978606,991.9683991854686,2.708178162574768
655,21,25,6186568,0.6354787316298837,0.6427098497684977,0.00723111813861399,0.030412032340466993,241.11066723144913,48.0,0.2609653199091554,35.74715574271977,11.363055295978606,991.9683991854686,2.708178162574768
656,21,26,7621078,0.5838706268894065,0.6034469517462233,0.019576324856816818,0.030412032340466993,241.11066723144913,48.0,0.2609653199091554,35.74715574271977,11.363055295978606,991.9683991854686,2.708178162574768
657,21,27,1360099,0.6482607856563152,0.6548885908225118,0.006627805166196654,0.030412032340466993,241.11066723144913,48.0,0.2609653199091554,35.74715574271977,11.363055295978606,991.9683991854686,2.708178162574768
658,21,28,232003,0.6702914486424029,0.6911163566878068,0.020824908045403934,0.030412032340466993,241.11066723144913,48.0,0.2609653199091554,35.74715574271977,11.363055295978606,991.9683991854686,2.708178162574768
659,21,29,8914870,0.5485108703306438,0.5513445421265764,0.002833671795932524,0.030412032340466993,241.11066723144913,48.0,0.2609653199091554,35.74715574271977,11.363055295978606,991.9683991854686,2.708178162574768
660,22,0,3225228,0.7597207204565611,0.7022069572637081,-0.05751376319285306,0.0363956879354726,172.8773436173758,36.0,0.17296608053147794,84.8782313708216,42.05291374601135,1094.309315771885,-1.9254490658640862
661,22,1,7005739,0.6284944732190554,0.5772043643392524,-0.05129010887980301,0.0363956879354726,172.8773436173758,36.0,0.17296608053147794,84.8782313708216,42.05291374601135,1094.309315771885,-1.9254490658640862
662,22,2,9301927,0.630382450622706,0.5727640625275348,-0.05761838809517128,0.0363956879354726,172.8773436173758,36.0,0.17296608053147794,84.8782313708216,42.05291374601135,1094.309315771885,-1.9254490658640862
663,22,3,621504,0.6173797928908503,0.5655628523798807,-0.051816940510969633,0.0363956879354726,172.8773436173758,36.0,0.17296608053147794,84.8782313708216,42.05291374601135,1094.309315771885,-1.9254490658640862
664,22,4,1593157,0.5371873386723135,0.49664000735009517,-0.04054733132221833,0.0363956879354726,172.8773436173758,36.0,0.17296608053147794,84.8782313708216,42.05291374601135,1094.309315771885,-1.9254490658640862
665,22,5,7851696,0.574976901894316,0.51843607147368,-0.05654083042063607,0.0363956879354726,172.8773436173758,36.0,0.17296608053147794,84.8782313708216,42.05291374601135,1094.309315771885,-1.9254490658640862
666,22,6,5799740,0.623980519331923,0.581303781431817,-0.042676737900105954,0.0363956879354726,172.8773436173758,36.0,0.17296608053147794,84.8782313708216,42.05291374601135,1094.309315771885,-1.9254490658640862
667,22,7,4597342,0.6690361118633882,0.6307317059160573,-0.038304405947330866,0.0363956879354726,172.8773436173758,36.0,0.17296608053147794,84.8782313708216,42.05291374601135,1094.309315771885,-1.9254490658640862
668,22,8,4295983,0.6939569574172385,0.6470777199774139,-0.046879237439824584,0.0363956879354726,172.8773436173758,36.0,0.17296608053147794,84.8782313708216,42.05291374601135,1094.309315771885,-1.9254490658640862
669,22,9,5476400,0.7025029012237776,0.6648339900204905,-0.03766891120328708,0.0363956879354726,172.8773436173758,36.0,0.17296608053147794,84.8782313708216,42.05291374601135,1094.309315771885,-1.9254490658640862
670,22,10,8175648,0.7574016273467696,0.715916223203389,-0.041485404143380644,0.0363956879354726,172.8773436173758,36.0,0.17296608053147794,84.8782313708216,42.05291374601135,1094.309315771885,-1.9254490658640862
671,22,11,1895126,0.6835036123175022,0.6501913231280597,-0.03331228918944251,0.0363956879354726,172.8773436173758,36.0,0.17296608053147794,84.8782313708216,42.05291374601135,1094.309315771885,-1.9254490658640862
672,22,12,923174,0.6674243503529731,0.6262239656721369,-0.0412003846808362,0.0363956879354726,172.8773436173758,36.0,0.17296608053147794,84.8782313708216,42.05291374601135,1094.309315771885,-1.9254490658640862
673,22,13,9625558,0.6683628080202219,0.6264402603238184,-0.04192254769640347,0.0363956879354726,172.8773436173758,36.0,0.17296608053147794,84.8782313708216,42.05291374601135,1094.309315771885,-1.9254490658640862
674,22,14,6682717,0.6642916155497056,0.6301256977392691,-0.03416591781043654,0.0363956879354726,172.8773436173758,36.0,0.17296608053147794,84.8782313708216,42.05291374601135,1094.309315771885,-1.9254490658640862
675,22,15,2924170,0.6293920560783179,0.5846307439650898,-0.04476131211322809,0.0363956879354726,172.8773436173758,36.0,0.17296608053147794,84.8782313708216,42.05291374601135,1094.309315771885,-1.9254490658640862
676,22,16,2529710,0.6706551221855599,0.6249029621883336,-0.04575215999722626,0.0363956879354726,172.8773436173758,36.0,0.17296608053147794,84.8782313708216,42.05291374601135,1094.309315771885,-1.9254490658640862
677,22,17,6290701,0.6681285752587406,0.6172284332882292,-0.0509001419705114,0.0363956879354726,172.8773436173758,36.0,0.17296608053147794,84.8782313708216,42.05291374601135,1094.309315771885,-1.9254490658640862
678,22,18,9861365,0.6499433277549357,0.5957312705976981,-0.054212057157237536,0.0363956879354726,172.8773436173758,36.0,0.17296608053147794,84.8782313708216,42.05291374601135,1094.309315771885,-1.9254490658640862
679,22,19,1161419,0.6932373041815304,0.6566057498773277,-0.03663155430420273,0.0363956879354726,172.8773436173758,36.0,0.17296608053147794,84.8782313708216,42.05291374601135,1094.309315771885,-1.9254490658640862
680,22,20,2289204,0.6648556166456502,0.6251553014671893,-0.03970031517846084,0.0363956879354726,172.8773436173758,36.0,0.17296608053147794,84.8782313708216,42.05291374601135,1094.309315771885,-1.9254490658640862
681,22,21,8567283,0.7257365291607657,0.6711071551163929,-0.05462937404437285,0.0363956879354726,172.8773436173758,36.0,0.17296608053147794,84.8782313708216,42.05291374601135,1094.309315771885,-1.9254490658640862
682,22,22,5240975,0.6516163995515578,0.6056910168171913,-0.04592538273436653,0.0363956879354726,172.8773436173758,36.0,0.17296608053147794,84.8782313708216,42.05291374601135,1094.309315771885,-1.9254490658640862
683,22,23,4058119,0.6744250486635627,0.637835673136458,-0.03658937552710473,0.0363956879354726,172.8773436173758,36.0,0.17296608053147794,84.8782313708216,42.05291374601135,1094.309315771885,-1.9254490658640862
684,22,24,4986614,0.6314243334889464,0.5835339771479121,-0.047890356341034335,0.0363956879354726,172.8773436173758,36.0,0.17296608053147794,84.8782313708216,42.05291374601135,1094.309315771885,-1.9254490658640862
685,22,25,6186568,0.6607250411093384,0.6122711737760301,-0.048453867333308254,0.0363956879354726,172.8773436173758,36.0,0.17296608053147794,84.8782313708216,42.05291374601135,1094.309315771885,-1.9254490658640862
686,22,26,7621078,0.728606346904239,0.6801688731523851,-0.04843747375185392,0.0363956879354726,172.8773436173758,36.0,0.17296608053147794,84.8782313708216,42.05291374601135,1094.309315771885,-1.9254490658640862
687,22,27,1360099,0.6568205139055282,0.6211105020770177,-0.035710011828510524,0.0363956879354726,172.8773436173758,36.0,0.17296608053147794,84.8782313708216,42.05291374601135,1094.309315771885,-1.9254490658640862
688,22,28,232003,0.6745600377475868,0.6468016884551103,-0.027758349292476447,0.0363956879354726,172.8773436173758,36.0,0.17296608053147794,84.8782313708216,42.05291374601135,1094.309315771885,-1.9254490658640862
689,22,29,8914870,0.5965750985191818,0.5465247952111619,-0.05005030330801985,0.0363956879354726,172.8773436173758,36.0,0.17296608053147794,84.8782313708216,42.05291374601135,1094.309315771885,-1.9254490658640862
690,23,0,3225228,0.5341765478097174,0.5303524021850854,-0.0038241456246319583,0.02697500249786391,163.23371364967832,56.0,0.18592685144394636,43.01542081870139,27.069258050334792,968.1992554861262,2.030981255695224
691,23,1,7005739,0.628402750650636,0.6199401803299429,-0.008462570320693086,0.02697500249786391,163.23371364967832,56.0,0.18592685144394636,43.01542081870139,27.069258050334792,968.1992554861262,2.030981255695224
692,23,2,9301927,0.5086565197591002,0.5046234011824652,-0.00403311857663502,0.02697500249786391,163.23371364967832,56.0,0.18592685144394636,43.01542081870139,27.069258050334792,968.1992554861262,2.030981255695224
693,23,3,621504,0.5646456632999983,0.5555178578999188,-0.009127805400079514,0.02697500249786391,163.23371364967832,56.0,0.18592685144394636,43.01542081870139,27.069258050334792,968.1992554861262,2.030981255695224
694,23,4,1593157,0.6423767481133421,0.6374148166204683,-0.004961931492873828,0.02697500249786391,163.23371364967832,56.0,0.18592685144394636,43.01542081870139,27.069258050334792,968.1992554861262,2.030981255695224
695,23,5,7851696,0.6015120883727001,0.5897747105015987,-0.011737377871101407,0.02697500249786391,163.23371364967832,56.0,0.18592685144394636,43.01542081870139,27.069258050334792,968.1992554861262,2.030981255695224
696,23,6,5799740,0.5101219344889092,0.5022557173430066,-0.007866217145902632,0.02697500249786391,163.23371364967832,56.0,0.18592685144394636,43.01542081870139,27.069258050334792,968.1992554861262,2.030981255695224
697,23,7,4597342,0.5229553343608836,0.5121744581537515,-0.010780876207132084,0.02697500249786391,163.23371364967832,56.0,0.18592685144394636,43.01542081870139,27.069258050334792,968.1992554861262,2.030981255695224
698,23,8,4295983,0.5722221619499209,0.5663248154773272,-0.005897346472593767,0.02697500249786391,163.23371364967832,56.0,0.18592685144394636,43.01542081870139,27.069258050334792,968.1992554861262,2.030981255695224
699,23,9,5476400,0.5444785115698445,0.5407369636963538,-0.0037415478734906804,0.02697500249786391,163.23371364967832,56.0,0.18592685144394636,43.01542081870139,27.069258050334792,968.1992554861262,2.030981255695224
700,23,10,8175648,0.5412496014089926,0.5306141082449536,-0.010635493164039,0.02697500249786391,163.23371364967832,56.0,0.18592685144394636,43.01542081870139,27.069258050334792,968.1992554861262,2.030981255695224
701,23,11,1895126,0.5563666212101408,0.5498194630764943,-0.00654715813364648,0.02697500249786391,163.23371364967832,56.0,0.18592685144394636,43.01542081870139,27.069258050334792,968.1992554861262,2.030981255695224
702,23,12,923174,0.5019211102226272,0.4891963514289063,-0.012724758793720925,0.02697500249786391,163.23371364967832,56.0,0.18592685144394636,43.01542081870139,27.069258050334792,968.1992554861262,2.030981255695224
703,23,13,9625558,0.5862533871539812,0.5862890047878543,3.5617633873052945e-05,0.02697500249786391,163.23371364967832,56.0,0.18592685144394636,43.01542081870139,27.069258050334792,968.1992554861262,2.030981255695224
704,23,14,6682717,0.5242959883108158,0.5066991815260017,-0.017596806784814123,0.02697500249786391,163.23371364967832,56.0,0.18592685144394636,43.01542081870139,27.069258050334792,968.1992554861262,2.030981255695224
705,23,15,2924170,0.6011914135064155,0.5980834741442882,-0.0031079393621272766,0.02697500249786391,163.23371364967832,56.0,0.18592685144394636,43.01542081870139,27.069258050334792,968.1992554861262,2.030981255695224
706,23,16,2529710,0.50309103989551,0.48617227826110326,-0.016918761634406698,0.02697500249786391,163.23371364967832,56.0,0.18592685144394636,43.01542081870139,27.069258050334792,968.1992554861262,2.030981255695224
707,23,17,6290701,0.6826592233236113,0.6794893384771843,-0.0031698848464269958,0.02697500249786391,163.23371364967832,56.0,0.18592685144394636,43.01542081870139,27.069258050334792,968.1992554861262,2.030981255695224
708,23,18,9861365,0.5918892029872773,0.5866302333866936,-0.005258969600583696,0.02697500249786391,163.23371364967832,56.0,0.18592685144394636,43.01542081870139,27.069258050334792,968.1992554861262,2.030981255695224
709,23,19,1161419,0.4856252969932484,0.4699311136186669,-0.015694183374581505,0.02697500249786391,163.23371364967832,56.0,0.18592685144394636,43.01542081870139,27.069258050334792,968.1992554861262,2.030981255695224
710,23,20,2289204,0.5468376069502316,0.5394955590755093,-0.007342047874722368,0.02697500249786391,163.23371364967832,56.0,0.18592685144394636,43.01542081870139,27.069258050334792,968.1992554861262,2.030981255695224
711,23,21,8567283,0.5230073814965769,0.5120378065307418,-0.01096957496583506,0.02697500249786391,163.23371364967832,56.0,0.18592685144394636,43.01542081870139,27.069258050334792,968.1992554861262,2.030981255695224
712,23,22,5240975,0.4935682298130124,0.47848830965536604,-0.015079920157646365,0.02697500249786391,163.23371364967832,56.0,0.18592685144394636,43.01542081870139,27.069258050334792,968.1992554861262,2.030981255695224
713,23,23,4058119,0.5546539012260036,0.5467387982388217,-0.007915102987181899,0.02697500249786391,163.23371364967832,56.0,0.18592685144394636,43.01542081870139,27.069258050334792,968.1992554861262,2.030981255695224
714,23,24,4986614,0.5123698837580399,0.5123224984963154,-4.738526172454183e-05,0.02697500249786391,163.23371364967832,56.0,0.18592685144394636,43.01542081870139,27.069258050334792,968.1992554861262,2.030981255695224
715,23,25,6186568,0.5033512926413557,0.49213299840223174,-0.01121829423912396,0.02697500249786391,163.23371364967832,56.0,0.18592685144394636,43.01542081870139,27.069258050334792,968.1992554861262,2.030981255695224
716,23,26,7621078,0.5415391016534771,0.5407713790720107,-0.0007677225814664013,0.02697500249786391,163.23371364967832,56.0,0.18592685144394636,43.01542081870139,27.069258050334792,968.1992554861262,2.030981255695224
717,23,27,1360099,0.6051971474692928,0.6065063457434923,0.0013091982741995078,0.02697500249786391,163.23371364967832,56.0,0.18592685144394636,43.01542081870139,27.069258050334792,968.1992554861262,2.030981255695224
718,23,28,232003,0.6478183429922398,0.6395029182896712,-0.00831542470256863,0.02697500249786391,163.23371364967832,56.0,0.18592685144394636,43.01542081870139,27.069258050334792,968.1992554861262,2.030981255695224
719,23,29,8914870,0.5340889224321106,0.5339471104499427,-0.00014181198216789426,0.02697500249786391,163.23371364967832,56.0,0.18592685144394636,43.01542081870139,27.069258050334792,968.1992554861262,2.030981255695224
720,24,0,3225228,0.707400998694168,0.7327906464228909,0.025389647728722986,0.044447509975116754,232.04546344101786,29.0,0.2988772563636303,77.55657960660756,18.349563392881038,1248.3131362997372,-2.790180439129472
721,24,1,7005739,0.7310754151626321,0.6697375915121535,-0.06133782365047857,0.044447509975116754,232.04546344101786,29.0,0.2988772563636303,77.55657960660756,18.349563392881038,1248.3131362997372,-2.790180439129472
722,24,2,9301927,0.6856449866757455,0.6098248038567506,-0.07582018281899483,0.044447509975116754,232.04546344101786,29.0,0.2988772563636303,77.55657960660756,18.349563392881038,1248.3131362997372,-2.790180439129472
723,24,3,621504,0.6522542731715193,0.5680865099481335,-0.08416776322338582,0.044447509975116754,232.04546344101786,29.0,0.2988772563636303,77.55657960660756,18.349563392881038,1248.3131362997372,-2.790180439129472
724,24,4,1593157,0.736226446772186,0.7170480066631508,-0.019178440109035133,0.044447509975116754,232.04546344101786,29.0,0.2988772563636303,77.55657960660756,18.349563392881038,1248.3131362997372,-2.790180439129472
725,24,5,7851696,0.7101802572885788,0.6299330075031794,-0.08024724978539943,0.044447509975116754,232.04546344101786,29.0,0.2988772563636303,77.55657960660756,18.349563392881038,1248.3131362997372,-2.790180439129472
726,24,6,5799740,0.6125450551330814,0.5983082482858537,-0.014236806847227723,0.044447509975116754,232.04546344101786,29.0,0.2988772563636303,77.55657960660756,18.349563392881038,1248.3131362997372,-2.790180439129472
727,24,7,4597342,0.6712835352476656,0.6389510766538646,-0.03233245859380096,0.044447509975116754,232.04546344101786,29.0,0.2988772563636303,77.55657960660756,18.349563392881038,1248.3131362997372,-2.790180439129472
728,24,8,4295983,0.6735161816185269,0.5826310205971629,-0.09088516102136401,0.044447509975116754,232.04546344101786,29.0,0.2988772563636303,77.55657960660756,18.349563392881038,1248.3131362997372,-2.790180439129472
729,24,9,5476400,0.7704851241866287,0.758728638884951,-0.011756485301677722,0.044447509975116754,232.04546344101786,29.0,0.2988772563636303,77.55657960660756,18.349563392881038,1248.3131362997372,-2.790180439129472
730,24,10,8175648,0.6850055954300294,0.6317016585060623,-0.053303936923967066,0.044447509975116754,232.04546344101786,29.0,0.2988772563636303,77.55657960660756,18.349563392881038,1248.3131362997372,-2.790180439129472
731,24,11,1895126,0.7879498092719782,0.7227414686304501,-0.06520834064152814,0.044447509975116754,232.04546344101786,29.0,0.2988772563636303,77.55657960660756,18.349563392881038,1248.3131362997372,-2.790180439129472
732,24,12,923174,0.6814987447165,0.6243872866200181,-0.05711145809648188,0.044447509975116754,232.04546344101786,29.0,0.2988772563636303,77.55657960660756,18.349563392881038,1248.3131362997372,-2.790180439129472
733,24,13,9625558,0.6769413509897253,0.609454284309071,-0.0674870666806543,0.044447509975116754,232.04546344101786,29.0,0.2988772563636303,77.55657960660756,18.349563392881038,1248.3131362997372,-2.790180439129472
734,24,14,6682717,0.6818926223705717,0.6686545309615363,-0.013238091409035424,0.044447509975116754,232.04546344101786,29.0,0.2988772563636303,77.55657960660756,18.349563392881038,1248.3131362997372,-2.790180439129472
735,24,15,2924170,0.6232620362140397,0.5605748436186747,-0.06268719259536504,0.044447509975116754,232.04546344101786,29.0,0.2988772563636303,77.55657960660756,18.349563392881038,1248.3131362997372,-2.790180439129472
736,24,16,2529710,0.6534922072658653,0.6059403509363299,-0.0475518563295354,0.044447509975116754,232.04546344101786,29.0,0.2988772563636303,77.55657960660756,18.349563392881038,1248.3131362997372,-2.790180439129472
737,24,17,6290701,0.7433156464090952,0.7386234622226465,-0.004692184186448678,0.044447509975116754,232.04546344101786,29.0,0.2988772563636303,77.55657960660756,18.349563392881038,1248.3131362997372,-2.790180439129472
738,24,18,9861365,0.6230992832952224,0.6037607298568513,-0.019338553438371098,0.044447509975116754,232.04546344101786,29.0,0.2988772563636303,77.55657960660756,18.349563392881038,1248.3131362997372,-2.790180439129472
739,24,19,1161419,0.535974264566072,0.4594880600383496,-0.07648620452772242,0.044447509975116754,232.04546344101786,29.0,0.2988772563636303,77.55657960660756,18.349563392881038,1248.3131362997372,-2.790180439129472
740,24,20,2289204,0.7315522373571721,0.6738708893583619,-0.057681347998810195,0.044447509975116754,232.04546344101786,29.0,0.2988772563636303,77.55657960660756,18.349563392881038,1248.3131362997372,-2.790180439129472
741,24,21,8567283,0.5850309268625145,0.5035697555538532,-0.08146117130866126,0.044447509975116754,232.04546344101786,29.0,0.2988772563636303,77.55657960660756,18.349563392881038,1248.3131362997372,-2.790180439129472
742,24,22,5240975,0.784673435589436,0.7955827299169577,0.010909294327521635,0.044447509975116754,232.04546344101786,29.0,0.2988772563636303,77.55657960660756,18.349563392881038,1248.3131362997372,-2.790180439129472
743,24,23,4058119,0.692362022626516,0.6988521318074994,0.006490109180983361,0.044447509975116754,232.04546344101786,29.0,0.2988772563636303,77.55657960660756,18.349563392881038,1248.3131362997372,-2.790180439129472
744,24,24,4986614,0.6891137646024531,0.6328730783032341,-0.05624068629921897,0.044447509975116754,232.04546344101786,29.0,0.2988772563636303,77.55657960660756,18.349563392881038,1248.3131362997372,-2.790180439129472
745,24,25,6186568,0.6128814601312429,0.5907814670226328,-0.022099993108610105,0.044447509975116754,232.04546344101786,29.0,0.2988772563636303,77.55657960660756,18.349563392881038,1248.3131362997372,-2.790180439129472
746,24,26,7621078,0.6465244256909779,0.6776437020309969,0.031119276340018986,0.044447509975116754,232.04546344101786,29.0,0.2988772563636303,77.55657960660756,18.349563392881038,1248.3131362997372,-2.790180439129472
747,24,27,1360099,0.7053168738824972,0.646012572378649,-0.059304301503848245,0.044447509975116754,232.04546344101786,29.0,0.2988772563636303,77.55657960660756,18.349563392881038,1248.3131362997372,-2.790180439129472
748,24,28,232003,0.5714436715388868,0.4935185946414554,-0.07792507689743133,0.044447509975116754,232.04546344101786,29.0,0.2988772563636303,77.55657960660756,18.349563392881038,1248.3131362997372,-2.790180439129472
749,24,29,8914870,0.6208127078949839,0.5276982122745858,-0.09311449562039809,0.044447509975116754,232.04546344101786,29.0,0.2988772563636303,77.55657960660756,18.349563392881038,1248.3131362997372,-2.790180439129472
750,25,0,3225228,0.7711154399762887,0.757753173456488,-0.01336226651980077,0.015719418114429916,205.17791269197429,44.0,0.20770500022917987,23.1493638176471,34.76220520801522,1017.3962191231344,-0.7758746948093176
751,25,1,7005739,0.6904593570958525,0.6759085976843142,-0.014550759411538272,0.015719418114429916,205.17791269197429,44.0,0.20770500022917987,23.1493638176471,34.76220520801522,1017.3962191231344,-0.7758746948093176
752,25,2,9301927,0.7356287569632467,0.717771562817784,-0.017857194145462718,0.015719418114429916,205.17791269197429,44.0,0.20770500022917987,23.1493638176471,34.76220520801522,1017.3962191231344,-0.7758746948093176
753,25,3,621504,0.7057377829239664,0.6853686443536655,-0.02036913857030087,0.015719418114429916,205.17791269197429,44.0,0.20770500022917987,23.1493638176471,34.76220520801522,1017.3962191231344,-0.7758746948093176
754,25,4,1593157,0.7107126632333758,0.6918861897038169,-0.018826473529558907,0.015719418114429916,205.17791269197429,44.0,0.20770500022917987,23.1493638176471,34.76220520801522,1017.3962191231344,-0.7758746948093176
755,25,5,7851696,0.7269525932352903,0.7088841349103323,-0.01806845832495796,0.015719418114429916,205.17791269197429,44.0,0.20770500022917987,23.1493638176471,34.76220520801522,1017.3962191231344,-0.7758746948093176
756,25,6,5799740,0.7113556175132288,0.6948473126801546,-0.016508304833074194,0.015719418114429916,205.17791269197429,44.0,0.20770500022917987,23.1493638176471,34.76220520801522,1017.3962191231344,-0.7758746948093176
757,25,7,4597342,0.7109221853419271,0.6918106857827679,-0.01911149955915914,0.015719418114429916,205.17791269197429,44.0,0.20770500022917987,23.1493638176471,34.76220520801522,1017.3962191231344,-0.7758746948093176
758,25,8,4295983,0.7249763183297182,0.7049991771522074,-0.019977141177510815,0.015719418114429916,205.17791269197429,44.0,0.20770500022917987,23.1493638176471,34.76220520801522,1017.3962191231344,-0.7758746948093176
759,25,9,5476400,0.7442331534211092,0.7274558926174588,-0.016777260803650385,0.015719418114429916,205.17791269197429,44.0,0.20770500022917987,23.1493638176471,34.76220520801522,1017.3962191231344,-0.7758746948093176
760,25,10,8175648,0.7625025770415079,0.7423028974269243,-0.020199679614583577,0.015719418114429916,205.17791269197429,44.0,0.20770500022917987,23.1493638176471,34.76220520801522,1017.3962191231344,-0.7758746948093176
761,25,11,1895126,0.7105764177044842,0.6912451837695153,-0.01933123393496894,0.015719418114429916,205.17791269197429,44.0,0.20770500022917987,23.1493638176471,34.76220520801522,1017.3962191231344,-0.7758746948093176
762,25,12,923174,0.7384817191796609,0.7211493925655373,-0.01733232661412354,0.015719418114429916,205.17791269197429,44.0,0.20770500022917987,23.1493638176471,34.76220520801522,1017.3962191231344,-0.7758746948093176
763,25,13,9625558,0.7597644759395622,0.7425102945060165,-0.017254181433545734,0.015719418114429916,205.17791269197429,44.0,0.20770500022917987,23.1493638176471,34.76220520801522,1017.3962191231344,-0.7758746948093176
764,25,14,6682717,0.7334211372715432,0.7152684511614231,-0.01815268611012011,0.015719418114429916,205.17791269197429,44.0,0.20770500022917987,23.1493638176471,34.76220520801522,1017.3962191231344,-0.7758746948093176
765,25,15,2924170,0.696450200293145,0.6760825988075083,-0.020367601485636655,0.015719418114429916,205.17791269197429,44.0,0.20770500022917987,23.1493638176471,34.76220520801522,1017.3962191231344,-0.7758746948093176
766,25,16,2529710,0.7273246588530444,0.7100406823576051,-0.017283976495439335,0.015719418114429916,205.17791269197429,44.0,0.20770500022917987,23.1493638176471,34.76220520801522,1017.3962191231344,-0.7758746948093176
767,25,17,6290701,0.7005783406314241,0.6794810000572703,-0.0210973405741538,0.015719418114429916,205.17791269197429,44.0,0.20770500022917987,23.1493638176471,34.76220520801522,1017.3962191231344,-0.7758746948093176
768,25,18,9861365,0.7138107210452841,0.6961890418786754,-0.017621679166608728,0.015719418114429916,205.17791269197429,44.0,0.20770500022917987,23.1493638176471,34.76220520801522,1017.3962191231344,-0.7758746948093176
769,25,19,1161419,0.7260681330485106,0.7108556451718739,-0.015212487876636649,0.015719418114429916,205.17791269197429,44.0,0.20770500022917987,23.1493638176471,34.76220520801522,1017.3962191231344,-0.7758746948093176
770,25,20,2289204,0.7570058776700099,0.7423017055379844,-0.014704172132025572,0.015719418114429916,205.17791269197429,44.0,0.20770500022917987,23.1493638176471,34.76220520801522,1017.3962191231344,-0.7758746948093176
771,25,21,8567283,0.7526160509590926,0.7312255033004058,-0.021390547658686754,0.015719418114429916,205.17791269197429,44.0,0.20770500022917987,23.1493638176471,34.76220520801522,1017.3962191231344,-0.7758746948093176
772,25,22,5240975,0.7360674258954747,0.7159386377924161,-0.020128788103058626,0.015719418114429916,205.17791269197429,44.0,0.20770500022917987,23.1493638176471,34.76220520801522,1017.3962191231344,-0.7758746948093176
773,25,23,4058119,0.6998827747956309,0.6848007405177042,-0.015082034277926648,0.015719418114429916,205.17791269197429,44.0,0.20770500022917987,23.1493638176471,34.76220520801522,1017.3962191231344,-0.7758746948093176
774,25,24,4986614,0.7063914659515053,0.6932321159184841,-0.013159350033021155,0.015719418114429916,205.17791269197429,44.0,0.20770500022917987,23.1493638176471,34.76220520801522,1017.3962191231344,-0.7758746948093176
775,25,25,6186568,0.7215313384826267,0.7061200011197901,-0.015411337362836619,0.015719418114429916,205.17791269197429,44.0,0.20770500022917987,23.1493638176471,34.76220520801522,1017.3962191231344,-0.7758746948093176
776,25,26,7621078,0.6681632083471155,0.6518782550826159,-0.016284953264499635,0.015719418114429916,205.17791269197429,44.0,0.20770500022917987,23.1493638176471,34.76220520801522,1017.3962191231344,-0.7758746948093176
777,25,27,1360099,0.7401553016935046,0.7243136621065352,-0.01584163958696938,0.015719418114429916,205.17791269197429,44.0,0.20770500022917987,23.1493638176471,34.76220520801522,1017.3962191231344,-0.7758746948093176
778,25,28,232003,0.734168072448416,0.7134166376998266,-0.020751434748589426,0.015719418114429916,205.17791269197429,44.0,0.20770500022917987,23.1493638176471,34.76220520801522,1017.3962191231344,-0.7758746948093176
779,25,29,8914870,0.7423562349574779,0.7254485920866873,-0.016907642870790607,0.015719418114429916,205.17791269197429,44.0,0.20770500022917987,23.1493638176471,34.76220520801522,1017.3962191231344,-0.7758746948093176
780,26,0,3225228,0.8023778860356311,0.7604500733412861,-0.04192781269434498,0.04373527009932138,129.70702434038523,41.0,0.12085072435438633,74.91714344359934,14.164935806835686,1068.3602418417113,0.016210617497563362
781,26,1,7005739,0.7964140392428875,0.7764590999524548,-0.019954939290432683,0.04373527009932138,129.70702434038523,41.0,0.12085072435438633,74.91714344359934,14.164935806835686,1068.3602418417113,0.016210617497563362
782,26,2,9301927,0.8010218690741605,0.7788400088667804,-0.02218186020738011,0.04373527009932138,129.70702434038523,41.0,0.12085072435438633,74.91714344359934,14.164935806835686,1068.3602418417113,0.016210617497563362
783,26,3,621504,0.780941421064108,0.7236437195440598,-0.057297701520048205,0.04373527009932138,129.70702434038523,41.0,0.12085072435438633,74.91714344359934,14.164935806835686,1068.3602418417113,0.016210617497563362
784,26,4,1593157,0.798707861171418,0.7470393076648474,-0.051668553506570625,0.04373527009932138,129.70702434038523,41.0,0.12085072435438633,74.91714344359934,14.164935806835686,1068.3602418417113,0.016210617497563362
785,26,5,7851696,0.8414265455027473,0.7978895145936726,-0.04353703090907468,0.04373527009932138,129.70702434038523,41.0,0.12085072435438633,74.91714344359934,14.164935806835686,1068.3602418417113,0.016210617497563362
786,26,6,5799740,0.7516131892003967,0.7728601846711257,0.021246995470729058,0.04373527009932138,129.70702434038523,41.0,0.12085072435438633,74.91714344359934,14.164935806835686,1068.3602418417113,0.016210617497563362
787,26,7,4597342,0.7892382403998593,0.7582947567877928,-0.030943483612066558,0.04373527009932138,129.70702434038523,41.0,0.12085072435438633,74.91714344359934,14.164935806835686,1068.3602418417113,0.016210617497563362
788,26,8,4295983,0.8223058231302202,0.7814928196331418,-0.04081300349707839,0.04373527009932138,129.70702434038523,41.0,0.12085072435438633,74.91714344359934,14.164935806835686,1068.3602418417113,0.016210617497563362
789,26,9,5476400,0.8660818285359329,0.8666402254622161,0.0005583969262832333,0.04373527009932138,129.70702434038523,41.0,0.12085072435438633,74.91714344359934,14.164935806835686,1068.3602418417113,0.016210617497563362
790,26,10,8175648,0.838385932146828,0.8156045425109794,-0.022781389635848637,0.04373527009932138,129.70702434038523,41.0,0.12085072435438633,74.91714344359934,14.164935806835686,1068.3602418417113,0.016210617497563362
791,26,11,1895126,0.8382877593001883,0.7995488659734337,-0.03873889332675462,0.04373527009932138,129.70702434038523,41.0,0.12085072435438633,74.91714344359934,14.164935806835686,1068.3602418417113,0.016210617497563362
792,26,12,923174,0.8145798637297774,0.8203771656465826,0.005797301916805164,0.04373527009932138,129.70702434038523,41.0,0.12085072435438633,74.91714344359934,14.164935806835686,1068.3602418417113,0.016210617497563362
793,26,13,9625558,0.8310315169159387,0.7788824757630394,-0.05214904115289931,0.04373527009932138,129.70702434038523,41.0,0.12085072435438633,74.91714344359934,14.164935806835686,1068.3602418417113,0.016210617497563362
794,26,14,6682717,0.8005134721392545,0.7580901092998653,-0.04242336283938919,0.04373527009932138,129.70702434038523,41.0,0.12085072435438633,74.91714344359934,14.164935806835686,1068.3602418417113,0.016210617497563362
795,26,15,2924170,0.8076992610489918,0.7809547221822503,-0.026744538866741552,0.04373527009932138,129.70702434038523,41.0,0.12085072435438633,74.91714344359934,14.164935806835686,1068.3602418417113,0.016210617497563362
796,26,16,2529710,0.8027648935299838,0.779313467696295,-0.023451425833688866,0.04373527009932138,129.70702434038523,41.0,0.12085072435438633,74.91714344359934,14.164935806835686,1068.3602418417113,0.016210617497563362
797,26,17,6290701,0.7584651190780014,0.7296068686795144,-0.028858250398486995,0.04373527009932138,129.70702434038523,41.0,0.12085072435438633,74.91714344359934,14.164935806835686,1068.3602418417113,0.016210617497563362
798,26,18,9861365,0.8214755015725305,0.7800451479740471,-0.04143035359848335,0.04373527009932138,129.70702434038523,41.0,0.12085072435438633,74.91714344359934,14.164935806835686,1068.3602418417113,0.016210617497563362
799,26,19,1161419,0.8136017612518988,0.7603218485467397,-0.05327991270515908,0.04373527009932138,129.70702434038523,41.0,0.12085072435438633,74.91714344359934,14.164935806835686,1068.3602418417113,0.016210617497563362
800,26,20,2289204,0.7931956961806519,0.7686558515640192,-0.024539844616632722,0.04373527009932138,129.70702434038523,41.0,0.12085072435438633,74.91714344359934,14.164935806835686,1068.3602418417113,0.016210617497563362
801,26,21,8567283,0.7773275121047462,0.7764356093156644,-0.0008919027890817999,0.04373527009932138,129.70702434038523,41.0,0.12085072435438633,74.91714344359934,14.164935806835686,1068.3602418417113,0.016210617497563362
802,26,22,5240975,0.8087570060157258,0.781480151960185,-0.0272768540555407,0.04373527009932138,129.70702434038523,41.0,0.12085072435438633,74.91714344359934,14.164935806835686,1068.3602418417113,0.016210617497563362
803,26,23,4058119,0.827181306587608,0.7987999081243882,-0.028381398463219853,0.04373527009932138,129.70702434038523,41.0,0.12085072435438633,74.91714344359934,14.164935806835686,1068.3602418417113,0.016210617497563362
804,26,24,4986614,0.7884153430543009,0.7300917549773962,-0.05832358807690474,0.04373527009932138,129.70702434038523,41.0,0.12085072435438633,74.91714344359934,14.164935806835686,1068.3602418417113,0.016210617497563362
805,26,25,6186568,0.8035766730112259,0.8013441446155783,-0.0022325283956475817,0.04373527009932138,129.70702434038523,41.0,0.12085072435438633,74.91714344359934,14.164935806835686,1068.3602418417113,0.016210617497563362
806,26,26,7621078,0.8322968479529892,0.8249127043649392,-0.007384143588049952,0.04373527009932138,129.70702434038523,41.0,0.12085072435438633,74.91714344359934,14.164935806835686,1068.3602418417113,0.016210617497563362
807,26,27,1360099,0.8417523820789509,0.8162879381539764,-0.02546444392497449,0.04373527009932138,129.70702434038523,41.0,0.12085072435438633,74.91714344359934,14.164935806835686,1068.3602418417113,0.016210617497563362
808,26,28,232003,0.7932633976717207,0.7389170612695374,-0.05434633640218334,0.04373527009932138,129.70702434038523,41.0,0.12085072435438633,74.91714344359934,14.164935806835686,1068.3602418417113,0.016210617497563362
809,26,29,8914870,0.8463370633902684,0.8347136770572405,-0.01162338633302784,0.04373527009932138,129.70702434038523,41.0,0.12085072435438633,74.91714344359934,14.164935806835686,1068.3602418417113,0.016210617497563362
810,27,0,3225228,0.5906537529525976,0.6063838141316051,0.01573006117900755,0.016903949571590155,152.7403396032269,50.0,0.15653371661901475,91.60327795892954,16.325733952688232,1048.5982172128001,1.4409676976501942
811,27,1,7005739,0.6131941413295667,0.6184491460547794,0.005255004725212675,0.016903949571590155,152.7403396032269,50.0,0.15653371661901475,91.60327795892954,16.325733952688232,1048.5982172128001,1.4409676976501942
812,27,2,9301927,0.6088669279613386,0.6008525527636611,-0.008014375197677448,0.016903949571590155,152.7403396032269,50.0,0.15653371661901475,91.60327795892954,16.325733952688232,1048.5982172128001,1.4409676976501942
813,27,3,621504,0.6131608203003099,0.6207680460637867,0.0076072257634767215,0.016903949571590155,152.7403396032269,50.0,0.15653371661901475,91.60327795892954,16.325733952688232,1048.5982172128001,1.4409676976501942
814,27,4,1593157,0.657418225499547,0.6585886657756479,0.0011704402761009147,0.016903949571590155,152.7403396032269,50.0,0.15653371661901475,91.60327795892954,16.325733952688232,1048.5982172128001,1.4409676976501942
815,27,5,7851696,0.6433222885736108,0.6497609813148872,0.006438692741276397,0.016903949571590155,152.7403396032269,50.0,0.15653371661901475,91.60327795892954,16.325733952688232,1048.5982172128001,1.4409676976501942
816,27,6,5799740,0.5159790381250409,0.4968363115945839,-0.019142726530456955,0.016903949571590155,152.7403396032269,50.0,0.15653371661901475,91.60327795892954,16.325733952688232,1048.5982172128001,1.4409676976501942
817,27,7,4597342,0.5119451717212747,0.518835502447244,0.006890330725969229,0.016903949571590155,152.7403396032269,50.0,0.15653371661901475,91.60327795892954,16.325733952688232,1048.5982172128001,1.4409676976501942
818,27,8,4295983,0.6101925953512429,0.6183674229432015,0.008174827591958533,0.016903949571590155,152.7403396032269,50.0,0.15653371661901475,91.60327795892954,16.325733952688232,1048.5982172128001,1.4409676976501942
819,27,9,5476400,0.6093954406772127,0.6020019712875286,-0.007393469389684104,0.016903949571590155,152.7403396032269,50.0,0.15653371661901475,91.60327795892954,16.325733952688232,1048.5982172128001,1.4409676976501942
820,27,10,8175648,0.6636204668487857,0.6516404866014167,-0.011979980247369015,0.016903949571590155,152.7403396032269,50.0,0.15653371661901475,91.60327795892954,16.325733952688232,1048.5982172128001,1.4409676976501942
821,27,11,1895126,0.6235380313334954,0.6196800920452666,-0.003857939288228751,0.016903949571590155,152.7403396032269,50.0,0.15653371661901475,91.60327795892954,16.325733952688232,1048.5982172128001,1.4409676976501942
822,27,12,923174,0.563839784620072,0.5522893098606992,-0.011550474759372764,0.016903949571590155,152.7403396032269,50.0,0.15653371661901475,91.60327795892954,16.325733952688232,1048.5982172128001,1.4409676976501942
823,27,13,9625558,0.5636889628155022,0.5760627045547421,0.012373741739239885,0.016903949571590155,152.7403396032269,50.0,0.15653371661901475,91.60327795892954,16.325733952688232,1048.5982172128001,1.4409676976501942
824,27,14,6682717,0.6413347714985131,0.6398943563514071,-0.0014404151471060223,0.016903949571590155,152.7403396032269,50.0,0.15653371661901475,91.60327795892954,16.325733952688232,1048.5982172128001,1.4409676976501942
825,27,15,2924170,0.594695213397507,0.5934341400086564,-0.0012610733888506198,0.016903949571590155,152.7403396032269,50.0,0.15653371661901475,91.60327795892954,16.325733952688232,1048.5982172128001,1.4409676976501942
826,27,16,2529710,0.6231523095686154,0.6235665712487474,0.0004142616801319221,0.016903949571590155,152.7403396032269,50.0,0.15653371661901475,91.60327795892954,16.325733952688232,1048.5982172128001,1.4409676976501942
827,27,17,6290701,0.5855575032861352,0.5890081224380512,0.0034506191519160234,0.016903949571590155,152.7403396032269,50.0,0.15653371661901475,91.60327795892954,16.325733952688232,1048.5982172128001,1.4409676976501942
828,27,18,9861365,0.6221814615404817,0.6253899035408225,0.003208442000340761,0.016903949571590155,152.7403396032269,50.0,0.15653371661901475,91.60327795892954,16.325733952688232,1048.5982172128001,1.4409676976501942
829,27,19,1161419,0.64120241151316,0.6476742765011342,0.006471864987974141,0.016903949571590155,152.7403396032269,50.0,0.15653371661901475,91.60327795892954,16.325733952688232,1048.5982172128001,1.4409676976501942
830,27,20,2289204,0.5959516091065605,0.5926276373688049,-0.003323971737755671,0.016903949571590155,152.7403396032269,50.0,0.15653371661901475,91.60327795892954,16.325733952688232,1048.5982172128001,1.4409676976501942
831,27,21,8567283,0.5420278153629275,0.5406747248101054,-0.0013530905528221782,0.016903949571590155,152.7403396032269,50.0,0.15653371661901475,91.60327795892954,16.325733952688232,1048.5982172128001,1.4409676976501942
832,27,22,5240975,0.5721676237876666,0.5621293610801457,-0.01003826270752095,0.016903949571590155,152.7403396032269,50.0,0.15653371661901475,91.60327795892954,16.325733952688232,1048.5982172128001,1.4409676976501942
833,27,23,4058119,0.5115535519969738,0.5182864732527235,0.0067329212557496465,0.016903949571590155,152.7403396032269,50.0,0.15653371661901475,91.60327795892954,16.325733952688232,1048.5982172128001,1.4409676976501942
834,27,24,4986614,0.5593649223363021,0.561038519348569,0.0016735970122668808,0.016903949571590155,152.7403396032269,50.0,0.15653371661901475,91.60327795892954,16.325733952688232,1048.5982172128001,1.4409676976501942
835,27,25,6186568,0.5722246753294541,0.5657086933189475,-0.006515982010506627,0.016903949571590155,152.7403396032269,50.0,0.15653371661901475,91.60327795892954,16.325733952688232,1048.5982172128001,1.4409676976501942
836,27,26,7621078,0.47474941727210385,0.48130868786573533,0.006559270593631483,0.016903949571590155,152.7403396032269,50.0,0.15653371661901475,91.60327795892954,16.325733952688232,1048.5982172128001,1.4409676976501942
837,27,27,1360099,0.6288142967187511,0.6292964844774871,0.00048218775873598574,0.016903949571590155,152.7403396032269,50.0,0.15653371661901475,91.60327795892954,16.325733952688232,1048.5982172128001,1.4409676976501942
838,27,28,232003,0.5555304561725147,0.5545652935048396,-0.0009651626676751013,0.016903949571590155,152.7403396032269,50.0,0.15653371661901475,91.60327795892954,16.325733952688232,1048.5982172128001,1.4409676976501942
839,27,29,8914870,0.5803812367215652,0.5833609310424679,0.002979694320902726,0.016903949571590155,152.7403396032269,50.0,0.15653371661901475,91.60327795892954,16.325733952688232,1048.5982172128001,1.4409676976501942
840,28,0,3225228,0.7784351092885473,0.7863385470729263,0.007903437784378964,0.03530937171989713,223.51378686700505,36.0,0.27124152388423683,51.437136605381966,29.718091024717094,1127.6986769787854,-0.6753600127995014
841,28,1,7005739,0.5651470509375435,0.5432525481027641,-0.02189450283477934,0.03530937171989713,223.51378686700505,36.0,0.27124152388423683,51.437136605381966,29.718091024717094,1127.6986769787854,-0.6753600127995014
842,28,2,9301927,0.7143537566062468,0.6813995114165979,-0.032954245189648845,0.03530937171989713,223.51378686700505,36.0,0.27124152388423683,51.437136605381966,29.718091024717094,1127.6986769787854,-0.6753600127995014
843,28,3,621504,0.5787835639851046,0.5424628698405033,-0.03632069414460126,0.03530937171989713,223.51378686700505,36.0,0.27124152388423683,51.437136605381966,29.718091024717094,1127.6986769787854,-0.6753600127995014
844,28,4,1593157,0.5838945396987679,0.5316845593891577,-0.052209980309610216,0.03530937171989713,223.51378686700505,36.0,0.27124152388423683,51.437136605381966,29.718091024717094,1127.6986769787854,-0.6753600127995014
845,28,5,7851696,0.6095457353450349,0.5865090115973896,-0.023036723747645316,0.03530937171989713,223.51378686700505,36.0,0.27124152388423683,51.437136605381966,29.718091024717094,1127.6986769787854,-0.6753600127995014
846,28,6,5799740,0.7560820115556177,0.7738665932025162,0.017784581646898445,0.03530937171989713,223.51378686700505,36.0,0.27124152388423683,51.437136605381966,29.718091024717094,1127.6986769787854,-0.6753600127995014
847,28,7,4597342,0.6274674058990802,0.575653788032046,-0.0518136178670342,0.03530937171989713,223.51378686700505,36.0,0.27124152388423683,51.437136605381966,29.718091024717094,1127.6986769787854,-0.6753600127995014
848,28,8,4295983,0.7170477854380504,0.6998556908329668,-0.01719209460508353,0.03530937171989713,223.51378686700505,36.0,0.27124152388423683,51.437136605381966,29.718091024717094,1127.6986769787854,-0.6753600127995014
849,28,9,5476400,0.6236941207142408,0.6066163424345647,-0.017077778279676048,0.03530937171989713,223.51378686700505,36.0,0.27124152388423683,51.437136605381966,29.718091024717094,1127.6986769787854,-0.6753600127995014
850,28,10,8175648,0.7987241038596415,0.8113187058035077,0.01259460194386619,0.03530937171989713,223.51378686700505,36.0,0.27124152388423683,51.437136605381966,29.718091024717094,1127.6986769787854,-0.6753600127995014
851,28,11,1895126,0.6717964548446158,0.6625245527628577,-0.009271902081758099,0.03530937171989713,223.51378686700505,36.0,0.27124152388423683,51.437136605381966,29.718091024717094,1127.6986769787854,-0.6753600127995014
852,28,12,923174,0.8132057585880433,0.8142453801527011,0.0010396215646577556,0.03530937171989713,223.51378686700505,36.0,0.27124152388423683,51.437136605381966,29.718091024717094,1127.6986769787854,-0.6753600127995014
853,28,13,9625558,0.7707636840390147,0.7872438658130969,0.01648018177408217,0.03530937171989713,223.51378686700505,36.0,0.27124152388423683,51.437136605381966,29.718091024717094,1127.6986769787854,-0.6753600127995014
854,28,14,6682717,0.7987967589602365,0.8098044693846682,0.011007710424431716,0.03530937171989713,223.51378686700505,36.0,0.27124152388423683,51.437136605381966,29.718091024717094,1127.6986769787854,-0.6753600127995014
855,28,15,2924170,0.6263638608346354,0.6073926841691608,-0.018971176665474543,0.03530937171989713,223.51378686700505,36.0,0.27124152388423683,51.437136605381966,29.718091024717094,1127.6986769787854,-0.6753600127995014
856,28,16,2529710,0.6183202598608353,0.5848336240855565,-0.03348663577527877,0.03530937171989713,223.51378686700505,36.0,0.27124152388423683,51.437136605381966,29.718091024717094,1127.6986769787854,-0.6753600127995014
857,28,17,6290701,0.6937986044911891,0.6627192539353263,-0.03107935055586286,0.03530937171989713,223.51378686700505,36.0,0.27124152388423683,51.437136605381966,29.718091024717094,1127.6986769787854,-0.6753600127995014
858,28,18,9861365,0.746677234583856,0.7347032080667847,-0.011974026517071357,0.03530937171989713,223.51378686700505,36.0,0.27124152388423683,51.437136605381966,29.718091024717094,1127.6986769787854,-0.6753600127995014
859,28,19,1161419,0.6781264193834019,0.6452622094157996,-0.03286420996760231,0.03530937171989713,223.51378686700505,36.0,0.27124152388423683,51.437136605381966,29.718091024717094,1127.6986769787854,-0.6753600127995014
860,28,20,2289204,0.6331526838392353,0.5705660149429469,-0.06258666889628839,0.03530937171989713,223.51378686700505,36.0,0.27124152388423683,51.437136605381966,29.718091024717094,1127.6986769787854,-0.6753600127995014
861,28,21,8567283,0.6079682581338808,0.5982634150310981,-0.009704843102782634,0.03530937171989713,223.51378686700505,36.0,0.27124152388423683,51.437136605381966,29.718091024717094,1127.6986769787854,-0.6753600127995014
862,28,22,5240975,0.7324158265833535,0.7385881281423692,0.006172301559015714,0.03530937171989713,223.51378686700505,36.0,0.27124152388423683,51.437136605381966,29.718091024717094,1127.6986769787854,-0.6753600127995014
863,28,23,4058119,0.7670726130129953,0.7687087423480896,0.0016361293350942718,0.03530937171989713,223.51378686700505,36.0,0.27124152388423683,51.437136605381966,29.718091024717094,1127.6986769787854,-0.6753600127995014
864,28,24,4986614,0.7106874786994101,0.6853635890228312,-0.025323889676578837,0.03530937171989713,223.51378686700505,36.0,0.27124152388423683,51.437136605381966,29.718091024717094,1127.6986769787854,-0.6753600127995014
865,28,25,6186568,0.671804224096629,0.6808557188466896,0.009051494750060618,0.03530937171989713,223.51378686700505,36.0,0.27124152388423683,51.437136605381966,29.718091024717094,1127.6986769787854,-0.6753600127995014
866,28,26,7621078,0.7240424970091668,0.7136234517637167,-0.01041904524545012,0.03530937171989713,223.51378686700505,36.0,0.27124152388423683,51.437136605381966,29.718091024717094,1127.6986769787854,-0.6753600127995014
867,28,27,1360099,0.7617397259533618,0.7713775126806797,0.009637786727317854,0.03530937171989713,223.51378686700505,36.0,0.27124152388423683,51.437136605381966,29.718091024717094,1127.6986769787854,-0.6753600127995014
868,28,28,232003,0.727638477978467,0.6834393701798347,-0.04419910779863234,0.03530937171989713,223.51378686700505,36.0,0.27124152388423683,51.437136605381966,29.718091024717094,1127.6986769787854,-0.6753600127995014
869,28,29,8914870,0.6431041352816177,0.6477631756006019,0.004659040318984231,0.03530937171989713,223.51378686700505,36.0,0.27124152388423683,51.437136605381966,29.718091024717094,1127.6986769787854,-0.6753600127995014
870,29,0,3225228,0.6629743360296905,0.613481204807397,-0.049493131222293485,0.027176304996424518,268.7976169218203,55.0,0.23475555293262004,60.827871561050415,21.900014733242934,884.992562001248,-1.752508319914341
871,29,1,7005739,0.5846508665037248,0.5375126451193921,-0.04713822138433266,0.027176304996424518,268.7976169218203,55.0,0.23475555293262004,60.827871561050415,21.900014733242934,884.992562001248,-1.752508319914341
872,29,2,9301927,0.6119014375601507,0.5787773744709308,-0.03312406308921989,0.027176304996424518,268.7976169218203,55.0,0.23475555293262004,60.827871561050415,21.900014733242934,884.992562001248,-1.752508319914341
873,29,3,621504,0.6030946888334613,0.5679564183243249,-0.03513827050913643,0.027176304996424518,268.7976169218203,55.0,0.23475555293262004,60.827871561050415,21.900014733242934,884.992562001248,-1.752508319914341
874,29,4,1593157,0.6883636832639635,0.6535792588201383,-0.034784424443825124,0.027176304996424518,268.7976169218203,55.0,0.23475555293262004,60.827871561050415,21.900014733242934,884.992562001248,-1.752508319914341
875,29,5,7851696,0.6180852452268658,0.5646747089372038,-0.05341053628966197,0.027176304996424518,268.7976169218203,55.0,0.23475555293262004,60.827871561050415,21.900014733242934,884.992562001248,-1.752508319914341
876,29,6,5799740,0.6882978021664089,0.6524215896305888,-0.03587621253582007,0.027176304996424518,268.7976169218203,55.0,0.23475555293262004,60.827871561050415,21.900014733242934,884.992562001248,-1.752508319914341
877,29,7,4597342,0.7024502391665005,0.662280300298005,-0.040169938868495514,0.027176304996424518,268.7976169218203,55.0,0.23475555293262004,60.827871561050415,21.900014733242934,884.992562001248,-1.752508319914341
878,29,8,4295983,0.7593459701616437,0.7193955525489746,-0.039950417612669153,0.027176304996424518,268.7976169218203,55.0,0.23475555293262004,60.827871561050415,21.900014733242934,884.992562001248,-1.752508319914341
879,29,9,5476400,0.714512668393339,0.6712879100056266,-0.04322475838771245,0.027176304996424518,268.7976169218203,55.0,0.23475555293262004,60.827871561050415,21.900014733242934,884.992562001248,-1.752508319914341
880,29,10,8175648,0.6575267980755887,0.6119195582730612,-0.045607239802527455,0.027176304996424518,268.7976169218203,55.0,0.23475555293262004,60.827871561050415,21.900014733242934,884.992562001248,-1.752508319914341
881,29,11,1895126,0.7248992775263197,0.6981067617981396,-0.02679251572818009,0.027176304996424518,268.7976169218203,55.0,0.23475555293262004,60.827871561050415,21.900014733242934,884.992562001248,-1.752508319914341
882,29,12,923174,0.7274836733324122,0.7064732156911392,-0.02101045764127296,0.027176304996424518,268.7976169218203,55.0,0.23475555293262004,60.827871561050415,21.900014733242934,884.992562001248,-1.752508319914341
883,29,13,9625558,0.7522290962939961,0.7086219499286228,-0.04360714636537333,0.027176304996424518,268.7976169218203,55.0,0.23475555293262004,60.827871561050415,21.900014733242934,884.992562001248,-1.752508319914341
884,29,14,6682717,0.7103993926682598,0.6714222776533032,-0.0389771150149566,0.027176304996424518,268.7976169218203,55.0,0.23475555293262004,60.827871561050415,21.900014733242934,884.992562001248,-1.752508319914341
885,29,15,2924170,0.6561948902401602,0.6122598109534712,-0.04393507928668905,0.027176304996424518,268.7976169218203,55.0,0.23475555293262004,60.827871561050415,21.900014733242934,884.992562001248,-1.752508319914341
886,29,16,2529710,0.6534083123096469,0.6241794473867504,-0.029228864922896558,0.027176304996424518,268.7976169218203,55.0,0.23475555293262004,60.827871561050415,21.900014733242934,884.992562001248,-1.752508319914341
887,29,17,6290701,0.7008614041545752,0.6625929869692266,-0.03826841718534857,0.027176304996424518,268.7976169218203,55.0,0.23475555293262004,60.827871561050415,21.900014733242934,884.992562001248,-1.752508319914341
888,29,18,9861365,0.6324479298372739,0.5894863932530091,-0.042961536584264826,0.027176304996424518,268.7976169218203,55.0,0.23475555293262004,60.827871561050415,21.900014733242934,884.992562001248,-1.752508319914341
889,29,19,1161419,0.6025773441955049,0.5587161409088451,-0.04386120328665977,0.027176304996424518,268.7976169218203,55.0,0.23475555293262004,60.827871561050415,21.900014733242934,884.992562001248,-1.752508319914341
890,29,20,2289204,0.6827832622662324,0.641054179848013,-0.041729082418219376,0.027176304996424518,268.7976169218203,55.0,0.23475555293262004,60.827871561050415,21.900014733242934,884.992562001248,-1.752508319914341
891,29,21,8567283,0.65963162299566,0.6246499514738485,-0.03498167152181153,0.027176304996424518,268.7976169218203,55.0,0.23475555293262004,60.827871561050415,21.900014733242934,884.992562001248,-1.752508319914341
892,29,22,5240975,0.6288583619663822,0.588229886320862,-0.04062847564552019,0.027176304996424518,268.7976169218203,55.0,0.23475555293262004,60.827871561050415,21.900014733242934,884.992562001248,-1.752508319914341
893,29,23,4058119,0.6859279195891449,0.6522163085205813,-0.033711611068563574,0.027176304996424518,268.7976169218203,55.0,0.23475555293262004,60.827871561050415,21.900014733242934,884.992562001248,-1.752508319914341
894,29,24,4986614,0.5784195016055602,0.5482457345535434,-0.030173767052016798,0.027176304996424518,268.7976169218203,55.0,0.23475555293262004,60.827871561050415,21.900014733242934,884.992562001248,-1.752508319914341
895,29,25,6186568,0.6017685682352094,0.5860444681323275,-0.015724100102881944,0.027176304996424518,268.7976169218203,55.0,0.23475555293262004,60.827871561050415,21.900014733242934,884.992562001248,-1.752508319914341
896,29,26,7621078,0.6593431085046039,0.622026478561695,-0.03731662994290885,0.027176304996424518,268.7976169218203,55.0,0.23475555293262004,60.827871561050415,21.900014733242934,884.992562001248,-1.752508319914341
897,29,27,1360099,0.6699214777850728,0.6483581800623304,-0.021563297722742458,0.027176304996424518,268.7976169218203,55.0,0.23475555293262004,60.827871561050415,21.900014733242934,884.992562001248,-1.752508319914341
898,29,28,232003,0.6877237296602726,0.6432444264841002,-0.044479303176172436,0.027176304996424518,268.7976169218203,55.0,0.23475555293262004,60.827871561050415,21.900014733242934,884.992562001248,-1.752508319914341
899,29,29,8914870,0.620637842913051,0.5729766899737572,-0.04766115293929385,0.027176304996424518,268.7976169218203,55.0,0.23475555293262004,60.827871561050415,21.900014733242934,884.992562001248,-1.752508319914341
900,30,0,3225228,0.7033416353234198,0.6310994312384491,-0.07224220408497062,0.0835493808699444,177.47463818876648,30.0,0.14926806483417748,14.68507718294859,22.400380494263075,1184.6751494557973,2.51784847676754
901,30,1,7005739,0.7300419436164407,0.6648844615960291,-0.0651574820204116,0.0835493808699444,177.47463818876648,30.0,0.14926806483417748,14.68507718294859,22.400380494263075,1184.6751494557973,2.51784847676754
902,30,2,9301927,0.72117449384739,0.6440463852120074,-0.07712810863538255,0.0835493808699444,177.47463818876648,30.0,0.14926806483417748,14.68507718294859,22.400380494263075,1184.6751494557973,2.51784847676754
903,30,3,621504,0.7131524508460046,0.6613242087785413,-0.05182824206746339,0.0835493808699444,177.47463818876648,30.0,0.14926806483417748,14.68507718294859,22.400380494263075,1184.6751494557973,2.51784847676754
904,30,4,1593157,0.7273085305789461,0.6670418478941162,-0.06026668268482982,0.0835493808699444,177.47463818876648,30.0,0.14926806483417748,14.68507718294859,22.400380494263075,1184.6751494557973,2.51784847676754
905,30,5,7851696,0.6992784595754006,0.6229932036943413,-0.07628525588105928,0.0835493808699444,177.47463818876648,30.0,0.14926806483417748,14.68507718294859,22.400380494263075,1184.6751494557973,2.51784847676754
906,30,6,5799740,0.6777474794909725,0.6140047503911765,-0.06374272909979595,0.0835493808699444,177.47463818876648,30.0,0.14926806483417748,14.68507718294859,22.400380494263075,1184.6751494557973,2.51784847676754
907,30,7,4597342,0.6987009974384253,0.6271220576466274,-0.07157893979179786,0.0835493808699444,177.47463818876648,30.0,0.14926806483417748,14.68507718294859,22.400380494263075,1184.6751494557973,2.51784847676754
908,30,8,4295983,0.7296526584840822,0.6597823741171566,-0.06987028436692566,0.0835493808699444,177.47463818876648,30.0,0.14926806483417748,14.68507718294859,22.400380494263075,1184.6751494557973,2.51784847676754
909,30,9,5476400,0.7452618098444633,0.6662230592297703,-0.07903875061469301,0.0835493808699444,177.47463818876648,30.0,0.14926806483417748,14.68507718294859,22.400380494263075,1184.6751494557973,2.51784847676754
910,30,10,8175648,0.7293908140847387,0.6459550213794558,-0.0834357927052829,0.0835493808699444,177.47463818876648,30.0,0.14926806483417748,14.68507718294859,22.400380494263075,1184.6751494557973,2.51784847676754
911,30,11,1895126,0.6880500432563255,0.621822618081722,-0.06622742517460345,0.0835493808699444,177.47463818876648,30.0,0.14926806483417748,14.68507718294859,22.400380494263075,1184.6751494557973,2.51784847676754
912,30,12,923174,0.6650429690384546,0.5906930516424269,-0.0743499173960277,0.0835493808699444,177.47463818876648,30.0,0.14926806483417748,14.68507718294859,22.400380494263075,1184.6751494557973,2.51784847676754
913,30,13,9625558,0.7014917885216206,0.639207950603457,-0.06228383791816361,0.0835493808699444,177.47463818876648,30.0,0.14926806483417748,14.68507718294859,22.400380494263075,1184.6751494557973,2.51784847676754
914,30,14,6682717,0.699220861995981,0.6274275439988759,-0.07179331799710509,0.0835493808699444,177.47463818876648,30.0,0.14926806483417748,14.68507718294859,22.400380494263075,1184.6751494557973,2.51784847676754
915,30,15,2924170,0.7026352502399192,0.6332130462894197,-0.06942220395049958,0.0835493808699444,177.47463818876648,30.0,0.14926806483417748,14.68507718294859,22.400380494263075,1184.6751494557973,2.51784847676754
916,30,16,2529710,0.6929322656220879,0.6302160769742775,-0.06271618864781037,0.0835493808699444,177.47463818876648,30.0,0.14926806483417748,14.68507718294859,22.400380494263075,1184.6751494557973,2.51784847676754
917,30,17,6290701,0.7097828668282521,0.6368563184670848,-0.0729265483611673,0.0835493808699444,177.47463818876648,30.0,0.14926806483417748,14.68507718294859,22.400380494263075,1184.6751494557973,2.51784847676754
918,30,18,9861365,0.7499620652854424,0.6676158579291255,-0.08234620735631693,0.0835493808699444,177.47463818876648,30.0,0.14926806483417748,14.68507718294859,22.400380494263075,1184.6751494557973,2.51784847676754
919,30,19,1161419,0.7199105285724081,0.6515392543401454,-0.06837127423226275,0.0835493808699444,177.47463818876648,30.0,0.14926806483417748,14.68507718294859,22.400380494263075,1184.6751494557973,2.51784847676754
920,30,20,2289204,0.724276220470325,0.6612719498865803,-0.06300427058374469,0.0835493808699444,177.47463818876648,30.0,0.14926806483417748,14.68507718294859,22.400380494263075,1184.6751494557973,2.51784847676754
921,30,21,8567283,0.7170804115658418,0.6498479898842701,-0.06723242168157173,0.0835493808699444,177.47463818876648,30.0,0.14926806483417748,14.68507718294859,22.400380494263075,1184.6751494557973,2.51784847676754
922,30,22,5240975,0.7080181376906436,0.6321391772871346,-0.07587896040350894,0.0835493808699444,177.47463818876648,30.0,0.14926806483417748,14.68507718294859,22.400380494263075,1184.6751494557973,2.51784847676754
923,30,23,4058119,0.7074149771524232,0.6454699994444678,-0.06194497770795537,0.0835493808699444,177.47463818876648,30.0,0.14926806483417748,14.68507718294859,22.400380494263075,1184.6751494557973,2.51784847676754
924,30,24,4986614,0.680600159908278,0.6192405802050482,-0.061359579703229805,0.0835493808699444,177.47463818876648,30.0,0.14926806483417748,14.68507718294859,22.400380494263075,1184.6751494557973,2.51784847676754
925,30,25,6186568,0.6833241886519666,0.6106031980434315,-0.0727209906085351,0.0835493808699444,177.47463818876648,30.0,0.14926806483417748,14.68507718294859,22.400380494263075,1184.6751494557973,2.51784847676754
926,30,26,7621078,0.7170055585940258,0.6495318588786038,-0.06747369971542205,0.0835493808699444,177.47463818876648,30.0,0.14926806483417748,14.68507718294859,22.400380494263075,1184.6751494557973,2.51784847676754
927,30,27,1360099,0.6697355084187473,0.6047260072685563,-0.065009501150191,0.0835493808699444,177.47463818876648,30.0,0.14926806483417748,14.68507718294859,22.400380494263075,1184.6751494557973,2.51784847676754
928,30,28,232003,0.697515087428087,0.6447535532285373,-0.05276153419954965,0.0835493808699444,177.47463818876648,30.0,0.14926806483417748,14.68507718294859,22.400380494263075,1184.6751494557973,2.51784847676754
929,30,29,8914870,0.7535177125729879,0.6678650980133737,-0.08565261455961426,0.0835493808699444,177.47463818876648,30.0,0.14926806483417748,14.68507718294859,22.400380494263075,1184.6751494557973,2.51784847676754
930,31,0,3225228,0.7101175295699887,0.7238010881044878,0.013683558534499096,0.027728771752469974,176.35942574652972,50.0,0.12389000970870256,46.77979899570346,46.67106097556939,808.8657880165803,-0.23930319026112556
931,31,1,7005739,0.7221510535860539,0.7370039969698169,0.014852943383762973,0.027728771752469974,176.35942574652972,50.0,0.12389000970870256,46.77979899570346,46.67106097556939,808.8657880165803,-0.23930319026112556
932,31,2,9301927,0.7325338204575571,0.738440449673742,0.0059066292161849,0.027728771752469974,176.35942574652972,50.0,0.12389000970870256,46.77979899570346,46.67106097556939,808.8657880165803,-0.23930319026112556
933,31,3,621504,0.6750069679056251,0.6864724425545092,0.011465474648884144,0.027728771752469974,176.35942574652972,50.0,0.12389000970870256,46.77979899570346,46.67106097556939,808.8657880165803,-0.23930319026112556
934,31,4,1593157,0.7269884391594582,0.7449417671927459,0.01795332803328764,0.027728771752469974,176.35942574652972,50.0,0.12389000970870256,46.77979899570346,46.67106097556939,808.8657880165803,-0.23930319026112556
935,31,5,7851696,0.7274126248817362,0.753616327475766,0.02620370259402982,0.027728771752469974,176.35942574652972,50.0,0.12389000970870256,46.77979899570346,46.67106097556939,808.8657880165803,-0.23930319026112556
936,31,6,5799740,0.6562389323821315,0.6555245835757537,-0.0007143488063777736,0.027728771752469974,176.35942574652972,50.0,0.12389000970870256,46.77979899570346,46.67106097556939,808.8657880165803,-0.23930319026112556
937,31,7,4597342,0.6573466727607838,0.6738886244027164,0.016541951641932506,0.027728771752469974,176.35942574652972,50.0,0.12389000970870256,46.77979899570346,46.67106097556939,808.8657880165803,-0.23930319026112556
938,31,8,4295983,0.726371809206879,0.7353165164481139,0.008944707241234862,0.027728771752469974,176.35942574652972,50.0,0.12389000970870256,46.77979899570346,46.67106097556939,808.8657880165803,-0.23930319026112556
939,31,9,5476400,0.7191433506160874,0.7281150526234935,0.008971702007406157,0.027728771752469974,176.35942574652972,50.0,0.12389000970870256,46.77979899570346,46.67106097556939,808.8657880165803,-0.23930319026112556
940,31,10,8175648,0.7283947472249146,0.7319710026880509,0.0035762554631363352,0.027728771752469974,176.35942574652972,50.0,0.12389000970870256,46.77979899570346,46.67106097556939,808.8657880165803,-0.23930319026112556
941,31,11,1895126,0.7059437386349937,0.7153338040039511,0.009390065368957368,0.027728771752469974,176.35942574652972,50.0,0.12389000970870256,46.77979899570346,46.67106097556939,808.8657880165803,-0.23930319026112556
942,31,12,923174,0.7521248253484658,0.7512684596924394,-0.0008563656560264254,0.027728771752469974,176.35942574652972,50.0,0.12389000970870256,46.77979899570346,46.67106097556939,808.8657880165803,-0.23930319026112556
943,31,13,9625558,0.6932251658550832,0.7081719712677293,0.014946805412646147,0.027728771752469974,176.35942574652972,50.0,0.12389000970870256,46.77979899570346,46.67106097556939,808.8657880165803,-0.23930319026112556
944,31,14,6682717,0.6953018988044704,0.7129635410941605,0.017661642289690138,0.027728771752469974,176.35942574652972,50.0,0.12389000970870256,46.77979899570346,46.67106097556939,808.8657880165803,-0.23930319026112556
945,31,15,2924170,0.6685359442638026,0.6824250872935814,0.013889143029778839,0.027728771752469974,176.35942574652972,50.0,0.12389000970870256,46.77979899570346,46.67106097556939,808.8657880165803,-0.23930319026112556
946,31,16,2529710,0.7097943715972125,0.7231995935154106,0.013405221918198151,0.027728771752469974,176.35942574652972,50.0,0.12389000970870256,46.77979899570346,46.67106097556939,808.8657880165803,-0.23930319026112556
947,31,17,6290701,0.7144538233511947,0.7211035968226787,0.0066497734714839885,0.027728771752469974,176.35942574652972,50.0,0.12389000970870256,46.77979899570346,46.67106097556939,808.8657880165803,-0.23930319026112556
948,31,18,9861365,0.680872405818675,0.6940587185864785,0.013186312767803465,0.027728771752469974,176.35942574652972,50.0,0.12389000970870256,46.77979899570346,46.67106097556939,808.8657880165803,-0.23930319026112556
949,31,19,1161419,0.7003747961662693,0.7215143553053605,0.021139559139091157,0.027728771752469974,176.35942574652972,50.0,0.12389000970870256,46.77979899570346,46.67106097556939,808.8657880165803,-0.23930319026112556
950,31,20,2289204,0.714877613227549,0.7232545752843058,0.008376962056756865,0.027728771752469974,176.35942574652972,50.0,0.12389000970870256,46.77979899570346,46.67106097556939,808.8657880165803,-0.23930319026112556
951,31,21,8567283,0.7140710711100569,0.7215640074598783,0.0074929363498214,0.027728771752469974,176.35942574652972,50.0,0.12389000970870256,46.77979899570346,46.67106097556939,808.8657880165803,-0.23930319026112556
952,31,22,5240975,0.6694176833520556,0.6870704262921462,0.01765274294009056,0.027728771752469974,176.35942574652972,50.0,0.12389000970870256,46.77979899570346,46.67106097556939,808.8657880165803,-0.23930319026112556
953,31,23,4058119,0.7434996692679949,0.7538337049010635,0.010334035633068561,0.027728771752469974,176.35942574652972,50.0,0.12389000970870256,46.77979899570346,46.67106097556939,808.8657880165803,-0.23930319026112556
954,31,24,4986614,0.7289677106620963,0.7394836457235138,0.010515935061417458,0.027728771752469974,176.35942574652972,50.0,0.12389000970870256,46.77979899570346,46.67106097556939,808.8657880165803,-0.23930319026112556
955,31,25,6186568,0.717812745473086,0.7253392807093512,0.0075265352362651194,0.027728771752469974,176.35942574652972,50.0,0.12389000970870256,46.77979899570346,46.67106097556939,808.8657880165803,-0.23930319026112556
956,31,26,7621078,0.6922882459568409,0.7016275515611561,0.009339305604315173,0.027728771752469974,176.35942574652972,50.0,0.12389000970870256,46.77979899570346,46.67106097556939,808.8657880165803,-0.23930319026112556
957,31,27,1360099,0.7235760452568424,0.737201057312927,0.013625012056084573,0.027728771752469974,176.35942574652972,50.0,0.12389000970870256,46.77979899570346,46.67106097556939,808.8657880165803,-0.23930319026112556
958,31,28,232003,0.7015799025871249,0.7033411203420461,0.0017612177549212182,0.027728771752469974,176.35942574652972,50.0,0.12389000970870256,46.77979899570346,46.67106097556939,808.8657880165803,-0.23930319026112556
959,31,29,8914870,0.7427029971064302,0.7589152617131351,0.016212264606704885,0.027728771752469974,176.35942574652972,50.0,0.12389000970870256,46.77979899570346,46.67106097556939,808.8657880165803,-0.23930319026112556
