domain,sample,rel_l2,pearson,gof_af,delta_ln_A_peak,log_bias_trough_safe,slope_b,Vs1,H,CoV,Vs2,f0,rH,aHV,impedance,xi_mean,field_cov,dip_angle_deg,dip_span,bedrock_H,dip_direction,H1,H2,vs_mid,vs_contrast,pearson_low,gof_low,pearson_mid,gof_mid,pearson_high,gof_high,pearson_all,gof_all
iid,0,0.363847190842481,0.8874639819867325,0.13684370725578968,0.3017748240177306,0.023430579596907978,0.4583592076226366,158.22102378729463,32.0,0.2937549220398068,1194.9507193914058,1.29751718044281,62.22223769873381,27.199561771732498,7.552414279646205,0.04385600611567497,0.268082016537583,nan,nan,nan,nan,nan,nan,nan,nan,0.6918976971899131,0.052938352410138445,0.9061640471330706,0.15601941863827745,0.6582689574902549,0.3130643194600337,0.8874639819867325,0.1749067607460435
iid,1,0.16083119150428435,0.9882231568320132,0.05299848903849309,-0.12530945985193845,-0.012289609598679967,0.665768822638902,228.34419907752724,53.0,0.1308274684473872,1106.143249038946,1.0593147277832031,77.23863968625665,23.464426618660553,4.844192466931858,0.036121781915426254,0.12907058971812022,nan,nan,nan,nan,nan,nan,nan,nan,0.5968674389728071,0.056802185099583215,0.9977642473226974,0.03906774082392024,0.9282948546646735,0.17401015181170948,0.9882231568320132,0.09250464016612851
iid,2,0.27664757931467254,0.9282309580167284,0.10297461786532183,-0.39257143934440236,0.05743247329764952,0.7151070863896015,189.7341404244504,24.0,0.28558460790663953,895.9073790000466,1.841896653175354,82.40038899704814,36.57234303970143,4.7219091777359115,0.0401429645717144,0.269171302555065,nan,nan,nan,nan,nan,nan,nan,nan,0.16247936798150042,0.05328569149555828,0.9659959065660673,0.070429741213822,0.699528765555413,0.3381803266025377,0.9282309580167284,0.15814202869848024
iid,3,0.26580363513069316,0.9605233439024385,0.16979356673853863,-0.33616239175919294,-0.08366776547995002,0.6946087895250939,130.42607289849633,83.0,0.29766776598989964,943.9792966622842,0.35690492391586304,83.18644496612251,16.916799253717084,7.237657898332437,0.0451313853263855,0.2892947221131864,nan,nan,nan,nan,nan,nan,nan,nan,0.9876326102924612,0.07614397507784687,0.8719567116685312,0.26338207795553265,0.6987087009904976,1.608183056751935,0.9605233439024385,0.6685290845270836
iid,4,0.35309365324642755,0.9342062502830958,0.10365966836105671,-0.5484165269212057,0.09558817908404542,0.6773045912007922,156.93329174337424,57.0,0.20968070961534976,1044.7896507387577,0.6528521180152893,72.13398857042193,20.4941789019292,6.657539895659959,0.04363580793142319,0.20251300489664614,nan,nan,nan,nan,nan,nan,nan,nan,0.9845729526243358,0.034319466380930155,0.9414120953201659,0.1344726923893031,0.8494834679034023,0.34263506535814703,0.9342062502830958,0.17227589382546796
iid,5,0.38503825509475176,0.9246685376821531,0.2216779181833468,-0.5202742646872711,-0.005161702615957135,0.5967959854698219,189.7341404244504,24.0,0.28558460790663953,895.9073790000466,1.6796748638153076,82.40038899704814,36.57234303970143,4.7219091777359115,0.04143982008099556,0.2457087386504263,nan,nan,nan,nan,nan,nan,nan,nan,0.5463775768176532,0.14927226465491134,0.9408705004621578,0.14195407268161797,0.6980348624989346,0.4305825033645593,0.9246685376821531,0.24553539061130014
iid,6,0.42954292802399285,0.622616054824442,0.1952028945866091,0.14943608631334912,0.08259174317772323,0.8037710913539797,134.14269923349184,26.0,0.2839863210916519,1130.6444920753804,1.2390621900558472,76.97506696917117,13.706693466406948,8.42866960733625,0.046838805079460144,0.2774629869711487,nan,nan,nan,nan,nan,nan,nan,nan,0.7739706400181672,0.11982952405151308,0.6199951002940591,0.24863576674126414,-0.2858221931861377,0.47345183371036065,0.622616054824442,0.28223920523903506
iid,7,0.22977343318357968,0.9368370957167219,0.09302301424744208,-0.16419236269595505,-0.060173907939375465,0.6805573657766889,164.11181541402712,95.0,0.1591707941144705,1049.1750357007936,0.41363435983657837,81.05500854551792,26.528408959787928,6.3930499644641525,0.04342847689986229,0.15253700214094032,nan,nan,nan,nan,nan,nan,nan,nan,0.9815304359007548,0.055283007829492775,0.8559924684233465,0.11962300626914914,0.8362633258606462,0.38229975003417754,0.9368370957167219,0.1890408671330293
iid,8,0.5410210880889119,0.9065707090484241,0.14865955310252987,-0.38647909748336917,-0.0023614230156596924,0.675136276375181,276.0262964964348,25.0,0.2678596438840032,1108.5087479781032,2.974907636642456,42.61541133746505,25.442643880611147,4.015953414758876,0.03136477246880531,0.24467025665778158,nan,nan,nan,nan,nan,nan,nan,nan,0.7206461284557718,0.08896752854036258,0.9968666133354147,0.03399603623556689,0.8731930851634303,0.27963964890563153,0.9065707090484241,0.139211322976768
iid,9,0.28332288736435635,0.9324982991696232,0.11764737431764241,0.381750416947743,0.013725447673431599,0.9934225863612808,189.73753870077095,82.0,0.25494276024401186,1125.5531570163857,0.5232614278793335,32.88618336431682,21.798526443077233,5.932158521311167,0.041266441345214844,0.24250688542068286,nan,nan,nan,nan,nan,nan,nan,nan,0.9990902109976648,0.04438374234034426,0.9695427070560648,0.1988929480700316,0.9012137971858323,0.33419479702828125,0.9324982991696232,0.19217037320002842
iid,10,0.3977787381757631,0.9098797014031466,0.11277715006286265,-0.3305785866205415,0.04271451739630969,0.5500811827660157,265.7281021271786,30.0,0.15044256392866373,1021.9334664726358,2.0573742389678955,72.39818875677884,32.71634376583741,3.8457861938273057,0.03170189633965492,0.13888164173121204,nan,nan,nan,nan,nan,nan,nan,nan,-0.017965551931601636,0.05944068502984286,0.9902082921264083,0.06290213112521892,0.8945799562394535,0.28946331367163425,0.9098797014031466,0.14098703888308267
iid,11,0.27569674138846995,0.9763122486617054,0.07046071721649688,-0.194834285043048,0.0719708542061698,1.5979814137924853,226.63654236612797,36.0,0.23845424707978963,1014.0811699534811,1.5388177633285522,39.169424111023545,28.247721969128914,4.474482179114999,0.037262704223394394,0.22467664838775983,nan,nan,nan,nan,nan,nan,nan,nan,0.6815097794064019,0.038948673265066854,0.9864638127857213,0.05946102364972694,0.9359447277221892,0.1892387013296547,0.9763122486617054,0.09770388820307062
iid,12,0.34383529308182337,0.9372176307965986,0.09834596642626026,-0.20733049127900202,-0.10459413535336089,0.7860529608878093,238.81110316876217,61.0,0.21466670501977203,1104.0173947608328,0.9267593026161194,61.55820564366877,21.865041483695354,4.6229734719689715,0.03432827815413475,0.20763917592367437,nan,nan,nan,nan,nan,nan,nan,nan,0.9551882227420202,0.030729065955058393,0.9415137252955502,0.13265076250393013,0.8700919333999986,0.46316306170828375,0.9372176307965986,0.21265747343334884
iid,13,0.25506041774532784,0.9638242947522113,0.10012052591575302,0.036735912062823076,-0.032755920072844426,0.8380600719518888,146.29610715353328,34.0,0.21259970292448999,882.3956287443269,0.9931091666221619,33.88516062870622,23.24279178701374,6.0315728553069405,0.04448303207755089,0.20771010920552818,nan,nan,nan,nan,nan,nan,nan,nan,0.9359209814330259,0.06576932192841405,0.9754350464085786,0.11990491657977076,0.7244633011268983,0.31999964713679263,0.9638242947522113,0.17099061414675354
iid,14,0.3276710008082146,0.9112598785521937,0.15346160731530384,-0.5751803555089887,0.01028627188255914,0.41880937289618014,232.90156909952378,27.0,0.21875646505504848,1028.941478887828,1.9828839302062988,15.370636647567153,26.74391440757488,4.417924202340344,0.03699501231312752,0.20598126209250014,nan,nan,nan,nan,nan,nan,nan,nan,0.07280571269423267,0.0987794384361671,0.9870534047147133,0.10216543794921262,0.9019295970709614,0.3494348879407699,0.9112598785521937,0.18752464561669174
iid,15,0.15810731011862816,0.9811124898058431,0.06974246751237863,-0.13768078783025953,0.031685245815855856,0.5951285122257525,172.4728690775164,98.0,0.12782023753970861,1133.7607909616702,0.431156188249588,20.336910169571638,22.756950074143177,6.5735602186342215,0.04218466579914093,0.12187664797158491,nan,nan,nan,nan,nan,nan,nan,nan,0.9957032351766437,0.03658185359403626,0.9597759167986474,0.0874288836346122,0.9319589604628608,0.2277558154388867,0.9811124898058431,0.1187468492519067
iid,16,0.25487281698242187,0.9623731533215649,0.09638016731109109,-0.03493685066587978,0.02081413066919287,0.8153093661811505,176.01347809939273,20.0,0.2044354684650898,1185.2351935758222,2.066880226135254,19.332781806588173,27.788260108616964,6.733775199343166,0.04164493456482887,0.1958975645327076,nan,nan,nan,nan,nan,nan,nan,nan,0.23836551953572127,0.1265022089794328,0.9992059340518507,0.03613693844512032,0.9503463934441856,0.22342718502898357,0.9623731533215649,0.13331636943648184
iid,17,0.29764074014989256,0.9473781154664197,0.12348186796642148,0.07496732955029617,-0.021054743273387928,0.8630522960113782,162.8854639149095,31.0,0.2589456051588058,961.1735787268042,1.1616226434707642,35.676394039765,31.99023760092511,5.900916850560195,0.0421038456261158,0.24865014948572986,nan,nan,nan,nan,nan,nan,nan,nan,0.8022835102316741,0.06004578988195455,0.9717295721337228,0.1431617977152758,0.8468015604709935,0.32245197318689944,0.9473781154664197,0.17682275638868164
iid,18,0.3337172223867322,0.9076118329992076,0.1282607184683215,0.16054637010248526,0.019319220366531595,0.7814537147587277,246.08046267776467,92.0,0.24687292855232953,1118.5697265269964,0.584476113319397,82.80886336229742,12.907790593019289,4.545544633471091,0.03474560007452965,0.24110743405749316,nan,nan,nan,nan,nan,nan,nan,nan,0.9939462339048999,0.041558198239150385,0.8905371664277026,0.22029235105159767,0.8688482914100225,0.22546773833018374,0.9076118329992076,0.15954678311474624
iid,19,0.30009252636578343,0.9236300037690677,0.10500008742839106,-0.3020103628387621,-0.08059258814693199,0.7377127632429324,185.7519503247115,55.0,0.2536833180114627,944.8379616276762,0.7959777116775513,60.73226287961006,22.609944486767898,5.086557422282849,0.04079686105251312,0.2406411144848119,nan,nan,nan,nan,nan,nan,nan,nan,0.9614730453664978,0.043947672404324414,0.9440164743441862,0.13661448733056508,0.8017678759453947,0.33666357008679737,0.9236300037690677,0.17419828107106217
iid,20,0.27517820600102294,0.9705448486910057,0.11429642216910574,-0.360449881045521,-0.02042877452494806,0.6183208638301221,177.79504469842436,99.0,0.21498431377112864,999.5990701320469,0.4213321805000305,50.83422848954797,32.25721637652856,5.622198705411419,0.04145825654268265,0.20215445608165566,nan,nan,nan,nan,nan,nan,nan,nan,0.9886070434541899,0.04648585486217695,0.9248403155128175,0.17133556987584667,0.851716406665299,0.2794393962545722,0.9705448486910057,0.1654745088536162
iid,21,0.23820442601398814,0.9570614510845606,0.08594530232908533,0.13496217805135283,0.07298575800626307,0.7197420607875136,162.81304167035267,78.0,0.14987990651279687,1201.8775771934456,0.4928249716758728,93.73115131631494,20.959769694620533,7.381949043289084,0.04312325268983841,0.13176164207359117,nan,nan,nan,nan,nan,nan,nan,nan,0.9927154625514916,0.0376088463862115,0.9396556835517111,0.11553683012665653,0.8614894356033519,0.2777563773100321,0.9570614510845606,0.14503887733168225
iid,22,0.18952297568893167,0.9769905996083745,0.07288110873187137,-0.1268307426918406,-0.03784942018718121,0.8479458441019898,166.9827449821557,41.0,0.27678801529109476,858.6420902239915,0.9056428670883179,17.282193368300796,25.820691413529175,5.142100702175837,0.043180517852306366,0.2639819450869152,nan,nan,nan,nan,nan,nan,nan,nan,0.976566173250212,0.030051409932070693,0.996042696900139,0.10331774269207454,0.8786890150475668,0.3641907674452709,0.9769905996083745,0.16898008488969193
iid,23,0.3128767951273449,0.908479018675056,0.13341081671447508,0.1821708141456705,-0.024896682907196595,0.8417848138557359,190.93246261753734,22.0,0.15516961738467216,1255.0909764050814,1.8761746883392334,78.22150701656938,15.35681644573874,6.573481320037193,0.04009895399212837,0.15592197127620053,nan,nan,nan,nan,nan,nan,nan,nan,0.5892391616611558,0.12464339876408712,0.924401168231956,0.07737944815627856,0.9102668155601344,0.2235019164714141,0.908479018675056,0.145064694779309
iid,24,0.19007540269720252,0.9737919790142145,0.07449593358404935,-0.207603295846778,0.011422532565884932,0.7018026910475378,152.1637712597265,59.0,0.1451793171465397,1042.8236518036717,0.6263207197189331,65.31986464746296,23.837427488579294,6.853297885366476,0.04391108825802803,0.13914792574981172,nan,nan,nan,nan,nan,nan,nan,nan,0.9946926945189221,0.03273311663038644,0.9854900113219639,0.10465620841214039,0.7937229505673503,0.2435844283446612,0.9737919790142145,0.1281080032649088
iid,25,0.43699470980044935,0.9024809754376865,0.11738503798743742,0.6861498539640003,0.06392724181407104,0.7040002419031748,253.5532033615742,89.0,0.22265706919133663,1071.4956690352062,0.6528521180152893,36.67675532400608,16.05465552722266,4.225920457045942,0.03524662181735039,0.2113443007892244,nan,nan,nan,nan,nan,nan,nan,nan,0.9937219601175207,0.027486751255904687,0.9439926178452104,0.1804461550761005,0.803352065452175,0.3981810878820586,0.9024809754376865,0.20311759022111728
iid,26,0.45802841626725577,0.8074354670152076,0.19159279463803164,-0.5217023375283609,-0.23833109048901682,0.3303554958368331,215.59339641087303,67.0,0.25748934838920834,1161.3110622775987,0.7427982687950134,63.56910141184926,16.633190465388154,5.386579930604174,0.03598765656352043,0.25095123920561724,nan,nan,nan,nan,nan,nan,nan,nan,0.9873356150395618,0.028051443163779284,0.7779848704143054,0.3598920056534744,0.8799197676831704,0.37712720353679885,0.8074354670152076,0.2497801280412447
iid,27,0.4054489838031183,0.8113292190139152,0.17488306165831596,-0.7656248287900392,-0.026964574271519715,0.43059341950449453,195.64024453812885,39.0,0.2952466946095228,905.3399911988491,1.1144152879714966,50.09191951714456,16.10621388935457,4.627575442548606,0.03968358784914017,0.2846446071541156,nan,nan,nan,nan,nan,nan,nan,nan,0.6844207435196997,0.057955981194928535,0.7702161261997735,0.2706155146946046,0.6795399485132803,0.5011796125889474,0.8113292190139152,0.27688211223273795
iid,28,0.4526440153424236,0.766254129731056,0.24752133623827793,-0.35210256061654255,-0.2068353848229557,0.11869498852881044,178.44511897406224,26.0,0.11552831381559373,851.3991839099931,1.6566059589385986,96.9056564103812,23.185787521027212,4.771210267924154,0.040920939296483994,0.12383076853620233,nan,nan,nan,nan,nan,nan,nan,nan,0.4360898104844997,0.2077041046231795,0.7916303513238406,0.22059719544266954,0.07433677654024401,0.5451906268591513,0.766254129731056,0.32969231465161664
iid,29,0.41357339302003976,0.8558155682545846,0.1373844963168141,-0.5425830940399906,0.08766426769016403,0.6577516181097619,201.82716843861007,48.0,0.25982750616967676,1020.4178397178567,0.9396648406982422,87.68497434444726,26.84011527388937,5.055899300436542,0.04031858965754509,0.2568319256101512,nan,nan,nan,nan,nan,nan,nan,nan,0.6672818008019897,0.0674849446596576,0.8052385154411124,0.17864879349173057,0.8427290739139994,0.21900211272253078,0.8558155682545846,0.1538651081312851
iid,30,0.23427342957528144,0.9806299202553512,0.08306126803183957,0.08559299334978865,0.04890427178711902,0.926554793793983,258.854824998878,32.0,0.20899393483996392,810.0918046414628,1.9199206829071045,23.112294767051935,11.541880993270892,3.1295217488991143,0.03418762981891632,0.19495360502499454,nan,nan,nan,nan,nan,nan,nan,nan,0.34217499802581075,0.1090489074918562,0.9947110915943078,0.05302488026246619,0.9620725536300105,0.2126424026310244,0.9806299202553512,0.12849942262174807
iid,31,0.30502394070663447,0.9370690762297758,0.1366243719086911,0.4108804140187118,0.023792243217289448,0.311392589130416,194.11367715125328,35.0,0.12168851513415575,1061.9289309034427,1.416286587715149,75.92435827478766,26.070549338004373,5.470654857957218,0.04040531814098358,0.11162154882382633,nan,nan,nan,nan,nan,nan,nan,nan,-0.10825943896253751,0.09043413479977766,0.9812039766858959,0.15454997138429322,0.7775687660275262,0.29391245676276534,0.9370690762297758,0.18088629846217802
iid,32,0.33823205625037384,0.8855795980053757,0.16017964886191877,-0.13794818230710032,0.08188327353268614,0.689277075644105,209.5948098689007,77.0,0.29758364204317334,1393.7879918175431,0.5817880034446716,29.222854897379875,26.612929840163687,6.649916535096181,0.03887513652443886,0.2818955752143819,nan,nan,nan,nan,nan,nan,nan,nan,0.9898213045949169,0.057895704182825386,0.8575714791690379,0.23213838462274006,0.8505224059439631,0.45049744730927155,0.8855795980053757,0.24757911840905594
iid,33,0.14794998337473994,0.9783951587006898,0.06883579043284195,0.20726638493462393,-0.0017444085178667094,1.1509222397972276,279.15730034799924,59.0,0.1580777021124959,1121.1243372507952,1.1351547241210938,25.685324547812343,16.691510386510124,4.0161025194512,0.0324554368853569,0.15230204567507674,nan,nan,nan,nan,nan,nan,nan,nan,0.7621895772053756,0.0517159580748336,0.9900906626378938,0.07659972195621755,0.8686801854110865,0.2110332395866602,0.9783951587006898,0.11494213576838809
iid,34,0.1942204619205422,0.9875853414140456,0.07582770483957071,-0.16675773317669473,-0.0205062112153885,0.7950695755808072,300.83484458804236,28.0,0.1317877247929573,1067.9494670873023,2.5316483974456787,45.869414089247584,30.042461236053317,3.5499526943088404,0.029909580945968628,0.12711441864540735,nan,nan,nan,nan,nan,nan,nan,nan,-0.010286359121644063,0.12129824141356979,0.9908198311204769,0.04773357244074678,0.9868500526086736,0.12784452302790772,0.9875853414140456,0.10152003928674116
iid,35,0.288044584420457,0.8702389884287125,0.12793430968187824,-0.048011879624178216,0.06555598958270879,0.6572541789558831,168.9719802826556,86.0,0.1990333180874586,958.4849171516607,0.44324785470962524,45.484284330159426,16.378489507400566,5.672448861333763,0.04366172105073929,0.19136199527090308,nan,nan,nan,nan,nan,nan,nan,nan,0.9787202699311189,0.0616929809240574,0.8868067720735124,0.17926447020957553,0.6620885457866814,0.3291077686009821,0.8702389884287125,0.1905596033966365
iid,36,0.3938274213118765,0.8172999497644217,0.2524211894290587,-0.616526579762626,0.022172155881293395,0.2502722859491774,142.5768747917249,38.0,0.18908730652183292,1050.9310518285752,0.8648423552513123,58.688706858083606,14.941492578603723,7.370978311621478,0.04504908621311188,0.18696547076359749,nan,nan,nan,nan,nan,nan,nan,nan,0.9669454041408975,0.0636401139493395,0.8393050776614872,0.4108525163455582,0.26471369748545187,0.4009866991831531,0.8172999497644217,0.28587513950003984
iid,37,0.18798403578202613,0.9728254566559335,0.0797703919691008,0.16368802278676847,-0.008423627310658216,0.6421374760863205,210.6887704355034,93.0,0.1528308881446719,787.9885233298637,0.545427143573761,57.3439406324178,23.405025064933408,3.7400594331679624,0.03913133591413498,0.14650055612622753,nan,nan,nan,nan,nan,nan,nan,nan,0.9962097353184386,0.048204078254279845,0.9896107476084942,0.10146891821080338,0.8018217324296718,0.26307907342087933,0.9728254566559335,0.1393897785495467
iid,38,0.24372229999075,0.9421488249632102,0.10929525392587103,-0.25157649527815634,-0.07164376419866199,0.8644088566486108,165.0096656917946,69.0,0.291242990642786,1082.6185914667983,0.5329993963241577,52.92875771410763,23.338715987822187,6.560940457202766,0.043179094791412354,0.2791932399388443,nan,nan,nan,nan,nan,nan,nan,nan,0.997035086644481,0.04551683074068067,0.9646979061812424,0.13567708174479448,0.4368523680695943,0.5836907540172509,0.9421488249632102,0.2609257791887144
iid,39,0.18978242949047008,0.9887364262697516,0.06570800718774633,-0.16415982953039368,0.008260442679315576,0.7355189103429001,155.85309161955587,30.0,0.13990394920110702,1100.9499837906333,1.262121319770813,10.258174268528819,19.9223467449056,7.0640240264087915,0.04404573515057564,0.13498710913736695,nan,nan,nan,nan,nan,nan,nan,nan,0.4583673606480554,0.045566975021312246,0.9893758099136305,0.07059608353374189,0.963711268202449,0.1493374880047393,0.9887364262697516,0.08939538711924061
iid,40,0.2234932293611516,0.9741957435014679,0.058279863876368826,0.20042392746421334,-0.0044141233566771555,0.935009794194035,194.48150890276074,54.0,0.18722940273582933,1222.8837500850434,0.8490415215492249,66.14444602280855,21.284392349734617,6.287917843626336,0.040607232600450516,0.17284369420240875,nan,nan,nan,nan,nan,nan,nan,nan,0.9622035791208277,0.027027025681213325,0.9954907839054483,0.08278122560966772,0.937543102711436,0.1447598813699403,0.9741957435014679,0.08495978515080407
iid,41,0.18345315043890167,0.972415299599048,0.06887483216597691,-0.2537188647948436,-0.020597080343468775,0.814501560642516,181.19113888748745,67.0,0.24537545442581177,1053.7421121028358,0.6292145848274231,24.62392959743738,23.748107192412505,5.815638218142489,0.04121055081486702,0.22788170466855243,nan,nan,nan,nan,nan,nan,nan,nan,0.9980447905294523,0.020305644027682847,0.9880450262859884,0.09381680104748602,0.4315486835713595,0.332754791684291,0.972415299599048,0.15171619281343665
iid,42,0.2004699146285117,0.956853788377393,0.08414183343498577,-0.04428712034695054,-0.010917172070792618,0.8508656734004119,189.73753870077095,82.0,0.25494276024401186,1125.5531570163857,0.5113387703895569,32.88618336431682,21.798526443077233,5.932158521311167,0.04094531387090683,0.24120527931661226,nan,nan,nan,nan,nan,nan,nan,nan,0.997112872618677,0.04776425904394375,0.9897054061641706,0.08507228853263873,0.7787075223721228,0.34840629041229776,0.956853788377393,0.16418137886947615
iid,43,0.22859750028436668,0.9644667630881748,0.08338065444245199,-0.32961198304220957,-0.006834231927308931,0.563152656497643,214.7478680468775,37.0,0.1573005935177207,1374.5599606957485,1.3904107809066772,19.595887986943126,18.18287464212599,6.400808414059294,0.038509346544742584,0.15102991480951522,nan,nan,nan,nan,nan,nan,nan,nan,0.6135543258107642,0.059989894490745405,0.9896146310088133,0.08474812900036552,0.7219408593146576,0.19608587669555846,0.9644667630881748,0.115050958615316
iid,44,0.2662970852588543,0.9583720189983549,0.09089793595195897,0.19963850387300083,-0.0007821722805943415,1.2027810719341865,233.90475631375514,58.0,0.2960107229650021,987.6378811194869,0.922497034072876,34.56025964580476,18.669473314273382,4.222393322325987,0.03577980399131775,0.26741546662502796,nan,nan,nan,nan,nan,nan,nan,nan,0.9503169771762912,0.029856105821168592,0.9892566357288411,0.09567151351657345,0.7545807413087071,0.34373682139106004,0.9583720189983549,0.15945897857925206
iid,45,0.15500138262656357,0.9903586698827994,0.08539536803777639,0.1494569641509323,-0.04300625048905617,1.1194571017170398,208.7308069285918,30.0,0.10645707994699478,909.3311175461351,1.6338539123535156,61.17219637148082,11.09444966009976,4.356477756813461,0.03838392719626427,0.10163140105511624,nan,nan,nan,nan,nan,nan,nan,nan,0.5530288326163968,0.0940491129284583,0.999160607709629,0.048183652863396806,0.9296617895109598,0.22613478238099433,0.9903586698827994,0.12651945921732746
iid,46,0.329631657576785,0.9211069912574584,0.08182761573537708,0.22021844949074165,0.07319633990787887,0.7900640788139123,197.28912232287496,19.0,0.21059532109647988,1155.8100464383233,2.26649808883667,40.3189139533788,41.951357052990396,5.858458047913934,0.03955840319395065,0.20238136462645717,nan,nan,nan,nan,nan,nan,nan,nan,0.3990257125080604,0.06095307465805613,0.9955562540959484,0.03996698188716486,0.8955935588158354,0.2711493079175573,0.9211069912574584,0.12822592846761416
iid,47,0.3158449003478076,0.9126719501264197,0.17052331338461582,-0.14063343174780718,-0.06643903773497288,0.6442709653480091,114.2589674732085,92.0,0.25663432069122794,1038.1516395347062,0.27697619795799255,54.6028480771929,26.274017282115533,9.085953273454292,0.04698137193918228,0.2481151050383155,nan,nan,nan,nan,nan,nan,nan,nan,0.9476063618869421,0.10575436642954293,0.8650716869813972,0.21606028977884534,0.8147000558795486,1.7465333293077532,0.9126719501264197,0.7131187804417072
iid,48,0.28939593853873186,0.9112411060311582,0.11415200744623114,-0.3188103676051213,0.02066903671428602,1.2292508839966263,189.7341404244504,24.0,0.28558460790663953,895.9073790000466,1.964686632156372,82.40038899704814,36.57234303970143,4.7219091777359115,0.042894069105386734,0.2520373209887771,nan,nan,nan,nan,nan,nan,nan,nan,0.1662845559858139,0.08203674079823749,0.9272337753745171,0.092206007868957,0.8935050689951264,0.2382355155011999,0.9112411060311582,0.13975709206549017
iid,49,0.2509422342764674,0.9444450767572703,0.1397797537851101,0.08563831996244445,0.006713425204626319,0.815361224401278,131.82879545966745,22.0,0.19828367456793783,1036.0135123697632,1.309535026550293,39.25784321501851,18.48337510832344,7.858780084861869,0.04581936076283455,0.18725891835940403,nan,nan,nan,nan,nan,nan,nan,nan,0.7362772137177033,0.08888271087881436,0.9680531366515035,0.13898320754992755,0.5439795809516131,0.3099499045797955,0.9444450767572703,0.18128637767549172
iid,50,0.761282505967173,0.5409201989708617,0.2487340751975976,-1.9976848244373406,-0.5175013348742667,-0.007621811930159762,264.14721504428144,37.0,0.2812460053712129,989.6374036043122,1.4899550676345825,83.55606384575367,10.975342881536994,3.7465373369104427,0.029447901993989944,0.2762914519586446,nan,nan,nan,nan,nan,nan,nan,nan,0.49411946800179285,0.09942305888428024,0.5071933290359695,0.22217147119935288,0.7031186011263425,0.47160409326555647,0.5409201989708617,0.2665109446122487
iid,51,0.15439876168628458,0.9794950406947762,0.06194049837140947,0.017653370100045578,0.01227651765293286,0.6928657705928136,176.7226450134401,84.0,0.10420899577438832,1086.0182527087534,0.5184593796730042,64.0084230247885,25.63474984929028,6.145325929374584,0.041969314217567444,0.10163449790078091,nan,nan,nan,nan,nan,nan,nan,nan,0.9994175655177167,0.0420279826431382,0.9903210056692182,0.07614319175850522,0.8810446338808198,0.21690942157830656,0.9794950406947762,0.11347104900505724
iid,52,0.19409951998181663,0.9806168659489242,0.07041131988995362,-0.09561409828257102,0.020913204997007818,0.8523152479829083,173.18461406963465,28.0,0.22759547922760248,1274.164890998728,1.4627333879470825,65.70521577261388,35.84780236622093,7.357263795306941,0.042226437479257584,0.222359569218981,nan,nan,nan,nan,nan,nan,nan,nan,0.5504862815343163,0.05745515184449412,0.9917077832911195,0.0645997071508038,0.8596548602170713,0.1718980693994072,0.9806168659489242,0.0996535395806066
iid,53,0.17573161020841968,0.9690664196235261,0.07652385510113671,-0.0008129734398737301,-0.04063428007083506,0.5796616101688854,206.45344541595438,81.0,0.12402570731937886,1105.6192977485405,0.6263207197189331,99.69656446017325,15.944671570531325,5.355295938612125,0.03909384459257126,0.12155662862527847,nan,nan,nan,nan,nan,nan,nan,nan,0.9936924247232963,0.032705167403673324,0.9822374102342927,0.08698487379612094,0.8290576096680797,0.24431689776684684,0.9690664196235261,0.12305318494851836
iid,54,0.1563239900723207,0.9844730491902474,0.059657237020418516,0.027462392121131128,0.03173386000928264,0.7292772206522876,153.7319045966208,80.0,0.12934833355247974,877.634440604738,0.4663034975528717,48.702776143327355,22.054967579599882,5.70886338075089,0.044029466807842255,0.12426286374854158,nan,nan,nan,nan,nan,nan,nan,nan,0.9989668862099242,0.031195348762734335,0.9742503828180556,0.07995013536577329,0.9499356547352835,0.2206426992564562,0.9844730491902474,0.11212835741644867
iid,55,0.090769492107826,0.995116704514877,0.0422015293199539,-0.027897134287371714,0.05721854092828522,0.933787568393026,187.05827051427812,49.0,0.11222179047763348,1055.7186211362693,0.9267593026161194,11.580608924850821,20.54002263901783,5.643795477386746,0.041119225323200226,0.10678737522461838,nan,nan,nan,nan,nan,nan,nan,nan,0.9272002403597656,0.03573920936852877,0.9992120211704788,0.04433512862647092,0.9764675478704689,0.17222817243669422,0.995116704514877,0.08608912221976933
iid,56,0.363724024718806,0.8895515506946364,0.15032320430334847,-0.38190568093777616,-0.05373427677565381,0.5490792574742015,160.31606648834193,88.0,0.286337204836309,994.4471206508136,0.41746553778648376,97.94339997693896,24.42990637861064,6.203040920562564,0.04312261566519737,0.2668591174937802,nan,nan,nan,nan,nan,nan,nan,nan,0.9819575222090563,0.05016271197552492,0.6940906149389726,0.24795960431924974,0.6763891134840504,0.5620532046214549,0.8895515506946364,0.2886634521047179
iid,57,0.2662428634241059,0.932097691013142,0.1345228720856656,-0.10970528770013944,0.018749304911898263,0.6503754724070434,162.21536391785304,25.0,0.17284680232405664,1334.9557692571439,1.8082449436187744,67.90045389905572,23.905434276337044,8.229527321056805,0.044062066823244095,0.16572705180203495,nan,nan,nan,nan,nan,nan,nan,nan,0.21658850419633605,0.09565115733016888,0.9615447154122434,0.11157818434477909,0.8277848963071096,0.25010901827010656,0.932097691013142,0.15448951676353012
iid,58,0.15665204769632832,0.9797114473876678,0.06029600030709409,-0.13629157017666743,0.05248078454215417,0.7086517410913218,155.18901866887444,47.0,0.15582897420972586,959.1791661360843,0.7850456237792969,22.849172661080956,22.693390985468728,6.180715455019902,0.04413353279232979,0.14693968401143603,nan,nan,nan,nan,nan,nan,nan,nan,0.9851807710943888,0.025605240224151175,0.9899634415693029,0.0855986689838368,0.927401368373311,0.21287475880578496,0.9797114473876678,0.1091476003556287
iid,59,0.40892911916789815,0.954335883194632,0.08377527907965049,-0.025512768758053965,0.023668809703525858,0.8991000088052735,276.0262964964348,25.0,0.2678596438840032,1108.5087479781032,2.6510837078094482,42.61541133746505,25.442643880611147,4.015953414758876,0.03251621872186661,0.24221253469567883,nan,nan,nan,nan,nan,nan,nan,nan,0.603103465635048,0.04839049255744454,0.980478030892756,0.04414126646074103,0.9337242209347442,0.22605639204453504,0.954335883194632,0.10929878954891517
iid,60,0.30420728304694594,0.9336954349904295,0.10319676583137251,0.2636807966589318,0.06653128402363835,0.9481182432757455,115.01111468549821,22.0,0.2216604843735695,1104.9944564163814,1.1195642948150635,75.29176942072809,33.46126597486826,9.60771886645935,0.04732963442802429,0.222021678940565,nan,nan,nan,nan,nan,nan,nan,nan,0.8845138907921188,0.06734900432588234,0.9557882575632999,0.11630509635031724,0.7895457062686727,0.37263392159384057,0.9336954349904295,0.1888855529769982
iid,61,0.28099114585292595,0.9410142099889065,0.08537977044050409,-0.5123019458345689,-0.04925492102998479,0.5275739537624636,253.5532033615742,89.0,0.22265706919133663,1071.4956690352062,0.6805073618888855,36.67675532400608,16.05465552722266,4.225920457045942,0.03402753546833992,0.20533877422270758,nan,nan,nan,nan,nan,nan,nan,nan,0.9943351928954531,0.026865940569986778,0.9542059933607835,0.12346874842940024,0.8063436659121193,0.2410783676153089,0.9410142099889065,0.13082113239367354
iid,62,0.23890336938194232,0.9323279774244007,0.1165768305851852,-0.25892029970195657,-0.02719398585608023,0.6229155359257413,162.81304167035267,78.0,0.14987990651279687,1201.8775771934456,0.49968773126602173,93.73115131631494,20.959769694620533,7.381949043289084,0.043338678777217865,0.14473814540447597,nan,nan,nan,nan,nan,nan,nan,nan,0.9984997316971753,0.04789926023122812,0.9128255366907184,0.2026033610750505,0.8925679143748639,0.1703635481457677,0.9323279774244007,0.1371729912544637
iid,63,0.28354781041700267,0.9534414571386294,0.09184534705252523,0.5265510095020784,0.034182686971857584,0.9547109218873787,152.1637712597265,59.0,0.1451793171465397,1042.8236518036717,0.6350424885749817,65.31986464746296,23.837427488579294,6.853297885366476,0.04439680278301239,0.13896490743531428,nan,nan,nan,nan,nan,nan,nan,nan,0.9922327284082164,0.030899988448761014,0.9564239451781081,0.13826644910346678,0.891589826430717,0.2271665665815275,0.9534414571386294,0.131803228991641
iid,64,0.28530970401754036,0.9643982985990261,0.07510109663352435,-0.020212117329382866,-0.03929732572696929,1.0249169110492753,191.35022152686955,60.0,0.23922754395753146,813.7837618794513,0.7393819689750671,45.57193615473807,25.388062008770376,4.252849855024491,0.039794743061065674,0.22301909034045392,nan,nan,nan,nan,nan,nan,nan,nan,0.9848918097178347,0.03683924783083833,0.9775836821860603,0.08572141090717456,0.8722383279222079,0.26910259043659,0.9643982985990261,0.13279606666575228
iid,65,0.18145322375144154,0.983925525294507,0.04685775111692583,-0.08180861510482389,-0.016945576888592002,1.0501678404093864,213.40427906371383,39.0,0.12615191303193568,931.3609844735406,1.3400689363479614,81.78495337255299,21.390781387366353,4.364303230280936,0.0386069118976593,0.11413134706392127,nan,nan,nan,nan,nan,nan,nan,nan,0.7906969707180325,0.037109800689958033,0.9921753104227901,0.04316483719450155,0.8987874638423927,0.14697040416660972,0.983925525294507,0.07737752285814918
iid,66,0.30147368991625323,0.9573353452671741,0.09314257769163559,0.46731210262571005,0.09316040824498988,0.8709441051745704,139.00239207672394,52.0,0.16637943275272846,1004.2557916079942,0.6650018095970154,15.10680090636015,17.528344609486236,7.2247374782851495,0.04560912400484085,0.15973061660130247,nan,nan,nan,nan,nan,nan,nan,nan,0.9963615313938177,0.02673019662854203,0.9577989936408763,0.13739220364767057,0.8486820168485381,0.25951650880022187,0.9573353452671741,0.14140400799436853
iid,67,0.288397721319168,0.9305274503821361,0.12386009856167195,-0.2785329235493038,0.03992094326483888,0.9982329435254653,188.13474051747795,44.0,0.22024513967335224,1147.857582958127,1.0162650346755981,92.18854334205389,16.867950776163184,6.1012526437215335,0.04032128304243088,0.21113742639140684,nan,nan,nan,nan,nan,nan,nan,nan,0.37577361012550853,0.07245342059830828,0.9543165532205976,0.15664909824891515,0.7537397358713122,0.21133060752273056,0.9305274503821361,0.14631913931703816
iid,68,0.2989134724706855,0.8948803059221426,0.1259382725676913,0.27388539152481495,-0.012985578580052462,0.7928750346299629,131.82879545966745,22.0,0.19828367456793783,1036.0135123697632,1.3400689363479614,39.25784321501851,18.48337510832344,7.858780084861869,0.045808494091033936,0.19325404677735392,nan,nan,nan,nan,nan,nan,nan,nan,0.8142414504213036,0.0594081400967858,0.8810893452434362,0.14408638249273248,0.6362086507404233,0.2368497615713354,0.8948803059221426,0.14691618033166215
iid,69,0.5867835945115878,0.7499562499433307,0.1846607938994901,-0.8917673111005522,-0.017226505144138204,0.3211680244779548,276.0262964964348,25.0,0.2678596438840032,1108.5087479781032,2.6026477813720703,42.61541133746505,25.442643880611147,4.015953414758876,0.033103518187999725,0.2484098320117252,nan,nan,nan,nan,nan,nan,nan,nan,0.4035498866796304,0.07074658856194584,0.992895179102133,0.052179182773583334,0.6992152613399899,0.3310931542301203,0.7499562499433307,0.15629766480929813
iid,70,0.26425006121611955,0.9135771709295125,0.1336813533118067,-0.0692445161580198,0.07764771593940378,0.9509481852030858,231.97220947353458,74.0,0.18489361107349395,1074.7409662605282,0.760117769241333,69.20131001621485,10.653304926301205,4.633059144022785,0.037245187908411026,0.1812532952541917,nan,nan,nan,nan,nan,nan,nan,nan,0.9542238151640715,0.05891905761298159,0.9793536252295824,0.18730079788404258,0.6454231834965893,0.4437559097882353,0.9135771709295125,0.23212647795563873
iid,71,0.24151220724272465,0.9055323822557504,0.12041163217199002,0.2620494461519402,-0.020036548473021845,0.6811297979213519,181.71401476829877,84.0,0.2612825533375144,1217.371260806998,0.48830220103263855,14.811101611703634,18.946527942268027,6.6993801350944375,0.04207848384976387,0.24529582075452838,nan,nan,nan,nan,nan,nan,nan,nan,0.9862261109436645,0.0599146782843084,0.9260395090531741,0.1337572921674508,0.5961495271229024,0.45525658063107466,0.9055323822557504,0.22043712827061931
iid,72,0.5756794720038712,0.5925692673741983,0.28117299160989595,0.48152919036838415,0.1927926420046854,1.1215529168249363,158.22102378729463,32.0,0.2937549220398068,1194.9507193914058,1.2276910543441772,62.22223769873381,27.199561771732498,7.552414279646205,0.04416210204362869,0.2745638434708226,nan,nan,nan,nan,nan,nan,nan,nan,0.7807821347806556,0.05955967721283939,0.5583037772287418,0.3496005261855052,0.19801409777108175,0.7809295979146536,0.5925692673741983,0.3990514041502741
iid,73,0.274596492144254,0.9595876423018899,0.06939201736794873,-0.40934061401552685,-0.0656692570501955,0.6981377431716372,227.53253067498767,90.0,0.2655224490910768,1064.7749838119346,0.589889645576477,18.572757178917527,17.726217756457757,4.679660445270052,0.03710133954882622,0.25264726677267957,nan,nan,nan,nan,nan,nan,nan,nan,0.9979873595061904,0.026759835267961683,0.9563483188979836,0.09734140857690879,0.8924021264780985,0.4075226553972846,0.9595876423018899,0.18120129430590884
iid,74,0.2906859703033912,0.9324048431181174,0.09251475009784713,0.21164025191631045,-0.013731389292084239,0.8469283603836512,156.93329174337424,57.0,0.20968070961534976,1044.7896507387577,0.6177187561988831,72.13398857042193,20.4941789019292,6.657539895659959,0.04404117912054062,0.19656207992937627,nan,nan,nan,nan,nan,nan,nan,nan,0.9956774795722817,0.030056177648197215,0.9282493194945566,0.13545890327178228,0.670265862888133,0.4138061731039857,0.9324048431181174,0.19598949374479874
iid,75,0.2908611069221937,0.963209531970863,0.08713017643321475,0.12856144275503195,-0.039763210816649304,1.1716465548993507,244.6008924203642,33.0,0.14624342937022447,1267.7498236664114,1.7752079963684082,36.73744348809123,20.303782577247627,5.1829321271963815,0.03505347669124603,0.13833739794821062,nan,nan,nan,nan,nan,nan,nan,nan,0.5611682744430525,0.06213711310085971,0.962970590195469,0.06652260729727473,0.9205901994687816,0.21649738365130855,0.963209531970863,0.11747885605244131
iid,76,0.46100527130288926,0.8441951888749528,0.20499692069448908,-0.2339658720290429,0.060726424592617886,0.8386155388287571,134.14269923349184,26.0,0.2839863210916519,1130.6444920753804,1.2276910543441772,76.97506696917117,13.706693466406948,8.42866960733625,0.046231355518102646,0.25829760602497986,nan,nan,nan,nan,nan,nan,nan,nan,0.8874013000129493,0.0728824345195185,0.8352255706178773,0.2351059942855182,0.6679576243256522,0.5321559458347951,0.8441951888749528,0.2822952314096652
iid,77,0.3232147049232952,0.8893219128009979,0.17619718919705915,0.2861512055294567,-0.013340793887920786,0.9036540939146019,216.45552737671449,20.0,0.14784529209136962,1015.640788809876,2.6880009174346924,32.3187652323395,24.607096519903426,4.6921453155699595,0.036752067506313324,0.14135929794768035,nan,nan,nan,nan,nan,nan,nan,nan,0.08015523885911224,0.08851684228679614,0.9891761745632695,0.05826222175931532,0.8597433780720622,0.36114080747581023,0.8893219128009979,0.17485884394470683
iid,78,0.23905244556925934,0.9376169058624152,0.07260055133643266,-0.019880623029964503,-0.004822951752440268,1.1778106239579575,217.2639001708952,36.0,0.23393794819712638,1101.8545230013024,1.4899550676345825,84.0989169664681,30.153289760179877,5.071503006871398,0.038451436907052994,0.22928554573100943,nan,nan,nan,nan,nan,nan,nan,nan,0.6605885706086692,0.04179307192846965,0.9131995104110963,0.0893467065154267,0.8897871808706705,0.21360791912406446,0.9376169058624152,0.11619435882301495
iid,79,0.656405465085788,0.7973486549773919,0.16178069764638936,0.08716130575857044,0.09546772125822554,0.6742598032779565,315.09864889594195,34.0,0.2778384046629071,1225.8340206974456,2.614673137664795,95.1545300707221,17.31868237580603,3.890318238407504,0.030411845073103905,0.28425705732319967,nan,nan,nan,nan,nan,nan,nan,nan,-0.040337014367712136,0.12791617710470649,0.9400026255935967,0.10477139982706118,0.6512099273405559,0.29914774813077194,0.7973486549773919,0.18090379378053578
iid,80,0.30735752386280757,0.9311310554161755,0.10884977548307703,0.4288858253670383,0.020954510930422925,0.5063907012527417,141.69398694671386,68.0,0.1519174948334694,1210.207721450867,0.4928249716758728,43.810210060328245,14.745350764243854,8.540995616885166,0.04557381942868233,0.14818766203517245,nan,nan,nan,nan,nan,nan,nan,nan,0.9790116599561448,0.046666277095954604,0.9032529243147034,0.15999146604669434,0.8599249883953294,0.2502104759959225,0.9311310554161755,0.15190430339616529
iid,81,0.15625503917137476,0.9860446395906837,0.06751523836156317,-0.17896203134603872,0.012960993678472232,0.8582870982748934,166.9827449821557,41.0,0.27678801529109476,858.6420902239915,0.8973315954208374,17.282193368300796,25.820691413529175,5.142100702175837,0.043154384940862656,0.2643367906534136,nan,nan,nan,nan,nan,nan,nan,nan,0.9564048074914681,0.031889258477643956,0.9922300327736079,0.0887103881537212,0.9406592211531256,0.21259639540560946,0.9860446395906837,0.11218309530525507
iid,82,0.1742831697173734,0.9846890244823805,0.08398973520688069,-0.050216688545971715,0.006596470990959297,1.0168255322527593,147.1806658427896,91.0,0.11322924531996251,1011.1066624560915,0.39682459831237793,77.81441817991436,33.36543517433478,6.8698334571750115,0.044851142913103104,0.10857565094491019,nan,nan,nan,nan,nan,nan,nan,nan,0.9972653976808414,0.05237940374643518,0.9685788671165662,0.11257569243216212,0.8819479100062771,0.1914126283826826,0.9846890244823805,0.11909991897483985
iid,83,0.25899575582520934,0.9688333958487673,0.06541696114672554,-0.4279079376943962,-0.006032366162947014,0.6882297208395285,193.12554694617754,50.0,0.22867872323840857,1071.8885520515405,0.8973315954208374,14.048197967931628,22.984661626991837,5.5502162660555046,0.03966929763555527,0.2169746079645601,nan,nan,nan,nan,nan,nan,nan,nan,0.969355169429691,0.024880591010596198,0.975230689418597,0.08899109962285065,0.9104160161664908,0.19119348476899,0.9688333958487673,0.10232325640971036
iid,84,0.30756638995940916,0.8781934718989588,0.15810323255978884,0.21176993715602788,-0.024859212936250406,0.22539476854231963,149.79656870015046,51.0,0.1369849991053343,1286.5085752353218,0.7814350724220276,95.76999268494546,26.44839062076238,8.58837145869837,0.04480148106813431,0.13399423764268578,nan,nan,nan,nan,nan,nan,nan,nan,0.9388087439542557,0.07465443958550924,0.8520127043771992,0.25383907607175615,0.9355968366186722,0.19362493032203193,0.8781934718989588,0.17004950228916627
iid,85,0.3509618949174588,0.9619615247736555,0.06197575856508422,0.2101026973096944,0.008964317520940632,0.7625997044617048,183.63636932657306,17.0,0.13017111122608185,997.4855722303688,2.614673137664795,41.553716817870736,14.613990596141502,5.4318519576940245,0.04153326153755188,0.11635926756413095,nan,nan,nan,nan,nan,nan,nan,nan,0.2832556861293081,0.05063864663498823,0.9910603900462911,0.03634319570391611,0.9483240997139449,0.24353914310523164,0.9619615247736555,0.11386518512025179
iid,86,0.5012875712313898,0.8194024938325782,0.24758361132057524,-0.9622717644543537,-0.14821926288547244,0.3336471552562212,173.52533731451618,60.0,0.2513325922191143,1191.714795005294,0.6650018095970154,84.85221310518682,13.85692084137127,6.867670240256042,0.041243795305490494,0.2400010295244307,nan,nan,nan,nan,nan,nan,nan,nan,0.9870244032047097,0.06002086468887237,0.7972970730449057,0.3962861737751096,0.5825484326880803,0.5088065578893957,0.8194024938325782,0.31797545003492667
iid,87,0.3493074487206216,0.8943624170684764,0.11358522738750018,0.10961830060872593,-0.008855121748105823,0.3970881451087436,243.1823402296533,97.0,0.18822468779981136,1379.9470493636725,0.6008675694465637,42.048697620630264,35.1238379391723,5.674536432458444,0.03512495011091232,0.178376758510592,nan,nan,nan,nan,nan,nan,nan,nan,0.9927502340490908,0.04459243708760957,0.8662070784268566,0.1923120215977872,0.9005617019592259,0.2523226669620513,0.8943624170684764,0.1616138928967175
iid,88,0.2591006064804123,0.9807087382759588,0.06275907020175539,0.07489902718795426,0.052094611313427616,1.0080736734048408,258.854824998878,32.0,0.20899393483996392,810.0918046414628,1.8675458431243896,23.112294767051935,11.541880993270892,3.1295217488991143,0.03341708704829216,0.19677152310168247,nan,nan,nan,nan,nan,nan,nan,nan,0.23769861270127907,0.052266821658432744,0.9900585618921023,0.046164533044596355,0.9388374916649064,0.2028430857122385,0.9807087382759588,0.10313782749311384
iid,89,0.28485762558161204,0.938425464539853,0.20867610279501414,0.2160616387795029,-0.015527605337557778,1.2744494157779984,170.14859943352397,91.0,0.28168344087898733,1355.5277389238297,0.4252346456050873,58.28485921956599,20.417492351817444,7.966728750261774,0.043108295649290085,0.2659990174414874,nan,nan,nan,nan,nan,nan,nan,nan,0.969581568729403,0.11278816676521777,0.740499120973496,0.2860540243121225,0.7757110441112236,0.40206860746294537,0.938425464539853,0.26601607827349383
iid,90,0.2912438211409631,0.971209934963177,0.12629941994141552,0.2944850610219784,0.09325293532325944,0.6905624842951067,159.04078356017536,16.0,0.18617143128067254,870.286317108344,2.78898024559021,52.608041455969214,39.02518344185764,5.472095255234068,0.04391254484653473,0.166462773873944,nan,nan,nan,nan,nan,nan,nan,nan,-0.22104102628456138,0.09138961096404216,0.9927496174111863,0.0816567054058598,0.9584783336498144,0.21906454828970556,0.971209934963177,0.13315596736056962
iid,91,0.2503050865440882,0.9399633609402167,0.12971908233662913,-0.0020125099035538806,-0.03789602673112469,0.9826587308101563,186.67718958333168,29.0,0.1966839576140046,1213.7252958667539,1.5037553310394287,21.350864889100194,27.12545273101046,6.501733278585456,0.041022978723049164,0.1883249144874414,nan,nan,nan,nan,nan,nan,nan,nan,0.2447760566005362,0.12050373155821084,0.9244193641799702,0.11993823638540721,0.9734739316182355,0.2013021734815299,0.9399633609402167,0.14861353767953145
iid,92,0.3100328575725113,0.9068879849473852,0.10530250701936017,0.22718222748136196,0.024303734770387577,0.9171900566942808,238.22189618352004,81.0,0.2801766905933618,969.1976840598059,0.6350424885749817,74.18220627121627,25.304713879565373,4.068465995725099,0.03641046956181526,0.2623107220389142,nan,nan,nan,nan,nan,nan,nan,nan,0.991163451011386,0.048042997283561456,0.9022568270874513,0.1749583185327053,0.8636993628342321,0.25234840684171,0.9068879849473852,0.1576244870036566
iid,93,0.6082689639178648,0.987975669659505,0.0896506851047911,0.16513174609142983,-0.009787599106233783,1.1980815020867943,324.9197991445763,18.0,0.19213616643100978,897.6669370546688,4.2621588706970215,21.094189723953605,22.26240673570297,2.7627338790002236,0.02752785198390484,0.18277130816123893,nan,nan,nan,nan,nan,nan,nan,nan,-0.018490690569878523,0.054913717749304876,0.950227858535053,0.03447308651524972,0.98665937055461,0.1067146428827487,0.987975669659505,0.06691185217579367
iid,94,0.18611292468433166,0.9422356574568885,0.04792135859354799,0.06248820487199702,0.02536166467668899,0.6709326648541761,182.334163431289,37.0,0.14598082564771175,953.0458050240453,1.150962233543396,69.95860164053738,41.1233925357972,5.226918461625498,0.04184481129050255,0.14378315115414297,nan,nan,nan,nan,nan,nan,nan,nan,0.7979260477124631,0.044336976396953484,0.9936891184959001,0.030506699900842763,0.8084307189105547,0.2927827106206692,0.9422356574568885,0.1271439004264208
iid,95,0.13155109844722893,0.9847219714827654,0.058907000008711886,-0.15984524116140422,0.03753988052408277,0.8436570352389727,185.1058674795539,71.0,0.15349327493458986,1036.6620404991381,0.6263207197189331,16.8036921415478,34.10309328112104,5.600373746194966,0.04122506082057953,0.14696795261161408,nan,nan,nan,nan,nan,nan,nan,nan,0.9949033879414557,0.03171444716686468,0.9912077003862974,0.0709407462261975,0.920455151867743,0.16551651914539248,0.9847219714827654,0.09031306207714926
iid,96,0.12535573433040348,0.9896992616306537,0.06179619444558384,-0.14122721048196768,0.046950859663950247,0.850723532247146,197.44177633684973,64.0,0.11329658869653941,1069.9077450394534,0.760117769241333,23.499332666397095,22.352571899085163,5.418851900998472,0.03959706798195839,0.10933579400953466,nan,nan,nan,nan,nan,nan,nan,nan,0.972104199390148,0.0423192884779685,0.9978318471175531,0.07401537348288442,0.9609202725836354,0.17009796604954,0.9896992616306537,0.09655065112949329
iid,97,0.2854201399913033,0.8877970690191015,0.10358848078625946,-0.14352614743351413,0.03214837137234197,0.5677530932152892,183.31594799720395,39.0,0.1648308804258704,1303.5981967738105,1.2333635091781616,54.28479122929275,28.735321279952654,7.1112099684512655,0.041735805571079254,0.1552987503270802,nan,nan,nan,nan,nan,nan,nan,nan,0.2028566705557753,0.06549267505820798,0.8620687619729562,0.13549635169618177,0.8211416246718382,0.2248488542539046,0.8877970690191015,0.14226844076809392
iid,98,0.3677490035427179,0.9590436712556794,0.08285697056169311,-0.5171699520688275,-0.021991651466235215,0.5554065955137278,185.7519503247115,55.0,0.2536833180114627,944.8379616276762,0.8033502101898193,60.73226287961006,22.609944486767898,5.086557422282849,0.03982418775558472,0.24050882657375366,nan,nan,nan,nan,nan,nan,nan,nan,0.9809934234770442,0.03620798005292783,0.9634674587155626,0.10823627526508574,0.9138549146797472,0.33335208412197376,0.9590436712556794,0.16181690504074125
iid,99,0.2053499515233723,0.9739990197321362,0.06800963822094931,0.06206702429122372,0.06849705496403868,1.1001093674757219,205.2167797086878,43.0,0.1709762278944254,1112.8607093618052,1.1562801599502563,27.316260766237974,36.898599511332364,5.422854363768639,0.03846747428178787,0.16185583082689162,nan,nan,nan,nan,nan,nan,nan,nan,0.8363099325752131,0.03445767650223546,0.9863938177221667,0.07073049946682358,0.8695618869844325,0.3047476650449708,0.9739990197321362,0.13994101938156928
iid,100,0.2244578587319344,0.9474627340919047,0.08714268826440762,0.25853588825692037,0.04095279329108433,0.576221140891383,157.65852605851168,68.0,0.10989516898989678,940.9359438302844,0.5530224442481995,28.161438992246985,12.729906471306109,5.968189398656915,0.04389692842960358,0.10590802701488845,nan,nan,nan,nan,nan,nan,nan,nan,0.9977492607311074,0.035768984269773124,0.9487562188106999,0.14973097527244877,0.8651639064474822,0.24794982417654393,0.9474627340919047,0.1442208755379456
iid,101,0.2111468806425303,0.9584725950686659,0.08735690796750845,0.04308938261591562,-0.01156584093906644,0.7818393274112148,143.7795459684312,87.0,0.20518740378320216,1097.3952426073297,0.38778284192085266,25.949208065867424,25.69833912756875,7.632485102215291,0.044846005737781525,0.19119858551983468,nan,nan,nan,nan,nan,nan,nan,nan,0.9982647803877484,0.037092592727681395,0.9634122325262281,0.1380658152799017,0.899342452285857,0.27569198089750213,0.9584725950686659,0.15089434535278473
iid,102,0.3231415664975401,0.8977627117094994,0.11266857247956684,0.07256112742553854,0.04480881453849611,0.6764538499180478,145.27946717719402,72.0,0.1785500245168805,1345.7170759497278,0.550478994846344,90.44665553607047,17.665182190142982,9.262954374057468,0.045044708997011185,0.16613979416979502,nan,nan,nan,nan,nan,nan,nan,nan,0.9476605976316774,0.09112743079335758,0.8345693589169962,0.1176669867180637,0.8654833062620065,0.3210876848013071,0.8977627117094994,0.17957538647355176
iid,103,0.1958988582557903,0.9850479925394832,0.0644174148310109,-0.3122331528328498,-0.025054324701223957,0.5350860345708907,240.32223215849342,77.0,0.10354241225868464,1017.5154020442847,0.7636298537254333,54.69050543382764,17.159378529834065,4.233962846072557,0.035123709589242935,0.09897862874534166,nan,nan,nan,nan,nan,nan,nan,nan,0.9839690979604798,0.024725035178323543,0.9931092242211048,0.08398079882275356,0.9346966636088015,0.21237856111782044,0.9850479925394832,0.10818049835047647
iid,104,0.2671755408786788,0.9470260757998394,0.07540038959734263,-0.3570557888349014,-0.0837553317379938,0.6350497743663389,166.9827449821557,41.0,0.27678801529109476,858.6420902239915,0.9267593026161194,17.282193368300796,25.820691413529175,5.142100702175837,0.0420876108109951,0.2636756706910856,nan,nan,nan,nan,nan,nan,nan,nan,0.9020946284947478,0.039960131263664905,0.9726868807048044,0.09467702837707136,0.8959097093409317,0.3517264709869483,0.9470260757998394,0.16549341930083605
iid,105,0.22853029467034677,0.9534229503937769,0.07485278838368317,-0.0451124520138039,0.04849130523177101,0.8150706590532851,229.33354076870077,35.0,0.16489328518509866,966.832667971848,1.483102560043335,64.65446449816227,19.2259255148063,4.215836308684422,0.03589167445898056,0.16601295289398207,nan,nan,nan,nan,nan,nan,nan,nan,0.3040679070185689,0.07188627041754507,0.9662067193017476,0.08274596378592891,0.7157466849096109,0.21008394133371017,0.9534229503937769,0.123513363248718
iid,106,0.31009955199150624,0.9397907499884366,0.1019992478437396,-0.3550371090103097,-0.12895167477486205,0.5081650963233442,196.38395899664366,66.0,0.1946417078375816,1022.4274552450873,0.7126115560531616,94.76825525984168,19.15490433641749,5.2062676629436995,0.039350640028715134,0.19036585848739493,nan,nan,nan,nan,nan,nan,nan,nan,0.9847394836218822,0.029591012172864615,0.9798284414956993,0.0865550652315366,0.7121187766402673,0.42987369603985537,0.9397907499884366,0.18677916744391299
iid,107,0.14893919117081666,0.9817563305163884,0.07940684649021851,0.03077661193911538,-0.006312147257727929,0.9599496966980621,196.04164465102485,86.0,0.11035616155713797,1463.8155449755632,0.5633142590522766,84.9402778223157,23.533475137880743,7.466860154031618,0.04005962982773781,0.10720944544521127,nan,nan,nan,nan,nan,nan,nan,nan,0.9984558801389302,0.04241730103529697,0.9892075848625311,0.10550520714166817,0.9270987315862276,0.25897477489526527,0.9817563305163884,0.1371387887181972
iid,108,0.15410938746916067,0.985076032107901,0.05397766023316786,-0.009501630130603535,0.04244047246616818,0.8996491976637191,170.45071328486557,55.0,0.12199070136994124,872.6481219778424,0.7496781945228577,26.331375408917665,30.58312877395179,5.1196507492428625,0.04225224256515503,0.11714803250885451,nan,nan,nan,nan,nan,nan,nan,nan,0.990903492101911,0.02936770310335487,0.996576485054397,0.06549189164132714,0.9476257341936831,0.2976454094175548,0.985076032107901,0.13410215687471655
iid,109,0.22994241261169301,0.9645492174505422,0.10531145255897648,-0.3301039514494257,-0.03969739501140551,0.6587476036260563,165.73674505789162,56.0,0.1906398642808199,1197.379760177833,0.6773775815963745,97.56045076996088,33.52472890531311,7.224588366083755,0.043636154383420944,0.17059947030774372,nan,nan,nan,nan,nan,nan,nan,nan,0.9944532097256278,0.025673596191880872,0.9855183131011284,0.16828714019754398,0.8229147130395933,0.24817258762280386,0.9645492174505422,0.14633230639440284
iid,110,0.2640311611513901,0.968560693296595,0.06184007242167041,-0.46625561502197727,-0.02872142021649598,0.61266631403466,206.16668648672655,60.0,0.18331621009856464,964.3904823392697,0.7996554374694824,87.02042470686138,44.533173120406985,4.6777221808886145,0.03867654874920845,0.1765285963533617,nan,nan,nan,nan,nan,nan,nan,nan,0.9889000508507283,0.02761598845967861,0.9768496690206551,0.06163765749824972,0.9300531135595873,0.3324902659314516,0.968560693296595,0.1445284862863705
iid,111,0.21902168339470585,0.9653203345558461,0.09675776757995533,-0.08813600791870077,0.08727292881354136,0.841722815289663,156.93329174337424,57.0,0.20968070961534976,1044.7896507387577,0.6036438345909119,72.13398857042193,20.4941789019292,6.657539895659959,0.04369546100497246,0.2062797200645165,nan,nan,nan,nan,nan,nan,nan,nan,0.9965202259079828,0.029709335301176226,0.972972628610787,0.15864820615746816,0.8366111451163648,0.35424456172413243,0.9653203345558461,0.1819783258060985
iid,112,0.34588249619546424,0.8207165844068312,0.09285899916725558,-0.049581536165695037,-0.06687393524313154,0.3905666588531394,201.82716843861007,48.0,0.25982750616967676,1020.4178397178567,0.9310413599014282,87.68497434444726,26.84011527388937,5.055899300436542,0.03889637812972069,0.2537847108835327,nan,nan,nan,nan,nan,nan,nan,nan,0.8754082657934054,0.03638030702818722,0.8984914522352475,0.13708781955250804,0.84998470143675,0.3555783105928757,0.8207165844068312,0.17831186203312444
iid,113,0.28986304708482674,0.9381890948214283,0.12677043959556808,-0.36721951500150546,0.02512551671654182,0.05021704495570193,208.1984151323765,49.0,0.19699224289506673,1164.1921994601685,1.074066162109375,73.88816156424582,31.46417325218353,5.591743811882299,0.0379033088684082,0.18358778880348564,nan,nan,nan,nan,nan,nan,nan,nan,0.7229749411589025,0.052340003870477596,0.9717236048731728,0.1532093844087991,0.5879713365216936,0.266462332689563,0.9381890948214283,0.15754363311865394
iid,114,0.4202056620236921,0.9182551482616997,0.11571848526922124,0.2571703178279226,-0.02902944005691578,1.0571498034435145,122.11753911182528,48.0,0.29356732629239557,1216.6388992532566,0.589889645576477,37.353141801431775,32.07991480791847,9.962851430695455,0.04664580896496773,0.2745170367341199,nan,nan,nan,nan,nan,nan,nan,nan,0.9892904946582384,0.055179592784435655,0.9063419302285277,0.17740131075173088,0.8526181112554067,0.25319763351446634,0.9182551482616997,0.16115242243013495
iid,115,0.32934463213112114,0.9311789106512818,0.10225995812679947,0.46139577203663296,0.09788248431211058,0.7307498057271924,167.64043396317638,64.0,0.1769767239689827,990.086273372659,0.5953533053398132,63.30967849120498,28.45070624543863,5.906011157130145,0.04343187063932419,0.1696933969539313,nan,nan,nan,nan,nan,nan,nan,nan,0.9936657967555994,0.034579484607213995,0.9330312296532947,0.14253443576505767,0.7402755479244366,0.38402242309697165,0.9311789106512818,0.18927099842598227
iid,116,0.40555854361615873,0.8835590355982017,0.094470634766993,-0.5938401906151952,-0.0689024163039374,0.6594133315349029,281.2500529528118,23.0,0.2492096997797489,980.2784046669706,2.5550971031188965,59.128666669130325,24.19596456083197,3.485433671478959,0.03021889552474022,0.23098108450422092,nan,nan,nan,nan,nan,nan,nan,nan,0.5847223675703128,0.08823872098956917,0.986717509881273,0.04588088765825936,0.8582915734958572,0.3924491355945291,0.8835590355982017,0.1820050161019122
iid,117,0.23646839217547747,0.9652958454554142,0.06654552853835531,0.29621785298075953,-0.05966088086227052,0.905920764596812,221.92468400044476,84.0,0.19287578146904705,983.2750932902787,0.6292145848274231,24.184366753324866,14.267078902255879,4.430670241658689,0.03702599182724953,0.18421944072384486,nan,nan,nan,nan,nan,nan,nan,nan,0.9959086485254313,0.0278746234587201,0.970942735122662,0.10029267178433775,0.6239425397293532,0.27997323093045823,0.9652958454554142,0.13783455057151375
iid,118,0.230358878625176,0.9749908392875606,0.05091060276949454,-0.010599853706132202,0.024181090149240837,0.7915873831885168,165.73674505789162,56.0,0.1906398642808199,1197.379760177833,0.7126115560531616,97.56045076996088,33.52472890531311,7.224588366083755,0.04325324296951294,0.19023737466694982,nan,nan,nan,nan,nan,nan,nan,nan,0.9937071122979247,0.026218766757674716,0.9978664762486971,0.04868490195033319,0.870753392937982,0.3296371367731853,0.9749908392875606,0.13915503682090097
iid,119,0.4771669378704237,0.9232305907703895,0.13357389115053642,-0.49110076185590423,0.006929357318344451,0.3522339469446195,315.09864889594195,34.0,0.2778384046629071,1225.8340206974456,2.3734242916107178,95.1545300707221,17.31868237580603,3.890318238407504,0.029886983335018158,0.2670046518698431,nan,nan,nan,nan,nan,nan,nan,nan,-0.1470371161594824,0.12684057213759312,0.9984133148345002,0.06382611791241627,0.9138307839157767,0.2131015661567261,0.9232305907703895,0.13812758377673662
iid,120,0.27195198620706396,0.9779545436530277,0.06742296531096921,0.29038853717980667,0.09070846640728655,1.0469346805593007,182.334163431289,37.0,0.14598082564771175,953.0458050240453,1.1562801599502563,69.95860164053738,41.1233925357972,5.226918461625498,0.04171290993690491,0.1397931316459318,nan,nan,nan,nan,nan,nan,nan,nan,0.7037796684311305,0.047087212670666914,0.9850721155894195,0.07142331201970696,0.9473657115564657,0.2408289579740797,0.9779545436530277,0.1221976533315734
iid,121,0.39043138360222557,0.8523010795747038,0.1812305341729623,-0.19677618398450192,0.03221050595781752,0.6113047048835536,187.79583946249005,97.0,0.29614019449800255,1092.3489382008888,0.40983837842941284,67.43260707706213,29.725421943070128,5.816683379820415,0.04112032800912857,0.2849323430421106,nan,nan,nan,nan,nan,nan,nan,nan,0.8367655445137278,0.13370985490160314,0.8822912271818103,0.2018222290116751,0.7566683249668504,0.45567097461834605,0.8523010795747038,0.26682995903548473
iid,122,0.41505163947472257,0.8590529556485527,0.12813317316047637,-0.6939274607523247,-0.0575393774503809,0.5275991939317936,246.08046267776467,92.0,0.24687292855232953,1118.5697265269964,0.6177187561988831,82.80886336229742,12.907790593019289,4.545544633471091,0.03516613319516182,0.2350984100901566,nan,nan,nan,nan,nan,nan,nan,nan,0.9953650075523816,0.027943615408957186,0.8459357970679973,0.25782899240203805,0.7225996173035779,0.3170337752814395,0.8590529556485527,0.19809078446225026
iid,123,0.17598602293117255,0.9718269726518409,0.06727437712507187,0.12756809111487594,-0.05094813622854444,0.9570007948642312,302.0608369062366,92.0,0.17767420541495085,1110.855400622187,0.7778410911560059,49.775945069268346,20.11773604804398,3.677588303070915,0.029684508219361305,0.17015981855861542,nan,nan,nan,nan,nan,nan,nan,nan,0.9884646801751261,0.02671708448261067,0.9953239732968738,0.08474314225991345,0.8687629655967497,0.23578897077647748,0.9718269726518409,0.11730006201865487
iid,124,0.21261204813938628,0.9686944294077091,0.08843907576028776,-0.2663280638817572,-0.004903803597636707,0.5709736626246619,203.70707214093707,25.0,0.13651368189603091,972.564830372619,2.0012497901916504,17.54600178450346,16.781815408154408,4.774330219128273,0.039780762046575546,0.13147783535743787,nan,nan,nan,nan,nan,nan,nan,nan,0.41556168411904343,0.07526927867061575,0.9866118521676043,0.05728174428826002,0.9505335372636736,0.21488539109151222,0.9686944294077091,0.11873865770322281
iid,125,0.3605869213411386,0.9357391313919737,0.0968503553775967,0.157586809076644,0.05190626136388552,0.7585428653681227,241.78790053246294,28.0,0.28760730028152465,1162.1503850759352,1.9023011922836304,86.02187768556178,22.91477086280846,4.80648693551935,0.03818526864051819,0.2738913395369511,nan,nan,nan,nan,nan,nan,nan,nan,0.3527457856720991,0.07717998665977976,0.9918107010281374,0.04819168211865501,0.8622863115557964,0.261719642686943,0.9357391313919737,0.13307237490694945
iid,126,0.20186617802369342,0.9772525185099619,0.08555618658023689,0.17456894058539693,0.0013357019139392317,1.185329887978877,150.74890620553055,45.0,0.24461066611111162,938.1482708592675,0.7671580910682678,20.655221827328205,48.30898897753266,6.22325093079083,0.04401938617229462,0.23758390111779948,nan,nan,nan,nan,nan,nan,nan,nan,0.9850153526932924,0.03268508612220448,0.9848752351549446,0.11313964904377945,0.893583853399682,0.22047806513776758,0.9772525185099619,0.12254899765412405
iid,127,0.28726164634865586,0.9515320738546212,0.16350765923113844,-0.4323312407477648,-0.07253970544476539,0.7308302926024093,141.97963791483616,19.0,0.2428702974691987,955.0877704479568,1.9828839302062988,79.9719497282058,24.894539098356955,6.7269348230120745,0.04368693009018898,0.24207049684967274,nan,nan,nan,nan,nan,nan,nan,nan,0.5199049929532907,0.10562366305869907,0.9529450758007502,0.11900949318398475,0.7898233533433483,0.36537494469508514,0.9515320738546212,0.20055236066901988
iid,128,0.2864251927355072,0.9454235075696873,0.06591615443446779,0.14131333935496918,-0.07622961567747455,0.8792938530773456,214.98341347559776,85.0,0.248399880155921,913.1280400580059,0.5659170150756836,76.23700141906738,37.84069007935012,4.247434838323715,0.03753770515322685,0.2364487680831601,nan,nan,nan,nan,nan,nan,nan,nan,0.9987738277120333,0.027474278261360487,0.9740534863883936,0.08868067552075637,0.7079415307149197,0.4598178212269136,0.9454235075696873,0.19715643747712286
iid,129,0.4289020948381885,0.7809176700099028,0.288795825721493,0.17519978546124926,-0.09383844697341538,0.8329620736866137,158.22102378729463,32.0,0.2937549220398068,1194.9507193914058,1.1562801599502563,62.22223769873381,27.199561771732498,7.552414279646205,0.043824419379234314,0.2659764271159074,nan,nan,nan,nan,nan,nan,nan,nan,0.9178999313484362,0.12946020395034344,0.8298790326377635,0.30908944517250636,0.2344118698990122,0.5768183730742805,0.7809176700099028,0.3399243355103704
iid,130,0.7961783950464664,0.6522632949207838,0.3315305775264182,-0.25683338755996454,-0.01663512014600456,0.23101921327094585,324.9197991445763,18.0,0.19213616643100978,897.6669370546688,3.9591102600097656,21.094189723953605,22.26240673570297,2.7627338790002236,0.028373410925269127,0.18729198912252507,nan,nan,nan,nan,nan,nan,nan,nan,0.043931086037661514,0.10811676796954464,0.670227273654268,0.06777121206518334,0.5854899884203798,0.3323564309565761,0.6522632949207838,0.17449698324369725
iid,131,0.3797537564748552,0.9165541484559687,0.11132032544910492,0.6788691679837473,0.06993786371668685,1.074146657755252,193.80481861045493,71.0,0.28703931048512454,1109.2007280057576,0.6008675694465637,20.073712961748242,11.75195122321437,5.723287666212449,0.040809258818626404,0.2675651952916003,nan,nan,nan,nan,nan,nan,nan,nan,0.9955733013802245,0.036638016918657146,0.9242251969181431,0.17150222146252836,0.7580732927323107,0.39750918186464956,0.9165541484559687,0.20340218601291588
iid,132,0.24086151621891388,0.9464286782376602,0.12030112384759852,0.12676762101205166,0.004870860522230524,0.8301531688659735,137.06154337592005,73.0,0.2658001936972141,892.267210316728,0.40983837842941284,59.772185357287526,20.061267485003427,6.509974923232098,0.045816920697689056,0.2525639570307189,nan,nan,nan,nan,nan,nan,nan,nan,0.9746798193280344,0.06356751163751183,0.8445769298817414,0.18763363077403017,0.9079979643155818,0.22076561097406294,0.9464286782376602,0.15580668214626023
iid,133,0.3356135773431132,0.9389304920589054,0.11652936301293111,0.5724971295070529,0.0716512976571464,0.755193595952476,143.7795459684312,87.0,0.20518740378320216,1097.3952426073297,0.37374258041381836,25.949208065867424,25.69833912756875,7.632485102215291,0.04569926857948303,0.19251812299674287,nan,nan,nan,nan,nan,nan,nan,nan,0.9418104735436468,0.09698254846218352,0.9652411221218027,0.12551830871246544,0.9352137164039659,0.3121039680058906,0.9389304920589054,0.18083577337756554
iid,134,0.3772316033100131,0.9014406183214028,0.1431647218439937,-0.7182029020016893,-0.06805389735520181,0.3975894172581231,282.52435517961936,45.0,0.25827857237309215,1245.6735650339538,1.4762815237045288,71.71279625967145,18.54373468266309,4.409083826567791,0.030296023935079575,0.2264493090440622,nan,nan,nan,nan,nan,nan,nan,nan,0.514377986734703,0.06585149995365547,0.9109248906003842,0.14167602904067014,0.6776550446953642,0.3321250520807103,0.9014406183214028,0.18179460192422905
iid,135,0.31460612814470257,0.9670589587008194,0.07321279496490304,0.0006216830351837401,0.06448636076092976,0.998791255107089,229.33354076870077,35.0,0.16489328518509866,966.832667971848,1.5176833868026733,64.65446449816227,19.2259255148063,4.215836308684422,0.03715480864048004,0.15744692549503828,nan,nan,nan,nan,nan,nan,nan,nan,0.5984970985522935,0.04840254949734056,0.9832835213382306,0.08589821102988428,0.8565154659417927,0.23546885721568334,0.9670589587008194,0.12512445565852365
iid,136,0.1478774701874126,0.978258264000016,0.0634952270537251,0.04656059341205791,0.04117081356992281,0.7978048456610625,287.64132612708875,82.0,0.1485941756516695,823.0446047551784,0.8335294127464294,13.046217719092965,37.51371379696295,2.861357287692145,0.0308927483856678,0.14289012440419907,nan,nan,nan,nan,nan,nan,nan,nan,0.9370056925531823,0.05397403219372139,0.9991132179735476,0.05580549959726955,0.9472924287813079,0.20678380136008398,0.978258264000016,0.10800689162301275
iid,137,0.1970761570170562,0.9487558703713516,0.06597442192761331,-0.07131417748177889,0.10222828212861385,0.657227472140752,194.48150890276074,54.0,0.18722940273582933,1222.8837500850434,0.8569055199623108,66.14444602280855,21.284392349734617,6.287917843626336,0.04024577885866165,0.18260874953321077,nan,nan,nan,nan,nan,nan,nan,nan,0.9887819179802257,0.025954720491491636,0.9939824719237483,0.060441782449964176,0.8717409074982954,0.42180358114883537,0.9487558703713516,0.1748479403091037
iid,138,0.25449611152611157,0.9346062394363881,0.09656872787298805,-0.17989198225924483,-0.12858079870170724,0.8356518731162744,144.25120670423362,66.0,0.2896682599559426,963.3242511739768,0.49968773126602173,13.310144487768412,21.540067647272682,6.678101855668596,0.04466309770941734,0.2739087586839398,nan,nan,nan,nan,nan,nan,nan,nan,0.977184678333228,0.07040609375718611,0.9908492592687955,0.09845835077118517,0.8150388964154246,0.5295474804484197,0.9346062394363881,0.2395212562033176
iid,139,0.3714521474583052,0.8323354717106674,0.11823016825814998,0.028728244376140456,0.027449708941585528,0.7467190998534907,356.1113357731149,86.0,0.29150833990424874,1018.355520419634,0.8932046294212341,65.05642620846629,14.412190551602958,2.859654883517797,0.027018336579203606,0.27727080941373267,nan,nan,nan,nan,nan,nan,nan,nan,0.9817166696769207,0.03645509666180425,0.9609737903433438,0.12251744796254668,0.49218947044359157,0.5429195567897775,0.8323354717106674,0.23953636309681764
iid,140,0.24008084603686491,0.9508340289794197,0.12741528950693798,-0.263840256983319,0.018604118881555668,0.39088301164719547,166.317576845069,89.0,0.11787733491510154,1280.6331599162438,0.4556786119937897,73.13486609607935,14.852915845222679,7.699926755842536,0.043030817061662674,0.11159446950306601,nan,nan,nan,nan,nan,nan,nan,nan,0.9941169289254062,0.05063380988047546,0.9051265147824612,0.1968776840239274,0.7922720035152747,0.31132862574692444,0.9508340289794197,0.18575015767676817
iid,141,0.22577626698007122,0.960641611105989,0.08138649116908872,0.200304259052912,0.04025304565219888,0.7367158267248222,147.1806658427896,91.0,0.11322924531996251,1011.1066624560915,0.38069799542427063,77.81441817991436,33.36543517433478,6.8698334571750115,0.0448831170797348,0.11077946406976419,nan,nan,nan,nan,nan,nan,nan,nan,0.9749480521692054,0.05706436008631555,0.948757363538018,0.09916994913433037,0.8397331843417875,0.21538534889184888,0.960641611105989,0.12510838288265666
iid,142,0.28768653719022264,0.8967280978024678,0.1446146275017844,-0.18295161615512748,-0.07446584086437662,0.4948033835566027,156.93329174337424,57.0,0.20968070961534976,1044.7896507387577,0.6379767060279846,72.13398857042193,20.4941789019292,6.657539895659959,0.043263472616672516,0.19263985692626837,nan,nan,nan,nan,nan,nan,nan,nan,0.9881101832086506,0.03508699999000118,0.8837972502746848,0.2336004502435862,0.674433418405948,0.3448879756131859,0.8967280978024678,0.20307137653419133
iid,143,0.28320673767877197,0.9129413330550114,0.13871917507400688,-0.3686283542182286,0.07908552432510371,0.2925630076522211,123.44674799303039,29.0,0.2028368482366204,1051.8362399751636,1.150962233543396,47.25802621804178,18.07986737760591,8.520566617393182,0.04654686897993088,0.192426253168006,nan,nan,nan,nan,nan,nan,nan,nan,0.5514745450636903,0.10020088320302468,0.8837661322674076,0.17173577509806565,0.8940681034689524,0.2851081065117592,0.9129413330550114,0.18637887892959407
iid,144,0.2361373085071621,0.926134694735651,0.1193912350114914,-0.18750871521555468,0.029688502903782003,0.6913889421687323,234.17739021656638,21.0,0.11117903161793947,1116.358373901244,2.5084149837493896,89.80459664016962,45.51983133282086,4.767148412017232,0.03702869638800621,0.08585003989003091,nan,nan,nan,nan,nan,nan,nan,nan,-0.07958653785796635,0.11505485524057346,0.987708925535346,0.05747762744393935,0.9129795300203026,0.18597251267355658,0.926134694735651,0.12260286700312732
iid,145,0.24211864966111632,0.9706107707826912,0.08549240889286382,-0.09056669635195334,-0.0406042981169136,0.8414661080157974,187.79583946249005,97.0,0.29614019449800255,1092.3489382008888,0.431156188249588,67.43260707706213,29.725421943070128,5.816683379820415,0.0401940681040287,0.28234340335038394,nan,nan,nan,nan,nan,nan,nan,nan,0.9954632214328452,0.03761440446459137,0.9182816411824638,0.1206753055200519,0.8669641904926034,0.4507258384324014,0.9706107707826912,0.20712167666996306
iid,146,0.1582012086423885,0.9727598529059936,0.05047459439629048,0.05747877168673542,0.04034657789810898,0.6030848712951907,176.7226450134401,84.0,0.10420899577438832,1086.0182527087534,0.5184593796730042,64.0084230247885,25.63474984929028,6.145325929374584,0.04194572567939758,0.10054939933023437,nan,nan,nan,nan,nan,nan,nan,nan,0.9993633114931398,0.032425387773924216,0.9981860811085668,0.058085674787305044,0.9236972357741995,0.30094907141147276,0.9727598529059936,0.13410676315108044
iid,147,0.313981356209744,0.9487090656573097,0.07871776160045954,0.031017392551183815,0.05663902891742693,0.5207237359326596,190.93246261753734,22.0,0.15516961738467216,1255.0909764050814,2.184436082839966,78.22150701656938,15.35681644573874,6.573481320037193,0.041074298322200775,0.13888877873280212,nan,nan,nan,nan,nan,nan,nan,nan,-0.08574977774882789,0.07170454140034559,0.9939692141845478,0.05644941086565479,0.9332033369218407,0.2447169573140224,0.9487090656573097,0.12768234780972523
iid,148,0.4583720647688176,0.9544721183206719,0.14582434242279363,-0.17151465784586603,-0.016419109600342423,0.9107067804104613,264.14721504428144,37.0,0.2812460053712129,989.6374036043122,1.4899550676345825,83.55606384575367,10.975342881536994,3.7465373369104427,0.0336034893989563,0.26726676659313114,nan,nan,nan,nan,nan,nan,nan,nan,-0.008893584310470022,0.15133350835826032,0.9847124283459645,0.0781832151269205,0.6082439772195976,0.35828212986665764,0.9544721183206719,0.20182043791679746
iid,149,0.2811306519523377,0.9394326600749056,0.09350679584270877,0.2138276378878532,-0.011168771479880308,0.8071145250406263,214.98341347559776,85.0,0.248399880155921,913.1280400580059,0.5737976431846619,76.23700141906738,37.84069007935012,4.247434838323715,0.03830172121524811,0.2345458858902569,nan,nan,nan,nan,nan,nan,nan,nan,0.9973016854705533,0.02801777813000137,0.956547837924356,0.13199574371467745,0.8209396253765977,0.3722778269636452,0.9394326600749056,0.17970218489717954
dipping,0,0.1806693613329973,0.969231274570776,0.07151677493950695,-0.17331949797611607,-0.0041401860181897055,0.600645305183478,176.35942574652972,50.0,0.12389000970870256,808.8657880165803,0.8569055199623108,46.77979899570346,46.67106097556939,4.586461906374724,0.04153812866359949,0.27676877707167036,-0.23930319026112556,500.0,nan,nan,nan,nan,nan,nan,0.9409336487600171,0.051388522766108884,0.9850210193183034,0.08212935966822726,0.8664930073992503,0.17636829635798715,0.969231274570776,0.10435369459390181
dipping,1,0.2689768221234389,0.9480406996048188,0.1286862083820454,0.24612777655282292,0.021864858527261506,0.8596147492858187,152.7403396032269,50.0,0.15653371661901475,1048.5982172128001,0.6995919942855835,91.60327795892954,16.325733952688232,6.865234291980367,0.0440621359744668,0.9100819869775069,1.4409676976501942,500.0,nan,nan,nan,nan,nan,nan,0.5858195615118549,0.12359821940539636,0.9900594813164997,0.10967917661394153,0.791828015232543,0.31060696722631426,0.9480406996048188,0.18487556830528118
dipping,2,0.3324486888402774,0.9177973105349676,0.0790663708958125,-0.33590117716341683,-0.0360537086535741,0.5601397817845829,254.90187020693213,30.0,0.1534626644104719,1037.1168055502942,1.9556506872177124,39.42307441495359,37.76105748548582,4.068690452166363,0.03272816115571186,0.39022109798974486,0.423505749553442,500.0,nan,nan,nan,nan,nan,nan,0.039275393941757816,0.046514771449527356,0.9901605905529962,0.04524598303281485,0.7739756072201205,0.25798919298656237,0.9177973105349676,0.12015018246247587
dipping,3,0.4162955117771697,0.8372198388903688,0.15327315141379036,0.14289372263374087,0.05984436302340449,0.8593431473853496,115.6772881875435,32.0,0.2517434960231185,1004.4481755138845,0.9440065026283264,95.27593640610576,32.01256244522855,8.683192623649754,0.04403272941373871,1.2691940755861975,2.1773519441485405,500.0,nan,nan,nan,nan,nan,nan,0.8433586314102364,0.14028627112735984,0.9444497464986105,0.14865095383759783,0.5406894742531992,0.33915163710385227,0.8372198388903688,0.2123985540322036
dipping,4,0.11264840442388946,0.991478692052887,0.048357130538813776,-0.0016030150664290068,0.01647972683289105,0.8168957739289057,224.93422012888254,57.0,0.11758440956473351,1107.2335869463684,0.966017484664917,11.070757452398539,29.28200628234296,4.922477274964863,0.03688765860669184,0.5339316000134651,1.1216964069753885,500.0,nan,nan,nan,nan,nan,nan,0.8364888850306552,0.05957180048736164,0.9960217404589334,0.037754412254126755,0.9701894570794328,0.08707569899640674,0.991478692052887,0.06265294849555697
dipping,5,0.2921282849203482,0.9676866258315069,0.07558912835614441,-0.18874731544491502,0.016298741339401127,0.743797453308303,211.61292261143794,27.0,0.10291593857109547,1061.136304648547,2.066880226135254,32.47069007717073,15.238146919917327,5.014515614422081,0.035978012475495535,0.7746258436187651,-1.512436168268323,500.0,nan,nan,nan,nan,nan,nan,0.20869096749027266,0.08061189893730514,0.9951446762658946,0.05263681178729931,0.957392140864027,0.14624490821139402,0.9676866258315069,0.0951909260382345
dipping,6,0.28878402755450905,0.9417199186503521,0.10593854375699513,0.2299404631679255,0.004742176934092328,0.9495394625748217,288.5056880274989,39.0,0.2225760443136096,1158.8388332111074,1.8249932527542114,18.973129093647003,17.653934160951795,4.01669319289349,0.030231729181172947,0.5961916933907604,1.8345918338745832,500.0,nan,nan,nan,nan,nan,nan,-0.13072785038035228,0.10116375537980912,0.968458061143504,0.0798026899865128,0.9009821127767249,0.18868557993118085,0.9417199186503521,0.12538807435480034
dipping,7,0.12380638212790696,0.9910719503419252,0.04968907446539426,0.03317870588713862,0.049318709717947225,0.9279812089347635,224.93422012888254,57.0,0.11758440956473351,1107.2335869463684,0.9749649167060852,11.070757452398539,29.28200628234296,4.922477274964863,0.036184438142533366,0.5333980504898125,1.1216964069753885,500.0,nan,nan,nan,nan,nan,nan,0.9097504154344328,0.05344765599921564,0.9993451780175393,0.04897187691347879,0.9569888614506445,0.13131171864555752,0.9910719503419252,0.07935734419971424
dipping,8,0.28408949924858734,0.9145926324192873,0.1279432646857595,-0.04885399432630768,-0.005913322254579718,0.7058415138322923,152.7403396032269,50.0,0.15653371661901475,1048.5982172128001,0.8220815658569336,91.60327795892954,16.325733952688232,6.865234291980367,0.04356106449753046,0.8611653191581619,1.4409676976501942,500.0,nan,nan,nan,nan,nan,nan,0.9170432807763252,0.10348698740143684,0.9525960226743485,0.1475586600941834,0.6971041499343003,0.23234425089744074,0.9145926324192873,0.16180853143286217
dipping,9,0.30627038473163376,0.9143254995729991,0.12180074540352576,-0.02145931586306799,0.07819109900642014,0.7122320079707224,216.67642668606018,51.0,0.13994896914809943,1208.3555305629695,1.1247371435165405,74.33470762334764,20.025233146786718,5.576774312942409,0.03587193213359398,0.7105951731219676,1.594426967203617,500.0,nan,nan,nan,nan,nan,nan,0.059150626444587295,0.09817607373163836,0.9437319607196,0.11315158013911081,0.7580696589059659,0.2921827938170889,0.9143254995729991,0.17057107768378776
dipping,10,0.5033279014159089,0.7321375747041919,0.25613062650501756,-0.6691343310012654,0.03949773874791846,0.6224257226707612,232.04546344101786,29.0,0.2988772563636303,1248.3131362997372,2.1053452491760254,77.55657960660756,18.349563392881038,5.379605865973061,0.033520500887699166,0.9514000366772114,-2.790180439129472,500.0,nan,nan,nan,nan,nan,nan,0.1066218456793002,0.23657007397097984,0.9394201857182933,0.17048478896519578,0.6402230155228688,0.4390277130584192,0.7321375747041919,0.2876046621498484
dipping,11,0.23149774346877902,0.9511268132619652,0.145085749515733,0.015196471078278343,-0.008579264123023426,0.8690793336675168,187.67260589020265,45.0,0.11213736608624458,1024.4744970335894,1.0351779460906982,56.50256913155317,27.620927241346923,5.458838769644172,0.038476395048615004,0.8490998385746784,-2.623276362195611,500.0,nan,nan,nan,nan,nan,nan,0.6088789567718668,0.11953090457103677,0.9542586406019165,0.15290488458877138,0.9415137073710051,0.19811373147450428,0.9511268132619652,0.1570470879925708
dipping,12,0.358065834188887,0.901374450301957,0.15773967803034386,-0.5617886810074958,8.293242369067621e-05,0.6587579660133386,181.71401476829877,54.0,0.26797559950500727,1143.255911211728,0.7393819689750671,82.57714900188148,13.51265704265684,6.2915120370296105,0.0400974580591579,0.7516633765642369,-1.2123646102845669,500.0,nan,nan,nan,nan,nan,nan,0.9666242087814059,0.05033574207256834,0.972417386431841,0.2083809687941332,0.6267900840057203,0.377023630737189,0.901374450301957,0.212090071121655
dipping,13,0.2249824140860666,0.9650398284090267,0.08924173962175874,-0.17682502800148625,-0.02513263896347742,0.5893574842980157,128.79891172937894,52.0,0.1329386865720153,934.7699476466298,0.5981041193008423,27.471749344840646,19.38307989286545,7.257591971046208,0.045925114303827286,0.1303748549600333,-0.09829432144761086,500.0,nan,nan,nan,nan,nan,nan,0.9955480589866929,0.03640589899142026,0.9635665129886866,0.14398852872885692,0.8907943566203714,0.17400677993816194,0.9650398284090267,0.11684099624401084
dipping,14,0.2524949124715711,0.9484707220445294,0.07274670318528317,0.04764757057912167,0.0344979136771407,0.7288893966911102,163.23371364967832,56.0,0.18592685144394636,968.1992554861262,0.7192118763923645,43.01542081870139,27.069258050334792,5.931368182702827,0.04158821007120423,0.8113351285028453,2.030981255695224,500.0,nan,nan,nan,nan,nan,nan,0.9838291838498583,0.03492221928179776,0.987802785113199,0.08133635391136887,0.830490006924066,0.2625494018108476,0.9484707220445294,0.12851597355583655
dipping,15,0.24488698259569844,0.9842074039688739,0.11567454682198239,-0.16044488369016807,-3.357126787194756e-05,0.8744170854552286,177.47463818876648,30.0,0.14926806483417748,1184.6751494557973,1.5037553310394287,14.68507718294859,22.400380494263075,6.675179966817271,0.03838107521589845,1.0917488223469796,2.51784847676754,500.0,nan,nan,nan,nan,nan,nan,-0.09912655906538943,0.1107874300642133,0.993368045708449,0.08118861111444489,0.972025575652926,0.19034150337221217,0.9842074039688739,0.12975171003708239
dipping,16,0.43263166559455546,0.9588922014450867,0.08872320550647086,-0.4478921010556872,-0.05117652019006513,0.645161807065935,355.8918473276948,46.0,0.19138071071356533,1170.8200616444983,1.841896653175354,86.86657487414777,26.48287345020296,3.2898198439663653,0.025328961993851092,0.3071560475803389,-0.5289448779076338,500.0,nan,nan,nan,nan,nan,nan,-0.32457346930458025,0.1282849748042058,0.9760673173084174,0.04564390852491634,0.8169617425010394,0.171120883854036,0.9588922014450867,0.11848522308785955
dipping,17,0.36420931066028794,0.9510734401595624,0.1117792191611065,-0.2860109609056447,-0.08229217831872736,0.8153857841208592,223.51378686700505,36.0,0.27124152388423683,1127.6986769787854,1.3339056968688965,51.437136605381966,29.718091024717094,5.045320437659568,0.035141009005717934,0.5914917874702362,-0.6753600127995014,500.0,nan,nan,nan,nan,nan,nan,0.6570719135543978,0.09576790088495903,0.9749362868035556,0.10088865708623934,0.4020950603213638,0.33265316887856,0.9510734401595624,0.18021397154310345
dipping,18,0.2617347757181006,0.8896225530878624,0.10587309431872341,-0.314031588858506,0.0234724535276178,0.7681210542164835,145.6591547228463,58.0,0.2131588624790311,1113.89350919252,0.6008675694465637,67.01150889508426,33.21710977223727,7.647260560532475,0.0435188033080435,1.0982559587791239,2.2774975653737783,500.0,nan,nan,nan,nan,nan,nan,0.997131987861484,0.039763576506929535,0.962818509945548,0.12001772408521315,0.40560755009638955,0.3804879626608997,0.8896225530878624,0.18309335593430415
dipping,19,0.3872773278847619,0.8625920865162362,0.18037715276622074,-0.5119913342228607,0.0662779050152414,0.8440244612746962,115.6772881875435,32.0,0.2517434960231185,1004.4481755138845,0.852964460849762,95.27593640610576,32.01256244522855,8.683192623649754,0.044752574876329165,1.384986821535463,2.1773519441485405,500.0,nan,nan,nan,nan,nan,nan,0.9117243122877984,0.0748924447595255,0.8437332211618053,0.2631168151145047,0.8651161630432935,0.26461673125746,0.8625920865162362,0.19776325614029633
dipping,20,0.2185069724905876,0.9518964545078091,0.08549736600438798,0.31450318050217085,0.01618620456316269,0.5434164548871703,129.70702434038523,41.0,0.12085072435438633,1068.3602418417113,0.7959777116775513,74.91714344359934,14.164935806835686,8.236718460505685,0.04651834815740585,0.10672552916946329,0.016210617497563362,500.0,nan,nan,nan,nan,nan,nan,0.9655002020123953,0.04393538848181279,0.9683608983586681,0.1047843832450131,0.919168554566043,0.2059731264868358,0.9518964545078091,0.11890329521253093
dipping,21,0.37096148496081993,0.8828129723788074,0.19194201761745922,-0.15587035378569528,-0.0006809924508238807,0.9230941899584347,115.6772881875435,32.0,0.2517434960231185,1004.4481755138845,0.8648423552513123,95.27593640610576,32.01256244522855,8.683192623649754,0.044535380838351554,1.2946434000774927,2.1773519441485405,500.0,nan,nan,nan,nan,nan,nan,0.9341039951071343,0.06988552979249006,0.9469410780537071,0.26372903030034933,0.734503515046148,0.3906040450342184,0.8828129723788074,0.24029006027945277
dipping,22,0.18159514420161868,0.975988793242696,0.05965893770504319,0.17788520722973583,-0.041154628013297924,0.7594309993637693,128.79891172937894,52.0,0.1329386865720153,934.7699476466298,0.6036438345909119,27.471749344840646,19.38307989286545,7.257591971046208,0.04618733376264572,0.1301205981115,-0.09829432144761086,500.0,nan,nan,nan,nan,nan,nan,0.9962331144522343,0.03031681593796472,0.9816543036880917,0.08989902899136398,0.9032965323065649,0.20472600578107603,0.975988793242696,0.10923469629907345
dipping,23,0.2584145467823427,0.9776635861722879,0.07417814674405412,-0.24676428837297623,-0.020631818997766012,0.8225943050759686,187.67260589020265,45.0,0.11213736608624458,1024.4744970335894,1.064209222793579,56.50256913155317,27.620927241346923,5.458838769644172,0.03823416462946269,0.8523625671949164,-2.623276362195611,500.0,nan,nan,nan,nan,nan,nan,0.9052764949149507,0.04953442853282976,0.9955061613432292,0.09071425068243075,0.9479143856661029,0.16937660258777187,0.9776635861722879,0.10383313609693981
dipping,24,0.22818101200036103,0.9812926940232113,0.12273568006399407,-0.07157048570917285,0.026189772564559063,0.9506094218897795,177.47463818876648,30.0,0.14926806483417748,1184.6751494557973,1.5966260433197021,14.68507718294859,22.400380494263075,6.675179966817271,0.03839649973269552,1.0828887679900008,2.51784847676754,500.0,nan,nan,nan,nan,nan,nan,0.08579942204250664,0.12013974773408266,0.9941780381684726,0.08760623119146983,0.9707754243846736,0.19112806588069325,0.9812926940232113,0.13522560412261253
dipping,25,0.24900155721268738,0.8579955952620518,0.10125161636141575,-0.28477577115520275,-0.005975553350397225,0.6456723682273805,145.6591547228463,58.0,0.2131588624790311,1113.89350919252,0.6805073618888855,67.01150889508426,33.21710977223727,7.647260560532475,0.043146568044827416,1.0790065501353803,2.2774975653737783,500.0,nan,nan,nan,nan,nan,nan,0.9960907955647271,0.03406487698322477,0.9536760887162846,0.13331097330603786,0.572031492893018,0.42235501360271854,0.8579955952620518,0.19974025369689152
dipping,26,0.3926953960884768,0.8775545900400825,0.10048876428257089,-0.19668174865134055,0.0440175733685405,0.6652798377054066,158.30550237826546,35.0,0.22524072676897047,837.449827508864,1.194200038909912,25.20396794192493,25.109185227266014,5.290086667409747,0.04107146889503513,0.87387688232219,-2.383018344640732,500.0,nan,nan,nan,nan,nan,nan,0.9443299139252097,0.048609122216658,0.9806033532096837,0.10218641618423602,0.7190481418680654,0.32630093901433666,0.8775545900400825,0.16187444628611897
dipping,27,0.30234065018163897,0.8139477978530465,0.12158511336243713,-1.1190703275935447,-0.05043612864469631,0.499618956226486,199.84089275471806,42.0,0.17641239184886218,919.7201638302063,1.3713147640228271,90.95492349937558,20.694247976630535,4.60226208536337,0.03733829540220488,0.7595553588351663,2.8547291960567236,500.0,nan,nan,nan,nan,nan,nan,0.7390044563455918,0.053566119150987836,0.9280997359538067,0.1660741013835112,0.7582317380410378,0.27688963174709785,0.8139477978530465,0.16548174322938336
dipping,28,0.30239897827457907,0.9208783037984208,0.1357899122964187,-0.09954528450374571,-0.04160696867246502,0.6875650882718665,138.7100821454469,43.0,0.2895577881485224,1387.9696257752187,0.7028244137763977,53.42582343146205,24.648830796296103,10.006263454734592,0.04293926404154491,1.4004558534497205,-2.0719126481562853,500.0,nan,nan,nan,nan,nan,nan,0.9899135740738502,0.028963204793123812,0.9468073078615362,0.20175268781929645,0.801208388368857,0.4209264565286804,0.9208783037984208,0.2179871878084204
dipping,29,0.2786064354864031,0.9194304475143424,0.08713025656691624,-0.07801023615216165,0.00701266310318608,0.6831843398286845,194.555889677985,53.0,0.1635492891073227,1080.6582436220501,0.9396648406982422,49.133477974683046,16.16315876843301,5.5544874298623315,0.03840648451992223,0.876689885971585,-2.9368241876363754,500.0,nan,nan,nan,nan,nan,nan,0.866901573184438,0.0621817493632623,0.9949167773302322,0.06029826118806059,0.702934230064173,0.30139059944975977,0.9194304475143424,0.1453398004409759
dipping,30,0.412165577628311,0.8007894021912444,0.15936361737271484,0.07389671650472586,0.05393897239336005,0.6233842234908629,190.19481916339916,34.0,0.24474413990974425,1326.3050656141806,1.166989803314209,70.62617194838822,25.651788154893886,6.973402700705178,0.03983368796482682,0.9168932783664648,0.8813023902475834,500.0,nan,nan,nan,nan,nan,nan,0.8045861159444393,0.053200482164603824,0.7223978257994426,0.26378224963695973,0.8620817912481702,0.24139594039683526,0.8007894021912444,0.1822434227875916
dipping,31,0.4621454885426919,0.8579437031018914,0.15360916350610146,0.35525194066507637,0.0006022525720472629,0.24972412360317162,190.19481916339916,34.0,0.24474413990974425,1326.3050656141806,1.309535026550293,70.62617194838822,25.651788154893886,6.973402700705178,0.040087162243311894,0.9046614164788345,0.8813023902475834,500.0,nan,nan,nan,nan,nan,nan,0.433794344124582,0.10041930521601218,0.9054494228386107,0.16809403370376774,0.4970436138813352,0.356878466241894,0.8579437031018914,0.2104824301213975
dipping,32,0.24004279924258873,0.9139432875397948,0.08734971781312126,0.03244884965148638,0.03363710950049944,0.7265881215676777,163.23371364967832,56.0,0.18592685144394636,968.1992554861262,0.7427982687950134,43.01542081870139,27.069258050334792,5.931368182702827,0.04266727142771041,0.8080139984705232,2.030981255695224,500.0,nan,nan,nan,nan,nan,nan,0.9541011699888557,0.04621298971320202,0.9851198625053633,0.10623794092103837,0.7853620025977183,0.29598228534072313,0.9139432875397948,0.15163972854518531
dipping,33,0.20288851762467516,0.9325555773850748,0.08599070191693294,-0.08283638859174454,-0.045634344291303426,0.717448582991533,129.70702434038523,41.0,0.12085072435438633,1068.3602418417113,0.8033502101898193,74.91714344359934,14.164935806835686,8.236718460505685,0.04628240689635277,0.10888063591777371,0.016210617497563362,500.0,nan,nan,nan,nan,nan,nan,0.8890068777074943,0.06912985198942373,0.9887765952894547,0.07463063032925024,0.6990388339869873,0.2654657344271135,0.9325555773850748,0.1394976443445631
dipping,34,0.34916193849682514,0.9289532270918486,0.07133067400968723,0.07851795045296053,-0.03346283672111751,0.8130516579450872,268.7976169218203,55.0,0.23475555293262004,884.992562001248,1.1403995752334595,60.827871561050415,21.900014733242934,3.2924122324293066,0.0330238396471197,0.4439695581843214,-1.752508319914341,500.0,nan,nan,nan,nan,nan,nan,0.854760982049309,0.03192158837438676,0.9965910416701718,0.07119336985491515,0.6808446991175078,0.2896670360954885,0.9289532270918486,0.1339140295209309
dipping,35,0.25541120463080214,0.9465443084885381,0.08108945946287627,-0.18058578279083462,-0.008781123143633876,0.8548584445458771,187.67260589020265,45.0,0.11213736608624458,1024.4744970335894,1.0691263675689697,56.50256913155317,27.620927241346923,5.458838769644172,0.03851616963719328,0.8439441252964215,-2.623276362195611,500.0,nan,nan,nan,nan,nan,nan,0.8690778014601438,0.0539850612159847,0.9951303602588721,0.08901086779127834,0.8498324776855387,0.213612443042401,0.9465443084885381,0.12036238682781852
dipping,36,0.2870870720700319,0.9491347199551939,0.09516740789561952,0.03866130493936651,0.012935239375340763,0.8076279073437159,163.23371364967832,56.0,0.18592685144394636,968.1992554861262,0.7192118763923645,43.01542081870139,27.069258050334792,5.931368182702827,0.04133430486322114,0.8065235823589014,2.030981255695224,500.0,nan,nan,nan,nan,nan,nan,0.942343597593253,0.05696818590327981,0.962406603032158,0.11376541562158637,0.7914990028268151,0.19616315856563393,0.9491347199551939,0.12272559525059572
dipping,37,0.159612339591979,0.9756919571741484,0.052611938215122306,0.06767590267222115,-0.025005654340746343,0.8761866702621343,128.79891172937894,52.0,0.1329386865720153,934.7699476466298,0.5981041193008423,27.471749344840646,19.38307989286545,7.257591971046208,0.04650258645415306,0.13230331805652137,-0.09829432144761086,500.0,nan,nan,nan,nan,nan,nan,0.9968487013082455,0.023924819223099473,0.9940143702891416,0.0684133020860953,0.7508858796803748,0.24997343471092745,0.9756919571741484,0.11638837950273802
dipping,38,0.33458088415773773,0.8494161650982932,0.1171339535147026,-0.38999320751898114,0.034062904585480655,0.6278504156417417,167.77010684333558,27.0,0.20463434439152478,978.0123913942222,1.365007758140564,65.82646897062659,17.54096809974818,5.829479457311749,0.041996859784962405,0.5147496616666422,-0.3384149204939604,500.0,nan,nan,nan,nan,nan,nan,0.3792629685401475,0.07764468883358364,0.977532167575121,0.0811716674586355,0.6248336420859821,0.36410713410241746,0.8494161650982932,0.17896463826519105
dipping,39,0.4714913631889045,0.7863183568480103,0.13482475400797178,-0.222507139617048,-0.008348985016068695,0.6385813306196356,241.11066723144913,48.0,0.2609653199091554,991.9683991854686,1.0991096496582031,35.74715574271977,11.363055295978606,4.114162225071731,0.033697191429014006,0.6799896100426919,2.708178162574768,500.0,nan,nan,nan,nan,nan,nan,0.7777824203839506,0.05894309666135172,0.9596478341897366,0.16546697758191903,0.6175431833704562,0.4078874046621085,0.7863183568480103,0.2130307687377868
dipping,40,0.3194517198351629,0.9351755948855147,0.10073707830031642,-0.4072318921976576,0.016697196629496553,0.635509659825273,158.30550237826546,35.0,0.22524072676897047,837.449827508864,1.1247371435165405,25.20396794192493,25.109185227266014,5.290086667409747,0.04198351153837783,0.8722313131900586,-2.383018344640732,500.0,nan,nan,nan,nan,nan,nan,0.8499333960718614,0.04812726925297926,0.9885182687497982,0.11509206560122515,0.8250146652641509,0.29401039570336296,0.9351755948855147,0.15427580241508734
dipping,41,0.34485873266516814,0.7898353226484203,0.10619470277709336,-0.6913024026811696,-0.032758415890685795,0.6068463606362334,183.00572828243588,39.0,0.2809424676001072,905.1962001752855,1.064209222793579,35.09914460591972,19.003240786648583,4.946272494696345,0.040028981504532005,0.6933029060940095,1.2944597695022821,500.0,nan,nan,nan,nan,nan,nan,0.547221512748023,0.08089178997621521,0.9689908782462678,0.11992783870233792,0.6486000344416921,0.2572650883568903,0.7898353226484203,0.1543332590272883
dipping,42,0.22078180460768485,0.9429467193050148,0.08268628678228077,-0.15719063853289006,0.004187129766899435,0.9413052972079001,187.67260589020265,45.0,0.11213736608624458,1024.4744970335894,1.0991096496582031,56.50256913155317,27.620927241346923,5.458838769644172,0.03944343980840511,0.8730904874980319,-2.623276362195611,500.0,nan,nan,nan,nan,nan,nan,0.9537668338003304,0.043941203322410534,0.995098704951221,0.10330664126891893,0.8576505975517569,0.24018366212353698,0.9429467193050148,0.1304356952867573
dipping,43,0.28704763027014407,0.9497233159134293,0.08159138409937934,-0.2658098555332504,-0.006856203080441439,0.9291169474534483,194.555889677985,53.0,0.1635492891073227,1080.6582436220501,0.9396648406982422,49.133477974683046,16.16315876843301,5.5544874298623315,0.03852877752324742,0.873649685109731,-2.9368241876363754,500.0,nan,nan,nan,nan,nan,nan,0.8522258521414525,0.07024682560181991,0.9860447419840195,0.08265746432771395,0.7964370529879521,0.19888885903315348,0.9497233159134293,0.11899472892055488
dipping,44,0.2835342157875854,0.9694607177441747,0.0704471210326475,0.18818065233936904,-0.014055074852879067,0.8609826641451415,252.18040204476517,38.0,0.12977003995329142,956.1594501825649,1.560246467590332,58.5568299330771,23.406589513731348,3.791569219613008,0.032881577945363366,0.4493938083917396,-1.0161754600703716,500.0,nan,nan,nan,nan,nan,nan,0.05300666382343512,0.08154119589735445,0.9957670457590339,0.03718794684773743,0.9407174760196299,0.14822083871078157,0.9694607177441747,0.09157309616716883
dipping,45,0.24855340797720754,0.9652411597648116,0.08101506672889171,-0.019104920909133086,-0.03289520940231145,0.8619060733507437,252.18040204476517,38.0,0.12977003995329142,956.1594501825649,1.5674554109573364,58.5568299330771,23.406589513731348,3.791569219613008,0.03286276255283309,0.4394537666099092,-1.0161754600703716,500.0,nan,nan,nan,nan,nan,nan,0.3920360876355629,0.06387813744262126,0.9937853798782219,0.05035154291790103,0.7708505909343728,0.26934817213419016,0.9652411597648116,0.1317346712272543
dipping,46,0.4138472633387695,0.8531869736530993,0.24139110872598246,-0.4228997640719126,0.014447244889425606,0.6853827464588831,115.6772881875435,32.0,0.2517434960231185,1004.4481755138845,0.8033502101898193,95.27593640610576,32.01256244522855,8.683192623649754,0.04359306377722533,1.2566596629682718,2.1773519441485405,500.0,nan,nan,nan,nan,nan,nan,0.8974947032859641,0.10133904855298528,0.8599512672816622,0.36638116497783857,0.8266078017716618,0.3610696801905332,0.8531869736530993,0.27175740455358305
dipping,47,0.19523349139629215,0.9554789317521916,0.12440290438467222,-0.33133881701914125,0.01748715875252766,0.9617383490056642,177.47463818876648,30.0,0.14926806483417748,1184.6751494557973,1.6114143133163452,14.68507718294859,22.400380494263075,6.675179966817271,0.038522968587838116,1.0701686654777998,2.51784847676754,500.0,nan,nan,nan,nan,nan,nan,-0.0012732038953045762,0.12274999877947211,0.9866704994774501,0.08749583604057717,0.9260409873063228,0.21771692652521019,0.9554789317521916,0.14541217466881196
dipping,48,0.1316680644280486,0.9913071638242439,0.05606960831126179,-0.03230656817841964,0.011902941249408246,0.8889437495204264,224.93422012888254,57.0,0.11758440956473351,1107.2335869463684,0.966017484664917,11.070757452398539,29.28200628234296,4.922477274964863,0.036088917283831456,0.5350394745151344,1.1216964069753885,500.0,nan,nan,nan,nan,nan,nan,0.9006411662566969,0.06028603349391673,0.9985194179952558,0.048368848140311824,0.9545783302365807,0.11385570460683564,0.9913071638242439,0.07546026277735687
dipping,49,0.273030475612466,0.9486846340130181,0.08484675802449593,-0.10063108950832701,0.07597845878531885,0.8303003711047249,216.67642668606018,51.0,0.13994896914809943,1208.3555305629695,0.9704808592796326,74.33470762334764,20.025233146786718,5.576774312942409,0.03595958041662679,0.7320381091701762,1.594426967203617,500.0,nan,nan,nan,nan,nan,nan,0.8711918137896619,0.06668113559013403,0.9899703183067187,0.08420822647631615,0.6967235215084536,0.3026884480770046,0.9486846340130181,0.15454182222639337
dipping,50,0.18061766734430762,0.9498481544817834,0.06568988483496147,0.13600793743794815,-0.021403447849043196,0.6244348846618999,176.35942574652972,50.0,0.12389000970870256,808.8657880165803,0.8728526830673218,46.77979899570346,46.67106097556939,4.586461906374724,0.04184638328254223,0.2772336027759642,-0.23930319026112556,500.0,nan,nan,nan,nan,nan,nan,0.9725232628901422,0.035349360605491834,0.993832926163906,0.0888449766704218,0.8414984682203382,0.2244620704949511,0.9498481544817834,0.11758749388628156
dipping,51,0.2800461872416083,0.9051839296485297,0.09664009126052377,0.1005933407163934,0.038178749009512916,0.8211081726313958,190.19481916339916,34.0,0.24474413990974425,1326.3050656141806,1.3904107809066772,70.62617194838822,25.651788154893886,6.973402700705178,0.03898728083227487,0.8604488198285788,0.8813023902475834,500.0,nan,nan,nan,nan,nan,nan,0.878382653526443,0.0388484413314283,0.9335235776067745,0.1395049411388119,0.8058191144729294,0.2767860884569378,0.9051839296485297,0.1523235677675717
dipping,52,0.1696840248746085,0.9601897514651145,0.08889777379675487,0.021487583792996878,-0.05423681876030094,0.6515893325955464,128.79891172937894,52.0,0.1329386865720153,934.7699476466298,0.5981041193008423,27.471749344840646,19.38307989286545,7.257591971046208,0.04612677916884422,0.12979836736784808,-0.09829432144761086,500.0,nan,nan,nan,nan,nan,nan,0.9979641595821727,0.03316562322889892,0.9721023863402937,0.12765132358557404,0.7559107873280702,0.29304758412360277,0.9601897514651145,0.15247001964904783
dipping,53,0.19542966398138745,0.982381831600255,0.09371668159114775,-0.2581588210602008,-0.0057764510766734126,0.9887835929235987,177.47463818876648,30.0,0.14926806483417748,1184.6751494557973,1.5176833868026733,14.68507718294859,22.400380494263075,6.675179966817271,0.0382878343841061,1.0805159785803127,2.51784847676754,500.0,nan,nan,nan,nan,nan,nan,-0.0811289803701152,0.08125113236457916,0.9972930724859371,0.055669946329957275,0.9637663448063865,0.18968758813298903,0.982381831600255,0.11152953607313604
dipping,54,0.2393819311880857,0.9531223609938586,0.06423842095510023,-0.08333397427042778,0.044347800659708225,1.0018967368343383,216.67642668606018,51.0,0.13994896914809943,1208.3555305629695,0.9976977705955505,74.33470762334764,20.025233146786718,5.576774312942409,0.036840960784139586,0.7427177964978827,1.594426967203617,500.0,nan,nan,nan,nan,nan,nan,0.485026358976758,0.06521100949449894,0.9957748645613395,0.05412255172117646,0.7400440580760757,0.2572876946269812,0.9531223609938586,0.129111311958871
dipping,55,0.18725504767520887,0.980569889778108,0.05962377543210025,-0.07125832814672692,0.022219090919574535,0.8695322092012814,211.61292261143794,27.0,0.10291593857109547,1061.136304648547,1.9377033710479736,32.47069007717073,15.238146919917327,5.014515614422081,0.03652794613585704,0.7809896227230789,-1.512436168268323,500.0,nan,nan,nan,nan,nan,nan,0.2577466321678208,0.07764928088590421,0.9982263993200957,0.04224264624466547,0.9480914457900144,0.13433952415314787,0.980569889778108,0.08686887563706787
dipping,56,0.40514294541050255,0.7689331065984122,0.15459962374685626,0.01912016774320247,0.11747675661707149,0.6207357063853307,172.8773436173758,36.0,0.17296608053147794,1094.309315771885,1.166989803314209,84.8782313708216,42.05291374601135,6.329975304305269,0.04068834061341153,0.9877331988871608,-1.9254490658640862,500.0,nan,nan,nan,nan,nan,nan,0.6639747456413138,0.05218280568343536,0.8297466472190079,0.2092118213086275,0.5676690060197517,0.42779026914624785,0.7689331065984122,0.23075412258297742
dipping,57,0.5173396261958888,0.9315272178628277,0.14274439634339878,-0.6881079794066761,-0.11104390428626666,0.5176152139908001,241.11066723144913,48.0,0.2609653199091554,991.9683991854686,1.1299339532852173,35.74715574271977,11.363055295978606,4.114162225071731,0.03194562460047503,0.6674465873010578,2.708178162574768,500.0,nan,nan,nan,nan,nan,nan,0.6156488056503622,0.05133381605261296,0.9604996015407978,0.1997021881429167,0.7032458104686395,0.32058998539743755,0.9315272178628277,0.1900839869503927
dipping,58,0.35851604901773554,0.8192222939380741,0.11103804866153212,-0.9184530399501258,0.007640748020408582,0.6405490480822141,199.84089275471806,42.0,0.17641239184886218,919.7201638302063,1.2738113403320312,90.95492349937558,20.694247976630535,4.60226208536337,0.03613762695654961,0.7224624133623198,2.8547291960567236,500.0,nan,nan,nan,nan,nan,nan,0.781493038941388,0.05932383382033411,0.9343384184468612,0.11516387029205272,0.7239155577416797,0.29163266429973544,0.8192222939380741,0.1573839354296402
dipping,59,0.5542425371972962,0.9158256402901231,0.22815107331926987,-0.49332186471208,-0.04073408974210417,0.652781818145781,232.04546344101786,29.0,0.2988772563636303,1248.3131362997372,1.7347593307495117,77.55657960660756,18.349563392881038,5.379605865973061,0.033223680506107106,1.018113110912022,-2.790180439129472,500.0,nan,nan,nan,nan,nan,nan,-0.11732025712466086,0.19677879819844743,0.9746516634168872,0.13032658535242425,0.8310994902853104,0.4425905410593364,0.9158256402901231,0.2628772443459516
dipping,60,0.18414137989490287,0.9654268715237965,0.055937720246811554,-0.021059624460568627,0.03231846761029413,0.8573754339004603,176.35942574652972,50.0,0.12389000970870256,808.8657880165803,0.8412497043609619,46.77979899570346,46.67106097556939,4.586461906374724,0.04196598810553551,0.27769238815156,-0.23930319026112556,500.0,nan,nan,nan,nan,nan,nan,0.9888615823882037,0.04885044246207569,0.9985753553983693,0.04922566607577429,0.8013732576087124,0.24119703463955033,0.9654268715237965,0.11628431680830138
dipping,61,0.44256583446909686,0.8608161507776791,0.1683382841998777,-0.03514404193279317,0.008344636170246911,0.6382815039318387,158.30550237826546,35.0,0.22524072676897047,837.449827508864,1.1299339532852173,25.20396794192493,25.109185227266014,5.290086667409747,0.04022635924496821,0.8543130546346834,-2.383018344640732,500.0,nan,nan,nan,nan,nan,nan,0.8117804872102918,0.09427186048120338,0.9557040509385875,0.2066320245462565,0.6606855278766028,0.3422063170799954,0.8608161507776791,0.2147569695102965
dipping,62,0.1735690987864386,0.9884366111733858,0.05337676118403094,0.11847036817541391,-0.024952780155408676,1.0247322034595159,128.79891172937894,52.0,0.1329386865720153,934.7699476466298,0.6008675694465637,27.471749344840646,19.38307989286545,7.257591971046208,0.04617533087730408,0.13215037403016597,-0.09829432144761086,500.0,nan,nan,nan,nan,nan,nan,0.9968006082977634,0.03127975701514193,0.9952364971756043,0.07072122707706985,0.8104081009692348,0.23444131344820576,0.9884366111733858,0.11421874278529266
dipping,63,0.3452211756531182,0.6932747327118078,0.13695077858388133,-0.07678222743327034,-0.023812526736740707,0.5441081476953883,145.6591547228463,58.0,0.2131588624790311,1113.89350919252,0.6805073618888855,67.01150889508426,33.21710977223727,7.647260560532475,0.04339860917197476,1.0450362030178046,2.2774975653737783,500.0,nan,nan,nan,nan,nan,nan,0.990775280334819,0.04015200038002695,0.884315959527556,0.2154826610934389,0.39811402287133313,0.37869664791155677,0.6932747327118078,0.21124182523008594
dipping,64,0.5162929421871225,0.7571447159471782,0.19575635535294691,0.3755325050638921,0.13399911539114792,0.2330879184812565,181.71401476829877,54.0,0.26797559950500727,1143.255911211728,0.7996554374694824,82.57714900188148,13.51265704265684,6.2915120370296105,0.04012214630481752,0.6862990174680103,-1.2123646102845669,500.0,nan,nan,nan,nan,nan,nan,0.9792330141761524,0.03447666592175899,0.9262594737683267,0.2446104884671011,-0.09034490000698917,0.6909053452421553,0.7571447159471782,0.3272668504475003
dipping,65,0.2801840884540477,0.9549471003414829,0.08544220443394285,0.10607594612417837,0.07054373816539479,0.915423096029673,190.19481916339916,34.0,0.24474413990974425,1326.3050656141806,1.3462605476379395,70.62617194838822,25.651788154893886,6.973402700705178,0.0392614247958888,0.864474924474646,0.8813023902475834,500.0,nan,nan,nan,nan,nan,nan,0.5536841256053865,0.05868958961440553,0.9850407403248904,0.0652237230863958,0.702796089384278,0.23738173499549708,0.9549471003414829,0.12319208053938466
dipping,66,0.40971078661384186,0.8832876982988757,0.06664356237711455,0.04069816159901501,-0.06129462289443591,0.7237950516499145,268.7976169218203,55.0,0.23475555293262004,884.992562001248,1.0991096496582031,60.827871561050415,21.900014733242934,3.2924122324293066,0.032449290561405095,0.442883725935848,-1.752508319914341,500.0,nan,nan,nan,nan,nan,nan,0.7759723912808472,0.0507089158892632,0.9941940972126533,0.06147802215415256,0.8041098262553521,0.3332021206130047,0.8832876982988757,0.15281226942203952
dipping,67,0.2836340293681039,0.9403323010089282,0.10036058511498674,0.01396167502868869,0.060744373259108614,0.8443028161660765,172.8773436173758,36.0,0.17296608053147794,1094.309315771885,1.267952799797058,84.8782313708216,42.05291374601135,6.329975304305269,0.03944656503448884,0.9325025129727483,-1.9254490658640862,500.0,nan,nan,nan,nan,nan,nan,0.6282071163212181,0.06016030415606513,0.9931683929662608,0.10091605359008687,0.7800186683770935,0.24609138996222787,0.9403323010089282,0.13746290901842861
dipping,68,0.21369222449699435,0.9666306502646815,0.07964458047389465,0.04274979243595658,0.020313645766537707,0.76504957982098,216.67642668606018,51.0,0.13994896914809943,1208.3555305629695,1.0890229940414429,74.33470762334764,20.025233146786718,5.576774312942409,0.03781584776718827,0.7446575966955479,1.594426967203617,500.0,nan,nan,nan,nan,nan,nan,0.36500388485692636,0.09843977603792377,0.9894225051112072,0.06082644797488838,0.8667303410035172,0.19653829872164408,0.9666306502646815,0.12149026055831527
dipping,69,0.5324659847618091,0.7696040484506355,0.1903635703356083,-0.9536917521908623,-0.018872434497557572,0.6376969785353924,232.04546344101786,29.0,0.2988772563636303,1248.3131362997372,1.6952323913574219,77.55657960660756,18.349563392881038,5.379605865973061,0.035323425923570476,1.0360403414036685,-2.790180439129472,500.0,nan,nan,nan,nan,nan,nan,-0.08680120182608875,0.1360243016038985,0.9456516422431166,0.14073873105030382,0.5306748091526333,0.4316124179339945,0.7696040484506355,0.24089447115335372
dipping,70,0.21703281994502946,0.9524062494166528,0.06782729091831892,-0.2968381992991886,0.023537803490584215,0.9123251717492129,187.67260589020265,45.0,0.11213736608624458,1024.4744970335894,1.064209222793579,56.50256913155317,27.620927241346923,5.458838769644172,0.038744616230411665,0.86043208261507,-2.623276362195611,500.0,nan,nan,nan,nan,nan,nan,0.9266894015530369,0.055497124651092786,0.9961812651869881,0.07682507902147048,0.8599431888059791,0.1862443860529584,0.9524062494166528,0.10765705245285906
dipping,71,0.3013168980791702,0.9555193799808199,0.10121124087682733,-0.40733146702519274,-0.008735359279734754,0.772528872327949,181.71401476829877,54.0,0.26797559950500727,1143.255911211728,0.7028244137763977,82.57714900188148,13.51265704265684,6.2915120370296105,0.04197800239960284,0.8076090963345384,-1.2123646102845669,500.0,nan,nan,nan,nan,nan,nan,0.9775623312285485,0.0484372267240891,0.9724063630609218,0.12312297996115437,0.6548062695688082,0.32152758015315513,0.9555193799808199,0.1664245763953818
dipping,72,0.2884225282501363,0.962435572750978,0.08437863750590008,0.07409680597203923,-0.02566102202374995,0.8871382795051953,254.90187020693213,30.0,0.1534626644104719,1037.1168055502942,2.0197856426239014,39.42307441495359,37.76105748548582,4.068690452166363,0.03397161896803106,0.3855668611550894,0.423505749553442,500.0,nan,nan,nan,nan,nan,nan,0.30275533373204416,0.09663694415683874,0.9974193322034577,0.04863801868005162,0.952713968034197,0.19383168521092434,0.962435572750978,0.11625542588273255
dipping,73,0.3617538145484339,0.8670913795316533,0.07878881087503398,-0.4582508542875309,0.0031291483144167717,0.6081486901066582,241.11066723144913,48.0,0.2609653199091554,991.9683991854686,1.1616226434707642,35.74715574271977,11.363055295978606,4.114162225071731,0.034694430411948515,0.6683046330975305,2.708178162574768,500.0,nan,nan,nan,nan,nan,nan,0.8126155409785056,0.04530873128325519,0.9919309091795319,0.0820819407975524,0.6485605148781038,0.4012747545397359,0.8670913795316533,0.18092880227731256
dipping,74,0.4113391457905039,0.9047584738716604,0.0784834933876826,-0.2522900189019517,-0.05632488786431414,0.6719965546201578,288.5056880274989,39.0,0.2225760443136096,1158.8388332111074,1.7347593307495117,18.973129093647003,17.653934160951795,4.01669319289349,0.028668431233925123,0.6109425001259685,1.8345918338745832,500.0,nan,nan,nan,nan,nan,nan,0.08295540109032977,0.07211283956777745,0.9499908218483251,0.07298403229822031,0.7410882092303778,0.24630920127908684,0.9047584738716604,0.13334292398586858
dipping,75,0.5689338571160609,0.7478667162748952,0.22015485823251518,-0.015418073063725979,0.034598295881751256,0.388679056180216,199.84089275471806,42.0,0.17641239184886218,919.7201638302063,1.0940546989440918,90.95492349937558,20.694247976630535,4.60226208536337,0.03694158490687342,0.7951865939611014,2.8547291960567236,500.0,nan,nan,nan,nan,nan,nan,-0.2926799716270819,0.146480345952314,0.7693124477036092,0.3028529300124535,0.6157333584924566,0.3027761014535131,0.7478667162748952,0.24809563559577555
dipping,76,0.23061021504751028,0.9554451638386386,0.0717208704601173,0.19652152130652414,-0.01653977367019627,0.7053215876850077,129.70702434038523,41.0,0.12085072435438633,1068.3602418417113,0.7566218376159668,74.91714344359934,14.164935806835686,8.236718460505685,0.04673443362116814,0.11410799256454235,0.016210617497563362,500.0,nan,nan,nan,nan,nan,nan,0.981576051143443,0.02660551523724073,0.9853462050316466,0.08569628967328681,0.8266268310234474,0.22337338398257933,0.9554451638386386,0.11320150162892306
dipping,77,0.3321356898457862,0.9177284102107717,0.11862526115789457,0.2911803659539897,0.0629652518709524,0.7031594747473532,152.7403396032269,50.0,0.15653371661901475,1048.5982172128001,0.7850456237792969,91.60327795892954,16.325733952688232,6.865234291980367,0.04381892902880907,0.8944017295855577,1.4409676976501942,500.0,nan,nan,nan,nan,nan,nan,0.844259663299919,0.07196250685972017,0.9735689834949618,0.14004330765126197,0.7912864196167736,0.26958994411156756,0.9177284102107717,0.16155635013532932
dipping,78,0.2422620846625511,0.9361923785709413,0.10570297919935295,0.3318892248292961,0.08429450935502954,0.7451781608241651,216.67642668606018,51.0,0.13994896914809943,1208.3555305629695,0.966017484664917,74.33470762334764,20.025233146786718,5.576774312942409,0.03665000361423282,0.735221345541989,1.594426967203617,500.0,nan,nan,nan,nan,nan,nan,0.7029908108931117,0.07777878023700648,0.9577976795916435,0.11416605769448451,0.8659792030720835,0.3103039163678595,0.9361923785709413,0.17007876112004844
dipping,79,0.2845379730937252,0.9143967617953286,0.0950807863486499,-0.07196831038425366,0.07039948275171512,0.7123330610827845,194.555889677985,53.0,0.1635492891073227,1080.6582436220501,0.8451366424560547,49.133477974683046,16.16315876843301,5.5544874298623315,0.03827411126904189,0.8747862152694587,-2.9368241876363754,500.0,nan,nan,nan,nan,nan,nan,0.9159107874555225,0.06592944612277654,0.9622340714757583,0.10495371718756502,0.8109076679614852,0.22896216191224764,0.9143967617953286,0.13469817796852798
dipping,80,0.27388098167676733,0.9189943665664597,0.08469120291360915,0.3967219421667802,-0.00011981994683668473,0.7157098497486674,252.18040204476517,38.0,0.12977003995329142,956.1594501825649,1.5674554109573364,58.5568299330771,23.406589513731348,3.791569219613008,0.03272266185940488,0.4457673173349261,-1.0161754600703716,500.0,nan,nan,nan,nan,nan,nan,0.6960678848402804,0.07721599280562144,0.9814338559100285,0.06376924476265977,0.7365914411054143,0.23770518179484082,0.9189943665664597,0.12935318453895972
dipping,81,0.26338930965322566,0.9275892372547598,0.1128992877731469,-0.3412948535759192,0.007590538676327219,0.714681363330966,187.67260589020265,45.0,0.11213736608624458,1024.4744970335894,1.0691263675689697,56.50256913155317,27.620927241346923,5.458838769644172,0.038587590159724156,0.84678699529514,-2.623276362195611,500.0,nan,nan,nan,nan,nan,nan,0.7738245520373468,0.0820580148992258,0.9862058357601946,0.13010667268518422,0.8679878232633066,0.2538393045292028,0.9275892372547598,0.1565960636055053
dipping,82,0.26631001424364953,0.9217854997919439,0.08579306687057753,-0.33998980373209375,0.007815026228119418,0.7245479650313383,187.67260589020265,45.0,0.11213736608624458,1024.4744970335894,1.1351547241210938,56.50256913155317,27.620927241346923,5.458838769644172,0.03874130894947383,0.8412863460813254,-2.623276362195611,500.0,nan,nan,nan,nan,nan,nan,0.940563464647215,0.04466945809283741,0.9448989950765225,0.10464982839173495,0.8356094737730223,0.21412827078392135,0.9217854997919439,0.12197415362438604
dipping,83,0.4152526503839613,0.8123976388046505,0.24003717913245326,-0.48325493039432044,-0.10068827088898255,0.5939995009496644,232.04546344101786,29.0,0.2988772563636303,1248.3131362997372,2.330061435699463,77.55657960660756,18.349563392881038,5.379605865973061,0.0323751479280663,0.859753734640995,-2.790180439129472,500.0,nan,nan,nan,nan,nan,nan,0.160862065906015,0.20778077589004773,0.9551892152930225,0.0804217540021081,0.739182511912858,0.5069862364103384,0.8123976388046505,0.2742949805057676
dipping,84,0.22869066078673078,0.9227991380612688,0.10630638032220528,-0.12553325229167475,0.03406009081138204,0.9778577544603219,152.7403396032269,50.0,0.15653371661901475,1048.5982172128001,0.7393819689750671,91.60327795892954,16.325733952688232,6.865234291980367,0.042979419601261615,0.8810571064219073,1.4409676976501942,500.0,nan,nan,nan,nan,nan,nan,0.9358634345269354,0.05903288414405462,0.9736343271384593,0.13837534848411126,0.6409948920129546,0.3034371078585931,0.9227991380612688,0.1683771017461601
dipping,85,0.2561806341951743,0.9547000810366586,0.10637514600553985,-0.21720881416108556,0.010081399341803335,0.851810194278101,151.29622590509993,26.0,0.1943540947511792,1226.1413359472049,1.4294044971466064,44.112565256655216,20.79626698360689,8.10424271069589,0.042871343029662966,1.2167607222662113,-1.3589656110852957,500.0,nan,nan,nan,nan,nan,nan,0.5858416817586061,0.07216565110438651,0.9616673957708652,0.11711216627336951,0.8717337781634491,0.19950332037515012,0.9547000810366586,0.13021778989984867
dipping,86,0.37088267835453353,0.8894414078537071,0.0967684571202985,-0.05508186404138556,0.03822116561863481,0.8693704425751235,241.11066723144913,48.0,0.2609653199091554,991.9683991854686,1.1403995752334595,35.74715574271977,11.363055295978606,4.114162225071731,0.03481832620936135,0.677733070696118,2.708178162574768,500.0,nan,nan,nan,nan,nan,nan,0.8868791147643739,0.05440338933801927,0.9487968768000312,0.10983367512969278,0.7953016100676492,0.2917893608942033,0.8894414078537071,0.15411756512018576
dipping,87,0.271439581119247,0.8915644478184699,0.091338101909489,-0.8328080952848703,-0.06684535313292814,0.4760162336153998,177.47463818876648,30.0,0.14926806483417748,1184.6751494557973,1.3776507377624512,14.68507718294859,22.400380494263075,6.675179966817271,0.038541455673240126,1.0853694126099236,2.51784847676754,500.0,nan,nan,nan,nan,nan,nan,0.1962529428897338,0.08402977242390008,0.9746330274620785,0.0754541880911117,0.8731486268804701,0.27435562444911893,0.8915644478184699,0.14807114533289017
dipping,88,0.45799453882150615,0.8315528715188377,0.20431108618944402,0.07126928706039677,-0.0961341502347186,0.6541587541875816,190.19481916339916,34.0,0.24474413990974425,1326.3050656141806,1.2276910543441772,70.62617194838822,25.651788154893886,6.973402700705178,0.0379295172084342,0.8760328995693236,0.8813023902475834,500.0,nan,nan,nan,nan,nan,nan,0.6516053500166434,0.08419477330511012,0.8192296387005157,0.29389684618505907,0.5925111255980263,0.3728522567774078,0.8315528715188377,0.24813551438439901
dipping,89,0.30695599230170123,0.9041374393144106,0.08716414643616321,0.042908482407110496,-0.005323007519161684,0.6342352932115214,252.18040204476517,38.0,0.12977003995329142,956.1594501825649,1.5674554109573364,58.5568299330771,23.406589513731348,3.791569219613008,0.032678247982440026,0.4492050239249299,-1.0161754600703716,500.0,nan,nan,nan,nan,nan,nan,0.6820366057503122,0.07283512644947746,0.963022278281192,0.09296013562759003,0.7110696724754846,0.24728184269283476,0.9041374393144106,0.1399289798880863
dipping,90,0.21131200539399667,0.9726705100058435,0.0676000960840259,-0.1499486956721849,0.040878416175045375,0.8390181862444127,205.17791269197429,44.0,0.20770500022917987,1017.3962191231344,1.0691263675689697,23.1493638176471,34.76220520801522,4.958604977381324,0.03869522723157636,0.5353243341545746,-0.7758746948093176,500.0,nan,nan,nan,nan,nan,nan,0.81092720517963,0.05161671925440196,0.9964974800848047,0.05887748643176718,0.8186992796168868,0.22843849662455293,0.9726705100058435,0.11568257148716436
dipping,91,0.3473425107991472,0.8785060519442611,0.09621063473636615,0.2835595635534083,-0.053805539591394363,0.27100637407097533,167.77010684333558,27.0,0.20463434439152478,978.0123913942222,1.4694918394088745,65.82646897062659,17.54096809974818,5.829479457311749,0.04262193308211863,0.543146732420105,-0.3384149204939604,500.0,nan,nan,nan,nan,nan,nan,0.25793507397345594,0.08087426024013222,0.9571709634893069,0.07722868670893875,0.6762241915295744,0.26489411430003496,0.8785060519442611,0.14418753710174015
dipping,92,0.29630866877243306,0.8846771613685109,0.12327055786403088,-0.1956486160095521,-0.008778183095523674,0.47909171468805783,151.29622590509993,26.0,0.1943540947511792,1226.1413359472049,1.3587299585342407,44.112565256655216,20.79626698360689,8.10424271069589,0.04206077226065099,1.2148222235329396,-1.3589656110852957,500.0,nan,nan,nan,nan,nan,nan,0.4306966326367531,0.056327995833369615,0.9414071054819046,0.18599946656656308,0.5951093265209987,0.2313910462740032,0.8846771613685109,0.15650150470754942
dipping,93,0.15322033576070163,0.9761846173809948,0.05696011434473576,-0.14195100476069483,-0.0011281849244135795,0.8609223151725616,176.35942574652972,50.0,0.12389000970870256,808.8657880165803,0.8412497043609619,46.77979899570346,46.67106097556939,4.586461906374724,0.04205094999969006,0.2823022224165666,-0.23930319026112556,500.0,nan,nan,nan,nan,nan,nan,0.9701278174606789,0.04036598229133201,0.9958082021870014,0.0673673767122056,0.8686287748648717,0.17666313738109368,0.9761846173809948,0.09617040489901069
dipping,94,0.33372419411544496,0.8385634396781769,0.08985297854592834,-0.34064687555452366,0.051479087566736144,0.5669777198821022,172.8773436173758,36.0,0.17296608053147794,1094.309315771885,1.29751718044281,84.8782313708216,42.05291374601135,6.329975304305269,0.04026355810546213,0.9774379035169319,-1.9254490658640862,500.0,nan,nan,nan,nan,nan,nan,0.8288076135959628,0.03479677804019783,0.950353474417122,0.10819453295332185,0.5679142259008936,0.37062435686741746,0.8385634396781769,0.1743557571036619
dipping,95,0.3014854406713077,0.9316637453135789,0.10259816556723947,-0.03241325300524225,0.03213081315980656,0.7300342949909235,194.555889677985,53.0,0.1635492891073227,1080.6582436220501,0.8373806476593018,49.133477974683046,16.16315876843301,5.5544874298623315,0.038176360868444704,0.8928888516915194,-2.9368241876363754,500.0,nan,nan,nan,nan,nan,nan,0.9254925581145638,0.06721950520171671,0.9571012238932987,0.12769215378385618,0.809353807174304,0.2792487738491404,0.9316637453135789,0.15957154380295682
dipping,96,0.25556388693079435,0.9299629181937993,0.11518762991605386,0.10765192109574154,0.01925124338198912,0.9173026838537753,254.90187020693213,30.0,0.1534626644104719,1037.1168055502942,2.124845266342163,39.42307441495359,37.76105748548582,4.068690452166363,0.03277333404921616,0.37680237298101477,0.423505749553442,500.0,nan,nan,nan,nan,nan,nan,-0.3068883084777247,0.11916833156996443,0.9958924078044133,0.05541971237392579,0.9148792615442308,0.16289330401504215,0.9299629181937993,0.11534748616693004
dipping,97,0.21910057792579246,0.9630467705711632,0.07864863966011618,0.2527954224947398,-0.010669634289488,0.7908794544208219,129.70702434038523,41.0,0.12085072435438633,1068.3602418417113,0.7427982687950134,74.91714344359934,14.164935806835686,8.236718460505685,0.0462920106947422,0.12310260698074843,0.016210617497563362,500.0,nan,nan,nan,nan,nan,nan,0.9753326148688037,0.038175109906074055,0.9761416880249701,0.10428311627918668,0.9239109735247816,0.20160348780469683,0.9630467705711632,0.11520744408252581
dipping,98,0.34024035559672894,0.9503481393194406,0.08479553077292679,-0.18320507994229449,-0.039828206486999806,0.7362592436233263,288.5056880274989,39.0,0.2225760443136096,1158.8388332111074,1.703065037727356,18.973129093647003,17.653934160951795,4.01669319289349,0.030291076629422604,0.6175491339584144,1.8345918338745832,500.0,nan,nan,nan,nan,nan,nan,-0.12117872059562904,0.060096051601685255,0.9913221891110772,0.05294579647462422,0.8471639487612053,0.24119188830844496,0.9503481393194406,0.12133451791093285
dipping,99,0.2614754086731698,0.9426029166651513,0.13041023823289835,-0.19069666118298376,0.0416862060394677,0.8550986092544727,252.18040204476517,38.0,0.12977003995329142,956.1594501825649,1.6040030717849731,58.5568299330771,23.406589513731348,3.791569219613008,0.033540699125414616,0.45332006111312284,-1.0161754600703716,500.0,nan,nan,nan,nan,nan,nan,0.5332969860679658,0.07211346343015104,0.9507837009280689,0.13192068633144405,0.9614822125451579,0.20108519122540053,0.9426029166651513,0.13519573502887627
dipping,100,0.39478294799508495,0.8413915954449787,0.23013455333374816,-0.45284534839087826,-0.039298242946569174,0.5329456022028252,181.71401476829877,54.0,0.26797559950500727,1143.255911211728,0.7192118763923645,82.57714900188148,13.51265704265684,6.2915120370296105,0.04097811209574273,0.7619545857951591,-1.2123646102845669,500.0,nan,nan,nan,nan,nan,nan,0.9787913023293758,0.049558053196372,0.8811564407066571,0.38057250792459063,0.3797911553710936,0.6454264887742099,0.8413915954449787,0.3574163420670809
dipping,101,0.3663619756154575,0.8665655413341361,0.10973890229214081,-0.25238412409194133,-0.02510826557049837,0.7714261667325366,355.8918473276948,46.0,0.19138071071356533,1170.8200616444983,1.7999285459518433,86.86657487414777,26.48287345020296,3.2898198439663653,0.025589295751860607,0.28921764398869876,-0.5289448779076338,500.0,nan,nan,nan,nan,nan,nan,0.24312430393296966,0.15997814035152452,0.9660926730718059,0.08297354599233128,0.6534111498727885,0.20678970145562298,0.8665655413341361,0.153260808430201
dipping,102,0.23010735045192537,0.9431971107656475,0.08862936145174494,-0.510752901250288,0.014756284997224551,0.8773262070964242,187.67260589020265,45.0,0.11213736608624458,1024.4744970335894,1.1247371435165405,56.50256913155317,27.620927241346923,5.458838769644172,0.039097110279649495,0.8617440825570951,-2.623276362195611,500.0,nan,nan,nan,nan,nan,nan,0.8779096903623562,0.056425779158250776,0.9837119920560414,0.1069293781867112,0.8729023018865953,0.17991600695408672,0.9431971107656475,0.11479843859533148
dipping,103,0.22058109050102157,0.9141067545766024,0.12108622432265916,-0.12626466269275194,-0.022863642233365757,0.6770360039366579,152.7403396032269,50.0,0.15653371661901475,1048.5982172128001,0.7192118763923645,91.60327795892954,16.325733952688232,6.865234291980367,0.043102547650635245,0.9029206796560777,1.4409676976501942,500.0,nan,nan,nan,nan,nan,nan,0.8042480272436132,0.08439533475681557,0.9944229811805538,0.09989399620997996,0.5382789814028934,0.3563663143741006,0.9141067545766024,0.1842347760588146
dipping,104,0.2850145696872278,0.9081545381889202,0.12264798072109878,-0.12891539296978938,0.03454932749700434,0.7522680475718592,190.19481916339916,34.0,0.24474413990974425,1326.3050656141806,1.309535026550293,70.62617194838822,25.651788154893886,6.973402700705178,0.04113773546696586,0.8881992835461614,0.8813023902475834,500.0,nan,nan,nan,nan,nan,nan,0.6842199991447563,0.0804602690483162,0.9872694734580626,0.09435133778408578,0.6072923772615315,0.42970714164789003,0.9081545381889202,0.20686399507889794
dipping,105,0.3966309237491326,0.8886490294252077,0.19703183474985575,-0.46989918128051456,0.019056882356529945,0.5817856744861957,138.7100821454469,43.0,0.2895577881485224,1387.9696257752187,0.6963744759559631,53.42582343146205,24.648830796296103,10.006263454734592,0.04169556601464662,1.358242337217038,-2.0719126481562853,500.0,nan,nan,nan,nan,nan,nan,0.9715810098261908,0.05445835279408175,0.8825022085093117,0.32010932683601423,0.5356692240648598,0.4324131942844461,0.8886490294252077,0.266437839528289
dipping,106,0.2883489598988027,0.937349959541612,0.08192784547222032,0.20236238310055327,0.03916653014363605,0.7780025880025802,163.23371364967832,56.0,0.18592685144394636,968.1992554861262,0.7028244137763977,43.01542081870139,27.069258050334792,5.931368182702827,0.04192709738950777,0.8055803003583764,2.030981255695224,500.0,nan,nan,nan,nan,nan,nan,0.9803406678813006,0.027738597745815524,0.9867927069892442,0.1003679122817481,0.8123356412714234,0.20852126471246407,0.937349959541612,0.1128013255449223
dipping,107,0.25690750939498735,0.970590078452215,0.07509719834706108,0.03132218773150828,-0.015272667966660823,0.8105878026757823,252.18040204476517,38.0,0.12977003995329142,956.1594501825649,1.6263395547866821,58.5568299330771,23.406589513731348,3.791569219613008,0.03210945588065998,0.4420639366215828,-1.0161754600703716,500.0,nan,nan,nan,nan,nan,nan,0.6156760798803608,0.08470416290652602,0.998282789377498,0.04656914250991788,0.8355149067007887,0.20798184763666874,0.970590078452215,0.11641084644309353
dipping,108,0.341344439566838,0.889230564263765,0.11543312370594348,-0.20266275970304984,-0.12490415184680644,0.6104428186741649,183.00572828243588,39.0,0.2809424676001072,905.1962001752855,1.0304169654846191,35.09914460591972,19.003240786648583,4.946272494696345,0.04091594446087495,0.7123602447258924,1.2944597695022821,500.0,nan,nan,nan,nan,nan,nan,0.8709027269400116,0.08344742641747657,0.9965985466316694,0.12622172050084154,0.7284250187618488,0.42352449813805615,0.889230564263765,0.21530668974468892
dipping,109,0.29109981891472264,0.9598378127460322,0.09289925859925796,-0.32516229204894037,-0.04922588108720899,0.5934007565634413,288.5056880274989,39.0,0.2225760443136096,1158.8388332111074,1.7589166164398193,18.973129093647003,17.653934160951795,4.01669319289349,0.028372338958395023,0.5991589273224035,1.8345918338745832,500.0,nan,nan,nan,nan,nan,nan,-0.19455937374792984,0.06788681571271038,0.9926679729838453,0.06343070166482015,0.8754030107955789,0.2420004925855023,0.9598378127460322,0.12748976840382048
dipping,110,0.2734049330839477,0.8692665221924567,0.14316514762929528,-0.1856895572967706,-0.011092971668242482,0.7065863710024478,194.555889677985,53.0,0.1635492891073227,1080.6582436220501,0.9794696569442749,49.133477974683046,16.16315876843301,5.5544874298623315,0.03768486829815468,0.8459753457950018,-2.9368241876363754,500.0,nan,nan,nan,nan,nan,nan,0.8492210020316598,0.08339493337397572,0.9773516810074794,0.15262849505726417,0.6533572933009305,0.3785487956550835,0.8692665221924567,0.20746885367735
dipping,111,0.21527431134100322,0.9442739614859248,0.059283086857958404,0.09531104969197991,-0.01619680579939666,0.8102781942378817,205.17791269197429,44.0,0.20770500022917987,1017.3962191231344,1.1299339532852173,23.1493638176471,34.76220520801522,4.958604977381324,0.03827253069991077,0.5289507478292105,-0.7758746948093176,500.0,nan,nan,nan,nan,nan,nan,0.6798492481669933,0.03715096420636316,0.9976143144392476,0.06570107025696378,0.7811728980154526,0.22096666968752526,0.9442739614859248,0.11005149293995009
dipping,112,0.34217723913865783,0.9438809787246042,0.13064480417571533,-0.045668402350092806,-0.13501940650262595,0.7799220879902192,190.19481916339916,34.0,0.24474413990974425,1326.3050656141806,1.2390621900558472,70.62617194838822,25.651788154893886,6.973402700705178,0.039906135048278994,0.9268215813011589,0.8813023902475834,500.0,nan,nan,nan,nan,nan,nan,0.5432886930958498,0.09331656005084375,0.9570400654828232,0.15111371371536522,0.8068216535499981,0.3606994499769581,0.9438809787246042,0.20423971762434018
dipping,113,0.11779015119212927,0.9930884578754343,0.03964969123600632,-0.04154167171499463,-0.005812820352833093,0.8947628102891247,224.93422012888254,57.0,0.11758440956473351,1107.2335869463684,0.9749649167060852,11.070757452398539,29.28200628234296,4.922477274964863,0.03628374673393473,0.5333268587432435,1.1216964069753885,500.0,nan,nan,nan,nan,nan,nan,0.9324050567906281,0.0337817513582312,0.9989641490775604,0.03624312833415507,0.9625672397359868,0.12910056714055618,0.9930884578754343,0.0678817499748221
dipping,114,0.2219777204225998,0.9887590894204793,0.10455010333253917,-0.25593898154682737,-0.06716127640035204,0.8105083511116903,254.90187020693213,30.0,0.1534626644104719,1037.1168055502942,1.911090612411499,39.42307441495359,37.76105748548582,4.068690452166363,0.03304523348836228,0.3842098299039105,0.423505749553442,500.0,nan,nan,nan,nan,nan,nan,-0.19164528177370552,0.132231590182498,0.9956824337964993,0.05035785037248166,0.9492651519806365,0.18752025168470515,0.9887590894204793,0.1270204997652656
dipping,115,0.24449121862643494,0.9397426142800777,0.08798592529448111,0.46310268905127117,0.030384024075280357,1.0010653816138828,252.18040204476517,38.0,0.12977003995329142,956.1594501825649,1.574697732925415,58.5568299330771,23.406589513731348,3.791569219613008,0.03375308768147309,0.45304041901821607,-1.0161754600703716,500.0,nan,nan,nan,nan,nan,nan,0.24553618646725311,0.08647989142620027,0.9834382995632572,0.07007465216090386,0.8930609884847545,0.2082727932731615,0.9397426142800777,0.12418583529304776
dipping,116,0.3445300035010583,0.9072741566553564,0.08078467474512041,0.10483438892233504,0.055170420827786094,0.6884874438186119,194.555889677985,53.0,0.1635492891073227,1080.6582436220501,0.9396648406982422,49.133477974683046,16.16315876843301,5.5544874298623315,0.038706704392853494,0.8563523443912481,-2.9368241876363754,500.0,nan,nan,nan,nan,nan,nan,0.9076281959377728,0.06442493625047305,0.9865338713012102,0.0794403882419441,0.732847018895882,0.33290032716963736,0.9072741566553564,0.16289595866962187
dipping,117,0.2693543401852889,0.9465023439581877,0.1449215999951315,0.038478050637250016,0.04376897744165829,0.6653562746607345,151.29622590509993,26.0,0.1943540947511792,1226.1413359472049,1.5388177633285522,44.112565256655216,20.79626698360689,8.10424271069589,0.04227467922307551,1.1991371601605818,-1.3589656110852957,500.0,nan,nan,nan,nan,nan,nan,-0.33069428463323236,0.1420384252565291,0.9675170770719335,0.0956673709551693,0.906628882782236,0.2431663252024261,0.9465023439581877,0.1635218739471851
dipping,118,0.3939896453489781,0.8304102813893136,0.19880731753639358,-0.16267247462149484,-0.01917791816911737,0.6420794517575523,115.6772881875435,32.0,0.2517434960231185,1004.4481755138845,0.922497034072876,95.27593640610576,32.01256244522855,8.683192623649754,0.0442418518885097,1.29648372535166,2.1773519441485405,500.0,nan,nan,nan,nan,nan,nan,0.848807795566527,0.14730303946218837,0.9574549761282128,0.2053029781539793,0.6184859338079794,0.4634316734832845,0.8304102813893136,0.2753480429771093
dipping,119,0.13589898642575707,0.9921283854912663,0.053071915873073625,-0.03459911088554679,-0.030888877844918925,0.8108064150729332,224.93422012888254,57.0,0.11758440956473351,1107.2335869463684,0.9794696569442749,11.070757452398539,29.28200628234296,4.922477274964863,0.036084925399995166,0.5338504999579747,1.1216964069753885,500.0,nan,nan,nan,nan,nan,nan,0.8176362407460339,0.0547133889938142,0.9977515922062288,0.04583849005586678,0.9700909589529022,0.09909330907123345,0.9921283854912663,0.06758389133952672
dipping,120,0.2649610864027681,0.8890999717142155,0.09981004585231042,0.13889849662401144,-0.011628958977961183,0.4585613292886095,254.90187020693213,30.0,0.1534626644104719,1037.1168055502942,1.964686632156372,39.42307441495359,37.76105748548582,4.068690452166363,0.0331052634728762,0.3891660849706284,0.423505749553442,500.0,nan,nan,nan,nan,nan,nan,-0.5128316978649251,0.10531285031143842,0.9962647728523868,0.06073678105599391,0.7906393647354085,0.2184886582983023,0.8890999717142155,0.13155156233020743
dipping,121,0.2919320404146199,0.9596366616276273,0.08016397988515048,-0.291416275666617,-0.013714624935201997,0.6934168802738436,288.5056880274989,39.0,0.2225760443136096,1158.8388332111074,1.6952323913574219,18.973129093647003,17.653934160951795,4.01669319289349,0.030359361712199946,0.6020498140042325,1.8345918338745832,500.0,nan,nan,nan,nan,nan,nan,0.40662558837554325,0.09707778337266862,0.9900172564799539,0.053624800176355306,0.8442003097183144,0.18898530047985088,0.9596366616276273,0.1162095194012884
dipping,122,0.31309480990346295,0.9182504671768164,0.10997210938437438,-0.12952620514337013,-0.007260865134554908,0.877313513366618,158.30550237826546,35.0,0.22524072676897047,837.449827508864,1.1616226434707642,25.20396794192493,25.109185227266014,5.290086667409747,0.04132125803934676,0.8853597586468334,-2.383018344640732,500.0,nan,nan,nan,nan,nan,nan,0.9040450722831606,0.05973256045932353,0.9783739732164011,0.14148912415211332,0.7958492148394712,0.20455697592469896,0.9182504671768164,0.13494807498004185
dipping,123,0.34669914821621056,0.8563660366287618,0.11872359918363275,-0.08748144218509564,0.0374973598921941,0.6412071015959553,172.8773436173758,36.0,0.17296608053147794,1094.309315771885,1.2333635091781616,84.8782313708216,42.05291374601135,6.329975304305269,0.04005582249247366,0.9722468457918989,-1.9254490658640862,500.0,nan,nan,nan,nan,nan,nan,0.8009360423249252,0.04836999335599359,0.9814989430045263,0.10333814842100753,0.5441641883938669,0.46017656508203814,0.8563660366287618,0.20899273997961337
dipping,124,0.44904116913943126,0.7433477452909006,0.11966050547848206,-0.6500425058787519,0.0814975221703062,0.6561434779712653,241.11066723144913,48.0,0.2609653199091554,991.9683991854686,1.104188084602356,35.74715574271977,11.363055295978606,4.114162225071731,0.03637848890650396,0.668480474626691,2.708178162574768,500.0,nan,nan,nan,nan,nan,nan,0.8888052932353926,0.04718179577627606,0.9361318034269444,0.16057226082412918,0.6293338024062196,0.38066862512817645,0.7433477452909006,0.19791932556379715
dipping,125,0.21940504650174586,0.9616551518892007,0.05193197578873801,-0.0007348115080709298,0.0005675333795784567,0.8962333190410706,254.90187020693213,30.0,0.1534626644104719,1037.1168055502942,1.9920457601547241,39.42307441495359,37.76105748548582,4.068690452166363,0.03469859293901051,0.39408080762827497,0.423505749553442,500.0,nan,nan,nan,nan,nan,nan,-0.22322726090488876,0.07987390256180568,0.9995754895227467,0.023947201292761428,0.9201859730401081,0.16308269162634748,0.9616551518892007,0.09221896835368201
dipping,126,0.3388853477788705,0.8598097706550757,0.20838988989457674,-0.31192391905744643,0.10201132660548412,0.6333158702081554,151.29622590509993,26.0,0.1943540947511792,1226.1413359472049,1.3968350887298584,44.112565256655216,20.79626698360689,8.10424271069589,0.04209131735004484,1.2270783290740739,-1.3589656110852957,500.0,nan,nan,nan,nan,nan,nan,-0.32695653490966176,0.11175340301368088,0.772737135316217,0.252373668603866,0.946494451309938,0.22936413639132677,0.8598097706550757,0.1951032393729125
dipping,127,0.2905825848184201,0.8677621680527022,0.10708077963930002,-0.2439461122674017,0.06883564305994505,0.5872623123193094,145.6591547228463,58.0,0.2131588624790311,1113.89350919252,0.6205728650093079,67.01150889508426,33.21710977223727,7.647260560532475,0.042860431262966375,1.0274406224388524,2.2774975653737783,500.0,nan,nan,nan,nan,nan,nan,0.99012269771018,0.04841247845426135,0.9494531661871922,0.13845850280073546,0.5086239300397021,0.39308503595623845,0.8677621680527022,0.19606168088389558
dipping,128,0.35153109859720666,0.8946703143879947,0.11120140007140636,0.20297491254418554,-0.060644769163937774,0.9037232435541834,288.5056880274989,39.0,0.2225760443136096,1158.8388332111074,1.7109339237213135,18.973129093647003,17.653934160951795,4.01669319289349,0.029575311345669132,0.5966188112485477,1.8345918338745832,500.0,nan,nan,nan,nan,nan,nan,0.36927070645176907,0.07004908320627873,0.9521547760873393,0.08616068756946357,0.8429400372898634,0.2419504899944569,0.8946703143879947,0.13504805689109656
dipping,129,0.32125289619529973,0.9563505760733175,0.11310879477575606,0.13472613840225076,0.013443342889556498,0.8787787137587586,252.18040204476517,38.0,0.12977003995329142,956.1594501825649,1.5037553310394287,58.5568299330771,23.406589513731348,3.791569219613008,0.032433296967591896,0.44496410144928755,-1.0161754600703716,500.0,nan,nan,nan,nan,nan,nan,-0.4085873173797929,0.1328776626418428,0.9849876281234826,0.07629997640550784,0.857530618718867,0.21348785256425049,0.9563505760733175,0.14411792324378503
dipping,130,0.2835027911495717,0.9397187914192106,0.11610770398455932,-0.38705037332896897,-0.023243163731275607,0.6936796077631069,172.8773436173758,36.0,0.17296608053147794,1094.309315771885,1.205260992050171,84.8782313708216,42.05291374601135,6.329975304305269,0.04040214674919844,0.9539968158579357,-1.9254490658640862,500.0,nan,nan,nan,nan,nan,nan,0.723383190034437,0.05949357809398773,0.9454632218964784,0.1518569042168763,0.88572453337877,0.20813142589132266,0.9397187914192106,0.13922582265992153
dipping,131,0.3323536695111811,0.8459735528878433,0.23046570593139934,-0.025275543404519884,-0.01276057819723846,0.46294873226963623,152.7403396032269,50.0,0.15653371661901475,1048.5982172128001,0.7996554374694824,91.60327795892954,16.325733952688232,6.865234291980367,0.042860950080454346,0.852063981079416,1.4409676976501942,500.0,nan,nan,nan,nan,nan,nan,0.7387291092031331,0.2179025126269845,0.9473254915049565,0.18851297754538773,0.4185483995133996,0.3422585864257877,0.8459735528878433,0.25261027793208657
dipping,132,0.277439881206669,0.9086356683055453,0.09088644489368533,-0.04970474944461513,-0.00308589608495235,0.7516012932246061,194.555889677985,53.0,0.1635492891073227,1080.6582436220501,0.9615746140480042,49.133477974683046,16.16315876843301,5.5544874298623315,0.0380852956320247,0.8550463184928448,-2.9368241876363754,500.0,nan,nan,nan,nan,nan,nan,0.9071715476919333,0.06659814123226329,0.9819249640018212,0.08654987026023914,0.7381857514027348,0.3178244535652023,0.9086356683055453,0.16051286925718466
dipping,133,0.3709885968912651,0.9083581677056237,0.11785300468302637,-0.09253871276345012,0.015565344437386512,0.9197134435015883,158.30550237826546,35.0,0.22524072676897047,837.449827508864,1.0691263675689697,25.20396794192493,25.109185227266014,5.290086667409747,0.041248462503509865,0.8799691515451407,-2.383018344640732,500.0,nan,nan,nan,nan,nan,nan,0.854528049824787,0.04781438000530318,0.9873164171248743,0.13234823596118142,0.7126817893767572,0.3670802671958426,0.9083581677056237,0.18491759730875545
dipping,134,0.519700983279534,0.8291325635915894,0.17507319920089476,-0.03051982156686467,0.08162946245369715,0.8127176056055794,232.04546344101786,29.0,0.2988772563636303,1248.3131362997372,1.703065037727356,77.55657960660756,18.349563392881038,5.379605865973061,0.03442798082337811,0.9289275863697978,-2.790180439129472,500.0,nan,nan,nan,nan,nan,nan,-0.003052514978418681,0.12015550430152414,0.9841293268746178,0.06480883011633178,0.5896671597637855,0.4674042766421208,0.8291325635915894,0.22508857236517527
dipping,135,0.23405748932980242,0.9573232501558822,0.1016682101779379,-0.3327239215456067,0.027325836606596352,0.8356037352081813,177.47463818876648,30.0,0.14926806483417748,1184.6751494557973,1.531740427017212,14.68507718294859,22.400380494263075,6.675179966817271,0.03913321160878986,1.08299285913014,2.51784847676754,500.0,nan,nan,nan,nan,nan,nan,0.18510035784597875,0.077932868365681,0.9825046644031327,0.10938516752153017,0.9199962133864045,0.16378651378969603,0.9573232501558822,0.117417334010841
dipping,136,0.36763365149365324,0.918448685491532,0.10410827876031857,-0.46241145485240265,-0.10416189977624069,0.5564423511774085,355.8918473276948,46.0,0.19138071071356533,1170.8200616444983,1.833425521850586,86.86657487414777,26.48287345020296,3.2898198439663653,0.024473576492427485,0.29936842623706217,-0.5289448779076338,500.0,nan,nan,nan,nan,nan,nan,-0.06501519747361278,0.10122914039409867,0.9514844598521831,0.0769873370793912,0.6835677598120768,0.28279952173937495,0.918448685491532,0.1575062328705331
dipping,137,0.24682401817202965,0.9405841336848636,0.08717915419115183,-0.08068374894894051,0.015306806944368197,1.0512422474375132,187.67260589020265,45.0,0.11213736608624458,1024.4744970335894,1.1299339532852173,56.50256913155317,27.620927241346923,5.458838769644172,0.03888859458938241,0.8559913629877248,-2.623276362195611,500.0,nan,nan,nan,nan,nan,nan,0.8952380306742899,0.06546504492668234,0.9893962480664533,0.0913645299505957,0.8489321912348151,0.24707270664695385,0.9405841336848636,0.1367975720359514
dipping,138,0.26249801526357797,0.9378049365921556,0.09366278460587533,0.1321722938094716,-0.02090077280873728,0.8748222429736426,288.5056880274989,39.0,0.2225760443136096,1158.8388332111074,1.7109339237213135,18.973129093647003,17.653934160951795,4.01669319289349,0.02990578647858153,0.6088069366103401,1.8345918338745832,500.0,nan,nan,nan,nan,nan,nan,0.3441416291113805,0.09938256288949679,0.9808288132595476,0.061844403813976406,0.8091200571212663,0.20819155729266697,0.9378049365921556,0.12620426320795022
dipping,139,0.2700884853586053,0.8878949867466941,0.13423604257164704,-0.1845607047921689,0.008053858158538455,0.6705436605096361,138.7100821454469,43.0,0.2895577881485224,1387.9696257752187,0.760117769241333,53.42582343146205,24.648830796296103,10.006263454734592,0.044608880732100196,1.4106309940447121,-2.0719126481562853,500.0,nan,nan,nan,nan,nan,nan,0.940562875972331,0.08580961190243899,0.9741590052717668,0.14156661455650016,0.4618219249543626,0.38024326329352315,0.8878949867466941,0.2055884906855368
dipping,140,0.2740609367206671,0.8959969243510396,0.09647869467989291,0.1778702422718905,-0.021671710668410497,0.6119534977343024,163.23371364967832,56.0,0.18592685144394636,968.1992554861262,0.6995919942855835,43.01542081870139,27.069258050334792,5.931368182702827,0.04172675813764467,0.8253480074437022,2.030981255695224,500.0,nan,nan,nan,nan,nan,nan,0.9811547368920941,0.033604448743747566,0.9832948048236659,0.15577122958417172,0.7806958555226411,0.2748924110272848,0.8959969243510396,0.15470526979511282
dipping,141,0.23571239525305762,0.9594643318622366,0.11018317728612587,-0.14521943368167137,0.08556869026695836,0.7727549391292201,151.29622590509993,26.0,0.1943540947511792,1226.1413359472049,1.3400689363479614,44.112565256655216,20.79626698360689,8.10424271069589,0.04291504059918225,1.187506132692842,-1.3589656110852957,500.0,nan,nan,nan,nan,nan,nan,-0.4207225786788798,0.08392547716003139,0.9847421238022879,0.10144349030299246,0.704142059714198,0.3028081073381329,0.9594643318622366,0.16578980166525523
dipping,142,0.3016890896814489,0.899777057991919,0.13422987444241505,-0.3388088024052795,0.07865754738317661,0.6140709924339794,190.19481916339916,34.0,0.24474413990974425,1326.3050656141806,1.2276910543441772,70.62617194838822,25.651788154893886,6.973402700705178,0.03907117969608482,0.863681815894876,0.8813023902475834,500.0,nan,nan,nan,nan,nan,nan,0.6362034951572366,0.04416997092082593,0.905786982497951,0.21233365147847647,0.6984870311093878,0.3421002673952037,0.899777057991919,0.19889467885415332
dipping,143,0.3820209750766936,0.8748956782475533,0.11226285522788779,-0.16794945194149188,-0.07688621227604678,0.47200902089692853,241.11066723144913,48.0,0.2609653199091554,991.9683991854686,1.2333635091781616,35.74715574271977,11.363055295978606,4.114162225071731,0.03476444889527435,0.6700175431560416,2.708178162574768,500.0,nan,nan,nan,nan,nan,nan,0.08411038172880389,0.07259091992339337,0.9866704616950551,0.08309605625672489,0.7776454782805854,0.4061653670942462,0.8748956782475533,0.19249351733319134
three_layer,0,0.45318429088649,0.9510034235567244,0.14147947601707095,-0.016781062826022007,0.13024487477636568,0.9768796780991663,187.20048295663526,17.0,0.15855681318789722,1049.7804789751297,3.9591102600097656,nan,nan,5.607787236415997,0.028169499710202217,0.529656468226973,nan,nan,nan,nan,9.0,8.0,496.5834031120766,0.9755713075399399,0.22079270137905924,0.05116873323676727,0.7512418022896578,0.0603188818886125,0.9387342366739468,0.23523197936912227,0.9510034235567244,0.1183359139786451
three_layer,1,0.5049894250115685,0.6947979636084796,0.33092815706022605,-0.4107251995287872,-0.2790847175694911,0.46029466150432463,179.25702664106728,17.0,0.2242724198848009,1227.8999062837318,4.321511268615723,nan,nan,6.849940162972799,0.028244560584425926,0.4641523124513343,nan,nan,nan,nan,7.0,10.0,481.8233984847479,0.98875697478652,0.20207776143842765,0.07795946172655129,0.8319121859245345,0.04633734432498082,0.6389233137638423,0.3612761096791754,0.6947979636084796,0.16763365328949864
three_layer,2,0.19658851342135206,0.9895560052104441,0.06961176131712407,-0.18998411285238445,-0.04578843310997296,0.8482285037804774,168.9388180849277,14.0,0.10370327066630125,1014.4316891849148,5.517492294311523,nan,nan,6.004728224598725,0.026934893801808357,0.4760577057752117,nan,nan,nan,nan,6.0,8.0,536.644249566102,1.1557987712323667,-0.10074077123464611,0.06556384961466222,0.8943691448759897,0.022732443960990466,0.9874464484856307,0.058536815607708924,0.9895560052104441,0.050254966016127035
three_layer,3,0.30250535353281444,0.8904847454281597,0.1279610182521554,-0.3581281165754135,-0.01471062176140514,0.623459760281793,114.91972070086176,18.0,0.1276291636750102,1035.551696664616,3.4636940956115723,nan,nan,9.011087830261761,0.02932754158973694,0.5487459355435556,nan,nan,nan,nan,7.0,11.0,486.01357707464126,1.4420027561485769,-0.5611326205189565,0.10446732149747574,0.93152533965741,0.07021194801229672,0.837938838053082,0.1896109708035608,0.8904847454281597,0.12399098670905181
three_layer,4,0.5589632574926107,0.6672039143819594,0.2815585152902402,-0.24271113419463014,-0.04327033137783196,0.43200207853766065,199.50857669068128,17.0,0.20033470075577497,1166.2086220342455,3.353710174560547,nan,nan,5.845405953862019,0.031859930604696274,0.47787558515013634,nan,nan,nan,nan,11.0,6.0,522.3752060507001,0.9625288888812067,0.08008509448398399,0.07546995898729125,0.9675175653926786,0.040173232244308035,0.6025184299017065,0.3742384422294547,0.6672039143819594,0.1694499100991535
three_layer,5,0.5518072386242877,0.9454713984819598,0.141990390239742,-0.43667712494953476,-0.02943229199561223,0.758736958153331,195.4259621605469,11.0,0.11372483540326357,997.4548552593972,7.208714962005615,nan,nan,5.104003809074074,0.027287106961011887,0.44364719109316614,nan,nan,nan,nan,5.0,6.0,502.8580322125429,0.9451262906193734,0.37793300326575435,0.6897900095527078,0.43735597772408136,0.05579227564468942,0.9386806317464925,0.09292428775541349,0.9454713984819598,0.2906876867512493
three_layer,6,0.73800232818518,0.4114922793531211,0.5760522203298403,0.17797035869733235,0.02218521887526116,0.05808317113256325,158.6967813916352,13.0,0.24448677040636538,1283.6067234209072,4.38169002532959,nan,nan,8.088423168792541,0.030823374167084694,0.675254115843855,nan,nan,nan,nan,7.0,6.0,528.2131452722223,1.2025045402348042,-0.4979933457171574,0.09903864295530976,0.5650193114711854,0.0720630750780733,0.32046387186300074,0.5931904356967216,0.4114922793531211,0.2638991000516329
three_layer,7,0.43541316061897534,0.9527825386172788,0.11697133937009783,-0.34838381255240936,0.023297856950290487,0.7558858406396468,199.50857669068128,17.0,0.20033470075577497,1166.2086220342455,3.922776699066162,nan,nan,5.845405953862019,0.03132998198270798,0.5191749383545725,nan,nan,nan,nan,11.0,6.0,522.3752060507001,0.9625288888812067,-0.018063745035072576,0.052933611221691934,0.896675617968935,0.04152762908096721,0.9387313598962885,0.15399708624723163,0.9527825386172788,0.08488403283841342
three_layer,8,0.6161961135239115,0.6448624222780425,0.287262145272441,-0.784096083236965,-0.03561843893602355,0.27879807826691233,179.25702664106728,17.0,0.2242724198848009,1227.8999062837318,4.6309027671813965,nan,nan,6.849940162972799,0.027139201760292053,0.4642723617282953,nan,nan,nan,nan,7.0,10.0,481.8233984847479,0.98875697478652,0.546579956149974,0.06104056029026938,0.8537139575373817,0.041707063545781145,0.6023139678773669,0.2311751191925719,0.6448624222780425,0.11478760688272878
three_layer,9,0.581491357859892,0.9673648354440906,0.12122604723213921,-0.03758302255473744,-0.00788567237787283,0.911886166472932,206.89419700458018,19.0,0.28842322491109373,958.8250900351727,4.422274112701416,nan,nan,4.634374012983779,0.028619013726711273,0.41927512856421334,nan,nan,nan,nan,9.0,10.0,507.703159868643,0.8976894088089467,0.002909973624709984,0.12170576062085742,0.7124079480658119,0.049930055956671465,0.9503505679368822,0.15356559097935338,0.9673648354440906,0.11132398984707523
three_layer,10,0.21761014904812517,0.983624118807681,0.08591419749207395,0.16299439202420202,0.0021866815562692583,0.7512201429745679,169.24528130494954,19.0,0.1832105552777648,1149.9758576162778,3.4796979427337646,nan,nan,6.794729216374596,0.03178567439317703,0.5193388512622558,nan,nan,nan,nan,11.0,8.0,488.1951379192068,1.0593661673367025,0.14825260771780907,0.05602928216039195,0.9660915037372645,0.03247423902489664,0.9749113074381414,0.12739429601876134,0.983624118807681,0.07394052407017265
three_layer,11,0.30749611155471474,0.9557404326245241,0.09633676444882582,-0.4074492697516429,0.013418503997170714,0.7979449077874852,200.08844919183628,19.0,0.11166191324591637,936.27445700303,3.9957802295684814,nan,nan,4.679302882223701,0.029789643362164497,0.43357828043347385,nan,nan,nan,nan,10.0,9.0,501.57591503495274,0.9189954571425916,-0.04404564294269736,0.08000227265175872,0.9339665689511814,0.0521362552379689,0.9481581953809115,0.09686459885428811,0.9557404326245241,0.07754428159850706
three_layer,12,0.4076342855988353,0.8459853320159649,0.1900304527599902,0.29878326704754654,-0.010053346098034344,0.8918463560390486,114.35571444514483,22.0,0.2395551698282361,1105.5086867554153,2.1053452491760254,nan,nan,9.667279786754476,0.03275134414434433,0.6895964294213416,nan,nan,nan,nan,11.0,11.0,498.3069688927672,1.4719023980200292,-0.12952376589498515,0.13228266819719142,0.9889522585062135,0.08844234792860613,0.7918588917552509,0.3953000366412682,0.8459853320159649,0.2111866510720427
three_layer,13,0.7325110907751993,0.6547083014644776,0.41936414155638485,0.027759838671522652,0.0747678704084719,0.494566435262194,169.7110274752728,12.0,0.29648009929805996,983.9591876335709,5.698437213897705,nan,nan,5.7978506304013475,0.028475509956479073,0.5090115617505756,nan,nan,nan,nan,5.0,7.0,473.81940973214745,1.026729104667902,-0.11193477298444883,0.11682752359749227,0.8194759574080408,0.10324531025374145,0.5608916224971333,0.25448661216793905,0.6547083014644776,0.1609335405940234
three_layer,14,0.7479730451297659,0.7066937072540496,0.2721001717624708,-0.67976318935391,0.06782186995417593,0.3589402076431843,162.88723641107333,19.0,0.20800075903534887,1196.3483697599177,4.051423072814941,nan,nan,7.344641582233806,0.027775580063462257,0.4793860078737841,nan,nan,nan,nan,8.0,11.0,495.18893770384636,1.1118812218308451,-0.44664896693933404,0.12353020310245297,0.6431764776007639,0.1408520519110355,0.572168203929787,0.231868710261173,0.7066937072540496,0.16664523525057973
three_layer,15,0.8405838327436708,0.8920107564418742,0.19043593907982415,-0.1418376741622494,-0.05302638092420141,0.749929340673043,207.29341767259834,13.0,0.28619002308696506,1001.4966102080566,5.293266296386719,nan,nan,4.831299620858354,0.027947911992669106,0.526856833642154,nan,nan,nan,nan,6.0,7.0,495.94994026554224,0.872339728474617,0.0823972497918475,0.13255566057597196,0.523320757276485,0.06637628923808284,0.7829877769872727,0.21461006295587942,0.8920107564418742,0.14142089000757282
three_layer,16,0.6255199623457955,0.8160111997187987,0.2549521129193804,-0.958878521457201,-0.05454454801007514,0.35655944855584376,196.52027707946826,21.0,0.27813305556774137,921.6720605248466,3.9047353267669678,nan,nan,4.689959093392402,0.030917571857571602,0.5540887246423543,nan,nan,nan,nan,10.0,11.0,535.719058651732,1.002844262123108,0.19355356726753098,1.5915316684108383,0.866233607042028,0.06158481334529098,0.7886631534622753,0.26597731051857065,0.8160111997187987,0.6686035866288803
three_layer,17,0.33396734832724756,0.8832298494852311,0.2095157835400856,-0.12935316209800315,0.004526351185533608,0.5257762566870068,142.7676633114075,21.0,0.12168357707560062,970.599575410679,3.3692057132720947,nan,nan,6.798455286710052,0.030085943639278412,0.5030877293368653,nan,nan,nan,nan,9.0,12.0,464.83539040363564,1.1804647669196129,0.21559625933574755,0.4415598315130822,0.9687264370890245,0.05924457534753877,0.8363791428738745,0.21044271106478424,0.8832298494852311,0.24597426250651488
three_layer,18,0.5386431169357048,0.7670372578878232,0.2998652100623798,-0.3966873922579806,0.03750678882839721,0.4105500040685401,139.59515439114514,22.0,0.23090007733553647,1087.7217451127997,2.319344997406006,nan,nan,7.79197350980398,0.03452097997069359,0.615701015019106,nan,nan,nan,nan,12.0,10.0,476.1895650579559,1.227069541811943,-0.13405069485962642,0.11480222428759482,0.9483233543983901,0.18383737255971644,0.6544655537012887,0.44276120924188644,0.7670372578878232,0.2502984135032334
three_layer,19,0.41882341680859075,0.9553560594564717,0.15354899150581303,0.06103643304794277,-0.04318483523258402,1.0402474044642367,114.91972070086176,18.0,0.1276291636750102,1035.551696664616,3.307649850845337,nan,nan,9.011087830261761,0.030697569251060486,0.5524353337568222,nan,nan,nan,nan,7.0,11.0,486.01357707464126,1.4420027561485769,0.3311618946936134,0.22218973952005575,0.7179092107353937,0.12432237870582345,0.9302640138614356,0.15930361772892682,0.9553560594564717,0.17081938864889096
three_layer,20,0.34298037158767114,0.9206437597730933,0.16643916204965448,-0.1987159259702971,-0.04216866069906,0.7168632890666327,142.37889501951165,15.0,0.13207276836037635,900.4758958415546,2.920555591583252,nan,nan,6.324504033537787,0.036874424666166306,0.650934851568164,nan,nan,nan,nan,10.0,5.0,513.9280124486284,1.2835914231836796,-0.17996576526120014,0.08069175684501481,0.9092506777377862,0.08632494854444747,0.9024417604569585,0.22020799939930952,0.9206437597730933,0.13121239924884776
three_layer,21,0.49545289532730435,0.8955513022725058,0.17625754145732128,-0.5255013787491547,-0.06677869609203342,0.39089595541258426,114.91972070086176,18.0,0.1276291636750102,1035.551696664616,3.577285051345825,nan,nan,9.011087830261761,0.02941197343170643,0.523208951807025,nan,nan,nan,nan,7.0,11.0,486.01357707464126,1.4420027561485769,-0.08814436899129846,0.10158668681254016,0.8467882330693639,0.058041107050546104,0.8399417009633703,0.23868256386047104,0.8955513022725058,0.13650656985071774
three_layer,22,0.7136151751061633,0.8973986101525893,0.3504802213720974,-0.25720798718820104,-0.00414046939678878,0.8677588649069683,169.7110274752728,12.0,0.29648009929805996,983.9591876335709,4.894289970397949,nan,nan,5.7978506304013475,0.029866833239793777,0.5633493890877267,nan,nan,nan,nan,5.0,7.0,473.81940973214745,1.026729104667902,0.08544553342066374,0.2129745487269327,0.7270328412442512,0.09872713126356235,0.8647973483042404,0.3738638050672416,0.8973986101525893,0.2350115632070297
three_layer,23,0.3759766966912737,0.9304543910939341,0.09188061488136798,0.015878547161662412,-0.06262405360635527,0.8346568255690583,200.08844919183628,19.0,0.11166191324591637,936.27445700303,3.977402925491333,nan,nan,4.679302882223701,0.02699572592973709,0.4202124417838575,nan,nan,nan,nan,10.0,9.0,501.57591503495274,0.9189954571425916,-0.3901310036874939,0.04868339004492882,0.9056222881384208,0.050529810495073005,0.9138711441969745,0.12485619648046477,0.9304543910939341,0.07589779843240967
three_layer,24,0.7480939074888033,0.9192584502172573,0.22116155906206902,0.13384472812937134,-0.08136087259249922,0.10934022053889081,207.29341767259834,13.0,0.28619002308696506,1001.4966102080566,5.885315895080566,nan,nan,4.831299620858354,0.024008100852370262,0.48666627758589087,nan,nan,nan,nan,6.0,7.0,495.94994026554224,0.872339728474617,0.18788733613129135,0.11885203286890844,-0.13152867893365597,0.1912772943464588,0.8862771185425634,0.16919553791596725,0.9192584502172573,0.15819983807864413
three_layer,25,0.6788592634401125,0.846514676341926,0.2182274435369687,-0.24130589758123924,-0.005876062011205605,0.5576352523825429,139.59515439114514,22.0,0.23090007733553647,1087.7217451127997,2.712897777557373,nan,nan,7.79197350980398,0.034811824560165405,0.5138041337154848,nan,nan,nan,nan,12.0,10.0,476.1895650579559,1.227069541811943,0.5046934595118246,0.08028931771261932,0.9949091472551387,0.06101310495194825,0.727674770357329,0.35607343735155067,0.846514676341926,0.17103089575804395
three_layer,26,0.3218304096143719,0.9010560374995106,0.18945133257109384,0.007198196427019101,0.03673780492244165,0.6359276207829982,115.93183011301268,13.0,0.15562297403812408,1354.6960864457021,3.144108295440674,nan,nan,11.685281644610605,0.035262562334537506,0.6765819267253438,nan,nan,nan,nan,8.0,5.0,460.82832985793823,1.3800232402980328,0.28135234868875264,0.07795803249888036,0.8956615244014258,0.06691602402847069,0.8614723095916855,0.2463403353155831,0.9010560374995106,0.13357923594360344
three_layer,27,0.4387575041889957,0.9701079894534445,0.10758476297936778,-0.24865397711787182,0.05524807243569024,0.7760168393114883,174.22510596956022,19.0,0.19218241982162,1209.7393429355732,4.588404178619385,nan,nan,6.943542012521049,0.027489755302667618,0.4673085932388727,nan,nan,nan,nan,7.0,12.0,514.6572383023777,1.083152946829796,0.23212269658936474,0.0812406026637991,0.5251172649224644,0.060417572424521865,0.9579532058363142,0.12039686275892364,0.9701079894534445,0.08869838462530952
three_layer,28,0.4319643352496912,0.8194448700129454,0.24765111169864773,-0.4879218536014194,0.037279584819845925,0.36648168944424203,98.22766284919393,17.0,0.2530345097184181,872.8308349719136,2.5669026374816895,nan,nan,8.885794588352828,0.037103377282619476,0.7675629237131028,nan,nan,nan,nan,10.0,7.0,480.87321795477766,1.5883157804608345,-0.3768947088047113,0.1766082577269284,0.9910560142753505,0.11347491017023607,0.719477362873564,0.4684438226308376,0.8194448700129454,0.25981070117628896
three_layer,29,0.4542871220506572,0.8394288587541285,0.1774476509388033,-0.32739903552380145,-0.11533203521897879,0.4278237642253348,163.77706963364204,19.0,0.21660626847296954,1131.1610121360693,3.2322840690612793,nan,nan,6.9067117555980095,0.03167887032032013,0.5683728853098073,nan,nan,nan,nan,11.0,8.0,510.27782333864917,1.136449157446623,0.5563608538488237,0.1307327212012591,0.9589346028020704,0.05170036603846204,0.7711636215554691,0.2861697643698937,0.8394288587541285,0.1614259797614421
three_layer,30,0.6223411817206678,0.9711897621828246,0.19586026939015894,0.5911558123916953,0.07338429258865609,1.0538888134118543,208.9225329361585,15.0,0.1997506285086274,1117.010678287836,5.148867607116699,nan,nan,5.346530422494766,0.030020160600543022,0.4634459588538549,nan,nan,nan,nan,10.0,5.0,484.74618100200735,0.8416618883609771,-0.4912945366374588,0.08466533293708324,0.9438924728948036,0.060994442639511565,0.9656653119203817,0.16713998570054772,0.9711897621828246,0.1064301943150243
three_layer,31,0.5341957178092384,0.9898539654573464,0.07704396869350764,-0.036778743834770325,-0.010035470857982386,0.7987682933216399,208.9225329361585,15.0,0.1997506285086274,1117.010678287836,4.6309027671813965,nan,nan,5.346530422494766,0.03183666616678238,0.5246838376024867,nan,nan,nan,nan,10.0,5.0,484.74618100200735,0.8416618883609771,0.14552439691405525,0.09282166013080884,0.9006923793545744,0.036326705395430856,0.9864569262734639,0.07798325334859162,0.9898539654573464,0.07067973133641942
three_layer,32,0.3163443583226106,0.9828509899242324,0.08347798323392626,-0.1648542893790231,0.01859590847209921,0.7390496465429899,162.88723641107333,19.0,0.20800075903534887,1196.3483697599177,4.203621864318848,nan,nan,7.344641582233806,0.030203916132450104,0.47764427403484916,nan,nan,nan,nan,8.0,11.0,495.18893770384636,1.1118812218308451,0.08564761602874858,0.0825212556517031,0.7690671132535029,0.04299244333510792,0.9762163431284808,0.11903668939996005,0.9828509899242324,0.08344301376861449
three_layer,33,0.40596573934963803,0.9380723007275875,0.1651772470549802,0.0454125788669151,-0.015666128530301835,1.0308729063071707,142.37889501951165,15.0,0.13207276836037635,900.4758958415546,3.7460501194000244,nan,nan,6.324504033537787,0.036535341292619705,0.6974834842043808,nan,nan,nan,nan,10.0,5.0,513.9280124486284,1.2835914231836796,-0.031407773293215195,0.0797116605862939,0.917640321518848,0.06230255111023735,0.9038269907647465,0.22091718354102782,0.9380723007275875,0.12391086077763383
three_layer,34,0.4021229844284279,0.971009042816121,0.1606890422369006,-0.19056159506334697,0.019430654951435495,0.6542002341747812,141.86507904941445,20.0,0.16899018082767725,1095.238600382786,2.9886529445648193,nan,nan,7.720283298198371,0.031747233122587204,0.6436340234076716,nan,nan,nan,nan,11.0,9.0,550.6591641988833,1.3562395825982094,0.23490581907836708,0.06849517553700907,0.9137756013223376,0.07515665461816534,0.9575283492814045,0.27999594404676387,0.971009042816121,0.14451888823977013
three_layer,35,0.589695614265289,0.9590179310845904,0.10858839518896789,0.17025955445827148,-0.01800904584139223,1.2121746492695116,200.08844919183628,19.0,0.11166191324591637,936.27445700303,3.9047353267669678,nan,nan,4.679302882223701,0.02786373533308506,0.457458368008944,nan,nan,nan,nan,10.0,9.0,501.57591503495274,0.9189954571425916,-0.3365078727257815,0.04750301688101771,0.9462829532131953,0.027873514818025687,0.9340975670595516,0.11225869285525422,0.9590179310845904,0.06427865285310289
three_layer,36,0.44896035922617794,0.9282192357032013,0.13920730641178036,-0.5112797177485371,0.018098991414675497,0.6963045850563476,162.88723641107333,19.0,0.20800075903534887,1196.3483697599177,3.6271002292633057,nan,nan,7.344641582233806,0.02804376929998398,0.5130389603491574,nan,nan,nan,nan,8.0,11.0,495.18893770384636,1.1118812218308451,0.034891547476361896,0.06013851464636737,0.7974519091957584,0.05461461277101816,0.8949829700301801,0.16803520626861548,0.9282192357032013,0.09624518615154945
three_layer,37,0.7174230529311459,0.7690956659901202,0.2421239217932458,-1.5781207860662316,-0.0033357743973078647,0.04291695367256147,169.7110274752728,12.0,0.29648009929805996,983.9591876335709,6.758181095123291,nan,nan,5.7978506304013475,0.0278011504560709,0.4911013800348061,nan,nan,nan,nan,5.0,7.0,473.81940973214745,1.026729104667902,-0.5036098233760073,0.10432303510654503,0.6298471402532374,0.07871191345602795,0.7554348171521822,0.1519707269438344,0.7690956659901202,0.11331639075444119
three_layer,38,0.3290878544737101,0.9859384097689202,0.10096780730670087,-0.2422339017391929,-0.087738304572018,0.8455550186636595,139.36234120492665,15.0,0.14253425914794207,1062.5690008186446,4.8717803955078125,nan,nan,7.624505957862605,0.027432119473814964,0.5027800294707543,nan,nan,nan,nan,6.0,9.0,490.78478840792116,1.258928406238556,-0.42956990389475547,0.0831482514095718,0.8654025419407829,0.07043301667025646,0.9828296231754441,0.10547236226087305,0.9859384097689202,0.08714711978573264
three_layer,39,0.5615640761011137,0.8359789760620547,0.23680997986423857,-0.8090474804116202,0.018695451490889175,0.529576659223991,134.41455917239156,16.0,0.25757529493421316,1025.8374725936565,4.0701422691345215,nan,nan,7.631892548767597,0.02681397832930088,0.5796348471475251,nan,nan,nan,nan,6.0,10.0,511.3398391674992,1.3361056670546532,-0.4045163279369129,0.12869539337172017,0.734024540232439,0.09423430281565083,0.7375894594403266,0.2734508150853922,0.8359789760620547,0.16902146380468458
three_layer,40,0.6036578003404466,0.6390775904982812,0.3139657262645647,-0.22175199544891014,0.05838009657500946,-0.22072999700749293,115.93183011301268,13.0,0.15562297403812408,1354.6960864457021,3.4636940956115723,nan,nan,11.685281644610605,0.037325482815504074,0.7200200054099265,nan,nan,nan,nan,8.0,5.0,460.82832985793823,1.3800232402980328,0.4761683898482632,0.0873777265448446,0.9364250802843126,0.05152394268388365,0.5371764119969102,0.37478293033508314,0.6390775904982812,0.17721341271313984
three_layer,41,0.5118507735501991,0.8386667747517712,0.21544071528916942,-0.5568697123243057,0.04207461171184147,0.22268321365413285,109.16094441645615,15.0,0.16415614150464536,1249.748654995743,3.728821277618408,nan,nan,11.448679394233437,0.03241115063428879,0.6164513806647918,nan,nan,nan,nan,7.0,8.0,498.7784015512399,1.5193385645747186,-0.567639536465297,0.08876882796282395,0.9602992273226361,0.07583640857574278,0.7523339905415842,0.20336665091753892,0.8386667747517712,0.12499834018084986
three_layer,42,0.32659150655247726,0.9396514768465416,0.147452055204283,-0.002446993873673202,-0.07543785174038213,1.0026900387657942,200.08844919183628,19.0,0.11166191324591637,936.27445700303,4.051423072814941,nan,nan,4.679302882223701,0.0300598107278347,0.44053533284283664,nan,nan,nan,nan,10.0,9.0,501.57591503495274,0.9189954571425916,-0.4451218679122595,0.05467709279455388,0.8723048836284961,0.053383999984709295,0.924523410392817,0.1502653880858811,0.9396514768465416,0.08774506830356503
three_layer,43,0.2845923723739809,0.9217621374778686,0.12362700814576266,-0.14538364187322866,-0.023954356026749814,0.7239865945251098,163.77706963364204,19.0,0.21660626847296954,1131.1610121360693,3.4477641582489014,nan,nan,6.9067117555980095,0.03230119124054909,0.6174093494452642,nan,nan,nan,nan,11.0,8.0,510.27782333864917,1.136449157446623,0.24726388472312483,0.14888714469082442,0.9797058156356098,0.04703868073816829,0.8642483641238219,0.18913230391957483,0.9217621374778686,0.13241841123509024
three_layer,44,0.5430649118268929,0.9390448988223516,0.13171254165277188,-0.5757679533793526,0.03399544106899705,0.5686263527706495,230.1199346894382,17.0,0.17564224749803542,1181.3083342738494,5.293266296386719,nan,nan,5.133446330358566,0.025441639125347137,0.3895322377934069,nan,nan,nan,nan,8.0,9.0,520.5133763491242,0.8162149585783482,-0.26967647542270085,0.06923435209069499,0.7644724430679554,0.031516357994604796,0.92792555643972,0.11066607013244241,0.9390448988223516,0.07242005517647954
three_layer,45,0.7530386829240081,0.8212629575625293,0.24154188396940293,-0.2981397488672409,-0.04147283749980267,0.6902685499094275,230.1199346894382,17.0,0.17564224749803542,1181.3083342738494,4.546295642852783,nan,nan,5.133446330358566,0.024469871073961258,0.39850132510738795,nan,nan,nan,nan,8.0,9.0,520.5133763491242,0.8162149585783482,0.23741856853722298,0.05895389339275325,0.5666854411024568,0.05573768494563271,0.7435605382592878,0.20025471167164188,0.8212629575625293,0.10744431725622813
three_layer,46,0.7602069834462558,0.797523831486569,0.2574042668576304,-0.576668221732867,-0.0009095265208625409,0.27144661545410587,114.91972070086176,18.0,0.1276291636750102,1035.551696664616,3.577285051345825,nan,nan,9.011087830261761,0.02913728728890419,0.5324443676461629,nan,nan,nan,nan,7.0,11.0,486.01357707464126,1.4420027561485769,0.3275973421573726,0.15397598294150047,0.859595915558602,0.08798657796685941,0.6820433834473797,0.2688386160726992,0.797523831486569,0.1743810830450277
three_layer,47,0.4692583583867603,0.9036358178230693,0.19123129408976344,-0.2699101039448269,-0.05548702773768611,0.8570129725431672,207.29341767259834,13.0,0.28619002308696506,1001.4966102080566,5.317723274230957,nan,nan,4.831299620858354,0.029841413721442223,0.49406781968794844,nan,nan,nan,nan,6.0,7.0,495.94994026554224,0.872339728474617,0.3614519618440825,0.1252161863974292,0.6610909743928295,0.03768310251427823,0.8774185978623587,0.14905300701389837,0.9036358178230693,0.10729914844824812
three_layer,48,0.5101270325785784,0.8607227482447011,0.17696061344526084,-0.6675198716573832,-0.07802472639280812,0.5844359326573735,199.50857669068128,17.0,0.20033470075577497,1166.2086220342455,3.3382859230041504,nan,nan,5.845405953862019,0.029447173699736595,0.5102559325933902,nan,nan,nan,nan,11.0,6.0,522.3752060507001,0.9625288888812067,-0.425391810166561,0.05007023077805553,0.9091921219899882,0.0636193240528383,0.8333196603534264,0.21255876894623613,0.8607227482447011,0.11100594711935358
three_layer,49,0.7386902665566998,0.783038664331996,0.3395285038203293,-0.1752811458086472,-0.0047630238844310075,0.6899677138323934,206.89419700458018,19.0,0.28842322491109373,958.8250900351727,4.051423072814941,nan,nan,4.634374012983779,0.027867160737514496,0.5164747774105003,nan,nan,nan,nan,9.0,10.0,507.703159868643,0.8976894088089467,0.021924523484207595,0.11200619375372839,0.8002828701803001,0.07825608507718462,0.6450322071618063,0.36726799018261935,0.783038664331996,0.1912227899008771
three_layer,50,0.541775314812966,0.8444318892519428,0.17847886632202206,-0.1887532612327732,0.01754720672511854,0.5606934617427416,187.20048295663526,17.0,0.15855681318789722,1049.7804789751297,4.40193510055542,nan,nan,5.607787236415997,0.03131655603647232,0.4783633268377437,nan,nan,nan,nan,9.0,8.0,496.5834031120766,0.9755713075399399,-0.13952541807076702,0.06797950449874693,0.9599909071038476,0.03569175365573923,0.7897845873889386,0.138886263394467,0.8444318892519428,0.08311054485934663
three_layer,51,0.5659929335177496,0.947656363767142,0.10152062550896007,-0.8854967400664034,-0.10129612076949619,0.4844647883246277,208.9225329361585,15.0,0.1997506285086274,1117.010678287836,4.40193510055542,nan,nan,5.346530422494766,0.030220037326216698,0.4675929247519796,nan,nan,nan,nan,10.0,5.0,484.74618100200735,0.8416618883609771,0.20292609500163625,0.05410221071979643,0.8009353162041075,0.036123646439379334,0.9469430161795068,0.0997565686488342,0.947656363767142,0.06468766671083452
three_layer,52,0.7076373990156678,0.723642012517786,0.40750420571884666,-1.692872209048853,-0.05874773934300618,0.11075565928138996,169.7110274752728,12.0,0.29648009929805996,983.9591876335709,5.293266296386719,nan,nan,5.7978506304013475,0.028875473886728287,0.5026395707828383,nan,nan,nan,nan,5.0,7.0,473.81940973214745,1.026729104667902,-0.5160341464496024,0.17681754538540156,0.5052684614056923,0.070408950407291,0.709386989768712,0.36630983676921375,0.723642012517786,0.21121726887630266
three_layer,53,0.7045330639709879,0.7115470968684772,0.4160974953996578,-0.7235232176802738,0.01654021275958196,0.5361427872789546,207.29341767259834,13.0,0.28619002308696506,1001.4966102080566,6.573820114135742,nan,nan,4.831299620858354,0.027125287801027298,0.5716837538411613,nan,nan,nan,nan,6.0,7.0,495.94994026554224,0.872339728474617,-0.0011175757916328966,0.13678648903730453,0.023022744645348935,0.10612504352796018,0.6541408189294997,0.2905161238039614,0.7115470968684772,0.18139342755283114
three_layer,54,0.7112509426640018,0.8110195561938225,0.2456515609995891,-0.6506618589824567,-0.0647703296591796,0.601592084906966,206.89419700458018,19.0,0.28842322491109373,958.8250900351727,4.126821041107178,nan,nan,4.634374012983779,0.027283597737550735,0.465551760989241,nan,nan,nan,nan,9.0,10.0,507.703159868643,0.8976894088089467,0.2827626533323123,0.09286403088251131,0.8584226485606568,0.07297078996865243,0.6538261413767362,0.24357802032844847,0.8110195561938225,0.13964595491443166
three_layer,55,0.44316413585972353,0.9780589104400362,0.12370123582876116,-0.2422976967335599,-0.003888745046880252,0.9131399674209872,195.4259621605469,11.0,0.11372483540326357,997.4548552593972,6.758181095123291,nan,nan,5.104003809074074,0.02775096893310547,0.4516855993963596,nan,nan,nan,nan,5.0,6.0,502.8580322125429,0.9451262906193734,0.35084766122333505,0.830690160643501,0.5206201164201322,0.038673997783247815,0.9757654347590371,0.08494953167933307,0.9780589104400362,0.33207609164796625
three_layer,56,0.2773633881957087,0.9684644675001135,0.08720968440285451,-0.14743818771065775,-0.05876529371001912,0.7104488091566805,125.43150097089864,17.0,0.14697795696556568,864.3317117483475,3.173229694366455,nan,nan,6.890866369755721,0.0323651060461998,0.6507361401799497,nan,nan,nan,nan,9.0,8.0,516.7890178647935,1.4158749014139176,0.36359951932983536,0.04358741979380225,0.9763241286483345,0.03374580244481508,0.9564105885663698,0.1892104702263474,0.9684644675001135,0.09160300224049689
three_layer,57,0.44269523290559815,0.941190837437835,0.2206772529739126,-0.5670237376627169,0.07728782601031728,0.6660630014485918,134.41455917239156,16.0,0.25757529493421316,1025.8374725936565,4.321511268615723,nan,nan,7.631892548767597,0.027469350025057793,0.5502790047894247,nan,nan,nan,nan,6.0,10.0,511.3398391674992,1.3361056670546532,-0.27891802557285383,0.18097330642840043,0.7708719138557028,0.08505794242432956,0.9220639450733197,0.2219465862659737,0.941190837437835,0.16653934517032984
three_layer,58,0.3913919651907259,0.8266603646792121,0.1694701137505701,-1.094213961602464,-0.001399432619956715,0.2773077592832176,174.22510596956022,19.0,0.19218241982162,1209.7393429355732,4.717084884643555,nan,nan,6.943542012521049,0.02675483748316765,0.4258352097755518,nan,nan,nan,nan,7.0,12.0,514.6572383023777,1.083152946829796,-0.014271785975839653,0.0671794671266101,0.5940970700142811,0.06674811213948763,0.8069149097502931,0.15314548677481352,0.8266603646792121,0.09713816750734455
three_layer,59,0.24204671052400573,0.9643082830034612,0.11520492555069506,-0.5352240453980784,-0.04884243017489814,0.6377908507070178,169.24528130494954,19.0,0.1832105552777648,1149.9758576162778,3.158635377883911,nan,nan,6.794729216374596,0.03207975998520851,0.5591187711817985,nan,nan,nan,nan,11.0,8.0,488.1951379192068,1.0593661673367025,-0.259611457919993,0.08003185149295775,0.9475676970883887,0.04977781701377432,0.960176774354508,0.1758505313621475,0.9643082830034612,0.10449217910341912
three_layer,60,0.4056824589980071,0.8369314871806834,0.2247793317227249,-0.34883867670255264,-0.07317246378193915,0.37454863837036445,187.20048295663526,17.0,0.15855681318789722,1049.7804789751297,4.504573345184326,nan,nan,5.607787236415997,0.03131492808461189,0.46054207293011806,nan,nan,nan,nan,9.0,8.0,496.5834031120766,0.9755713075399399,-0.052820983068117444,0.08912576036425912,0.8935355334386894,0.03794742993866558,0.8061654710016315,0.17935576296056324,0.8369314871806834,0.10535276214528752
three_layer,61,0.41197542815950416,0.8391274293776453,0.21671895120279386,0.19350845974941427,0.043535042185894005,0.9701713296748544,115.93183011301268,13.0,0.15562297403812408,1354.6960864457021,3.129647970199585,nan,nan,11.685281644610605,0.035517435520887375,0.676584083415857,nan,nan,nan,nan,8.0,5.0,460.82832985793823,1.3800232402980328,0.0721659398774601,0.09674871951466234,0.9006909796167357,0.060220731899902256,0.7542116046333802,0.3038161876666144,0.8391274293776453,0.15826393708341752
three_layer,62,0.6375092163937022,0.8695267562137231,0.3099183356442647,0.33791915749006524,-0.033184599541925666,1.1125105366091377,169.7110274752728,12.0,0.29648009929805996,983.9591876335709,5.317723274230957,nan,nan,5.7978506304013475,0.026477960869669914,0.5579189078350723,nan,nan,nan,nan,5.0,7.0,473.81940973214745,1.026729104667902,0.007144058767135976,0.19234444764688863,0.8545140720279943,0.0931286349862617,0.8081591929697419,0.30378832260157973,0.8695267562137231,0.20158506008284244
three_layer,63,0.29374597179121775,0.962045006117351,0.10487108241681758,-0.019369596075411392,0.04396441875179579,0.9045302435256221,139.59515439114514,22.0,0.23090007733553647,1087.7217451127997,2.700420618057251,nan,nan,7.79197350980398,0.03472480922937393,0.6154907434155137,nan,nan,nan,nan,12.0,10.0,476.1895650579559,1.227069541811943,0.18142018637255053,0.08679253658197245,0.9936263515621918,0.043723025007300506,0.9473147303107277,0.22596273513620266,0.962045006117351,0.12258125260355142
three_layer,64,0.37749623856860764,0.8778913196290701,0.1244367041577141,-0.7194267964494362,-0.02906025423630438,0.6979695609409674,114.35571444514483,22.0,0.2395551698282361,1105.5086867554153,2.473964214324951,nan,nan,9.667279786754476,0.033345505595207214,0.6865937841508417,nan,nan,nan,nan,11.0,11.0,498.3069688927672,1.4719023980200292,0.37340019226571347,0.06870358838289059,0.9834871889191982,0.05005484436853494,0.6811756566421364,0.25498453502964336,0.8778913196290701,0.12830729650494738
three_layer,65,0.4827700796809317,0.9666027462029669,0.10559404159313025,0.3210894923813077,0.026272038907108945,1.343992366163101,208.9225329361585,15.0,0.1997506285086274,1117.010678287836,4.567301273345947,nan,nan,5.346530422494766,0.03081451542675495,0.5119390047426596,nan,nan,nan,nan,10.0,5.0,484.74618100200735,0.8416618883609771,-0.35491245899536394,0.08898277995885522,0.7619237716348044,0.04283005153706281,0.957874157635547,0.11846984352239551,0.9666027462029669,0.0854574336795566
three_layer,66,0.31677820311396215,0.9657033116428816,0.09944389641573109,-0.1912122607295278,0.008596953141268907,0.7619828896917809,141.86507904941445,20.0,0.16899018082767725,1095.238600382786,2.9612255096435547,nan,nan,7.720283298198371,0.031051715835928917,0.6534647139569177,nan,nan,nan,nan,11.0,9.0,550.6591641988833,1.3562395825982094,-0.12178816809102794,0.038578590893470946,0.9833398156196638,0.033267662083108364,0.9504193910691813,0.1700689321328382,0.9657033116428816,0.08300693168414072
three_layer,67,0.22728158445096228,0.9496892676928917,0.09550569914179703,-0.10843829676628326,-0.04454909007811835,0.6120169919899301,125.43150097089864,17.0,0.14697795696556568,864.3317117483475,3.158635377883911,nan,nan,6.890866369755721,0.032806266099214554,0.6479658899994585,nan,nan,nan,nan,9.0,8.0,516.7890178647935,1.4158749014139176,0.39756189496137956,0.06180888266874986,0.9498547766539022,0.04276486014931063,0.9114523275711414,0.14830065833457406,0.9496892676928917,0.08636779739595657
three_layer,68,0.6739607192266098,0.7243528656979784,0.2283221418302533,-0.3622258222340576,-0.0644350461476201,0.5319825439233986,206.89419700458018,19.0,0.28842322491109373,958.8250900351727,4.0701422691345215,nan,nan,4.634374012983779,0.03005518950521946,0.46374194716113815,nan,nan,nan,nan,9.0,10.0,507.703159868643,0.8976894088089467,0.10510864101978268,0.07145542426967638,0.9208899040660791,0.0374561250788545,0.6686610961160449,0.2857969987392551,0.7243528656979784,0.1362751855767824
three_layer,69,0.3532814499331974,0.929179328905373,0.13060779393769575,-0.31456430699494314,0.015497482324500019,0.3388394015452999,169.24528130494954,19.0,0.1832105552777648,1149.9758576162778,3.5444557666778564,nan,nan,6.794729216374596,0.031241005286574364,0.5260557641697549,nan,nan,nan,nan,11.0,8.0,488.1951379192068,1.0593661673367025,0.2831549930485947,0.09890235342161788,0.9186573766235354,0.053729100298685814,0.8978651603907299,0.17792943341904477,0.929179328905373,0.11300985548383767
three_layer,70,0.2355824791725837,0.9826466019359723,0.05245640292132052,-0.31217531379245844,-0.035953021238382205,0.8257608614023081,200.08844919183628,19.0,0.11166191324591637,936.27445700303,4.16504430770874,nan,nan,4.679302882223701,0.029674677178263664,0.44448122147093955,nan,nan,nan,nan,10.0,9.0,501.57591503495274,0.9189954571425916,-0.2148961988137338,0.06051993448733758,0.8973181368135295,0.040124918695814346,0.979373322706289,0.060174229517276794,0.9826466019359723,0.05428043301035934
three_layer,71,0.4914524965201159,0.9482499382255908,0.10763108318442051,-0.0632825727938588,0.007170884858347112,0.6615869985784956,114.35571444514483,22.0,0.2395551698282361,1105.5086867554153,2.4287643432617188,nan,nan,9.667279786754476,0.03256521746516228,0.6772987412730446,nan,nan,nan,nan,11.0,11.0,498.3069688927672,1.4719023980200292,-0.2561265660122563,0.08819811747477263,0.9933175585629921,0.05773153673500956,0.9110750137590309,0.2165309290892245,0.9482499382255908,0.12397462731790186
three_layer,72,0.421348578926409,0.8913087051776534,0.265734080907577,0.19381433266419001,-0.014985760711023257,0.29135798492386145,168.9388180849277,14.0,0.10370327066630125,1014.4316891849148,5.724766254425049,nan,nan,6.004728224598725,0.02836451306939125,0.5083867532027018,nan,nan,nan,nan,6.0,8.0,536.644249566102,1.1557987712323667,-0.2626591805816407,0.12234382043188216,0.33977746559795735,0.055949964606190734,0.8551839816402678,0.16883128514038379,0.8913087051776534,0.11869627633215031
three_layer,73,0.4548103229748056,0.9543036471991169,0.14827816496974733,-0.25620236326404117,0.050275147670731546,0.4235939553689406,134.41455917239156,16.0,0.25757529493421316,1025.8374725936565,3.9957802295684814,nan,nan,7.631892548767597,0.028003202751278877,0.5341254131686503,nan,nan,nan,nan,6.0,10.0,511.3398391674992,1.3361056670546532,-0.3489680280977339,0.11650841627513342,0.36432558045281094,0.07890127244755024,0.9414402883281426,0.2045728819012755,0.9543036471991169,0.1360488360960082
three_layer,74,0.7287930304293576,0.8293322960179813,0.343560963168807,0.8000926435896489,-0.01275579614937784,-0.2894490598896691,158.6967813916352,13.0,0.24448677040636538,1283.6067234209072,5.391774654388428,nan,nan,8.088423168792541,0.03083048388361931,0.5556198033854555,nan,nan,nan,nan,7.0,6.0,528.2131452722223,1.2025045402348042,0.056559456434098127,0.11531167021898303,0.6092419503723101,0.0682760981147421,0.7689773251105685,0.26659117193748616,0.8293322960179813,0.15414882418918685
three_layer,75,0.5041208532684162,0.9445923581772361,0.13232014213970847,-0.285477547402363,-0.028562926036833455,0.7130395239035474,174.22510596956022,19.0,0.19218241982162,1209.7393429355732,4.223044395446777,nan,nan,6.943542012521049,0.025993982329964638,0.4902078673360134,nan,nan,nan,nan,7.0,12.0,514.6572383023777,1.083152946829796,-0.21086471062655904,0.09837730445203328,0.7233157843928019,0.05509193230296732,0.8969198169009882,0.13078480535327042,0.9445923581772361,0.0967343181227465
three_layer,76,0.2669894272107709,0.9631226650453381,0.07867466082389785,-0.01936849220926767,0.00036495336524963306,0.6687678292258669,142.37889501951165,15.0,0.13207276836037635,900.4758958415546,3.173229694366455,nan,nan,6.324504033537787,0.034972675144672394,0.6846220465290492,nan,nan,nan,nan,10.0,5.0,513.9280124486284,1.2835914231836796,0.3224206874788762,0.07672273983102482,0.9678207547285432,0.03818900752526365,0.9443557026249301,0.1088442721467407,0.9631226650453381,0.07640515644979702
three_layer,77,0.5523449009501038,0.8055204337823386,0.2450811941576358,-0.5128253477938582,-0.15766618994010473,0.46501811175739016,179.25702664106728,17.0,0.2242724198848009,1227.8999062837318,4.738879680633545,nan,nan,6.849940162972799,0.026518920436501503,0.4651929390035333,nan,nan,nan,nan,7.0,10.0,481.8233984847479,0.98875697478652,0.09508865049917493,0.09087780483849922,0.9192582906023604,0.056841625589261154,0.7445096848130703,0.22602566715581363,0.8055204337823386,0.12796870287478784
three_layer,78,0.6241716357949094,0.8537907401767324,0.2003594087577367,-0.6933211211948688,-0.049793616243747306,0.4837700167322416,206.89419700458018,19.0,0.28842322491109373,958.8250900351727,3.833395004272461,nan,nan,4.634374012983779,0.02761606127023697,0.5017243741938794,nan,nan,nan,nan,9.0,10.0,507.703159868643,0.8976894088089467,-0.28283501515440385,0.07137188691737348,0.7858667995732128,0.0821321321633218,0.7439009461404943,0.2540726957847734,0.8537907401767324,0.13854524359474796
three_layer,79,0.4606690688821197,0.9327397613978334,0.10512261099037679,-0.34841367003593154,-0.032250072344302265,0.6437483231922169,163.77706963364204,19.0,0.21660626847296954,1131.1610121360693,3.129647970199585,nan,nan,6.9067117555980095,0.03316892683506012,0.6117631934943799,nan,nan,nan,nan,11.0,8.0,510.27782333864917,1.136449157446623,0.5600184349650384,0.10625266730039377,0.9390206460628706,0.06690454758759751,0.886195357439376,0.20733322491521758,0.9327397613978334,0.12982642655174323
three_layer,80,0.7513040738277107,0.9514640837154662,0.21028915475118992,0.08202663618151593,-0.004275718371319378,0.35247116650738836,230.1199346894382,17.0,0.17564224749803542,1181.3083342738494,5.008408069610596,nan,nan,5.133446330358566,0.0259261354804039,0.4429944395815225,nan,nan,nan,nan,8.0,9.0,520.5133763491242,0.8162149585783482,-0.40991057741137793,0.13827219237684757,-0.49099675445419333,0.1124480356566416,0.9269990679524475,0.19379489267182187,0.9514640837154662,0.1499578904640268
three_layer,81,0.3491120574511229,0.9204876982404235,0.0754292268895256,-0.8623058059205561,-0.22974601115829651,0.44311781337303685,200.08844919183628,19.0,0.11166191324591637,936.27445700303,4.223044395446777,nan,nan,4.679302882223701,0.029981352388858795,0.4671046331507442,nan,nan,nan,nan,10.0,9.0,501.57591503495274,0.9189954571425916,-0.15538719920337618,0.05059753148458449,0.8694722116724383,0.046727631190180696,0.9102766529944759,0.15214080463834237,0.9204876982404235,0.0849767070000786
three_layer,82,0.4965491884871668,0.9852442509396195,0.07916592763379951,0.03943940753051827,-0.003843730885362916,1.2229682129862516,200.08844919183628,19.0,0.11166191324591637,936.27445700303,4.051423072814941,nan,nan,4.679302882223701,0.03019571118056774,0.45480855951677723,nan,nan,nan,nan,10.0,9.0,501.57591503495274,0.9189954571425916,-0.39066145293712784,0.06751066104927245,0.9074319284746212,0.05040740128589976,0.9768206493587763,0.0793545916472515,0.9852442509396195,0.06652505882955331
three_layer,83,0.3546384293113484,0.9307076121703848,0.09183465327706608,-0.003695493397225725,-0.0010711687319344243,0.6920190077964116,169.24528130494954,19.0,0.1832105552777648,1149.9758576162778,3.144108295440674,nan,nan,6.794729216374596,0.032231856137514114,0.575034000119565,nan,nan,nan,nan,11.0,8.0,488.1951379192068,1.0593661673367025,0.11325829303849938,0.055212995870547364,0.94175941171121,0.04219844992150387,0.8990680317903688,0.18965073868752963,0.9307076121703848,0.0983618420717781
three_layer,84,0.39441023679405557,0.9438425027107594,0.16316443503960285,-0.8093692292809483,-0.2975184888353915,0.5532169456800843,179.25702664106728,17.0,0.2242724198848009,1227.8999062837318,4.588404178619385,nan,nan,6.849940162972799,0.02759663201868534,0.4617321186511936,nan,nan,nan,nan,7.0,10.0,481.8233984847479,0.98875697478652,0.2261987695281581,0.07290728332799142,0.9082464254645893,0.03148705089148224,0.9376365019817418,0.21352646369119982,0.9438425027107594,0.10969792672416159
three_layer,85,0.3346207150320873,0.8651863860198229,0.1156219789123589,0.23761641946899298,0.01136512170825495,0.5808515099682707,107.5200535028893,23.0,0.16045710649341344,1077.9170686513312,1.9920457601547241,nan,nan,10.025265367100708,0.033328332006931305,0.7081881729510117,nan,nan,nan,nan,12.0,11.0,503.94127677489007,1.5447823725640775,-0.11238953256600497,0.09834391897219856,0.9950715265903278,0.06093114121782428,0.7681843540290324,0.19464282889737447,0.8651863860198229,0.12082470411969785
three_layer,86,0.5379968323407834,0.7949038694964619,0.13195663001275829,-1.4563627316684131,-0.047220268363122445,0.23176168955711435,134.41455917239156,16.0,0.25757529493421316,1025.8374725936565,4.361537933349609,nan,nan,7.631892548767597,0.02857094444334507,0.5619117859307532,nan,nan,nan,nan,6.0,10.0,511.3398391674992,1.3361056670546532,0.08522406552385837,0.05250152085056428,0.8562608686707258,0.04781020089856346,0.7809060427469602,0.19564856925705718,0.7949038694964619,0.10119559180723653
three_layer,87,0.7083223699321779,0.903955953103085,0.19100849316368618,-0.0468321956588777,-0.007221207925318929,0.3934746741596548,207.29341767259834,13.0,0.28619002308696506,1001.4966102080566,6.191441535949707,nan,nan,4.831299620858354,0.026328913867473602,0.5078429752811547,nan,nan,nan,nan,6.0,7.0,495.94994026554224,0.872339728474617,0.12441996228679304,0.14046988986761927,0.12675729465315042,0.07243024638151362,0.8589520125557124,0.18934534720838805,0.903955953103085,0.13716440689105663
three_layer,88,0.5145009029714795,0.9806393553201599,0.1157108353976387,0.042786331098040094,-0.0027274701068793943,0.8284803134759334,208.9225329361585,15.0,0.1997506285086274,1117.010678287836,4.223044395446777,nan,nan,5.346530422494766,0.030620407313108444,0.46101046962720904,nan,nan,nan,nan,10.0,5.0,484.74618100200735,0.8416618883609771,0.5304877921930442,0.06502464194753613,0.936881229194503,0.03559949401867023,0.9749649193852576,0.1175257585215511,0.9806393553201599,0.0745724883697816
three_layer,89,0.3960813545398903,0.8821071259648576,0.1733875947166489,-0.8703586444515151,-0.012937762260864573,0.39343706620099045,230.1199346894382,17.0,0.17564224749803542,1181.3083342738494,5.41668701171875,nan,nan,5.133446330358566,0.025166330859065056,0.3805356859026588,nan,nan,nan,nan,8.0,9.0,520.5133763491242,0.8162149585783482,-0.1368748311840514,0.06658669285402258,0.5106556288610934,0.0414009028686892,0.8690224889214039,0.13305389228601178,0.8821071259648576,0.08229447565961878
three_layer,90,0.6003646752056678,0.580898421007553,0.473526423344725,-0.35168499878552933,-0.16696616792359456,-0.06416061726740571,110.2673741191675,16.0,0.2723583662882447,1053.0204544354901,4.0701422691345215,nan,nan,9.549701013986931,0.02800113894045353,0.5737947944538873,nan,nan,nan,nan,6.0,10.0,526.3031422928314,1.5629692725837232,-0.1591802580733761,0.15063712723864428,0.8656807209976266,0.05992669175030136,0.46787134680436526,0.4752947154578,0.580898421007553,0.23705415246884587
three_layer,91,0.2949558711355999,0.9335651909545686,0.14226368369664297,-0.6000725668561627,0.08324168398748896,0.4226418328808036,139.36234120492665,15.0,0.14253425914794207,1062.5690008186446,4.849374294281006,nan,nan,7.624505957862605,0.02829856611788273,0.5338653489345969,nan,nan,nan,nan,6.0,9.0,490.78478840792116,1.258928406238556,0.025417048013840107,0.08089017577037169,0.5328014965806002,0.06470970259011861,0.9218458061766548,0.15128559474860845,0.9335651909545686,0.10067443045867865
three_layer,92,0.4590130510365182,0.742680879913636,0.21060463640764304,-0.3697925713321098,0.03676121782468581,-0.08043062105675364,107.5200535028893,23.0,0.16045710649341344,1077.9170686513312,2.2250888347625732,nan,nan,10.025265367100708,0.03315244987607002,0.6838433413860346,nan,nan,nan,nan,12.0,11.0,503.94127677489007,1.5447823725640775,-0.24848376869211233,0.09818087913818954,0.9903235967182485,0.13071068623460116,0.6838888242360149,0.3804619657107243,0.742680879913636,0.2067382015675002
three_layer,93,0.3790385435670868,0.9733075480606099,0.09837342609159697,0.0890492406690225,-0.020063759747733962,1.1408740085937568,187.20048295663526,17.0,0.15855681318789722,1049.7804789751297,4.483855724334717,nan,nan,5.607787236415997,0.029424726963043213,0.4958198209111229,nan,nan,nan,nan,9.0,8.0,496.5834031120766,0.9755713075399399,0.2780468157651673,0.06905392214699126,0.9118261340911215,0.04020243076304818,0.9606182830708107,0.09097792476587677,0.9733075480606099,0.06807187564841827
three_layer,94,0.3188232451621655,0.9741941736966431,0.06462705517031614,-0.24414646318029493,0.00026778259044081933,0.7806040890539246,125.43150097089864,17.0,0.14697795696556568,864.3317117483475,3.2924373149871826,nan,nan,6.890866369755721,0.0319553017616272,0.6500095381549247,nan,nan,nan,nan,9.0,8.0,516.7890178647935,1.4158749014139176,-0.063619445120353,0.058281723552469036,0.9349575384836487,0.04740349805758759,0.9608521020127784,0.11956406298615299,0.9741941736966431,0.07646707470579399
three_layer,95,0.3651481045915655,0.9169172985333296,0.09841191209483902,-0.3569695518031982,-0.022002553701259763,0.7064249006097686,163.77706963364204,19.0,0.21660626847296954,1131.1610121360693,3.1152541637420654,nan,nan,6.9067117555980095,0.03073774091899395,0.6049200287637443,nan,nan,nan,nan,11.0,8.0,510.27782333864917,1.136449157446623,0.38994483132681795,0.05728308083754231,0.9774115240425285,0.04434625125432622,0.8939179868228436,0.14009301804600693,0.9169172985333296,0.08238550998554009
three_layer,96,0.5209254260570098,0.8608035632120358,0.23185223989463244,-0.04868561240643595,-0.07750450301655927,0.7040221588587333,168.9388180849277,14.0,0.10370327066630125,1014.4316891849148,5.391774654388428,nan,nan,6.004728224598725,0.02699660323560238,0.4837189630802156,nan,nan,nan,nan,6.0,8.0,536.644249566102,1.1557987712323667,0.3069131393304099,0.08837044388837066,0.6273285511469526,0.043506500963472854,0.8313724753593379,0.17190573092785608,0.8608035632120358,0.10414861147472121
three_layer,97,0.4524236370327734,0.9194592985410478,0.13807238120457183,-0.019375818243208467,-0.019868758023209154,1.0395778337791743,142.37889501951165,15.0,0.13207276836037635,900.4758958415546,3.3382859230041504,nan,nan,6.324504033537787,0.034859057515859604,0.6669415530173518,nan,nan,nan,nan,10.0,5.0,513.9280124486284,1.2835914231836796,0.5331524952857696,0.10239782318391301,0.9732045195700192,0.030639750497650102,0.8901500660927963,0.1852385067417815,0.9194592985410478,0.1098646406232881
three_layer,98,0.46020308361936674,0.9426792326978993,0.12570883150253517,-0.3376954075226186,0.06883735480160204,0.6672186800619255,158.6967813916352,13.0,0.24448677040636538,1283.6067234209072,4.609604358673096,nan,nan,8.088423168792541,0.0309700109064579,0.6183817498683156,nan,nan,nan,nan,7.0,6.0,528.2131452722223,1.2025045402348042,0.3367799261604339,0.13667227755624195,0.48131084493855864,0.07928110592437083,0.9149909577230709,0.11983331445821853,0.9426792326978993,0.1135612889823724
three_layer,99,0.5378591390791483,0.8095372633617869,0.18591143177701044,-0.8706945929746451,0.06937005378603442,0.4156078769579721,230.1199346894382,17.0,0.17564224749803542,1181.3083342738494,5.293266296386719,nan,nan,5.133446330358566,0.02458765357732773,0.3920655766809905,nan,nan,nan,nan,8.0,9.0,520.5133763491242,0.8162149585783482,0.031870642046785136,0.06766624138682585,0.6861046032188255,0.03491264598980816,0.7938308666026568,0.1460654559112183,0.8095372633617869,0.0852798878512579
three_layer,100,0.48103190307487287,0.9111349114899447,0.16847914949229387,-0.27833374401192246,-0.10984152119640338,0.731599559161206,114.35571444514483,22.0,0.2395551698282361,1105.5086867554153,2.2980599403381348,nan,nan,9.667279786754476,0.032564688473939896,0.6570799576903267,nan,nan,nan,nan,11.0,11.0,498.3069688927672,1.4719023980200292,0.6211003513002279,0.06518987519187659,0.9951011051000322,0.05596309760941763,0.8760660195835218,0.35535116255406773,0.9111349114899447,0.1639782924939058
three_layer,101,0.8562437482372909,0.7607219054270143,0.34051429642885866,-0.30247128781156796,0.007804671782215379,0.5754761879073472,196.52027707946826,21.0,0.27813305556774137,921.6720605248466,3.868900775909424,nan,nan,4.689959093392402,0.027888134121894836,0.5694388513891403,nan,nan,nan,nan,10.0,11.0,535.719058651732,1.002844262123108,-0.3051821728940759,0.2000055302243127,-0.14570786299452057,0.12092726243214814,0.5879001861724005,0.31133881469691194,0.7607219054270143,0.21524869945207303
three_layer,102,0.3867023483367022,0.9431358330357017,0.10965765697648924,-0.3353395629953886,0.030741071627910732,0.40633329971578613,200.08844919183628,19.0,0.11166191324591637,936.27445700303,4.40193510055542,nan,nan,4.679302882223701,0.02755354717373848,0.4648463793503942,nan,nan,nan,nan,10.0,9.0,501.57591503495274,0.9189954571425916,0.28938876158114457,0.06759373937997563,0.8133122813424922,0.05849501833506445,0.9295439900315338,0.08849939027967664,0.9431358330357017,0.07218110088139763
three_layer,103,0.40806692293642566,0.9553758161703043,0.16246625132348252,0.10045049422284058,-0.04377922434877348,1.0149770114729462,179.25702664106728,17.0,0.2242724198848009,1227.8999062837318,4.80487060546875,nan,nan,6.849940162972799,0.028361087664961815,0.49046944155062977,nan,nan,nan,nan,7.0,10.0,481.8233984847479,0.98875697478652,-0.1550405704200159,0.06488259319068518,0.8930011166633736,0.04000285553645383,0.9434723493730555,0.17265212002458252,0.9553758161703043,0.09513800628627984
three_layer,104,0.7422673326053991,0.5172824872571348,0.49276709635963556,-0.1494183429948384,0.006556549041095256,-0.020372841507038594,208.9225329361585,15.0,0.1997506285086274,1117.010678287836,4.2621588706970215,nan,nan,5.346530422494766,0.03404635563492775,0.505872007703764,nan,nan,nan,nan,10.0,5.0,484.74618100200735,0.8416618883609771,-0.07734192275248276,0.0415929720941334,0.8528070137955006,0.05095653028578149,0.43085901132844395,0.4828767665001873,0.5172824872571348,0.1988513675937467
three_layer,105,0.43854379442836655,0.8030429503992093,0.22900713130458855,-0.7806424508276993,-0.08117850119274186,0.540175477679194,98.22766284919393,17.0,0.2530345097184181,872.8308349719136,1.7999285459518433,nan,nan,8.885794588352828,0.03360793739557266,0.8237146060925574,nan,nan,nan,nan,10.0,7.0,480.87321795477766,1.5883157804608345,0.041391252903296406,0.23171630404190668,0.8718076249373897,0.1705549360142027,0.635876481482626,0.43242628864844296,0.8030429503992093,0.2836163882458832
three_layer,106,0.4684995005411918,0.9834948969951754,0.08122163193596113,-0.26914786553701064,-0.04439283642488733,0.43581422628436794,162.88723641107333,19.0,0.20800075903534887,1196.3483697599177,4.203621864318848,nan,nan,7.344641582233806,0.028697552159428596,0.47807580285263307,nan,nan,nan,nan,8.0,11.0,495.18893770384636,1.1118812218308451,-0.4461467002768541,0.0741179001037151,0.8982970604163272,0.06498403529871702,0.9760899518668256,0.1123321216872799,0.9834948969951754,0.08475271821646335
three_layer,107,0.666686636211334,0.9284913854566512,0.2076346942030447,-0.13652091782518597,0.021415971469227413,0.6533453992345734,230.1199346894382,17.0,0.17564224749803542,1181.3083342738494,5.031548976898193,nan,nan,5.133446330358566,0.024367233738303185,0.45178677560406827,nan,nan,nan,nan,8.0,9.0,520.5133763491242,0.8162149585783482,0.03557544646261883,0.11729539723470042,0.8070402005463032,0.03690737635893036,0.9119090602165033,0.16283831770991486,0.9284913854566512,0.10911901313829446
three_layer,108,0.328236400905734,0.9523620126900977,0.12982466107964255,-0.06536025872596224,0.0008676383381545598,0.9367530796194803,109.16094441645615,15.0,0.16415614150464536,1249.748654995743,3.728821277618408,nan,nan,11.448679394233437,0.030701592564582825,0.6610671616619375,nan,nan,nan,nan,7.0,8.0,498.7784015512399,1.5193385645747186,-0.15648145474273747,0.11075146877005615,0.37230422197416757,0.13837879895626937,0.9296294686412758,0.11597699008194667,0.9523620126900977,0.1208686002850818
three_layer,109,0.40929921019554905,0.8922466015909724,0.24437507186838875,-0.579172814840931,-0.10299911258212852,0.18347541942431111,158.6967813916352,13.0,0.24448677040636538,1283.6067234209072,5.391774654388428,nan,nan,8.088423168792541,0.03238098323345184,0.6247592956857325,nan,nan,nan,nan,7.0,6.0,528.2131452722223,1.2025045402348042,-0.037881437504386724,0.14787759930356817,0.8523308352693125,0.05970594717998707,0.8689208493119809,0.20457755316714304,0.8922466015909724,0.14127108751874506
three_layer,110,0.38400384211881744,0.9454944450454309,0.11048948820608095,0.0704295011560428,0.005365417324865057,0.6898382377685093,163.77706963364204,19.0,0.21660626847296954,1131.1610121360693,3.129647970199585,nan,nan,6.9067117555980095,0.032356735318899155,0.6126671277997059,nan,nan,nan,nan,11.0,8.0,510.27782333864917,1.136449157446623,0.10528077138366553,0.06012936137570621,0.9619589613979189,0.036938995581404864,0.9174726248081567,0.21980361262393108,0.9454944450454309,0.1090582395742945
three_layer,111,0.40309272160787707,0.9102386634624396,0.1436164423332218,-0.401651169740897,0.04382220862857191,0.36170865134975283,110.2673741191675,16.0,0.2723583662882447,1053.0204544354901,3.528154134750366,nan,nan,9.549701013986931,0.028861792758107185,0.6441373322619084,nan,nan,nan,nan,6.0,10.0,526.3031422928314,1.5629692725837232,-0.535834930533741,0.15984982650239538,0.34128408945519884,0.10960958912404753,0.8606116414935486,0.18868222990810873,0.9102386634624396,0.1548690964808907
three_layer,112,0.3125947672162174,0.9358144570991666,0.1579075212092042,-0.6194982176568369,-0.15471315232309776,0.7325451843960608,208.9225329361585,15.0,0.1997506285086274,1117.010678287836,4.2621588706970215,nan,nan,5.346530422494766,0.03381103649735451,0.4504727584953194,nan,nan,nan,nan,10.0,5.0,484.74618100200735,0.8416618883609771,-0.10427549461297582,0.09965970926584845,0.8506820444798592,0.0567977630797232,0.9288522286437316,0.19417032710409465,0.9358144570991666,0.11987984165339703
three_layer,113,0.2920556834875933,0.9468292681861993,0.10317207461231874,0.1387357203112623,0.009659133892876216,0.8718737078226806,199.50857669068128,17.0,0.20033470075577497,1166.2086220342455,3.4957754611968994,nan,nan,5.845405953862019,0.031020954251289368,0.571668010599404,nan,nan,nan,nan,11.0,6.0,522.3752060507001,0.9625288888812067,-0.30049760854569857,0.07885930684536945,0.9483801106699584,0.052628090334086934,0.9272706351610241,0.15392342624357225,0.9468292681861993,0.09726238368135567
three_layer,114,0.3155517740264992,0.9236305034289686,0.20116304173541416,-0.216627871795256,0.03966978618226737,0.7191303905927171,168.9388180849277,14.0,0.10370327066630125,1014.4316891849148,5.517492294311523,nan,nan,6.004728224598725,0.027873586863279343,0.48188732099291515,nan,nan,nan,nan,6.0,8.0,536.644249566102,1.1557987712323667,0.29839869951509834,0.05967786572101217,0.7867220675909276,0.038126353712721064,0.9076837699196605,0.12969701734682765,0.9236305034289686,0.07771911518756028
three_layer,115,0.5969681865119655,0.9033651125817312,0.1266594287622178,-0.4176769238440575,0.005082691874223106,0.7207481515345033,230.1199346894382,17.0,0.17564224749803542,1181.3083342738494,4.985373497009277,nan,nan,5.133446330358566,0.027770424261689186,0.43290567422056686,nan,nan,nan,nan,8.0,9.0,520.5133763491242,0.8162149585783482,-0.058145082026737786,0.11318811166344372,0.8098576757578596,0.039631164452133216,0.8873330813234044,0.10733595345400856,0.9033651125817312,0.08907277212674827
three_layer,116,0.2741016438289661,0.972298894476038,0.10941789448586017,-0.07747632460366671,-0.09590192265778746,0.8958940096140988,163.77706963364204,19.0,0.21660626847296954,1131.1610121360693,2.934049606323242,nan,nan,6.9067117555980095,0.032482944428920746,0.6117563926614712,nan,nan,nan,nan,11.0,8.0,510.27782333864917,1.136449157446623,0.03934941023391514,0.08216693246967532,0.9659057320669757,0.0470369181140225,0.9660579083495678,0.20836750049541453,0.972298894476038,0.11579812697198819
three_layer,117,0.49704517060727826,0.6871139035765069,0.19660364348365447,-0.2660473317474861,-0.1280288016337343,0.47795233069250564,107.5200535028893,23.0,0.16045710649341344,1077.9170686513312,1.8249932527542114,nan,nan,10.025265367100708,0.03321116417646408,0.711165617070641,nan,nan,nan,nan,12.0,11.0,503.94127677489007,1.5447823725640775,0.37835584958555957,0.07874424930856375,0.693841748125596,0.16389498700892918,0.491563206691788,0.39003641862398974,0.6871139035765069,0.21324172987907247
three_layer,118,0.2558197667379445,0.9460825455338583,0.11848017796505211,-0.14595071858219708,-0.008948557532390208,0.7439210494441246,114.91972070086176,18.0,0.1276291636750102,1035.551696664616,3.4796979427337646,nan,nan,9.011087830261761,0.03018214926123619,0.5596501144894221,nan,nan,nan,nan,7.0,11.0,486.01357707464126,1.4420027561485769,0.22410297467262433,0.11074817863086273,0.8511290236418264,0.06425360846140404,0.9234489846933566,0.1476011381402823,0.9460825455338583,0.10969834340832198
three_layer,119,0.7118393072816366,0.614505268880223,0.26623478649071336,-0.6967704174970116,0.03357506568871997,0.19018619700530298,199.50857669068128,17.0,0.20033470075577497,1166.2086220342455,3.9957802295684814,nan,nan,5.845405953862019,0.03022761084139347,0.4969910223791627,nan,nan,nan,nan,11.0,6.0,522.3752060507001,0.9625288888812067,0.3118026778245165,0.055386489872388305,0.9176424182116835,0.04077934153815574,0.5587331529392063,0.3207697511067428,0.614505268880223,0.1438884868041426
three_layer,120,0.27845682223702256,0.9889317938304467,0.08122234201499917,0.22812974627453933,0.043513438259499354,1.1702778210080718,168.9388180849277,14.0,0.10370327066630125,1014.4316891849148,5.939826488494873,nan,nan,6.004728224598725,0.027617711573839188,0.4724679862015147,nan,nan,nan,nan,6.0,8.0,536.644249566102,1.1557987712323667,-0.19829257765646813,0.10755621832321806,0.4876743541171519,0.04788501564879939,0.9865977736765144,0.0676344539691204,0.9889317938304467,0.07568223999695828
three_layer,121,0.4061310367169722,0.7629230953863886,0.24167972881526276,0.033867233647197736,-0.005496913364362593,0.3591387362808535,158.6967813916352,13.0,0.24448677040636538,1283.6067234209072,4.609604358673096,nan,nan,8.088423168792541,0.03088650107383728,0.6314955632350092,nan,nan,nan,nan,7.0,6.0,528.2131452722223,1.2025045402348042,-0.5675001896322731,0.08204299428877138,0.34783594346116453,0.07895311051417205,0.6343785882560132,0.20295361936670198,0.7629230953863886,0.1234347479336673
three_layer,122,0.32396622282071164,0.9204213664768159,0.17324476187223428,-0.09896551476944901,0.034102082124188755,0.8781292972619257,115.93183011301268,13.0,0.15562297403812408,1354.6960864457021,3.40041184425354,nan,nan,11.685281644610605,0.035567931830883026,0.6785422543086597,nan,nan,nan,nan,8.0,5.0,460.82832985793823,1.3800232402980328,0.15174887309420063,0.09146703478725562,0.9409601706816121,0.058207257225897466,0.8734086889836425,0.21224898225207675,0.9204213664768159,0.12376278313153558
three_layer,123,0.2890997219223921,0.9581520220000204,0.09188179993133008,-0.5117241366499987,-0.048259782937925266,0.6167786600452204,125.43150097089864,17.0,0.14697795696556568,864.3317117483475,3.129647970199585,nan,nan,6.890866369755721,0.03186998888850212,0.6481422462041023,nan,nan,nan,nan,9.0,8.0,516.7890178647935,1.4158749014139176,0.46495937664026726,0.06789444156704322,0.9895221408682132,0.021771695687731216,0.9507510903626679,0.17563841170774674,0.9581520220000204,0.09176800735249585
three_layer,124,0.4776016355716119,0.8203293199122977,0.2734545521628836,-0.0008595095271810416,-0.04800066492626077,0.7859358678972652,134.41455917239156,16.0,0.25757529493421316,1025.8374725936565,3.9591102600097656,nan,nan,7.631892548767597,0.026896942406892776,0.5736271529126166,nan,nan,nan,nan,6.0,10.0,511.3398391674992,1.3361056670546532,-0.05379256210461562,0.09584491603694376,0.5232597863423711,0.08552029279793993,0.7659492676117797,0.4097970673190948,0.8203293199122977,0.20263078201399548
three_layer,125,0.329364158759632,0.9711576697652505,0.08192036189325398,-0.15030015390528254,0.017459025637784585,0.8394018179433119,168.9388180849277,14.0,0.10370327066630125,1014.4316891849148,5.939826488494873,nan,nan,6.004728224598725,0.02721193991601467,0.46400839622074175,nan,nan,nan,nan,6.0,8.0,536.644249566102,1.1557987712323667,-0.16161988244580755,0.10821167400986711,0.29188210052341734,0.04461899575491947,0.9658794127356968,0.06860355278334765,0.9711576697652505,0.075271028104101
three_layer,126,0.5014999022220373,0.7375805867378676,0.1632919069497528,-0.1032026340882613,-0.06189608593962965,0.31851943786363746,107.5200535028893,23.0,0.16045710649341344,1077.9170686513312,2.115072727203369,nan,nan,10.025265367100708,0.03276809677481651,0.6810286829688039,nan,nan,nan,nan,12.0,11.0,503.94127677489007,1.5447823725640775,0.3357185352291433,0.07400681448636473,0.969679992205738,0.10061831345137702,0.7114528589213669,0.4204684830173289,0.7375805867378676,0.20325184816170594
three_layer,127,0.46855563685631213,0.8472411166622389,0.23492479702139227,-0.1409876116400338,-0.05830864371182141,0.375299153198598,139.59515439114514,22.0,0.23090007733553647,1087.7217451127997,2.8018665313720703,nan,nan,7.79197350980398,0.03564703091979027,0.6075235041193656,nan,nan,nan,nan,12.0,10.0,476.1895650579559,1.227069541811943,-0.28700532377540905,0.15879299851414652,0.9698960012239567,0.10125418968187055,0.7102997812735379,0.3040317751371129,0.8472411166622389,0.19236492768250193
three_layer,128,0.3416032909388106,0.941202305618495,0.23389085773751006,-0.376116224027308,0.03346764844192454,0.8190886338466221,158.6967813916352,13.0,0.24448677040636538,1283.6067234209072,4.463233947753906,nan,nan,8.088423168792541,0.029781507328152657,0.5929846654698628,nan,nan,nan,nan,7.0,6.0,528.2131452722223,1.2025045402348042,0.239403318662962,0.09318580463119971,0.7720887174386721,0.062011345373140306,0.9296560601602089,0.21827649478250855,0.941202305618495,0.12761520840673998
three_layer,129,0.6045039093435315,0.7876067543241922,0.25401993643296017,-0.15322872601751727,-0.009632810990447433,0.3984889262044257,230.1199346894382,17.0,0.17564224749803542,1181.3083342738494,5.268921375274658,nan,nan,5.133446330358566,0.02609541453421116,0.4308303703875029,nan,nan,nan,nan,8.0,9.0,520.5133763491242,0.8162149585783482,0.05660562800156359,0.05762121793204419,0.6150647468520706,0.03302694256267191,0.7455273693657307,0.17793817599977804,0.7876067543241922,0.09235387064493936
three_layer,130,0.291671640308509,0.9778991688206056,0.06535843400876526,-0.04595775351985587,-0.07177335082719384,0.7072925520681701,125.43150097089864,17.0,0.14697795696556568,864.3317117483475,3.129647970199585,nan,nan,6.890866369755721,0.031556013971567154,0.6548706392785285,nan,nan,nan,nan,9.0,8.0,516.7890178647935,1.4158749014139176,0.4771046644057991,0.08460272164530244,0.9710572299937779,0.03897410515509221,0.9682624369097941,0.13270903720033894,0.9778991688206056,0.08775134714250214
three_layer,131,0.40408769339435324,0.9024233757376237,0.20085954435524375,-0.12442437238628581,-0.3187031928687871,0.8839522495321482,179.25702664106728,17.0,0.2242724198848009,1227.8999062837318,4.34147834777832,nan,nan,6.849940162972799,0.028749505057930946,0.4978612649974457,nan,nan,nan,nan,7.0,10.0,481.8233984847479,0.98875697478652,0.33397896350852285,0.12772490117515106,0.7870238030985998,0.05404200370102868,0.8856507630059991,0.28142468686855987,0.9024233757376237,0.15941495692560745
three_layer,132,0.4144769786946438,0.777564140121813,0.20628972724493083,0.11506752384816624,0.016612797222630277,0.5948237098864083,163.77706963364204,19.0,0.21660626847296954,1131.1610121360693,3.0442721843719482,nan,nan,6.9067117555980095,0.033495038747787476,0.5824951269092524,nan,nan,nan,nan,11.0,8.0,510.27782333864917,1.136449157446623,-0.3369527699367724,0.11931403557282486,0.9361636936063679,0.07617040512033604,0.7107431469550523,0.2673253617577233,0.777564140121813,0.15817491060179267
three_layer,133,0.38542385817379893,0.8558970850757467,0.17108550453006846,-0.6198752291217623,0.01958851243588502,0.4627210620092937,115.93183011301268,13.0,0.15562297403812408,1354.6960864457021,3.2174181938171387,nan,nan,11.685281644610605,0.03622246906161308,0.7227228564720485,nan,nan,nan,nan,8.0,5.0,460.82832985793823,1.3800232402980328,0.5397234240141278,0.0532330236939859,0.8605056764919774,0.07630182633306277,0.8217916959672207,0.21894946759573802,0.8558970850757467,0.11815441985132222
three_layer,134,0.25301573395274113,0.9417567655640834,0.14548908845607572,-0.05773659523758719,-0.038409091484814833,0.9546482325419063,169.24528130494954,19.0,0.1832105552777648,1149.9758576162778,3.6606950759887695,nan,nan,6.794729216374596,0.03160028159618378,0.5703229137099449,nan,nan,nan,nan,11.0,8.0,488.1951379192068,1.0593661673367025,0.09084106483461607,0.16010313839059798,0.9764562173268615,0.03745141646854854,0.9074743872772499,0.17066761506496708,0.9417567655640834,0.12700518865001234
three_layer,135,0.559011659665584,0.9677928468371743,0.12772814793660087,0.23124579621327462,-0.030497739370011875,0.3511664679438373,207.29341767259834,13.0,0.28619002308696506,1001.4966102080566,6.947712421417236,nan,nan,4.831299620858354,0.02767653949558735,0.512767024194219,nan,nan,nan,nan,6.0,7.0,495.94994026554224,0.872339728474617,-0.608692728588288,0.07657399310367996,0.38769171443541667,0.06601359571363742,0.9589281019908114,0.13563722402166573,0.9677928468371743,0.09407800470796221
three_layer,136,0.5511726124153679,0.8552416559107313,0.2238940015450958,-1.2110797132291036,-0.12719012314370073,0.4150093403634711,196.52027707946826,21.0,0.27813305556774137,921.6720605248466,3.4796979427337646,nan,nan,4.689959093392402,0.027582887560129166,0.582469794426761,nan,nan,nan,nan,10.0,11.0,535.719058651732,1.002844262123108,-0.03446329055270051,0.2053546485924228,0.7393268135543277,0.08502960352454123,0.8354560145460516,0.297800473518514,0.8552416559107313,0.20161317379619026
three_layer,137,0.497046685768359,0.6733463984529086,0.25905128130759125,-0.28027587622237443,-0.07413630643071313,0.22397481486356843,200.08844919183628,19.0,0.11166191324591637,936.27445700303,3.9957802295684814,nan,nan,4.679302882223701,0.028874596580863,0.4768127805289453,nan,nan,nan,nan,10.0,9.0,501.57591503495274,0.9189954571425916,-0.3036848179338678,0.09915091643003993,0.9431697040701038,0.0520416720900382,0.6075119777913264,0.2531467195713628,0.6733463984529086,0.13891667422750242
three_layer,138,0.3773036561720656,0.9865368970976328,0.23969017657268687,-0.2756265771566949,-0.12848514084794124,0.8519721028197514,158.6967813916352,13.0,0.24448677040636538,1283.6067234209072,3.977402925491333,nan,nan,8.088423168792541,0.030606934800744057,0.6421627222851081,nan,nan,nan,nan,7.0,6.0,528.2131452722223,1.2025045402348042,-0.2918488596333727,0.1466664751604797,0.36760501777254456,0.07910563407353793,0.9853406764081659,0.3334641577386349,0.9865368970976328,0.19177741173675153
three_layer,139,0.42083384383394107,0.8404423167253493,0.1949429442187495,-0.8012721664406408,-0.03444276513734988,0.22909930254154248,98.22766284919393,17.0,0.2530345097184181,872.8308349719136,2.184436082839966,nan,nan,8.885794588352828,0.037840936332941055,0.7815203382118185,nan,nan,nan,nan,10.0,7.0,480.87321795477766,1.5883157804608345,-0.013804458141007905,0.08834097564972127,0.9696307881112161,0.04877682245334759,0.7894787883459565,0.5145951981867677,0.8404423167253493,0.22566070757877543
three_layer,140,0.3469175782331346,0.8981360032838605,0.14157026584244337,-0.7874158519240674,-0.11169905623265641,0.5449949500429715,162.88723641107333,19.0,0.20800075903534887,1196.3483697599177,3.5444557666778564,nan,nan,7.344641582233806,0.027964241802692413,0.5178245733296528,nan,nan,nan,nan,8.0,11.0,495.18893770384636,1.1118812218308451,-0.28346091928535316,0.08573917023707253,0.8534934175737398,0.06404611723962489,0.8716018932274707,0.19150256546021607,0.8981360032838605,0.11624844266593848
three_layer,141,0.3973561299999473,0.8696805173329634,0.12427252350976244,0.5424965655041004,-0.03740448244937141,1.0445785690602998,107.5200535028893,23.0,0.16045710649341344,1077.9170686513312,1.9287915229797363,nan,nan,10.025265367100708,0.0332663469016552,0.685564742424073,nan,nan,nan,nan,12.0,11.0,503.94127677489007,1.5447823725640775,0.22723320414405812,0.08663656592427194,0.9497273835659847,0.06589524326292356,0.6824238172968956,0.38702636765991133,0.8696805173329634,0.1855505997333412
three_layer,142,0.6084581706366087,0.9633631468879682,0.15761870326596444,0.0823222742090925,0.026850975164660475,0.7959080385236381,208.9225329361585,15.0,0.1997506285086274,1117.010678287836,4.588404178619385,nan,nan,5.346530422494766,0.03145792335271835,0.49039182292196665,nan,nan,nan,nan,10.0,5.0,484.74618100200735,0.8416618883609771,0.11325275138897399,0.07420337079284475,0.9167597720175358,0.04003718605814391,0.9431659376759631,0.1693526359223636,0.9633631468879682,0.0972557581677661
three_layer,143,0.4991532920707792,0.9049094834239718,0.16732308986992836,-0.5409744569160644,0.028733789321741345,0.49092715458420094,134.41455917239156,16.0,0.25757529493421316,1025.8374725936565,4.567301273345947,nan,nan,7.631892548767597,0.028912192210555077,0.5778628663655835,nan,nan,nan,nan,6.0,10.0,511.3398391674992,1.3361056670546532,-0.3175014653713691,0.1036625838210426,0.15940638536556478,0.08915393219794163,0.8709832033962392,0.17366787385287363,0.9049094834239718,0.12381183984525318
