domain,metric,axis,quartile,n,lo,hi,mean,median,ci_lo,ci_hi
iid,pearson,vs1,1.0,38.0,114.2589674732075,160.7908908457197,0.9136924453199581,0.9367683657476468,0.8855957300766089,0.9370600660780647
iid,pearson,vs1,2.0,37.0,160.7908908457197,187.965289989984,0.9426769963816712,0.9570614510845606,0.9265138060852928,0.9578759630983541
iid,pearson,vs1,3.0,37.0,187.965289989984,225.45857777470718,0.9343627413689999,0.9397907499884366,0.9187693163997896,0.9480868064518054
iid,pearson,vs1,4.0,38.0,225.45857777470718,356.1113357731159,0.9120596309219041,0.9364783810942862,0.8793854414050606,0.937674075952332
iid,pearson,vs1_low,1.0,38.0,114.2589674732075,160.7908908457197,0.8749936256481592,0.9748139357486199,0.7984488628496074,0.9367768785795881
iid,pearson,vs1_low,2.0,37.0,160.7908908457197,187.965289989984,0.8337185887383767,0.9809934234770442,0.7507476315154825,0.9130542942193954
iid,pearson,vs1_low,3.0,37.0,187.965289989984,225.45857777470718,0.7228487511238006,0.8754082657934054,0.620168631777867,0.819322040569317
iid,pearson,vs1_low,4.0,38.0,225.45857777470718,356.1113357731159,0.5595192977361342,0.5976822687625503,0.4272922985219374,0.68166773402371
iid,pearson,vs1_mid,1.0,38.0,114.2589674732075,160.7908908457197,0.9031783224975374,0.9450841570654329,0.8710998889121899,0.9302264575790239
iid,pearson,vs1_mid,2.0,37.0,160.7908908457197,187.965289989984,0.9414774506503778,0.9634674587155626,0.9189001742193345,0.9617941360217459
iid,pearson,vs1_mid,3.0,37.0,187.965289989984,225.45857777470718,0.9530804323920695,0.9768496690206551,0.9340456244042501,0.9699770604611874
iid,pearson,vs1_mid,4.0,38.0,225.45857777470718,356.1113357731159,0.9462088791212471,0.9839979748420975,0.914548530522002,0.9732894463342244
iid,pearson,vs1_high,1.0,38.0,114.2589674732075,160.7908908457197,0.7426681857712658,0.8381721647290761,0.6677323204189983,0.8142240958320114
iid,pearson,vs1_high,2.0,37.0,160.7908908457197,187.965289989984,0.8066641737945385,0.8596548602170713,0.7394463341212125,0.8614104720292666
iid,pearson,vs1_high,3.0,37.0,187.965289989984,225.45857777470718,0.8301608415944557,0.8597433780720622,0.7975766023171259,0.8601599358754994
iid,pearson,vs1_high,4.0,38.0,225.45857777470718,356.1113357731159,0.8301785174500022,0.868805628503386,0.7943059208271683,0.8645547768015787
iid,pearson,vs1_all,1.0,38.0,114.2589674732075,160.7908908457197,0.9136924453199581,0.9367683657476468,0.8855957300766089,0.9370600660780647
iid,pearson,vs1_all,2.0,37.0,160.7908908457197,187.965289989984,0.9426769963816712,0.9570614510845606,0.9265138060852928,0.9578759630983541
iid,pearson,vs1_all,3.0,37.0,187.965289989984,225.45857777470718,0.9343627413689999,0.9397907499884366,0.9187693163997896,0.9480868064518054
iid,pearson,vs1_all,4.0,38.0,225.45857777470718,356.1113357731159,0.9120596309219041,0.9364783810942862,0.8793854414050606,0.937674075952332
iid,pearson,H,1.0,41.0,15.999999999999,32.0,0.9017867445824923,0.9282309580167284,0.8734277857363396,0.9301696672658906
iid,pearson,H,2.0,34.0,32.0,52.5,0.9207335864561013,0.9502245130968081,0.892347280104533,0.9469867405541481
iid,pearson,H,3.0,38.0,52.5,78.0,0.9425166850887718,0.9481093022316281,0.9299241446523497,0.9550734124820593
iid,pearson,H,4.0,37.0,78.0,99.000000000001,0.9387896403568284,0.9508340289794197,0.9270843849150593,0.9502298344188944
iid,pearson,H_low,1.0,41.0,15.999999999999,32.0,0.40558504283328733,0.41556168411904343,0.3074357872379752,0.4849807350990325
iid,pearson,H_low,2.0,34.0,32.0,52.5,0.6561743884282931,0.7133773047950165,0.5362514003211307,0.7625687849740143
iid,pearson,H_low,3.0,38.0,52.5,78.0,0.9675952003534565,0.9877228991241063,0.9392532973153818,0.9850988915466875
iid,pearson,H_low,4.0,37.0,78.0,99.000000000001,0.9837013266850165,0.9939462339048999,0.9734399083571915,0.9912459175935288
iid,pearson,H_mid,1.0,41.0,15.999999999999,32.0,0.9326193107309719,0.980478030892756,0.9036619721357282,0.9615444099110001
iid,pearson,H_mid,2.0,34.0,32.0,52.5,0.9348443963623254,0.9739587850617006,0.9067197453337773,0.960731071367069
iid,pearson,H_mid,3.0,38.0,52.5,78.0,0.9467629438746749,0.9688352673960148,0.9294567233819744,0.9635176103842626
iid,pearson,H_mid,4.0,37.0,78.0,99.000000000001,0.9290881689339944,0.9563483188979836,0.9050121013308035,0.9499371865985654
iid,pearson,H_high,1.0,41.0,15.999999999999,32.0,0.773062145783659,0.8731930851634303,0.699060241047262,0.8434290035841192
iid,pearson,H_high,2.0,34.0,32.0,52.5,0.8082530916312392,0.8513014063460783,0.7488676661677782,0.8521810454563886
iid,pearson,H_high,3.0,38.0,52.5,78.0,0.816507037558113,0.863326671025417,0.7808557520323577,0.8529819816855223
iid,pearson,H_high,4.0,37.0,78.0,99.000000000001,0.8142508046486631,0.8362633258606462,0.7818681734153615,0.8504612567426876
iid,pearson,H_all,1.0,41.0,15.999999999999,32.0,0.9017867445824923,0.9282309580167284,0.8734277857363396,0.9301696672658906
iid,pearson,H_all,2.0,34.0,32.0,52.5,0.9207335864561013,0.9502245130968081,0.892347280104533,0.9469867405541481
iid,pearson,H_all,3.0,38.0,52.5,78.0,0.9425166850887718,0.9481093022316281,0.9299241446523497,0.9550734124820593
iid,pearson,H_all,4.0,37.0,78.0,99.000000000001,0.9387896403568284,0.9508340289794197,0.9270843849150593,0.9502298344188944
iid,pearson,cov,1.0,38.0,0.10354241225768464,0.15391236054711044,0.9581717888989718,0.9727926547809636,0.9438929603842923,0.9712585527357596
iid,pearson,cov,2.0,37.0,0.15391236054711044,0.20709066931158304,0.9330362155512312,0.9487090656573097,0.9130603967091921,0.9491227727903662
iid,pearson,cov,3.0,37.0,0.20709066931158304,0.259607030916959,0.9331373487904939,0.9376169058624152,0.9186929039428505,0.9454050092645175
iid,pearson,cov,4.0,38.0,0.259607030916959,0.2976677659908996,0.8781605088200223,0.9138976272435635,0.8441134621524952,0.9109610062944082
iid,pearson,cov_low,1.0,38.0,0.10354241225768464,0.15391236054711044,0.7397035509141567,0.9735261257796768,0.6268538316394433,0.8508882468738074
iid,pearson,cov_low,2.0,37.0,0.15391236054711044,0.20709066931158304,0.696873926697252,0.9418104735436468,0.5729463565079415,0.8132359336453993
iid,pearson,cov_low,3.0,37.0,0.20709066931158304,0.259607030916959,0.8173472993903534,0.9809934234770442,0.7274227025502142,0.8883363399458253
iid,pearson,cov_low,4.0,38.0,0.259607030916959,0.2976677659908996,0.7360411148295883,0.8947479642538485,0.6287022292519294,0.82649531760831
iid,pearson,cov_mid,1.0,38.0,0.10354241225768464,0.15391236054711044,0.9686880786295787,0.9884425500493077,0.9548264289361631,0.98097787068299
iid,pearson,cov_mid,2.0,37.0,0.15391236054711044,0.20709066931158304,0.9423383714334218,0.9680531366515035,0.9199338372302399,0.9623073728387026
iid,pearson,cov_mid,3.0,37.0,0.20709066931158304,0.259607030916959,0.9447969153427783,0.956547837924356,0.9265330930517385,0.9602757783346397
iid,pearson,cov_mid,4.0,38.0,0.259607030916959,0.2976677659908996,0.8879263877747624,0.9251323529856585,0.8517144304276656,0.9248087229138623
iid,pearson,cov_high,1.0,38.0,0.10354241225768464,0.15391236054711044,0.8775747214838433,0.9167173409440228,0.8294238222096582,0.914323007410458
iid,pearson,cov_high,2.0,37.0,0.15391236054711044,0.20709066931158304,0.805535022156551,0.8654833062620065,0.7546655361815212,0.8469299024757316
iid,pearson,cov_high,3.0,37.0,0.20709066931158304,0.259607030916959,0.8131693654947644,0.8468015604709935,0.7753504919808545,0.8437799215139865
iid,pearson,cov_high,4.0,38.0,0.259607030916959,0.2976677659908996,0.7129157508504278,0.7573708088495805,0.6354271655550319,0.7790363782448768
iid,pearson,cov_all,1.0,38.0,0.10354241225768464,0.15391236054711044,0.9581717888989718,0.9727926547809636,0.9438929603842923,0.9712585527357596
iid,pearson,cov_all,2.0,37.0,0.15391236054711044,0.20709066931158304,0.9330362155512312,0.9487090656573097,0.9130603967091921,0.9491227727903662
iid,pearson,cov_all,3.0,37.0,0.20709066931158304,0.259607030916959,0.9331373487904939,0.9376169058624152,0.9186929039428505,0.9454050092645175
iid,pearson,cov_all,4.0,38.0,0.259607030916959,0.2976677659908996,0.8781605088200223,0.9138976272435635,0.8441134621524952,0.9109610062944082
iid,pearson,vs2,1.0,39.0,787.9885233298627,966.832667971848,0.9420412615260911,0.9605233439024385,0.9210924187807356,0.9611497582395601
iid,pearson,vs2,2.0,36.0,966.832667971848,1052.7891760389998,0.9170632000116637,0.9355216729999088,0.8882013531954296,0.938320837414915
iid,pearson,vs2,3.0,37.0,1052.7891760389998,1132.9817162400977,0.9307366125588022,0.9421488249632102,0.9071171132700837,0.9492413732880065
iid,pearson,vs2,4.0,38.0,1132.9817162400977,1463.815544975564,0.9115239507724336,0.9316143732146587,0.8875209412208798,0.9307658034634544
iid,pearson,vs2_low,1.0,39.0,787.9885233298627,966.832667971848,0.7164789503790913,0.9359209814330259,0.5918485799942172,0.8203676060410543
iid,pearson,vs2_low,2.0,36.0,966.832667971848,1052.7891760389998,0.7748157111689379,0.9782392440349801,0.6671122017106446,0.8652034656400885
iid,pearson,vs2_low,3.0,37.0,1052.7891760389998,1132.9817162400977,0.8076459870454474,0.9551882227420202,0.703966176837502,0.8921178043945202
iid,pearson,vs2_low,4.0,38.0,1132.9817162400977,1463.815544975564,0.6943562230514694,0.9283543376513459,0.5791244305490707,0.8028795208613151
iid,pearson,vs2_mid,1.0,39.0,787.9885233298627,966.832667971848,0.9498572248988157,0.9742503828180556,0.9284521825297646,0.9682248337731986
iid,pearson,vs2_mid,2.0,36.0,966.832667971848,1052.7891760389998,0.9247006388210658,0.9593863919921101,0.8920410230213331,0.9521902536822566
iid,pearson,vs2_mid,3.0,37.0,1052.7891760389998,1132.9817162400977,0.9522561694841362,0.9793536252295824,0.9269846384026275,0.9694416712129217
iid,pearson,vs2_mid,4.0,38.0,1132.9817162400977,1463.815544975564,0.9160058498568192,0.9328475963024426,0.8856812140794692,0.9387872010263145
iid,pearson,vs2_high,1.0,39.0,787.9885233298627,966.832667971848,0.8249433674165235,0.8722383279222079,0.7744820898165617,0.87083037882137
iid,pearson,vs2_high,2.0,36.0,966.832667971848,1052.7891760389998,0.7833302831854574,0.8412311291278934,0.7360402203371809,0.8307544356629628
iid,pearson,vs2_high,3.0,37.0,1052.7891760389998,1132.9817162400977,0.799979971424586,0.8688482914100225,0.7185401404746826,0.8578743975457896
iid,pearson,vs2_high,4.0,38.0,1132.9817162400977,1463.815544975564,0.7989147322413265,0.8607072119993406,0.7387908664587266,0.8503191421697147
iid,pearson,vs2_all,1.0,39.0,787.9885233298627,966.832667971848,0.9420412615260911,0.9605233439024385,0.9210924187807356,0.9611497582395601
iid,pearson,vs2_all,2.0,36.0,966.832667971848,1052.7891760389998,0.9170632000116637,0.9355216729999088,0.8882013531954296,0.938320837414915
iid,pearson,vs2_all,3.0,37.0,1052.7891760389998,1132.9817162400977,0.9307366125588022,0.9421488249632102,0.9071171132700837,0.9492413732880065
iid,pearson,vs2_all,4.0,38.0,1132.9817162400977,1463.815544975564,0.9115239507724336,0.9316143732146587,0.8875209412208798,0.9307658034634544
iid,pearson,rH,1.0,38.0,10.258174268527819,33.13592768041417,0.9515725140988393,0.9669951374315617,0.9312156373304145,0.9651963522384582
iid,pearson,rH,2.0,37.0,33.13592768041417,60.95222962554544,0.9281898064701466,0.9421488249632102,0.910955184371087,0.9446766180542933
iid,pearson,rH,3.0,38.0,60.95222962554544,76.97506696917117,0.9107925152185212,0.9371433535131872,0.8795484663433359,0.9346396517119564
iid,pearson,rH,4.0,37.0,76.97506696917117,99.69656446017424,0.9112474389327158,0.9323279774244007,0.883754599414885,0.9335864530078433
iid,pearson,rH_low,1.0,38.0,10.258174268527819,33.13592768041417,0.7576571549396212,0.9707296844099196,0.6486240433902944,0.8631238657179067
iid,pearson,rH_low,2.0,37.0,33.13592768041417,60.95222962554544,0.7662351292312812,0.9503169771762912,0.6374394873018323,0.849026228962842
iid,pearson,rH_low,3.0,38.0,60.95222962554544,76.97506696917117,0.7989277707368326,0.9547060189530459,0.7136187532699892,0.8831889604000618
iid,pearson,rH_low,4.0,37.0,76.97506696917117,99.69656446017424,0.6649609650335422,0.8754082657934054,0.5419850365682668,0.7832038125994496
iid,pearson,rH_mid,1.0,38.0,10.258174268527819,33.13592768041417,0.9660629159656206,0.9868326284411588,0.9462134998054622,0.9813310134032286
iid,pearson,rH_mid,2.0,37.0,33.13592768041417,60.95222962554544,0.936631158975811,0.9646979061812424,0.9147700807101075,0.9569647190511039
iid,pearson,rH_mid,3.0,38.0,60.95222962554544,76.97506696917117,0.926784776294453,0.95876081413385,0.894467707580958,0.9525833775792067
iid,pearson,rH_mid,4.0,37.0,76.97506696917117,99.69656446017424,0.9132916255701773,0.9408705004621578,0.8800383232773681,0.9418097302635596
iid,pearson,rH_high,1.0,38.0,10.258174268527819,33.13592768041417,0.8647463316955175,0.9002781247358447,0.8211759931962482,0.898584620930896
iid,pearson,rH_high,2.0,37.0,33.13592768041417,60.95222962554544,0.8105580371451747,0.8526181112554067,0.7626929625686116,0.85576004959343
iid,pearson,rH_high,3.0,38.0,60.95222962554544,76.97506696917117,0.7345218101429228,0.8010768347389525,0.651136754409321,0.7944281544603408
iid,pearson,rH_high,4.0,37.0,76.97506696917117,99.69656446017424,0.7991314466910483,0.84998470143675,0.7522290419749273,0.840880114620548
iid,pearson,rH_all,1.0,38.0,10.258174268527819,33.13592768041417,0.9515725140988393,0.9669951374315617,0.9312156373304145,0.9651963522384582
iid,pearson,rH_all,2.0,37.0,33.13592768041417,60.95222962554544,0.9281898064701466,0.9421488249632102,0.910955184371087,0.9446766180542933
iid,pearson,rH_all,3.0,38.0,60.95222962554544,76.97506696917117,0.9107925152185212,0.9371433535131872,0.8795484663433359,0.9346396517119564
iid,pearson,rH_all,4.0,37.0,76.97506696917117,99.69656446017424,0.9112474389327158,0.9323279774244007,0.883754599414885,0.9335864530078433
iid,pearson,aHV,1.0,38.0,10.653304926300205,18.105619193735933,0.8991202136399119,0.9268790205762628,0.865380737259425,0.9246591894409881
iid,pearson,aHV,2.0,37.0,18.105619193735933,22.94971624490015,0.9435919911577895,0.9534229503937769,0.9242938915438171,0.9576157946564663
iid,pearson,aHV,3.0,39.0,22.94971624490015,27.199561771732498,0.9130898080506418,0.9389304920589054,0.88811699164924,0.9361811170214395
iid,pearson,aHV,4.0,36.0,27.199561771732498,48.30898897753366,0.9483076358009923,0.9540098632862044,0.9367571731748697,0.9573497632191613
iid,pearson,aHV_low,1.0,38.0,10.653304926300205,18.105619193735933,0.7202970884017753,0.9605846096524845,0.5931259856906733,0.8245345094331793
iid,pearson,aHV_low,2.0,37.0,18.105619193735933,22.94971624490015,0.8183979115569658,0.972104199390148,0.7178460769691075,0.9033067360065097
iid,pearson,aHV_low,3.0,39.0,22.94971624490015,27.199561771732498,0.7634838058956007,0.9388087439542557,0.658832753833337,0.848046286473844
iid,pearson,aHV_low,4.0,36.0,27.199561771732498,48.30898897753366,0.6854611707416691,0.8365377385444704,0.5672488927834902,0.7941776167166112
iid,pearson,aHV_mid,1.0,38.0,10.653304926300205,18.105619193735933,0.9075952926281939,0.9463744183279552,0.8707334723657195,0.9372479197321956
iid,pearson,aHV_mid,2.0,37.0,18.105619193735933,22.94971624490015,0.9464864542814453,0.9680531366515035,0.9238004532156082,0.9684668295718893
iid,pearson,aHV_mid,3.0,39.0,22.94971624490015,27.199561771732498,0.9294259471826724,0.9726868807048044,0.8987264228390396,0.9568588090872487
iid,pearson,aHV_mid,4.0,36.0,27.199561771732498,48.30898897753366,0.9616423184909806,0.9754515777045243,0.945604543116728,0.9723949974795109
iid,pearson,aHV_high,1.0,38.0,10.653304926300205,18.105619193735933,0.7558921108055032,0.8177006377900995,0.6767559928913935,0.8216665877682845
iid,pearson,aHV_high,2.0,37.0,18.105619193735933,22.94971624490015,0.8217942136815994,0.8614894356033519,0.789326744664325,0.857853348748031
iid,pearson,aHV_high,3.0,39.0,22.94971624490015,27.199561771732498,0.7795453183965994,0.8582915734958572,0.7119943792409426,0.839725988123216
iid,pearson,aHV_high,4.0,36.0,27.199561771732498,48.30898897753366,0.8555040765973695,0.8701576399612072,0.8254599939048641,0.8840925554815441
iid,pearson,aHV_all,1.0,38.0,10.653304926300205,18.105619193735933,0.8991202136399119,0.9268790205762628,0.865380737259425,0.9246591894409881
iid,pearson,aHV_all,2.0,37.0,18.105619193735933,22.94971624490015,0.9435919911577895,0.9534229503937769,0.9242938915438171,0.9576157946564663
iid,pearson,aHV_all,3.0,39.0,22.94971624490015,27.199561771732498,0.9130898080506418,0.9389304920589054,0.88811699164924,0.9361811170214395
iid,pearson,aHV_all,4.0,36.0,27.199561771732498,48.30898897753366,0.9483076358009923,0.9540098632862044,0.9367571731748697,0.9573497632191613
iid,pearson,f0,1.0,38.0,0.2769761979569926,0.5967318713665009,0.9404889080513774,0.9437861662664487,0.9297688170343257,0.9495794103441868
iid,pearson,f0,2.0,37.0,0.5967318713665009,0.8608739376068115,0.9413101814840753,0.9590436712556794,0.9267048117431881,0.9577306324022259
iid,pearson,f0,3.0,37.0,0.8608739376068115,1.4813973009586334,0.9082594867046373,0.9381890948214283,0.8761106508311987,0.9337372370339754
iid,pearson,f0,4.0,38.0,1.4813973009586334,4.262158870698022,0.9120103411850236,0.9366780186271945,0.8804199499476426,0.9362566585643933
iid,pearson,f0_low,1.0,38.0,0.2769761979569926,0.5967318713665009,0.9834247110249452,0.9938060153302497,0.9730714277766176,0.9910033764504181
iid,pearson,f0_low,2.0,37.0,0.5967318713665009,0.8608739376068115,0.9849677213472872,0.9889000508507283,0.9800913393148686,0.9892531004188887
iid,pearson,f0_low,3.0,37.0,0.8608739376068115,1.4813973009586334,0.74074226408398,0.7906969707180325,0.6680846074367539,0.813237462275026
iid,pearson,f0_low,4.0,38.0,1.4813973009586334,4.262158870698022,0.2863966890420765,0.29366179657393854,0.2059774326167021,0.36728135164723014
iid,pearson,f0_mid,1.0,38.0,0.2769761979569926,0.5967318713665009,0.9208210859596381,0.9363434566025028,0.8993547576230866,0.9400223749550106
iid,pearson,f0_mid,2.0,37.0,0.5967318713665009,0.8608739376068115,0.950633678242479,0.9768496690206551,0.9317418460571623,0.9693162459068208
iid,pearson,f0_mid,3.0,37.0,0.8608739376068115,1.4813973009586334,0.9222148093462131,0.9717236048731728,0.8874929743558317,0.9503118284815028
iid,pearson,f0_mid,4.0,38.0,1.4813973009586334,4.262158870698022,0.9497042112325398,0.9865378324766627,0.9156737207657665,0.9751620140759067
iid,pearson,f0_high,1.0,38.0,0.2769761979569926,0.5967318713665009,0.821510873403357,0.8521672589603528,0.7874396937724208,0.8541764342828735
iid,pearson,f0_high,2.0,37.0,0.5967318713665009,0.8608739376068115,0.8238156489499682,0.8636993628342321,0.7854900007601114,0.8612128978781716
iid,pearson,f0_high,3.0,37.0,0.8608739376068115,1.4813973009586334,0.7229289906026837,0.8084307189105547,0.6330587865255577,0.7922808028207599
iid,pearson,f0_high,4.0,38.0,1.4813973009586334,4.262158870698022,0.8390456694480342,0.8950867575276444,0.7783581441856691,0.8878335064473936
iid,pearson,f0_all,1.0,38.0,0.2769761979569926,0.5967318713665009,0.9404889080513774,0.9437861662664487,0.9297688170343257,0.9495794103441868
iid,pearson,f0_all,2.0,37.0,0.5967318713665009,0.8608739376068115,0.9413101814840753,0.9590436712556794,0.9267048117431881,0.9577306324022259
iid,pearson,f0_all,3.0,37.0,0.8608739376068115,1.4813973009586334,0.9082594867046373,0.9381890948214283,0.8761106508311987,0.9337372370339754
iid,pearson,f0_all,4.0,38.0,1.4813973009586334,4.262158870698022,0.9120103411850236,0.9366780186271945,0.8804199499476426,0.9362566585643933
iid,pearson,impedance,1.0,38.0,2.7627338789992235,4.62412396461388,0.9168182156140593,0.9494232289817321,0.8846186117654363,0.9468097980839624
iid,pearson,impedance,2.0,37.0,4.62412396461388,5.632997091399083,0.9345795502894066,0.9470260757998394,0.916875960283956,0.9495463806519349
iid,pearson,impedance,3.0,37.0,5.632997091399083,6.694060565237978,0.9412328574625538,0.9464286782376602,0.9309134550561838,0.9516328364475108
iid,pearson,impedance,4.0,38.0,6.694060565237978,9.962851430696455,0.910128892468653,0.9360604497651412,0.882573018157521,0.9326493599539571
iid,pearson,impedance_low,1.0,38.0,2.7627338789992235,4.62412396461388,0.6105891698448019,0.7010779539310869,0.48576301932807686,0.7315376345937018
iid,pearson,impedance_low,2.0,37.0,4.62412396461388,5.632997091399083,0.6686776353044431,0.7979260477124631,0.5632657517532156,0.7837784537864069
iid,pearson,impedance_low,3.0,37.0,5.632997091399083,6.694060565237978,0.874829233284623,0.9851807710943888,0.7859509068712405,0.9479467566140174
iid,pearson,impedance_low,4.0,38.0,6.694060565237978,9.962851430696455,0.8366405282001522,0.9573030008862875,0.7568190077818654,0.9032019745464943
iid,pearson,impedance_mid,1.0,38.0,2.7627338789992235,4.62412396461388,0.9493117980877289,0.9839979748420975,0.9157996871041645,0.974861842405206
iid,pearson,impedance_mid,2.0,37.0,4.62412396461388,5.632997091399083,0.9523660590775904,0.9793536252295824,0.9321708664775273,0.970876369288682
iid,pearson,impedance_mid,3.0,37.0,5.632997091399083,6.694060565237978,0.9420703134837535,0.9646979061812424,0.9210378305787803,0.9588303623367335
iid,pearson,impedance_mid,4.0,38.0,6.694060565237978,9.962851430696455,0.9001937163679192,0.9194325228719462,0.8699239805853689,0.9259605627159663
iid,pearson,impedance_high,1.0,38.0,2.7627338789992235,4.62412396461388,0.8194625990784925,0.8661897741226593,0.7808516908155353,0.8566183307608113
iid,pearson,impedance_high,2.0,37.0,4.62412396461388,5.632997091399083,0.834339565889285,0.8799197676831704,0.7831990139917439,0.8779339265744028
iid,pearson,impedance_high,3.0,37.0,5.632997091399083,6.694060565237978,0.8180535093580615,0.8505224059439631,0.7767014736648151,0.8571908987118154
iid,pearson,impedance_high,4.0,38.0,6.694060565237978,9.962851430696455,0.7382257300701693,0.8253498046733514,0.6519213035206637,0.8075136642160728
iid,pearson,impedance_all,1.0,38.0,2.7627338789992235,4.62412396461388,0.9168182156140593,0.9494232289817321,0.8846186117654363,0.9468097980839624
iid,pearson,impedance_all,2.0,37.0,4.62412396461388,5.632997091399083,0.9345795502894066,0.9470260757998394,0.916875960283956,0.9495463806519349
iid,pearson,impedance_all,3.0,37.0,5.632997091399083,6.694060565237978,0.9412328574625538,0.9464286782376602,0.9309134550561838,0.9516328364475108
iid,pearson,impedance_all,4.0,38.0,6.694060565237978,9.962851430696455,0.910128892468653,0.9360604497651412,0.882573018157521,0.9326493599539571
iid,pearson,xi_mean,1.0,38.0,0.027018336578203607,0.03717740345746279,0.9077550170873891,0.9316761627661247,0.8739119262243235,0.9326696405427881
iid,pearson,xi_mean,2.0,37.0,0.03717740345746279,0.040984146296978,0.9361464411719682,0.9454235075696873,0.9182945000118782,0.9508498459998196
iid,pearson,xi_mean,3.0,37.0,0.040984146296978,0.043636067770421505,0.9440601973246322,0.9473781154664197,0.930596757565081,0.955228759717207
iid,pearson,xi_mean,4.0,38.0,0.043636067770421505,0.04732963442902429,0.914913497901858,0.9416877844080879,0.8873156923696676,0.937984053441895
iid,pearson,xi_mean_low,1.0,38.0,0.027018336578203607,0.03717740345746279,0.5614908798988062,0.5976822687625503,0.4321455585649067,0.6842574696312974
iid,pearson,xi_mean_low,2.0,37.0,0.03717740345746279,0.040984146296978,0.768067583894802,0.9542238151640715,0.6733780392948654,0.8501992256933087
iid,pearson,xi_mean_low,3.0,37.0,0.040984146296978,0.043636067770421505,0.8071472844000086,0.9819575222090563,0.7003982820178187,0.8933820992424887
iid,pearson,xi_mean_low,4.0,38.0,0.043636067770421505,0.04732963442902429,0.8548652394852917,0.970812611734466,0.7657335196881224,0.9199933751329973
iid,pearson,xi_mean_mid,1.0,38.0,0.027018336578203607,0.03717740345746279,0.9404319223069523,0.9818807761154933,0.9056262867569885,0.9637638733800757
iid,pearson,xi_mean_mid,2.0,37.0,0.03717740345746279,0.040984146296978,0.953223786106447,0.9775836821860603,0.9338710258003929,0.9697918882301194
iid,pearson,xi_mean_mid,3.0,37.0,0.040984146296978,0.043636067770421505,0.9387653001492474,0.9646979061812424,0.9152286006797674,0.9601968163173217
iid,pearson,xi_mean_mid,4.0,38.0,0.043636067770421505,0.04732963442902429,0.9114564761831441,0.9508512196693841,0.8834031065243787,0.9382151481422046
iid,pearson,xi_mean_high,1.0,38.0,0.027018336578203607,0.03717740345746279,0.8280719769950025,0.868805628503386,0.7875621568398252,0.8635486608033178
iid,pearson,xi_mean_high,2.0,37.0,0.03717740345746279,0.040984146296978,0.8115396315767867,0.8505224059439631,0.7573843369624021,0.8496823493997165
iid,pearson,xi_mean_high,3.0,37.0,0.040984146296978,0.043636067770421505,0.8244087995405862,0.8614894356033519,0.7835510580600435,0.8639924063662596
iid,pearson,xi_mean_high,4.0,38.0,0.043636067770421505,0.04732963442902429,0.7456282424907391,0.8321980207117372,0.6676905355444361,0.8172877212586126
iid,pearson,xi_mean_all,1.0,38.0,0.027018336578203607,0.03717740345746279,0.9077550170873891,0.9316761627661247,0.8739119262243235,0.9326696405427881
iid,pearson,xi_mean_all,2.0,37.0,0.03717740345746279,0.040984146296978,0.9361464411719682,0.9454235075696873,0.9182945000118782,0.9508498459998196
iid,pearson,xi_mean_all,3.0,37.0,0.040984146296978,0.043636067770421505,0.9440601973246322,0.9473781154664197,0.930596757565081,0.955228759717207
iid,pearson,xi_mean_all,4.0,38.0,0.043636067770421505,0.04732963442902429,0.914913497901858,0.9416877844080879,0.8873156923696676,0.937984053441895
iid,pearson,field_cov,1.0,38.0,0.08585003988903091,0.14694675116148054,0.9585025122186044,0.9727926547809636,0.9430512825886723,0.970313078962048
iid,pearson,field_cov,2.0,37.0,0.14694675116148054,0.19410382590117423,0.9309223630737951,0.9399633609402167,0.9109869053125897,0.9474869081380806
iid,pearson,field_cov,3.0,37.0,0.19410382590117423,0.24560550917645183,0.9375859568285984,0.9394326600749056,0.9257578535169363,0.946613236368493
iid,pearson,field_cov,4.0,38.0,0.24560550917645183,0.2892947221141864,0.8755564708755285,0.9146130492911941,0.8397773288804626,0.9080727693078765
iid,pearson,field_cov_low,1.0,38.0,0.08585003988903091,0.14694675116148054,0.7114276547417346,0.9554564716722018,0.5791017028355672,0.8301994657483079
iid,pearson,field_cov_low,2.0,37.0,0.14694675116148054,0.19410382590117423,0.746177405568197,0.9542238151640715,0.6329050379650583,0.8393996897786137
iid,pearson,field_cov_low,3.0,37.0,0.19410382590117423,0.24560550917645183,0.7855366386931474,0.969355169429691,0.7004209501230361,0.8738643385309596
iid,pearson,field_cov_low,4.0,38.0,0.24560550917645183,0.2892947221141864,0.7472845301486329,0.909997279921592,0.636631310796087,0.8420705996619771
iid,pearson,field_cov_mid,1.0,38.0,0.08585003988903091,0.14694675116148054,0.9710426057625485,0.9891918797129002,0.9562821931862715,0.9831264451422574
iid,pearson,field_cov_mid,2.0,37.0,0.14694675116148054,0.19410382590117423,0.9368010548163942,0.9652411221218027,0.9146444023106765,0.9562449977606109
iid,pearson,field_cov_mid,3.0,37.0,0.19410382590117423,0.24560550917645183,0.9557160155462672,0.9695427070560648,0.9383554917225247,0.9675055419243619
iid,pearson,field_cov_mid,4.0,38.0,0.24560550917645183,0.2892947221141864,0.8803317029391855,0.9123117857054958,0.841014368908865,0.9155741069030421
iid,pearson,field_cov_high,1.0,38.0,0.08585003988903091,0.14694675116148054,0.8796858942478455,0.9221437176214906,0.8303568217304047,0.91477437108845
iid,pearson,field_cov_high,2.0,37.0,0.14694675116148054,0.19410382590117423,0.7959096832357315,0.8565154659417927,0.7491350311875825,0.8389987962200324
iid,pearson,field_cov_high,3.0,37.0,0.19410382590117423,0.24560550917645183,0.8168871607441051,0.851716406665299,0.7803294769855454,0.8485071526017973
iid,pearson,field_cov_high,4.0,38.0,0.24560550917645183,0.2892947221141864,0.7165566600823393,0.7668921684217671,0.6423703433443699,0.7819314984076278
iid,pearson,field_cov_all,1.0,38.0,0.08585003988903091,0.14694675116148054,0.9585025122186044,0.9727926547809636,0.9430512825886723,0.970313078962048
iid,pearson,field_cov_all,2.0,37.0,0.14694675116148054,0.19410382590117423,0.9309223630737951,0.9399633609402167,0.9109869053125897,0.9474869081380806
iid,pearson,field_cov_all,3.0,37.0,0.19410382590117423,0.24560550917645183,0.9375859568285984,0.9394326600749056,0.9257578535169363,0.946613236368493
iid,pearson,field_cov_all,4.0,38.0,0.24560550917645183,0.2892947221141864,0.8755564708755285,0.9146130492911941,0.8397773288804626,0.9080727693078765
iid,gof_af,vs1,1.0,38.0,114.2589674732075,160.7908908457197,0.12853943137283505,0.11419352887439405,0.11126508100581362,0.14734210145581947
iid,gof_af,vs1,2.0,37.0,160.7908908457197,187.965289989984,0.10186703543315762,0.09302301424744208,0.08607241103626566,0.11806932491337271
iid,gof_af,vs1,3.0,37.0,187.965289989984,225.45857777470718,0.10170221189833267,0.08539536803777639,0.0894904921468174,0.11563333010371327
iid,gof_af,vs1,4.0,38.0,225.45857777470718,356.1113357731159,0.11266382352212549,0.09759816090192848,0.0979126340430213,0.13080937314804367
iid,gof_af,vs1_low,1.0,38.0,114.2589674732075,160.7908908457197,0.061696627898342356,0.05823625009155067,0.052734356785943,0.07178780166269416
iid,gof_af,vs1_low,2.0,37.0,160.7908908457197,187.965289989984,0.05733180384600282,0.04551683074068067,0.04498511234146456,0.0695562461925735
iid,gof_af,vs1_low,3.0,37.0,187.965289989984,225.45857777470718,0.05366984993884715,0.04438374234034426,0.04573644315804813,0.06146660412696292
iid,gof_af,vs1_low,4.0,38.0,225.45857777470718,356.1113357731159,0.06574540976870837,0.055857951424444045,0.0557459395344679,0.07699386541791292
iid,gof_af,vs1_mid,1.0,38.0,114.2589674732075,160.7908908457197,0.16684785337369037,0.13862482832669715,0.14355014304509717,0.19342538810103851
iid,gof_af,vs1_mid,2.0,37.0,160.7908908457197,187.965289989984,0.1247729557937695,0.11553683012665653,0.10018648101192572,0.15079165513066675
iid,gof_af,vs1_mid,3.0,37.0,187.965289989984,225.45857777470718,0.11306577267174435,0.08868067552075637,0.0935022731039608,0.1358770318908768
iid,gof_af,vs1_mid,4.0,38.0,225.45857777470718,356.1113357731159,0.09806165778832528,0.0804645894564247,0.08116983994331925,0.11703855759259334
iid,gof_af,vs1_high,1.0,38.0,114.2589674732075,160.7908908457197,0.3974555013520532,0.31102693629284306,0.3090100560192756,0.4925965886210978
iid,gof_af,vs1_high,2.0,37.0,160.7908908457197,187.965289989984,0.3134328142696214,0.30094907141147276,0.2800193335123588,0.348314811026576
iid,gof_af,vs1_high,3.0,37.0,187.965289989984,225.45857777470718,0.2973756977602901,0.2711493079175573,0.2707004644101078,0.3267973282115357
iid,gof_af,vs1_high,4.0,38.0,225.45857777470718,356.1113357731159,0.28292905312181943,0.25233553690188065,0.2539514838910929,0.31195734935269426
iid,gof_af,vs1_all,1.0,38.0,114.2589674732075,160.7908908457197,0.21075760124974555,0.17359132728575571,0.17333057325134654,0.2479781495657884
iid,gof_af,vs1_all,2.0,37.0,160.7908908457197,187.965289989984,0.1671995030785993,0.15171619281343665,0.14928110285842097,0.18685859645099032
iid,gof_af,vs1_all,3.0,37.0,187.965289989984,225.45857777470718,0.15678567349622136,0.145064694779309,0.1434280328535069,0.17100038901345452
iid,gof_af,vs1_all,4.0,38.0,225.45857777470718,356.1113357731159,0.1514545593481823,0.14009918092992535,0.1374293043765609,0.16506939168214718
iid,gof_af,H,1.0,41.0,15.999999999999,32.0,0.13545956299367093,0.12348186796642148,0.11589497683843861,0.15368574307490684
iid,gof_af,H,2.0,34.0,32.0,52.5,0.10616677932899136,0.08999458780023517,0.08994518525386029,0.12402787074364843
iid,gof_af,H,3.0,38.0,52.5,78.0,0.09774155684812401,0.0945417389854176,0.0857239481951249,0.10963919103051499
iid,gof_af,H,4.0,37.0,78.0,99.000000000001,0.10324578640861391,0.09302301424744208,0.0918585390160818,0.11597379277806476
iid,gof_af,H_low,1.0,41.0,15.999999999999,32.0,0.08789672362197078,0.08823872098956917,0.07833904828482077,0.09819679071093464
iid,gof_af,H_low,2.0,34.0,32.0,52.5,0.059024709231852414,0.05375979832745663,0.049634987045173926,0.06935902557393869
iid,gof_af,H_low,3.0,38.0,52.5,78.0,0.039581114037721535,0.034833242298607583,0.03504243197429197,0.04498921731587799
iid,gof_af,H_low,4.0,37.0,78.0,99.000000000001,0.04959920285324797,0.04438374234034426,0.042516097919185106,0.057774276159754924
iid,gof_af,H_mid,1.0,41.0,15.999999999999,32.0,0.10271692603667218,0.070429741213822,0.08158455297910727,0.12259120346066928
iid,gof_af,H_mid,2.0,34.0,32.0,52.5,0.12351743780412432,0.09899738553457295,0.10080348939861083,0.15089570098328878
iid,gof_af,H_mid,3.0,38.0,52.5,78.0,0.13508555020344828,0.12515887461099692,0.11024426948811945,0.15632593707389789
iid,gof_af,H_mid,4.0,37.0,78.0,99.000000000001,0.14384747612988605,0.12346874842940024,0.12357129559215556,0.1651482799213414
iid,gof_af,H_high,1.0,41.0,15.999999999999,32.0,0.30291254184511013,0.2711493079175573,0.26167052325693035,0.3396320008975853
iid,gof_af,H_high,2.0,34.0,32.0,52.5,0.2689853184627582,0.2381489075948815,0.24096741994317214,0.29748353200283295
iid,gof_af,H_high,3.0,38.0,52.5,78.0,0.3238317675137898,0.3326225288078713,0.2888627953705782,0.3586955146312945
iid,gof_af,H_high,4.0,37.0,78.0,99.000000000001,0.39416231908666416,0.31132862574692444,0.3075475459232339,0.514042552068055
iid,gof_af,H_all,1.0,41.0,15.999999999999,32.0,0.16759832072447997,0.14691618033166215,0.14509166342357585,0.18708720732088258
iid,gof_af,H_all,2.0,34.0,32.0,52.5,0.15185874103435104,0.14183622438123122,0.13425971873810014,0.16762342984441334
iid,gof_af,H_all,3.0,38.0,52.5,78.0,0.16772017360406347,0.15763283036275616,0.15124486382958732,0.1829379669547553
iid,gof_af,H_all,4.0,37.0,78.0,99.000000000001,0.19847077551793504,0.1654745088536162,0.16404453376201555,0.24496069374829973
iid,gof_af,cov,1.0,38.0,0.10354241225768464,0.15391236054711044,0.08711182841568765,0.07796535079567761,0.07503856956629425,0.10129411228614596
iid,gof_af,cov,2.0,37.0,0.15391236054711044,0.20709066931158304,0.10795549220483575,0.1019992478437396,0.09448023984721979,0.1257060234833494
iid,gof_af,cov,3.0,37.0,0.20709066931158304,0.259607030916959,0.10836352264667103,0.09834596642626026,0.09748090082272345,0.12280682556882827
iid,gof_af,cov,4.0,38.0,0.259607030916959,0.2976677659908996,0.1416771791571516,0.12699276166126322,0.12364474003634628,0.15762242817115485
iid,gof_af,cov_low,1.0,38.0,0.10354241225768464,0.15391236054711044,0.056451354892737636,0.046876744883310756,0.04721068126533077,0.06790885211285802
iid,gof_af,cov_low,2.0,37.0,0.15391236054711044,0.20709066931158304,0.06051675149588898,0.055283007829492775,0.05105669366826062,0.06955700168277602
iid,gof_af,cov_low,3.0,37.0,0.20709066931158304,0.259607030916959,0.050031105922621166,0.04179307192846965,0.04315032227072828,0.05874916801576122
iid,gof_af,cov_low,4.0,38.0,0.259607030916959,0.2976677659908996,0.07143253713101239,0.0597371777485739,0.06054273494115489,0.0819280706358689
iid,gof_af,cov_mid,1.0,38.0,0.10354241225768464,0.15391236054711044,0.09442096336873868,0.07507928262069483,0.07864370527878932,0.11146901027164217
iid,gof_af,cov_mid,2.0,37.0,0.15391236054711044,0.20709066931158304,0.1151126937044085,0.10029267178433775,0.09590496206655034,0.13581111013667765
iid,gof_af,cov_mid,3.0,37.0,0.20709066931158304,0.259607030916959,0.13915998024054374,0.12346874842940024,0.11661707314756513,0.16503048443769047
iid,gof_af,cov_mid,4.0,38.0,0.259607030916959,0.2976677659908996,0.15448707456329744,0.13638245064865126,0.1281387307401823,0.17868110584959962
iid,gof_af,cov_high,1.0,38.0,0.10354241225768464,0.15391236054711044,0.23669925238081108,0.22665067448126092,0.21484373691963027,0.2600230629178493
iid,gof_af,cov_high,2.0,37.0,0.15391236054711044,0.20709066931158304,0.27778651031749496,0.25951650880022187,0.2550579054815581,0.3048527638295739
iid,gof_af,cov_high,3.0,37.0,0.20709066931158304,0.259607030916959,0.35507635868481346,0.33335208412197376,0.2980321732541602,0.44537054515446467
iid,gof_af,cov_high,4.0,38.0,0.259607030916959,0.2976677659908996,0.4222113229357278,0.38084997465496023,0.36066214115677997,0.5060195623251162
iid,gof_af,cov_all,1.0,38.0,0.10354241225768464,0.15391236054711044,0.13092900155636364,0.12408078391558751,0.11954227317672793,0.14434620717471164
iid,gof_af,cov_all,2.0,37.0,0.15391236054711044,0.20709066931158304,0.15293994974600694,0.14633230639440284,0.14155580581885513,0.16565513833736253
iid,gof_af,cov_all,3.0,37.0,0.20709066931158304,0.259607030916959,0.1835356066847652,0.17419828107106217,0.1595179067875135,0.2183083314372706
iid,gof_af,cov_all,4.0,38.0,0.259607030916959,0.2976677659908996,0.2191214733923483,0.19151086611135315,0.19063473785250518,0.2489557485051838
iid,gof_af,vs2,1.0,39.0,787.9885233298627,966.832667971848,0.1036357455205441,0.08539536803777639,0.08704993433070046,0.12240920358079903
iid,gof_af,vs2,2.0,36.0,966.832667971848,1052.7891760389998,0.1149604180492177,0.10212960298526953,0.10165955041189362,0.13124172607206164
iid,gof_af,vs2,3.0,37.0,1052.7891760389998,1132.9817162400977,0.10077251015078734,0.08549240889286382,0.08974602990840702,0.11443300944453719
iid,gof_af,vs2,4.0,38.0,1132.9817162400977,1463.815544975564,0.12602194306898565,0.11614765792720322,0.1105514167237746,0.14383533379471033
iid,gof_af,vs2_low,1.0,39.0,787.9885233298627,966.832667971848,0.060792720133572245,0.052266821658432744,0.05027513241002597,0.07218475105965785
iid,gof_af,vs2_low,2.0,36.0,966.832667971848,1052.7891760389998,0.05600249279664999,0.04910285462954319,0.04697983170070913,0.0657899003778403
iid,gof_af,vs2_low,3.0,37.0,1052.7891760389998,1132.9817162400977,0.05411820918202245,0.0423192884779685,0.04488140232822218,0.06442856374587558
iid,gof_af,vs2_low,4.0,38.0,1132.9817162400977,1463.815544975564,0.06738102778325868,0.05995228638752691,0.057996580545927955,0.07679944599652175
iid,gof_af,vs2_mid,1.0,39.0,787.9885233298627,966.832667971848,0.10518993617316046,0.0887103881537212,0.08805058233934798,0.12339014869992865
iid,gof_af,vs2_mid,2.0,36.0,966.832667971848,1052.7891760389998,0.1330754457185393,0.12849507017592487,0.1140034250416889,0.15827675579849892
iid,gof_af,vs2_mid,3.0,37.0,1052.7891760389998,1132.9817162400977,0.11676043151491197,0.09381680104748602,0.0948260871677201,0.13851542229376193
iid,gof_af,vs2_mid,4.0,38.0,1132.9817162400977,1463.815544975564,0.14877196986074184,0.12684776427642902,0.12342203558294874,0.17853165617210043
iid,gof_af,vs2_high,1.0,39.0,787.9885233298627,966.832667971848,0.33016310910397134,0.2927827106206692,0.27104173511521296,0.41091187628556985
iid,gof_af,vs2_high,2.0,36.0,966.832667971848,1052.7891760389998,0.35697907363539444,0.32629248496897123,0.29582987645024716,0.44491432087791655
iid,gof_af,vs2_high,3.0,37.0,1052.7891760389998,1132.9817162400977,0.30794410838128894,0.30094907141147276,0.2730373139664134,0.3462195593515651
iid,gof_af,vs2_high,4.0,38.0,1132.9817162400977,1463.815544975564,0.29823652892308183,0.25608620420486583,0.2607672963747209,0.34213704376328474
iid,gof_af,vs2_all,1.0,39.0,787.9885233298627,966.832667971848,0.1683915210850884,0.1442208755379456,0.14324102734468422,0.20047547235184335
iid,gof_af,vs2_all,2.0,36.0,966.832667971848,1052.7891760389998,0.18446618196677736,0.1735673688850874,0.15853457702163057,0.22117243418485932
iid,gof_af,vs2_all,3.0,37.0,1052.7891760389998,1132.9817162400977,0.16174994060163259,0.15171619281343665,0.14527089509068097,0.17904998918315157
iid,gof_af,vs2_all,4.0,38.0,1132.9817162400977,1463.815544975564,0.17259773580544174,0.15025892053784837,0.15428420698958506,0.19592282093451094
iid,gof_af,rH,1.0,38.0,10.258174268527819,33.13592768041417,0.09351505877591877,0.08322096123714579,0.08081962033213652,0.11188972731279387
iid,gof_af,rH,2.0,37.0,33.13592768041417,60.95222962554544,0.11326865715284953,0.10884977548307703,0.10014560563117911,0.1261482354417461
iid,gof_af,rH,3.0,38.0,60.95222962554544,76.97506696917117,0.11649517525675035,0.102728361979086,0.09998224002274389,0.13687879248482573
iid,gof_af,rH,4.0,37.0,76.97506696917117,99.69656446017424,0.12233666565883197,0.11415200744623114,0.10708734265777639,0.13884001288891
iid,gof_af,rH_low,1.0,38.0,10.258174268527819,33.13592768041417,0.05339298392616062,0.04335151540915638,0.04347556614793153,0.06349832989155056
iid,gof_af,rH_low,2.0,37.0,33.13592768041417,60.95222962554544,0.059389015400477314,0.057955981194928535,0.05146687705489451,0.0688861371505879
iid,gof_af,rH_low,3.0,38.0,60.95222962554544,76.97506696917117,0.05430056376634912,0.047565104977114185,0.045123500802256605,0.06405004398827736
iid,gof_af,rH_low,4.0,37.0,76.97506696917117,99.69656446017424,0.07189487133119855,0.05706436008631555,0.059532769402058525,0.08664738489595243
iid,gof_af,rH_mid,1.0,38.0,10.258174268527819,33.13592768041417,0.09506117091320658,0.08806963589416669,0.08218150256893209,0.107524518297578
iid,gof_af,rH_mid,2.0,37.0,33.13592768041417,60.95222962554544,0.13050673978271696,0.12346874842940024,0.10747025504667883,0.15647881984688597
iid,gof_af,rH_mid,3.0,38.0,60.95222962554544,76.97506696917117,0.14380236012378284,0.1335617274466166,0.11937581748169732,0.16804578530792738
iid,gof_af,rH_mid,4.0,37.0,76.97506696917117,99.69656446017424,0.13408191421660756,0.11257569243216212,0.11059945864728578,0.16078746487434106
iid,gof_af,rH_high,1.0,38.0,10.258174268527819,33.13592768041417,0.27605167475046927,0.2537331664883829,0.24735479063018032,0.30966703416067193
iid,gof_af,rH_high,2.0,37.0,33.13592768041417,60.95222962554544,0.3316023396298431,0.2711493079175573,0.26726913227012655,0.43084349167071295
iid,gof_af,rH_high,3.0,38.0,60.95222962554544,76.97506696917117,0.3521638910255655,0.33738005871942867,0.3159628372303085,0.3976788756540569
iid,gof_af,rH_high,4.0,37.0,76.97506696917117,99.69656446017424,0.3327851337654153,0.261719642686943,0.2742172271247367,0.42125205140376565
iid,gof_af,rH_all,1.0,38.0,10.258174268527819,33.13592768041417,0.14382398181078243,0.13888778497654153,0.1313251158508701,0.15795108673755115
iid,gof_af,rH_all,2.0,37.0,33.13592768041417,60.95222962554544,0.17599899619542728,0.15629766480929813,0.14743054385509058,0.21535132107911417
iid,gof_af,rH_all,3.0,38.0,60.95222962554544,76.97506696917117,0.18540326721430497,0.18029424167967878,0.1651546719341431,0.2094199329831488
iid,gof_af,rH_all,4.0,37.0,76.97506696917117,99.69656446017424,0.18186257604879713,0.14633230639440284,0.15591502094372886,0.21596963141354206
iid,gof_af,aHV,1.0,38.0,10.653304926300205,18.105619193735933,0.12652588959170763,0.12104513340991097,0.11113035631786665,0.1450873652822318
iid,gof_af,aHV,2.0,37.0,18.105619193735933,22.94971624490015,0.10027552917232935,0.09089793595195897,0.08607225096385086,0.11623694587382635
iid,gof_af,aHV,3.0,39.0,22.94971624490015,27.199561771732498,0.12197577174282835,0.10530250701936017,0.10574488800189405,0.13798726532375077
iid,gof_af,aHV,4.0,36.0,27.199561771732498,48.30898897753366,0.09507089876228503,0.08953149121147283,0.08476704103891068,0.10761826967627657
iid,gof_af,aHV_low,1.0,38.0,10.653304926300205,18.105619193735933,0.06490999052957552,0.058437519403955064,0.05565609407694488,0.07675297878024621
iid,gof_af,aHV_low,2.0,37.0,18.105619193735933,22.94971624490015,0.049038420858945435,0.043947672404324414,0.041988965405577956,0.05632728629527736
iid,gof_af,aHV_low,3.0,39.0,22.94971624490015,27.199561771732498,0.06553771106607102,0.055283007829492775,0.055938952131915076,0.07709753280132914
iid,gof_af,aHV_low,4.0,36.0,27.199561771732498,48.30898897753366,0.058691296608493225,0.05235970380845639,0.049039441089762915,0.07048618719495105
iid,gof_af,aHV_mid,1.0,38.0,10.653304926300205,18.105619193735933,0.15806352545187724,0.14356158946005967,0.12920561264355515,0.19334177654534654
iid,gof_af,aHV_mid,2.0,37.0,18.105619193735933,22.94971624490015,0.11183969875070905,0.0874288836346122,0.09388526545380393,0.13167634178054174
iid,gof_af,aHV_mid,3.0,39.0,22.94971624490015,27.199561771732498,0.1316645328094335,0.11900949318398475,0.10890930038867469,0.15400522480443343
iid,gof_af,aHV_mid,4.0,36.0,27.199561771732498,48.30898897753366,0.09964429935736466,0.08901369101809153,0.08511820633011306,0.11623354992625229
iid,gof_af,aHV_high,1.0,38.0,10.653304926300205,18.105619193735933,0.35392368237180655,0.2921279273212656,0.2952340199852826,0.4419208311153365
iid,gof_af,aHV_high,2.0,37.0,18.105619193735933,22.94971624490015,0.2875900954775307,0.2777563773100321,0.25545261970878824,0.3184416742843707
iid,gof_af,aHV_high,3.0,39.0,22.94971624490015,27.199561771732498,0.36733788121255806,0.3121039680058906,0.30388281565097547,0.4593279412786426
iid,gof_af,aHV_high,4.0,36.0,27.199561771732498,48.30898897753366,0.27884492180630094,0.25982998310201466,0.25197263086401234,0.308416323946713
iid,gof_af,aHV_all,1.0,38.0,10.653304926300205,18.105619193735933,0.19401084315104694,0.18023959012704377,0.16733818384086896,0.23380117662999877
iid,gof_af,aHV_all,2.0,37.0,18.105619193735933,22.94971624490015,0.15137189034297938,0.15580668214626023,0.1370561157521691,0.1647645964234462
iid,gof_af,aHV_all,3.0,39.0,22.94971624490015,27.199561771732498,0.19100581714035025,0.16549341930083605,0.16347225777160665,0.22839761066467004
iid,gof_af,aHV_all,4.0,36.0,27.199561771732498,48.30898897753366,0.14803096625238737,0.13984905572352974,0.13634650501663054,0.16124677690779118
iid,gof_af,f0,1.0,38.0,0.2769761979569926,0.5967318713665009,0.10773014716033466,0.10555486680493825,0.09692270962242819,0.11909932570340935
iid,gof_af,f0,2.0,37.0,0.5967318713665009,0.8608739376068115,0.09524421074472927,0.08555618658023689,0.08297106942427906,0.10680712151724012
iid,gof_af,f0,3.0,37.0,0.8608739376068115,1.4813973009586334,0.11708756303524231,0.10319676583137251,0.10066914343067776,0.13624381568090574
iid,gof_af,f0,4.0,38.0,1.4813973009586334,4.262158870698022,0.12494117408742043,0.10787588396409224,0.1072176814985212,0.14663687038413106
iid,gof_af,f0_low,1.0,38.0,0.2769761979569926,0.5967318713665009,0.054440230953947476,0.04783175963758593,0.04717136844569509,0.06282668484875144
iid,gof_af,f0_low,2.0,37.0,0.5967318713665009,0.8608739376068115,0.03458973531043199,0.030056177648197215,0.03127441488992503,0.0381368599231317
iid,gof_af,f0_low,3.0,37.0,0.8608739376068115,1.4813973009586334,0.057903833050083425,0.05745515184449412,0.05121420386499963,0.06566699192942112
iid,gof_af,f0_low,4.0,38.0,1.4813973009586334,4.262158870698022,0.09102283725785008,0.08874218541357937,0.08130433095014582,0.10231359691373179
iid,gof_af,f0_mid,1.0,38.0,0.2769761979569926,0.5967318713665009,0.14900977786936886,0.13471718695612264,0.13189379585839095,0.16649103825368555
iid,gof_af,f0_mid,2.0,37.0,0.5967318713665009,0.8608739376068115,0.13767836992530777,0.11313964904377945,0.11234324873529755,0.16406615243832068
iid,gof_af,f0_mid,3.0,37.0,0.8608739376068115,1.4813973009586334,0.14037085535606986,0.13265076250393013,0.11618206564161435,0.16789069868489023
iid,gof_af,f0_mid,4.0,38.0,1.4813973009586334,4.262158870698022,0.07674740744562147,0.0633641245188176,0.06529064597652597,0.09155762707770432
iid,gof_af,f0_high,1.0,38.0,0.2769761979569926,0.5967318713665009,0.4026933764155363,0.31659582640359885,0.31378842407622287,0.5303632768995122
iid,gof_af,f0_high,2.0,37.0,0.5967318713665009,0.8608739376068115,0.29708361441170245,0.27997323093045823,0.2675664378622508,0.3237922784190219
iid,gof_af,f0_high,3.0,37.0,0.8608739376068115,1.4813973009586334,0.320494289654291,0.3047476650449708,0.28082941970119796,0.37087334553083334
iid,gof_af,f0_high,4.0,38.0,1.4813973009586334,4.262158870698022,0.27109992791794074,0.24088732930321577,0.24438606804020474,0.3014631222822107
iid,gof_af,f0_all,1.0,38.0,0.2769761979569926,0.5967318713665009,0.20469969594013,0.17963878568536565,0.17126478290059546,0.25255508491509915
iid,gof_af,f0_all,2.0,37.0,0.5967318713665009,0.8608739376068115,0.1573891833803394,0.14633230639440284,0.14177806512114322,0.17348661890111428
iid,gof_af,f0_all,3.0,37.0,0.8608739376068115,1.4813973009586334,0.174550599553352,0.16549341930083605,0.15518155377564838,0.20116196305423273
iid,gof_af,f0_all,4.0,38.0,1.4813973009586334,4.262158870698022,0.14976719004521327,0.13572197660660923,0.13599645374087202,0.16730224169999228
iid,gof_af,impedance,1.0,38.0,2.7627338789992235,4.62412396461388,0.10845498753909413,0.09027431052837503,0.09060792913393709,0.1262657355048894
iid,gof_af,impedance,2.0,37.0,4.62412396461388,5.632997091399083,0.10305840093337444,0.08843907576028776,0.08859081038624464,0.1173150776922506
iid,gof_af,impedance,3.0,37.0,5.632997091399083,6.694060565237978,0.09879752705618745,0.09656872787298805,0.0885207245543336,0.10885822163863221
iid,gof_af,impedance,4.0,38.0,6.694060565237978,9.962851430696455,0.13441649934669145,0.11655309679905815,0.11729432338500727,0.15366257242061965
iid,gof_af,impedance_low,1.0,38.0,2.7627338789992235,4.62412396461388,0.062011816334083834,0.05005925378608708,0.052218507048249006,0.07386309781160263
iid,gof_af,impedance_low,2.0,37.0,4.62412396461388,5.632997091399083,0.05789255324629759,0.04648585486217695,0.047057060703417655,0.07086239986748286
iid,gof_af,impedance_low,3.0,37.0,5.632997091399083,6.694060565237978,0.05119888313433913,0.04438374234034426,0.04331967368816511,0.05927550303350776
iid,gof_af,impedance_low,4.0,38.0,6.694060565237978,9.962851430696455,0.0672901698581219,0.0597371777485739,0.05822132757704008,0.07692198355073801
iid,gof_af,impedance_mid,1.0,38.0,2.7627338789992235,4.62412396461388,0.09572729001077578,0.0843619705413335,0.07956425040161283,0.11418944692018675
iid,gof_af,impedance_mid,2.0,37.0,4.62412396461388,5.632997091399083,0.10832842310245674,0.0887103881537212,0.08866884761661901,0.12759825836120472
iid,gof_af,impedance_mid,3.0,37.0,5.632997091399083,6.694060565237978,0.12717287476084643,0.11993823638540721,0.11006501324030633,0.14544757147959256
iid,gof_af,impedance_mid,4.0,38.0,6.694060565237978,9.962851430696455,0.17145814042181334,0.13862482832669715,0.14361312325135353,0.19853861133624684
iid,gof_af,impedance_high,1.0,38.0,2.7627338789992235,4.62412396461388,0.28491733750484577,0.2660908319287347,0.2548901311979754,0.3144781685513268
iid,gof_af,impedance_high,2.0,37.0,4.62412396461388,5.632997091399083,0.2987737654966706,0.2927827106206692,0.2711858153182012,0.3311077461799354
iid,gof_af,impedance_high,3.0,37.0,5.632997091399083,6.694060565237978,0.3201630407132852,0.32245197318689944,0.2890292597055312,0.35434445577493656
iid,gof_af,impedance_high,4.0,38.0,6.694060565237978,9.962851430696455,0.38755282526740464,0.28143224191089566,0.2931489065813457,0.49700018444056254
iid,gof_af,impedance_all,1.0,38.0,2.7627338789992235,4.62412396461388,0.1501433908468581,0.13930055076315734,0.13571433276005618,0.16421438890217696
iid,gof_af,impedance_all,2.0,37.0,4.62412396461388,5.632997091399083,0.15733173849077592,0.1445284862863705,0.1422531952333545,0.17310711295409525
iid,gof_af,impedance_all,3.0,37.0,5.632997091399083,6.694060565237978,0.16812853577492243,0.16418137886947615,0.15390524197440275,0.18413851998243888
iid,gof_af,impedance_all,4.0,38.0,6.694060565237978,9.962851430696455,0.2106324904204783,0.1656009623596506,0.17168980667772213,0.2539534480763784
iid,gof_af,xi_mean,1.0,38.0,0.027018336578203607,0.03717740345746279,0.1161728521133767,0.10182423672281021,0.10124944210840603,0.1360880885348276
iid,gof_af,xi_mean,2.0,37.0,0.03717740345746279,0.040984146296978,0.09779228365795431,0.08539536803777639,0.08700023131778634,0.11118032185597872
iid,gof_af,xi_mean,3.0,37.0,0.040984146296978,0.043636067770421505,0.10300630906197177,0.09638016731109109,0.0886541851271367,0.11872495608672404
iid,gof_af,xi_mean,4.0,38.0,0.043636067770421505,0.04732963442902429,0.12772814542968589,0.11419352887439405,0.11212463500247118,0.14400277255687868
iid,gof_af,xi_mean_low,1.0,38.0,0.027018336578203607,0.03717740345746279,0.06494002006795752,0.05444387497151314,0.05517627866911695,0.07576887775996478
iid,gof_af,xi_mean_low,2.0,37.0,0.03717740345746279,0.040984146296978,0.05390448996532599,0.04241730103529697,0.04455122982270545,0.06590487418259355
iid,gof_af,xi_mean_low,3.0,37.0,0.040984146296978,0.043636067770421505,0.056209494968953215,0.04648585486217695,0.0472817647964216,0.06734843172864419
iid,gof_af,xi_mean_low,4.0,38.0,0.043636067770421505,0.04732963442902429,0.06336632674307001,0.06062632906844839,0.05447174625988931,0.07189479068060502
iid,gof_af,xi_mean_mid,1.0,38.0,0.027018336578203607,0.03717740345746279,0.1039430629342385,0.08336338130434123,0.08428919202765969,0.12876026162647067
iid,gof_af,xi_mean_mid,2.0,37.0,0.03717740345746279,0.040984146296978,0.10963678425356618,0.08868067552075637,0.09342420503000405,0.12802962749331662
iid,gof_af,xi_mean_mid,3.0,37.0,0.040984146296978,0.043636067770421505,0.12640220249993517,0.11553683012665653,0.10470768494990623,0.15120870340837175
iid,gof_af,xi_mean_mid,4.0,38.0,0.043636067770421505,0.04732963442902429,0.1627188283157893,0.13862482832669715,0.14149515289619607,0.18835392630262768
iid,gof_af,xi_mean_high,1.0,38.0,0.027018336578203607,0.03717740345746279,0.2861797633359835,0.26599402787367077,0.2587512197457672,0.3201883100416239
iid,gof_af,xi_mean_high,2.0,37.0,0.03717740345746279,0.040984146296978,0.30533989662931776,0.2711493079175573,0.2750510809945591,0.34427343863164844
iid,gof_af,xi_mean_high,3.0,37.0,0.040984146296978,0.043636067770421505,0.3135405041292602,0.30094907141147276,0.28162742117689454,0.3489019119120678
iid,gof_af,xi_mean_high,4.0,38.0,0.043636067770421505,0.04732963442902429,0.38634532053366116,0.2804000437046307,0.2910880115343418,0.4968545034925283
iid,gof_af,xi_mean_all,1.0,38.0,0.027018336578203607,0.03717740345746279,0.15407484307165092,0.1486423518461904,0.14088094008167248,0.1704426019615371
iid,gof_af,xi_mean_all,2.0,37.0,0.03717740345746279,0.040984146296978,0.1586265705841952,0.14631913931703816,0.14395565203138924,0.1777598136830591
iid,gof_af,xi_mean_all,3.0,37.0,0.040984146296978,0.043636067770421505,0.1673331604343552,0.14861353767953145,0.15135325412624687,0.18683258032655478
iid,gof_af,xi_mean_all,4.0,38.0,0.043636067770421505,0.04732963442902429,0.20621472504159277,0.1705200582179599,0.16663514276354424,0.25004094421019885
iid,gof_af,field_cov,1.0,38.0,0.08585003988903091,0.14694675116148054,0.08635543332136568,0.07762080835079813,0.07478058347308422,0.09940826742164088
iid,gof_af,field_cov,2.0,37.0,0.14694675116148054,0.19410382590117423,0.11003596446902301,0.10358848078625946,0.0961278218947388,0.12805154608554978
iid,gof_af,field_cov,3.0,37.0,0.19410382590117423,0.24560550917645183,0.103472009894628,0.09638016731109109,0.09374524156182114,0.1155192114843907
iid,gof_af,field_cov,4.0,38.0,0.24560550917645183,0.2892947221141864,0.14517063998964894,0.13520879920316303,0.12637089960271844,0.16132176959350553
iid,gof_af,field_cov_low,1.0,38.0,0.08585003988903091,0.14694675116148054,0.056949487981202834,0.04749323645094752,0.04671181655953958,0.06927489897058535
iid,gof_af,field_cov_low,2.0,37.0,0.14694675116148054,0.19410382590117423,0.05753447402694009,0.052340003870477596,0.04843069191379763,0.06729012356103282
iid,gof_af,field_cov_low,3.0,37.0,0.19410382590117423,0.24560550917645183,0.05259424940630415,0.04438374234034426,0.04439317135725808,0.06061830001224843
iid,gof_af,field_cov_low,4.0,38.0,0.24560550917645183,0.2892947221141864,0.07134250818609558,0.05980273354739697,0.060121779528325404,0.08270921756050072
iid,gof_af,field_cov_mid,1.0,38.0,0.08585003988903091,0.14694675116148054,0.09208190725233338,0.07507928262069483,0.07648105389602901,0.10951448994156836
iid,gof_af,field_cov_mid,2.0,37.0,0.14694675116148054,0.19410382590117423,0.12285181922391841,0.1176669867180637,0.10325995522107517,0.14908328092857498
iid,gof_af,field_cov_mid,3.0,37.0,0.19410382590117423,0.24560550917645183,0.1201144934815626,0.11630509635031724,0.09989238073021667,0.14631017738149096
iid,gof_af,field_cov_mid,4.0,38.0,0.24560550917645183,0.2892947221141864,0.16783495609708263,0.1495906081767766,0.14404948445732427,0.19220872739139547
iid,gof_af,field_cov_high,1.0,38.0,0.08585003988903091,0.14694675116148054,0.2378009555644556,0.22665067448126092,0.21757460740158333,0.26108066632709326
iid,gof_af,field_cov_high,2.0,37.0,0.14694675116148054,0.19410382590117423,0.27993775544197363,0.266462332689563,0.25475339840381606,0.3046109824381428
iid,gof_af,field_cov_high,3.0,37.0,0.19410382590117423,0.24560550917645183,0.31165417827847797,0.3321250520807103,0.28734981918637403,0.34021699171274783
iid,gof_af,field_cov_high,4.0,38.0,0.24560550917645183,0.2892947221141864,0.46129447778968063,0.3873181927007242,0.37536100127945965,0.5698359709318914
iid,gof_af,field_cov_all,1.0,38.0,0.08585003988903091,0.14694675116148054,0.13078722741668045,0.12408078391558751,0.1204239708495772,0.1441001787691566
iid,gof_af,field_cov_all,2.0,37.0,0.14694675116148054,0.19410382590117423,0.15497082608129534,0.14861353767953145,0.14243169285325516,0.1702635674556281
iid,gof_af,field_cov_all,3.0,37.0,0.19410382590117423,0.24560550917645183,0.16352129773414248,0.1654745088536162,0.1522330163525092,0.17898143945714945
iid,gof_af,field_cov_all,4.0,38.0,0.24560550917645183,0.2892947221141864,0.23677343192064654,0.20261131196485666,0.20180129873777408,0.27488853231643495
dipping,pearson,vs1,1.0,37.0,115.6772881875425,158.30550237826546,0.9056524399163948,0.9145926324192873,0.8853554452054999,0.9206120995316426
dipping,pearson,vs1,2.0,37.0,158.30550237826546,187.67260589020265,0.9180543424273848,0.9405841336848636,0.8993471833435042,0.9338642100321987
dipping,pearson,vs1,3.0,38.0,187.67260589020265,232.04546344101786,0.9062383966728126,0.9176280439022328,0.883320393795323,0.9261343959381396
dipping,pearson,vs1,4.0,32.0,232.04546344101786,355.8918473276958,0.9191992274954892,0.9307450680283135,0.8996211033846908,0.9363095660466084
dipping,pearson,vs1_low,1.0,37.0,115.6772881875425,158.30550237826546,0.7901411610651666,0.9170432807763252,0.6558134542490959,0.896323095894154
dipping,pearson,vs1_low,2.0,37.0,158.30550237826546,187.67260589020265,0.7122677491894142,0.8779096903623562,0.6023102727531731,0.8115691919216009
dipping,pearson,vs1_low,3.0,38.0,187.67260589020265,232.04546344101786,0.5840267100070351,0.693605405018934,0.4653356631948635,0.6883810159515561
dipping,pearson,vs1_low,4.0,32.0,232.04546344101786,355.8918473276958,0.25697329072716774,0.27414576009964864,0.11395203501749852,0.40910883995321984
dipping,pearson,vs1_mid,1.0,37.0,115.6772881875425,158.30550237826546,0.9535582751438401,0.9675170770719335,0.936713068043529,0.9665367798133138
dipping,pearson,vs1_mid,2.0,37.0,158.30550237826546,187.67260589020265,0.9729852085392344,0.9850210193183034,0.9612843562339923,0.9822974778945109
dipping,pearson,vs1_mid,3.0,38.0,187.67260589020265,232.04546344101786,0.9558514804292821,0.9796383225046503,0.9357216533077051,0.9724269818329657
dipping,pearson,vs1_mid,4.0,32.0,232.04546344101786,355.8918473276958,0.9787513428566939,0.9858290449092688,0.9726802951953682,0.9845851229213013
dipping,pearson,vs1_high,1.0,37.0,115.6772881875425,158.30550237826546,0.7125391612606867,0.734503515046148,0.6607508435809352,0.7575869136924815
dipping,pearson,vs1_high,2.0,37.0,158.30550237826546,187.67260589020265,0.7697576068843041,0.8356094737730223,0.7098944016339747,0.8217065380445603
dipping,pearson,vs1_high,3.0,38.0,187.67260589020265,232.04546344101786,0.7603951503640825,0.7581506984735018,0.7132022066376675,0.8027202505573612
dipping,pearson,vs1_high,4.0,32.0,232.04546344101786,355.8918473276958,0.8024968905082163,0.8066149416883093,0.7685157606122084,0.8406263255051531
dipping,pearson,vs1_all,1.0,37.0,115.6772881875425,158.30550237826546,0.9056524399163948,0.9145926324192873,0.8853554452054999,0.9206120995316426
dipping,pearson,vs1_all,2.0,37.0,158.30550237826546,187.67260589020265,0.9180543424273848,0.9405841336848636,0.8993471833435042,0.9338642100321987
dipping,pearson,vs1_all,3.0,38.0,187.67260589020265,232.04546344101786,0.9062383966728126,0.9176280439022328,0.883320393795323,0.9261343959381396
dipping,pearson,vs1_all,4.0,32.0,232.04546344101786,355.8918473276958,0.9191992274954892,0.9307450680283135,0.8996211033846908,0.9363095660466084
dipping,pearson,H,1.0,39.0,25.999999999999,34.0,0.9002779537367129,0.9051839296485297,0.8796793464258769,0.9190109939995671
dipping,pearson,H,2.0,35.0,34.0,42.0,0.9078309963833011,0.9351755948855147,0.8864740757922429,0.9253142218765698
dipping,pearson,H,3.0,38.0,42.0,51.0,0.9209901655958584,0.9338597982168845,0.9027360205887638,0.9336740920025229
dipping,pearson,H,4.0,32.0,51.0,58.000000000001,0.9201885605735132,0.9303084862027138,0.8970191674132216,0.9421355908602789
dipping,pearson,H_low,1.0,39.0,25.999999999999,34.0,0.2593955607275485,0.20869096749027266,0.13948537632140068,0.4139667872790005
dipping,pearson,H_low,2.0,35.0,34.0,42.0,0.5339986173502321,0.6639747456413138,0.40391305053531323,0.6714804504178319
dipping,pearson,H_low,3.0,38.0,42.0,51.0,0.7169791899041728,0.8566687323800314,0.6117309296926001,0.811776430757167
dipping,pearson,H_low,4.0,32.0,51.0,58.000000000001,0.9360531959676597,0.9603626893851308,0.9131896182639407,0.956029552401119
dipping,pearson,H_mid,1.0,39.0,25.999999999999,34.0,0.9494127555874524,0.9746330274620785,0.9249917542822009,0.9679167730830782
dipping,pearson,H_mid,2.0,35.0,34.0,42.0,0.964531123199075,0.9806033532096837,0.9483980109333235,0.9768916311717066
dipping,pearson,H_mid,3.0,38.0,42.0,51.0,0.9736008572421179,0.9843665056871724,0.9643906353399688,0.9812517954980577
dipping,pearson,H_mid,4.0,32.0,51.0,58.000000000001,0.9731871490288106,0.9826098844127436,0.962821594092671,0.9824356599698119
dipping,pearson,H_high,1.0,39.0,25.999999999999,34.0,0.7858247458666076,0.8068216535499981,0.7349285347965713,0.8303639849351351
dipping,pearson,H_high,2.0,35.0,34.0,42.0,0.7677780432821303,0.7800186683770935,0.7218808380461578,0.8031449222332233
dipping,pearson,H_high,3.0,38.0,42.0,51.0,0.7576318437444273,0.793564812650096,0.7130547699846891,0.7906013980943274
dipping,pearson,H_high,4.0,32.0,51.0,58.000000000001,0.7222028114219445,0.7830289290601797,0.6501629682102544,0.7913406252277246
dipping,pearson,H_all,1.0,39.0,25.999999999999,34.0,0.9002779537367129,0.9051839296485297,0.8796793464258769,0.9190109939995671
dipping,pearson,H_all,2.0,35.0,34.0,42.0,0.9078309963833011,0.9351755948855147,0.8864740757922429,0.9253142218765698
dipping,pearson,H_all,3.0,38.0,42.0,51.0,0.9209901655958584,0.9338597982168845,0.9027360205887638,0.9336740920025229
dipping,pearson,H_all,4.0,32.0,51.0,58.000000000001,0.9201885605735132,0.9303084862027138,0.8970191674132216,0.9421355908602789
dipping,pearson,cov,1.0,37.0,0.10291593857009547,0.1329386865720153,0.9596561221060019,0.9630467705711632,0.9526258098556996,0.9669870532382852
dipping,pearson,cov,2.0,35.0,0.1329386865720153,0.17468923619017007,0.9236702736577754,0.9299629181937993,0.9067296997082012,0.9376020052343793
dipping,pearson,cov,3.0,36.0,0.17468923619017007,0.22761943330988288,0.8993734862244261,0.9111507276227093,0.880265346887508,0.9195133224111177
dipping,pearson,cov,4.0,36.0,0.22761943330988288,0.29887725636463025,0.8643167694477453,0.8788543253131804,0.8440051728160238,0.8815576540661539
dipping,pearson,cov_low,1.0,37.0,0.10291593857009547,0.1329386865720153,0.7592137964076145,0.9006411662566969,0.6537610217533556,0.8518820038615466
dipping,pearson,cov_low,2.0,35.0,0.1329386865720153,0.17468923619017007,0.4734928272599427,0.6639747456413138,0.33603520805468323,0.6211015355827317
dipping,pearson,cov_low,3.0,36.0,0.17468923619017007,0.22761943330988288,0.47457019417070767,0.6328454649627997,0.3253687811454159,0.6270493833214866
dipping,pearson,cov_low,4.0,36.0,0.22761943330988288,0.29887725636463025,0.6738223208786381,0.8086008284614725,0.566123815259771,0.7692201248686674
dipping,pearson,cov_mid,1.0,37.0,0.10291593857009547,0.1329386865720153,0.9857918728302126,0.9937853798782219,0.9811239657602465,0.9901705903157282
dipping,pearson,cov_mid,2.0,35.0,0.1329386865720153,0.17468923619017007,0.9759510000153006,0.9865338713012102,0.9645594106902045,0.9846287867076212
dipping,pearson,cov_mid,3.0,36.0,0.17468923619017007,0.22761943330988288,0.9570532571211532,0.9679875691077187,0.9405923634050871,0.9722113327117519
dipping,pearson,cov_mid,4.0,36.0,0.22761943330988288,0.29887725636463025,0.9399446270107163,0.9561146403879228,0.9201331124081209,0.9546817221363909
dipping,pearson,cov_high,1.0,37.0,0.10291593857009547,0.1329386865720153,0.869379374227871,0.8679878232633066,0.8439693301543665,0.8920079282234301
dipping,pearson,cov_high,2.0,35.0,0.1329386865720153,0.17468923619017007,0.7806432452316767,0.7912864196167736,0.730050095045046,0.823133151726114
dipping,pearson,cov_high,3.0,36.0,0.17468923619017007,0.22761943330988288,0.7398832318378133,0.7809343767690469,0.6978600017925313,0.7836077454247562
dipping,pearson,cov_high,4.0,36.0,0.22761943330988288,0.29887725636463025,0.6470708293267091,0.6517031520052501,0.5852237677772175,0.6998555322442023
dipping,pearson,cov_all,1.0,37.0,0.10291593857009547,0.1329386865720153,0.9596561221060019,0.9630467705711632,0.9526258098556996,0.9669870532382852
dipping,pearson,cov_all,2.0,35.0,0.1329386865720153,0.17468923619017007,0.9236702736577754,0.9299629181937993,0.9067296997082012,0.9376020052343793
dipping,pearson,cov_all,3.0,36.0,0.17468923619017007,0.22761943330988288,0.8993734862244261,0.9111507276227093,0.880265346887508,0.9195133224111177
dipping,pearson,cov_all,4.0,36.0,0.22761943330988288,0.29887725636463025,0.8643167694477453,0.8788543253131804,0.8440051728160238,0.8815576540661539
dipping,pearson,vs2,1.0,36.0,808.8657880165792,988.4793972376569,0.9177353930475474,0.9362627772135634,0.8990590170499922,0.9353188543714346
dipping,pearson,vs2,2.0,36.0,988.4793972376569,1064.748273245129,0.9122455496102714,0.9251941876580143,0.8935403979804165,0.9291181895361169
dipping,pearson,vs2,3.0,37.0,1064.748273245129,1158.8388332111074,0.9127096701907068,0.9325555773850748,0.8934283719936501,0.9333011653244657
dipping,pearson,vs2,4.0,35.0,1158.8388332111074,1387.9696257752196,0.9051146733544214,0.9158256402901231,0.8823019621243312,0.9238680616565765
dipping,pearson,vs2_low,1.0,36.0,808.8657880165792,988.4793972376569,0.716254710720108,0.8546445159370479,0.6078500782735828,0.8284491859811084
dipping,pearson,vs2_low,2.0,36.0,988.4793972376569,1064.748273245129,0.6150880980233233,0.8117713730790679,0.47310418820652445,0.7518826991674045
dipping,pearson,vs2_low,3.0,37.0,1064.748273245129,1158.8388332111074,0.7396791526030266,0.8890068777074943,0.6270321884548485,0.8333096891169501
dipping,pearson,vs2_low,4.0,35.0,1158.8388332111074,1387.9696257752196,0.3059662914823049,0.24312430393296966,0.17217088585737045,0.4387902950855611
dipping,pearson,vs2_mid,1.0,36.0,808.8657880165792,988.4793972376569,0.9736131576111838,0.9842129638433699,0.9606689652823773,0.9836053486852057
dipping,pearson,vs2_mid,2.0,36.0,988.4793972376569,1064.748273245129,0.9714078100947182,0.9880333548807543,0.9587288368587149,0.9819965563985897
dipping,pearson,vs2_mid,3.0,37.0,1064.748273245129,1158.8388332111074,0.9664444605680798,0.9761416880249701,0.9550189434590506,0.9774373814500665
dipping,pearson,vs2_mid,4.0,35.0,1158.8388332111074,1387.9696257752196,0.9470088070162646,0.9660926730718059,0.9244631695463765,0.965240203813593
dipping,pearson,vs2_high,1.0,36.0,808.8657880165792,988.4793972376569,0.7825190829671418,0.7884305027122667,0.755634416799714,0.8112116087374693
dipping,pearson,vs2_high,2.0,36.0,988.4793972376569,1064.748273245129,0.7867882050885001,0.8070004448422681,0.7434766824608415,0.8274637175991901
dipping,pearson,vs2_high,3.0,37.0,1064.748273245129,1158.8388332111074,0.7159752928450923,0.7800186683770935,0.6576674345075735,0.7825725580381991
dipping,pearson,vs2_high,4.0,35.0,1158.8388332111074,1387.9696257752196,0.7552499550340342,0.7580696589059659,0.7139266156636209,0.8030186474782648
dipping,pearson,vs2_all,1.0,36.0,808.8657880165792,988.4793972376569,0.9177353930475474,0.9362627772135634,0.8990590170499922,0.9353188543714346
dipping,pearson,vs2_all,2.0,36.0,988.4793972376569,1064.748273245129,0.9122455496102714,0.9251941876580143,0.8935403979804165,0.9291181895361169
dipping,pearson,vs2_all,3.0,37.0,1064.748273245129,1158.8388332111074,0.9127096701907068,0.9325555773850748,0.8934283719936501,0.9333011653244657
dipping,pearson,vs2_all,4.0,35.0,1158.8388332111074,1387.9696257752196,0.9051146733544214,0.9158256402901231,0.8823019621243312,0.9238680616565765
dipping,pearson,rH,1.0,40.0,11.070757452397539,35.74715574271977,0.9315622509449554,0.952913535535816,0.9147417343393263,0.9486910078026053
dipping,pearson,rH,2.0,40.0,35.74715574271977,56.50256913155317,0.9328295067683857,0.9417654264949392,0.9230869322060333,0.9420230457312182
dipping,pearson,rH,3.0,29.0,56.50256913155317,74.33470762334764,0.904728385018319,0.9143254995729991,0.8847141118067472,0.9252197969376412
dipping,pearson,rH,4.0,35.0,74.33470762334764,95.27593640610675,0.8718797664593568,0.8665655413341361,0.850370582382908,0.8926131717345099
dipping,pearson,rH_low,1.0,40.0,11.070757452397539,35.74715574271977,0.5557066133846882,0.7943548127817903,0.4362595442929986,0.6861441123759308
dipping,pearson,rH_low,2.0,40.0,35.74715574271977,56.50256913155317,0.632368121968405,0.9002572627946203,0.4816135043864087,0.771085750408746
dipping,pearson,rH_low,3.0,29.0,56.50256913155317,74.33470762334764,0.5765603319302319,0.6362034951572366,0.44941655953230275,0.6850188505009233
dipping,pearson,rH_low,4.0,35.0,74.33470762334764,95.27593640610675,0.621772883510164,0.8042480272436132,0.4789375550612606,0.7513260708246855
dipping,pearson,rH_mid,1.0,40.0,11.070757452397539,35.74715574271977,0.9819632307978967,0.9879173429373362,0.9762084303717689,0.9868446385018492
dipping,pearson,rH_mid,2.0,40.0,35.74715574271977,56.50256913155317,0.9736655118112088,0.9855823022446915,0.9598898127115564,0.9841832382448897
dipping,pearson,rH_mid,3.0,29.0,56.50256913155317,74.33470762334764,0.9524030354187655,0.963022278281192,0.9306730715310425,0.9721046389462303
dipping,pearson,rH_mid,4.0,35.0,74.33470762334764,95.27593640610675,0.9451334397854936,0.9551892152930225,0.9274723389821817,0.9614337178113941
dipping,pearson,rH_high,1.0,40.0,11.070757452397539,35.74715574271977,0.8294912979664325,0.8339773512770072,0.8004566864664753,0.863932455308908
dipping,pearson,rH_high,2.0,40.0,35.74715574271977,56.50256913155317,0.8007811852254095,0.8214128240977447,0.7569251848819555,0.8398124652563387
dipping,pearson,rH_high,3.0,29.0,56.50256913155317,74.33470762334764,0.7199174772739684,0.7365914411054143,0.6641665146555711,0.7722183473469776
dipping,pearson,rH_high,4.0,35.0,74.33470762334764,95.27593640610675,0.6666111560812557,0.6835677598120768,0.606970299784592,0.7145443235525066
dipping,pearson,rH_all,1.0,40.0,11.070757452397539,35.74715574271977,0.9315622509449554,0.952913535535816,0.9147417343393263,0.9486910078026053
dipping,pearson,rH_all,2.0,40.0,35.74715574271977,56.50256913155317,0.9328295067683857,0.9417654264949392,0.9230869322060333,0.9420230457312182
dipping,pearson,rH_all,3.0,29.0,56.50256913155317,74.33470762334764,0.904728385018319,0.9143254995729991,0.8847141118067472,0.9252197969376412
dipping,pearson,rH_all,4.0,35.0,74.33470762334764,95.27593640610675,0.8718797664593568,0.8665655413341361,0.850370582382908,0.8926131717345099
dipping,pearson,aHV,1.0,38.0,11.363055295977606,17.653934160951795,0.9063048076029038,0.9161605213150295,0.8867088001761069,0.9225502123959634
dipping,pearson,aHV,2.0,41.0,17.653934160951795,23.406589513731348,0.9131772114182967,0.9426029166651513,0.8895594593570911,0.9351751957672618
dipping,pearson,aHV,3.0,33.0,23.406589513731348,27.620927241346923,0.9149228052153959,0.9208783037984208,0.9005321602305644,0.9272242592496422
dipping,pearson,aHV,4.0,32.0,27.620927241346923,46.67106097557039,0.9142588865929318,0.9400255462140694,0.8878020758250363,0.9403486727038872
dipping,pearson,aHV_low,1.0,38.0,11.363055295977606,17.653934160951795,0.6497406782785511,0.8467403326657894,0.5324811431803129,0.7600953304911416
dipping,pearson,aHV_low,2.0,41.0,17.653934160951795,23.406589513731348,0.3618683240153356,0.3920360876355629,0.23732090127064231,0.4988307780580269
dipping,pearson,aHV_low,3.0,33.0,23.406589513731348,27.620927241346923,0.7545142234965058,0.8779096903623562,0.6448526317539793,0.8448192274383366
dipping,pearson,aHV_low,4.0,32.0,27.620927241346923,46.67106097557039,0.6743616727611811,0.8399237582204457,0.519728586538393,0.8170773348477838
dipping,pearson,aHV_mid,1.0,38.0,11.363055295977606,17.653934160951795,0.9706781908782157,0.9748880075817148,0.9628477112250284,0.9773101901059684
dipping,pearson,aHV_mid,2.0,41.0,17.653934160951795,23.406589513731348,0.9653331161256783,0.9816543036880917,0.9493721447059655,0.9790239324131998
dipping,pearson,aHV_mid,3.0,33.0,23.406589513731348,27.620927241346923,0.9560355068966213,0.9783739732164011,0.933975207253813,0.9716886398422784
dipping,pearson,aHV_mid,4.0,32.0,27.620927241346923,46.67106097557039,0.9659658556839743,0.9916644917596285,0.9490958930007286,0.9798395505832751
dipping,pearson,aHV_high,1.0,38.0,11.363055295977606,17.653934160951795,0.718445289130916,0.7396369803165563,0.6511430803043073,0.7695924604911842
dipping,pearson,aHV_high,2.0,41.0,17.653934160951795,23.406589513731348,0.7972251033378589,0.8041098262553521,0.7604565404044159,0.832294859722996
dipping,pearson,aHV_high,3.0,33.0,23.406589513731348,27.620927241346923,0.7612557873238023,0.801208388368857,0.7197096279833834,0.8011548812026212
dipping,pearson,aHV_high,4.0,32.0,27.620927241346923,46.67106097557039,0.7597282945609445,0.8100362686127995,0.6974268669558541,0.8246782642286595
dipping,pearson,aHV_all,1.0,38.0,11.363055295977606,17.653934160951795,0.9063048076029038,0.9161605213150295,0.8867088001761069,0.9225502123959634
dipping,pearson,aHV_all,2.0,41.0,17.653934160951795,23.406589513731348,0.9131772114182967,0.9426029166651513,0.8895594593570911,0.9351751957672618
dipping,pearson,aHV_all,3.0,33.0,23.406589513731348,27.620927241346923,0.9149228052153959,0.9208783037984208,0.9005321602305644,0.9272242592496422
dipping,pearson,aHV_all,4.0,32.0,27.620927241346923,46.67106097557039,0.9142588865929318,0.9400255462140694,0.8878020758250363,0.9403486727038872
dipping,pearson,f0,1.0,36.0,0.5981041192998423,0.8510075062513351,0.913299838594064,0.9218387209298449,0.8901805948942643,0.9305495282120149
dipping,pearson,f0,2.0,37.0,0.8510075062513351,1.1247371435165405,0.9151902592620642,0.9361923785709413,0.89354213906151,0.9354871189676223
dipping,pearson,f0,3.0,36.0,1.1247371435165405,1.5037553310394287,0.8945626803433944,0.8956707529051944,0.8785456663111462,0.9094788598268648
dipping,pearson,f0,4.0,35.0,1.5037553310394287,2.330061435700463,0.9252427150199284,0.9426029166651513,0.9038824659885302,0.9427750623786266
dipping,pearson,f0_low,1.0,36.0,0.5981041192998423,0.8510075062513351,0.9427449818802884,0.9764474730486761,0.9154304034709074,0.9650675912458819
dipping,pearson,f0_low,2.0,37.0,0.8510075062513351,1.1247371435165405,0.7760459954369204,0.854528049824787,0.6840514821070312,0.8514507237140881
dipping,pearson,f0_low,3.0,36.0,1.1247371435165405,1.5037553310394287,0.5564738957005015,0.6605233295978558,0.43601582897727487,0.6596912170161588
dipping,pearson,f0_low,4.0,35.0,1.5037553310394287,2.330061435700463,0.09484881539661971,0.08295540109032977,-0.011704851398686612,0.1864126927781879
dipping,pearson,f0_mid,1.0,36.0,0.5981041192998423,0.8510075062513351,0.9622740426995278,0.9724118747463814,0.9479480209150982,0.9722715486714227
dipping,pearson,f0_mid,2.0,37.0,0.8510075062513351,1.1247371435165405,0.972129868716869,0.9873164171248743,0.9551311869881003,0.9847431894258611
dipping,pearson,f0_mid,3.0,36.0,1.1247371435165405,1.5037553310394287,0.9453518962771912,0.9610834986558315,0.9243673300833519,0.9619712209621554
dipping,pearson,f0_mid,4.0,35.0,1.5037553310394287,2.330061435700463,0.9794619765232758,0.9841293268746178,0.9735779289580496,0.9852205223819424
dipping,pearson,f0_high,1.0,36.0,0.5981041192998423,0.8510075062513351,0.6869292963463777,0.7830289290601797,0.6115473257401663,0.7484439481068204
dipping,pearson,f0_high,2.0,37.0,0.8510075062513351,1.1247371435165405,0.7954160805043142,0.8186992796168868,0.7563136242505416,0.8337179321654293
dipping,pearson,f0_high,3.0,36.0,1.1247371435165405,1.5037553310394287,0.7269645446021232,0.7214818498048725,0.681455000584041,0.7651898190068778
dipping,pearson,f0_high,4.0,35.0,1.5037553310394287,2.330061435700463,0.8311235251044874,0.8442003097183144,0.7906742393371732,0.8641726140177355
dipping,pearson,f0_all,1.0,36.0,0.5981041192998423,0.8510075062513351,0.913299838594064,0.9218387209298449,0.8901805948942643,0.9305495282120149
dipping,pearson,f0_all,2.0,37.0,0.8510075062513351,1.1247371435165405,0.9151902592620642,0.9361923785709413,0.89354213906151,0.9354871189676223
dipping,pearson,f0_all,3.0,36.0,1.1247371435165405,1.5037553310394287,0.8945626803433944,0.8956707529051944,0.8785456663111462,0.9094788598268648
dipping,pearson,f0_all,4.0,35.0,1.5037553310394287,2.330061435700463,0.9252427150199284,0.9426029166651513,0.9038824659885302,0.9427750623786266
dipping,pearson,impedance,1.0,36.0,3.289819843965365,4.598312040616209,0.9243073943836948,0.9387737754361166,0.9073577904237079,0.939516721904192
dipping,pearson,impedance,2.0,41.0,4.598312040616209,5.5544874298623315,0.9097302069288664,0.9275892372547598,0.8879619413735136,0.9302369703591684
dipping,pearson,impedance,3.0,33.0,5.5544874298623315,6.865234291980367,0.9123214217569127,0.9227991380612688,0.8950283634887286,0.9297344585038342
dipping,pearson,impedance,4.0,34.0,6.865234291980367,10.006263454735592,0.9014109911843449,0.9024804938202243,0.8810963285530505,0.9225984496104375
dipping,pearson,impedance_low,1.0,36.0,3.289819843965365,4.598312040616209,0.33598865596578914,0.3567061677815748,0.18048018807351368,0.491107208699492
dipping,pearson,impedance_low,2.0,41.0,4.598312040616209,5.5544874298623315,0.6843378803394105,0.8499333960718614,0.582667310296323,0.7779345148526178
dipping,pearson,impedance_low,3.0,33.0,5.5544874298623315,6.865234291980367,0.6248920458825012,0.7387291092031331,0.507542338835529,0.744383119790012
dipping,pearson,impedance_low,4.0,34.0,6.865234291980367,10.006263454735592,0.7420708158867474,0.9046095077868812,0.6003303927179382,0.8540949720305155
dipping,pearson,impedance_mid,1.0,36.0,3.289819843965365,4.598312040616209,0.9803689020689385,0.9883438590875044,0.9746821221103906,0.9862028500398616
dipping,pearson,impedance_mid,2.0,41.0,4.598312040616209,5.5544874298623315,0.9738149973837041,0.9860447419840195,0.9604655272813656,0.9827912905320673
dipping,pearson,impedance_mid,3.0,33.0,5.5544874298623315,6.865234291980367,0.9675618848577275,0.977532167575121,0.9544742553536916,0.9775472403430923
dipping,pearson,impedance_mid,4.0,34.0,6.865234291980367,10.006263454735592,0.934566781073001,0.957247520805518,0.9120123281228961,0.9536154367990065
dipping,pearson,impedance_high,1.0,36.0,3.289819843965365,4.598312040616209,0.8071637223432249,0.8130408998111529,0.776006916280282,0.8370555622662865
dipping,pearson,impedance_high,2.0,41.0,4.598312040616209,5.5544874298623315,0.7894440652300023,0.809353807174304,0.7442608233331283,0.8238548468406438
dipping,pearson,impedance_high,3.0,33.0,5.5544874298623315,6.865234291980367,0.7166458904988902,0.7800186683770935,0.6494110648223372,0.780098289604381
dipping,pearson,impedance_high,4.0,34.0,6.865234291980367,10.006263454735592,0.7160435754768575,0.7426946973632613,0.6620045805989876,0.7653183064340227
dipping,pearson,impedance_all,1.0,36.0,3.289819843965365,4.598312040616209,0.9243073943836948,0.9387737754361166,0.9073577904237079,0.939516721904192
dipping,pearson,impedance_all,2.0,41.0,4.598312040616209,5.5544874298623315,0.9097302069288664,0.9275892372547598,0.8879619413735136,0.9302369703591684
dipping,pearson,impedance_all,3.0,33.0,5.5544874298623315,6.865234291980367,0.9123214217569127,0.9227991380612688,0.8950283634887286,0.9297344585038342
dipping,pearson,impedance_all,4.0,34.0,6.865234291980367,10.006263454735592,0.9014109911843449,0.9024804938202243,0.8810963285530505,0.9225984496104375
dipping,pearson,xi_mean,1.0,36.0,0.024473576491427486,0.03527782169410734,0.9142109553365242,0.9294580726428239,0.8949921754379667,0.9322673639105639
dipping,pearson,xi_mean,2.0,36.0,0.03527782169410734,0.03872400667116366,0.9240836807072115,0.9476144712507781,0.9013590243752688,0.9450633747252802
dipping,pearson,xi_mean,3.0,36.0,0.03872400667116366,0.04197937968429659,0.9021226780228707,0.9133043174412201,0.8846513258306643,0.9184793471484156
dipping,pearson,xi_mean,4.0,36.0,0.04197937968429659,0.046734433622168135,0.9075989442706818,0.9161605213150295,0.8864830080846018,0.9250543412768757
dipping,pearson,xi_mean_low,1.0,36.0,0.024473576491427486,0.03527782169410734,0.2260700850852947,0.20199318491949234,0.10734560253565137,0.3569373207273757
dipping,pearson,xi_mean_low,2.0,36.0,0.03527782169410734,0.03872400667116366,0.5833627561292538,0.7776587954893674,0.4541658098513579,0.6931602502708669
dipping,pearson,xi_mean_low,3.0,36.0,0.03872400667116366,0.04197937968429659,0.820981172859105,0.8868103421003664,0.7559190215302821,0.8755670513880697
dipping,pearson,xi_mean_low,4.0,36.0,0.04197937968429659,0.046734433622168135,0.7586218182306851,0.9255736379417298,0.6184697822190914,0.8656570226490122
dipping,pearson,xi_mean_mid,1.0,36.0,0.024473576491427486,0.03527782169410734,0.9781177179470455,0.9837838132189376,0.9721815283769226,0.983529072572039
dipping,pearson,xi_mean_mid,2.0,36.0,0.03527782169410734,0.03872400667116366,0.9697471381914262,0.9880465022943287,0.9505019823165389,0.9842358000368976
dipping,pearson,xi_mean_mid,3.0,36.0,0.03872400667116366,0.04197937968429659,0.9552384980537693,0.9794886632130424,0.9363867149124144,0.9710595380537224
dipping,pearson,xi_mean_mid,4.0,36.0,0.04197937968429659,0.046734433622168135,0.9559107603633338,0.9679389877153008,0.9404661568513073,0.9690721017042101
dipping,pearson,xi_mean_high,1.0,36.0,0.024473576491427486,0.03527782169410734,0.7848009425461913,0.7997057181615006,0.7476119111544136,0.8192493982095505
dipping,pearson,xi_mean_high,2.0,36.0,0.03527782169410734,0.03872400667116366,0.8237429433484519,0.8342658786512127,0.7807104623842,0.8638664668681458
dipping,pearson,xi_mean_high,3.0,36.0,0.03872400667116366,0.04197937968429659,0.7115903627654933,0.7803572619498673,0.640069333930915,0.7665583159834937
dipping,pearson,xi_mean_high,4.0,36.0,0.04197937968429659,0.046734433622168135,0.71930732443605,0.7533983335042225,0.6717048282425993,0.7679507427310237
dipping,pearson,xi_mean_all,1.0,36.0,0.024473576491427486,0.03527782169410734,0.9142109553365242,0.9294580726428239,0.8949921754379667,0.9322673639105639
dipping,pearson,xi_mean_all,2.0,36.0,0.03527782169410734,0.03872400667116366,0.9240836807072115,0.9476144712507781,0.9013590243752688,0.9450633747252802
dipping,pearson,xi_mean_all,3.0,36.0,0.03872400667116366,0.04197937968429659,0.9021226780228707,0.9133043174412201,0.8846513258306643,0.9184793471484156
dipping,pearson,xi_mean_all,4.0,36.0,0.04197937968429659,0.046734433622168135,0.9075989442706818,0.9161605213150295,0.8864830080846018,0.9250543412768757
dipping,pearson,field_cov,1.0,36.0,0.10672552916846328,0.5337373875909341,0.9466613777097703,0.9576213887592021,0.9352737078501713,0.9574970838116595
dipping,pearson,field_cov,2.0,36.0,0.5337373875909341,0.8070663393467199,0.9036742350417281,0.9338597982168845,0.8824640938000691,0.926246870077353
dipping,pearson,field_cov,3.0,36.0,0.8070663393467199,0.9033558638617669,0.9151536995828814,0.917989438693794,0.9030588874899246,0.927246195219232
dipping,pearson,field_cov,4.0,36.0,0.9033558638617669,1.4106309940457122,0.8825269460029087,0.8862860740576025,0.8539656131705247,0.9020465141511025
dipping,pearson,field_cov_low,1.0,36.0,0.10672552916846328,0.5337373875909341,0.5269250209725932,0.6890522452952963,0.36141771022191066,0.6700631719906556
dipping,pearson,field_cov_low,2.0,36.0,0.5337373875909341,0.8070663393467199,0.542948474180998,0.6800313622237547,0.42511848380420114,0.6685588478726573
dipping,pearson,field_cov_low,3.0,36.0,0.8070663393467199,0.9033558638617669,0.8345039524572209,0.8781461719443996,0.7779952670418137,0.8828749753725466
dipping,pearson,field_cov_low,4.0,36.0,0.9033558638617669,1.4106309940457122,0.4846583846935265,0.607024399039912,0.3315165929689313,0.6333298725974984
dipping,pearson,field_cov_mid,1.0,36.0,0.10672552916846328,0.5337373875909341,0.985633843417559,0.9919729852156091,0.9814706569056303,0.9901316574048306
dipping,pearson,field_cov_mid,2.0,36.0,0.5337373875909341,0.8070663393467199,0.9646237750158533,0.9736768366176982,0.9494539565185168,0.976902648655651
dipping,pearson,field_cov_mid,3.0,36.0,0.8070663393467199,0.9033558638617669,0.9703673013031181,0.9826098844127436,0.9579346479266655,0.9797159099753117
dipping,pearson,field_cov_mid,4.0,36.0,0.9033558638617669,1.4106309940457122,0.9383891948190447,0.9553580770995539,0.9130575624165934,0.9570843987288568
dipping,pearson,field_cov_high,1.0,36.0,0.10672552916846328,0.5337373875909341,0.8286380391801403,0.831070868862118,0.7991168512960023,0.8591534671868113
dipping,pearson,field_cov_high,2.0,36.0,0.5337373875909341,0.8070663393467199,0.7403447895296845,0.7679386081608116,0.6682453508852293,0.7987728743506881
dipping,pearson,field_cov_high,3.0,36.0,0.8070663393467199,0.9033558638617669,0.7534234315300888,0.7830289290601797,0.7174192909689505,0.7873414997075457
dipping,pearson,field_cov_high,4.0,36.0,0.9033558638617669,1.4106309940457122,0.717035312856273,0.7572610917116207,0.6503559185088196,0.7723615636271164
dipping,pearson,field_cov_all,1.0,36.0,0.10672552916846328,0.5337373875909341,0.9466613777097703,0.9576213887592021,0.9352737078501713,0.9574970838116595
dipping,pearson,field_cov_all,2.0,36.0,0.5337373875909341,0.8070663393467199,0.9036742350417281,0.9338597982168845,0.8824640938000691,0.926246870077353
dipping,pearson,field_cov_all,3.0,36.0,0.8070663393467199,0.9033558638617669,0.9151536995828814,0.917989438693794,0.9030588874899246,0.927246195219232
dipping,pearson,field_cov_all,4.0,36.0,0.9033558638617669,1.4106309940457122,0.8825269460029087,0.8862860740576025,0.8539656131705247,0.9020465141511025
dipping,pearson,dip_angle_deg,1.0,36.0,-2.9368241876373755,-1.5724542061798275,0.8976962120264766,0.9170380537334697,0.8778130598450685,0.9142058508795793
dipping,pearson,dip_angle_deg,2.0,36.0,-1.5724542061798275,-0.041041851975023746,0.9344956842058944,0.9551097305087393,0.9184995460370948,0.9500107430595813
dipping,pearson,dip_angle_deg,3.0,36.0,-0.041041851975023746,1.6544681838713586,0.9270894669496609,0.934373977978008,0.9087252741100059,0.943093909844799
dipping,pearson,dip_angle_deg,4.0,36.0,1.6544681838713586,2.8547291960577237,0.8887348951552564,0.8931173811032322,0.8628901903818742,0.9101935488398251
dipping,pearson,dip_angle_deg_low,1.0,36.0,-2.9368241876373755,-1.5724542061798275,0.7383000872464088,0.8546445159370479,0.6182036625853162,0.8277362462644974
dipping,pearson,dip_angle_deg_low,2.0,36.0,-1.5724542061798275,-0.041041851975023746,0.5169529319480025,0.6363739967173793,0.33934136512381363,0.6573782330765242
dipping,pearson,dip_angle_deg_low,3.0,36.0,-0.041041851975023746,1.6544681838713586,0.5896942021241484,0.7208599600481224,0.45745858798377104,0.7157141359973213
dipping,pearson,dip_angle_deg_low,4.0,36.0,1.6544681838713586,2.8547291960577237,0.5440886109857788,0.7796377296626693,0.4088722886169693,0.6972542823289294
dipping,pearson,dip_angle_deg_mid,1.0,36.0,-2.9368241876373755,-1.5724542061798275,0.9686260547530381,0.981051148107105,0.9577575605947674,0.9774839792910022
dipping,pearson,dip_angle_deg_mid,2.0,36.0,-1.5724542061798275,-0.041041851975023746,0.9695108275275435,0.9794830117425748,0.9574952660890871,0.9810666962258949
dipping,pearson,dip_angle_deg_mid,3.0,36.0,-0.041041851975023746,1.6544681838713586,0.9659403960661126,0.9880230343737586,0.9452355340700562,0.9810668774098172
dipping,pearson,dip_angle_deg_mid,4.0,36.0,1.6544681838713586,2.8547291960577237,0.9549368362088805,0.962612556488853,0.9373632260226287,0.9692661922206502
dipping,pearson,dip_angle_deg_high,1.0,36.0,-2.9368241876373755,-1.5724542061798275,0.7444327772144278,0.7879339416082825,0.7043997828197768,0.784391046097986
dipping,pearson,dip_angle_deg_high,2.0,36.0,-1.5724542061798275,-0.041041851975023746,0.7542696524950255,0.8058906792889735,0.6878195320359161,0.8098440211149217
dipping,pearson,dip_angle_deg_high,3.0,36.0,-0.041041851975023746,1.6544681838713586,0.7844523571416574,0.7915572174246583,0.7364506348049731,0.8298641980731799
dipping,pearson,dip_angle_deg_high,4.0,36.0,1.6544681838713586,2.8547291960577237,0.756286786245076,0.7884305027122667,0.7097591000660646,0.8005127497779198
dipping,pearson,dip_angle_deg_all,1.0,36.0,-2.9368241876373755,-1.5724542061798275,0.8976962120264766,0.9170380537334697,0.8778130598450685,0.9142058508795793
dipping,pearson,dip_angle_deg_all,2.0,36.0,-1.5724542061798275,-0.041041851975023746,0.9344956842058944,0.9551097305087393,0.9184995460370948,0.9500107430595813
dipping,pearson,dip_angle_deg_all,3.0,36.0,-0.041041851975023746,1.6544681838713586,0.9270894669496609,0.934373977978008,0.9087252741100059,0.943093909844799
dipping,pearson,dip_angle_deg_all,4.0,36.0,1.6544681838713586,2.8547291960577237,0.8887348951552564,0.8931173811032322,0.8628901903818742,0.9101935488398251
dipping,gof_af,vs1,1.0,37.0,115.6772881875425,158.30550237826546,0.12630519437413207,0.11785300468302637,0.11197545639444412,0.14087370617510525
dipping,gof_af,vs1,2.0,37.0,158.30550237826546,187.67260589020265,0.10427398716149178,0.09621063473636615,0.09492712943959641,0.116052636469464
dipping,gof_af,vs1,3.0,38.0,187.67260589020265,232.04546344101786,0.1154633042387954,0.09961912841388162,0.09895011505243108,0.1333960221010847
dipping,gof_af,vs1,4.0,32.0,232.04546344101786,355.8918473276958,0.09492449531659256,0.09081123205286441,0.08816712240787886,0.10126838503978118
dipping,gof_af,vs1_low,1.0,37.0,115.6772881875425,158.30550237826546,0.07090307582425906,0.05903288414405462,0.05870525614919339,0.08523992247799286
dipping,gof_af,vs1_low,2.0,37.0,158.30550237826546,187.67260589020265,0.062272108954783946,0.0539850612159847,0.05484282205005577,0.06973226315834473
dipping,gof_af,vs1_low,3.0,38.0,187.67260589020265,232.04546344101786,0.08423312766523793,0.06695032039592537,0.07163842303492834,0.09954889597368595
dipping,gof_af,vs1_low,4.0,32.0,232.04546344101786,355.8918473276958,0.08190741949408378,0.07502555962754945,0.07148161382414023,0.09149181474662303
dipping,gof_af,vs1_mid,1.0,37.0,115.6772881875425,158.30550237826546,0.15303661509792005,0.13837534848411126,0.13456876024594608,0.1760714179622559
dipping,gof_af,vs1_mid,2.0,37.0,158.30550237826546,187.67260589020265,0.11682196387325361,0.10330664126891893,0.10104363815605319,0.13971793260494175
dipping,gof_af,vs1_mid,3.0,38.0,187.67260589020265,232.04546344101786,0.1109839665647578,0.09045060402216246,0.09262939286638525,0.13181848581651742
dipping,gof_af,vs1_mid,4.0,32.0,232.04546344101786,355.8918473276958,0.07697816464669704,0.06692194846178182,0.06475299491621618,0.08968593831600478
dipping,gof_af,vs1_high,1.0,37.0,115.6772881875425,158.30550237826546,0.3036400863082078,0.3028081073381329,0.2824898349531079,0.32828870321659775
dipping,gof_af,vs1_high,2.0,37.0,158.30550237826546,187.67260589020265,0.27685919684943655,0.24119703463955033,0.24152965863515466,0.31443103737544564
dipping,gof_af,vs1_high,3.0,38.0,187.67260589020265,232.04546344101786,0.28412015307246713,0.29190772905841217,0.2529000043442337,0.31959169458206954
dipping,gof_af,vs1_high,4.0,32.0,232.04546344101786,355.8918473276958,0.2489518367249574,0.23944853505164287,0.2242912082930823,0.2740022835344555
dipping,gof_af,vs1_all,1.0,37.0,115.6772881875425,158.30550237826546,0.17700109127573946,0.1683771017461601,0.16346816176148868,0.19060513581181285
dipping,gof_af,vs1_all,2.0,37.0,158.30550237826546,187.67260589020265,0.1537425461934533,0.13746290901842861,0.1381972855433572,0.17219218932209382
dipping,gof_af,vs1_all,3.0,38.0,187.67260589020265,232.04546344101786,0.1622188382276241,0.16004220653007073,0.1439514494718948,0.18148211924955038
dipping,gof_af,vs1_all,4.0,32.0,232.04546344101786,355.8918473276958,0.13889418907067352,0.13164311677873086,0.12890953038624067,0.14960796429775047
dipping,gof_af,H,1.0,39.0,25.999999999999,34.0,0.1376562556405216,0.12273568006399407,0.12154987871922539,0.15484538524450292
dipping,gof_af,H,2.0,35.0,34.0,42.0,0.10463260172026041,0.10048876428257089,0.09534679143511424,0.11517832021340782
dipping,gof_af,H,3.0,38.0,42.0,51.0,0.10385210434489844,0.10043836794030853,0.09390056803434842,0.11768909490863448
dipping,gof_af,H,4.0,32.0,51.0,58.000000000001,0.09310950414773975,0.08812374580493806,0.0794958211303111,0.10710224058528282
dipping,gof_af,H_low,1.0,39.0,25.999999999999,34.0,0.10112655385999784,0.08419477330511012,0.08934422236498847,0.1159333210288488
dipping,gof_af,H_low,2.0,35.0,34.0,42.0,0.07115132737977731,0.06912985198942373,0.06242815589696825,0.08024025314800846
dipping,gof_af,H_low,3.0,38.0,42.0,51.0,0.07344682645568727,0.058987990402703167,0.06341907967288987,0.08607834150423958
dipping,gof_af,H_low,4.0,32.0,51.0,58.000000000001,0.04763020774268987,0.04842485258917523,0.0429625625410623,0.052778834550023225
dipping,gof_af,H_mid,1.0,39.0,25.999999999999,34.0,0.1284431700153378,0.0956673709551693,0.10426650258495183,0.15915045070757122
dipping,gof_af,H_mid,2.0,35.0,34.0,42.0,0.10604900868533544,0.10091605359008687,0.08847328539465527,0.12413602337795611
dipping,gof_af,H_mid,3.0,38.0,42.0,51.0,0.11258639259286006,0.10160031873944944,0.09781637948683519,0.13233162243038235
dipping,gof_af,H_mid,4.0,32.0,51.0,58.000000000001,0.1145680489679665,0.10266081473465656,0.09312894341692013,0.13993167849408064
dipping,gof_af,H_high,1.0,39.0,25.999999999999,34.0,0.2884855620610774,0.26461673125746,0.2587390860206469,0.3214402926156174
dipping,gof_af,H_high,2.0,35.0,34.0,42.0,0.266252114781311,0.24609138996222787,0.24292154395287535,0.2888647035388991
dipping,gof_af,H_high,3.0,38.0,42.0,51.0,0.2749172542304466,0.255563499578092,0.25465000376363195,0.29942886959530235
dipping,gof_af,H_high,4.0,32.0,51.0,58.000000000001,0.28827754594688615,0.28445790497231443,0.2430716056242683,0.33739005019863677
dipping,gof_af,H_all,1.0,39.0,25.999999999999,34.0,0.17489719157697767,0.1635218739471851,0.15855017156156087,0.19350772115437717
dipping,gof_af,H_all,2.0,35.0,34.0,42.0,0.14990590736198156,0.13746290901842861,0.13847153461898376,0.1613229885024342
dipping,gof_af,H_all,3.0,38.0,42.0,51.0,0.15570334601800492,0.15556894291594933,0.14494863176114284,0.16996823365096453
dipping,gof_af,H_all,4.0,32.0,51.0,58.000000000001,0.15193812848174157,0.1484897644930806,0.13025977014326104,0.17496080326061686
dipping,gof_af,cov,1.0,37.0,0.10291593857009547,0.1329386865720153,0.07711046066525586,0.07558912835614441,0.07075543599904772,0.08444390475149591
dipping,gof_af,cov,2.0,35.0,0.1329386865720153,0.17468923619017007,0.1067053933578617,0.10259816556723947,0.0973391000309041,0.11714800394624533
dipping,gof_af,cov,3.0,36.0,0.17468923619017007,0.22761943330988288,0.10883548385924419,0.10499068653952098,0.09952729110731179,0.11986849003210136
dipping,gof_af,cov,4.0,36.0,0.22761943330988288,0.29887725636463025,0.15141016380419034,0.13926715431990874,0.13578935653807367,0.16909506913733413
dipping,gof_af,cov_low,1.0,37.0,0.10291593857009547,0.1329386865720153,0.05869479866653999,0.0547133889938142,0.05149187341957006,0.06609912053573848
dipping,gof_af,cov_low,2.0,35.0,0.1329386865720153,0.17468923619017007,0.08509410162073079,0.077932868365681,0.07486185814897867,0.0971587977909751
dipping,gof_af,cov_low,3.0,36.0,0.17468923619017007,0.22761943330988288,0.07195898881205894,0.05991430603050439,0.06023820674636205,0.08408500617166696
dipping,gof_af,cov_low,4.0,36.0,0.22761943330988288,0.29887725636463025,0.0835792613136843,0.0712382248579417,0.07014815113649624,0.0993152158159822
dipping,gof_af,cov_mid,1.0,37.0,0.10291593857009547,0.1329386865720153,0.08066586170224291,0.07682507902147048,0.07147316663764472,0.09066517826120216
dipping,gof_af,cov_mid,2.0,35.0,0.1329386865720153,0.17468923619017007,0.09712633337824358,0.08760623119146983,0.0837653561652619,0.11112905271957313
dipping,gof_af,cov_mid,3.0,36.0,0.17468923619017007,0.22761943330988288,0.1155155683021457,0.10181495324361424,0.09797817475194329,0.13477727787142293
dipping,gof_af,cov_mid,4.0,36.0,0.22761943330988288,0.29887725636463025,0.1700789002774935,0.14988233377648152,0.14596833401349832,0.2000818647876052
dipping,gof_af,cov_high,1.0,37.0,0.10291593857009547,0.1329386865720153,0.19859982850349672,0.2059731264868358,0.18329571645213472,0.214556152300178
dipping,gof_af,cov_high,2.0,35.0,0.1329386865720153,0.17468923619017007,0.2667144087445618,0.25798919298656237,0.24225615445746318,0.2918768359427355
dipping,gof_af,cov_high,3.0,36.0,0.17468923619017007,0.22761943330988288,0.2700236233672984,0.25442930154496723,0.24815116269983534,0.29041471431096366
dipping,gof_af,cov_high,4.0,36.0,0.22761943330988288,0.29887725636463025,0.3843736018575958,0.37863344701535606,0.35417607961951747,0.4181536981978437
dipping,gof_af,cov_all,1.0,37.0,0.10291593857009547,0.1329386865720153,0.11425287802018572,0.11638837950273802,0.1068677239498864,0.12200266588222505
dipping,gof_af,cov_all,2.0,35.0,0.1329386865720153,0.17468923619017007,0.1522708786413255,0.14541217466881196,0.14045705810489903,0.16422885521037145
dipping,gof_af,cov_all,3.0,36.0,0.17468923619017007,0.22761943330988288,0.15434858475341884,0.1537683054226442,0.14361209021481955,0.1656192382016439
dipping,gof_af,cov_all,4.0,36.0,0.22761943330988288,0.29887725636463025,0.21480717219319612,0.2086732126001477,0.1995664729718796,0.23288212483599552
dipping,gof_af,vs2,1.0,36.0,808.8657880165792,988.4793972376569,0.09390543388677579,0.08844184954561798,0.08374140787996358,0.10577701954329087
dipping,gof_af,vs2,2.0,36.0,988.4793972376569,1064.748273245129,0.1140650618235097,0.10542824182737223,0.09899260879582382,0.13080510794211236
dipping,gof_af,vs2,3.0,37.0,1064.748273245129,1158.8388332111074,0.10066212582783626,0.09366278460587533,0.08861513059297807,0.1124119400956361
dipping,gof_af,vs2,4.0,35.0,1158.8388332111074,1387.9696257752196,0.13557664648065854,0.12273568006399407,0.1218961083301367,0.1541826407835662
dipping,gof_af,vs2_low,1.0,36.0,808.8657880165792,988.4793972376569,0.06015426272164811,0.05247732095854836,0.0512759112340405,0.06862949231421157
dipping,gof_af,vs2_low,2.0,36.0,988.4793972376569,1064.748273245129,0.08115891113361845,0.07227671339155677,0.06958800676869634,0.09484612435522274
dipping,gof_af,vs2_low,3.0,37.0,1064.748273245129,1158.8388332111074,0.05901034879128849,0.05957180048736164,0.05329232549883746,0.06513539860537071
dipping,gof_af,vs2_low,4.0,35.0,1158.8388332111074,1387.9696257752196,0.09939202708134413,0.08580961190243899,0.08551468938990912,0.11531373450417426
dipping,gof_af,vs2_mid,1.0,36.0,808.8657880165792,988.4793972376569,0.10371980674977822,0.09142958230947701,0.08991088199153585,0.12043617035647067
dipping,gof_af,vs2_mid,2.0,36.0,988.4793972376569,1064.748273245129,0.12004481116144142,0.10397823483032695,0.09738625882622645,0.14573974029100498
dipping,gof_af,vs2_mid,3.0,37.0,1064.748273245129,1158.8388332111074,0.11053912327740152,0.10088865708623934,0.09037321482919515,0.1339651963438097
dipping,gof_af,vs2_mid,4.0,35.0,1158.8388332111074,1387.9696257752196,0.12914244611487896,0.10938516752153017,0.10653187087926765,0.1541279126073807
dipping,gof_af,vs2_high,1.0,36.0,808.8657880165792,988.4793972376569,0.257902532844142,0.2536192615339089,0.2389336501291828,0.2779992909008943
dipping,gof_af,vs2_high,2.0,36.0,988.4793972376569,1064.748273245129,0.26828152589924725,0.25045600558807835,0.24325841350810903,0.29593314741292737
dipping,gof_af,vs2_high,3.0,37.0,1064.748273245129,1158.8388332111074,0.2893758403387342,0.24630920127908684,0.2523035400582303,0.3271422548698874
dipping,gof_af,vs2_high,4.0,35.0,1158.8388332111074,1387.9696257752196,0.302627596042573,0.28279952173937495,0.2728296149566775,0.33336118895266736
dipping,gof_af,vs2_all,1.0,36.0,808.8657880165792,988.4793972376569,0.14243582047296005,0.13507190500445906,0.13256633541679363,0.15461742674610396
dipping,gof_af,vs2_all,2.0,36.0,988.4793972376569,1064.748273245129,0.15831759630993544,0.15535681436284554,0.14281412468601656,0.1757131060980087
dipping,gof_af,vs2_all,3.0,37.0,1064.748273245129,1158.8388332111074,0.15509690317872837,0.13922582265992153,0.13737788770125783,0.17384665819475126
dipping,gof_af,vs2_all,4.0,35.0,1158.8388332111074,1387.9696257752196,0.17944960192783466,0.16578980166525523,0.16427677245071007,0.19616737573797177
dipping,gof_af,rH,1.0,40.0,11.070757452397539,35.74715574271977,0.09133671550230707,0.09328102160256665,0.08288878088503916,0.09988098926546989
dipping,gof_af,rH,2.0,40.0,35.74715574271977,56.50256913155317,0.09993204175220274,0.08975790317271513,0.08991842040349315,0.1108949221121787
dipping,gof_af,rH,3.0,29.0,56.50256913155317,74.33470762334764,0.10605231356762156,0.10125161636141575,0.09588912460437085,0.11726658803622275
dipping,gof_af,rH,4.0,35.0,74.33470762334764,95.27593640610675,0.14943862126805293,0.1279432646857595,0.1313659806169866,0.1665784298776165
dipping,gof_af,rH_low,1.0,40.0,11.070757452397539,35.74715574271977,0.06553096018298654,0.05991430603050439,0.0569442904327625,0.07299200289658861
dipping,gof_af,rH_low,2.0,40.0,35.74715574271977,56.50256913155317,0.06843629297510408,0.06330334280686767,0.05911233740239465,0.07809143610328927
dipping,gof_af,rH_low,3.0,29.0,56.50256913155317,74.33470762334764,0.07016462708290865,0.07283512644947746,0.06217845104193621,0.07866028515108713
dipping,gof_af,rH_low,4.0,35.0,74.33470762334764,95.27593640610675,0.0958832514338954,0.07196250685972017,0.07735659132234741,0.11415222087729447
dipping,gof_af,rH_mid,1.0,40.0,11.070757452397539,35.74715574271977,0.09123879493854466,0.08163527595599865,0.07906991705253322,0.1039726124203328
dipping,gof_af,rH_mid,2.0,40.0,35.74715574271977,56.50256913155317,0.10715844274670805,0.0980176416184587,0.09154961005943116,0.12745369059436965
dipping,gof_af,rH_mid,3.0,29.0,56.50256913155317,74.33470762334764,0.11318104468140094,0.09296013562759003,0.0893488129149381,0.1361211165221482
dipping,gof_af,rH_mid,4.0,35.0,74.33470762334764,95.27593640610675,0.1556377033405083,0.13837534848411126,0.12986649062641734,0.18650829076233374
dipping,gof_af,rH_high,1.0,40.0,11.070757452397539,35.74715574271977,0.24135681065723463,0.23143990503637935,0.2158027861462003,0.2655117211393243
dipping,gof_af,rH_high,2.0,40.0,35.74715574271977,56.50256913155317,0.24883312368870572,0.230377591332665,0.22876322551654577,0.27106023143654895
dipping,gof_af,rH_high,3.0,29.0,56.50256913155317,74.33470762334764,0.29436832009564445,0.2896670360954885,0.27071013335467364,0.32368555206305777
dipping,gof_af,rH_high,4.0,35.0,74.33470762334764,95.27593640610675,0.34563484034782654,0.32152758015315513,0.3095077588854797,0.38204440162217523
dipping,gof_af,rH_all,1.0,40.0,11.070757452397539,35.74715574271977,0.1347823582756408,0.12862073922045142,0.12226879272277623,0.145715322031335
dipping,gof_af,rH_all,2.0,40.0,35.74715574271977,56.50256913155317,0.14319182865634583,0.13099362880848237,0.13222756923076098,0.15578415454832686
dipping,gof_af,rH_all,3.0,29.0,56.50256913155317,74.33470762334764,0.16154084491691384,0.15281226942203952,0.15086198476790316,0.1743510765975687
dipping,gof_af,rH_all,4.0,35.0,74.33470762334764,95.27593640610675,0.20122264312575522,0.18487556830528118,0.1805810354780858,0.22149032156353446
dipping,gof_af,aHV,1.0,38.0,11.363055295977606,17.653934160951795,0.11057372559103555,0.09898984899856292,0.0987403608633491,0.12218158925426426
dipping,gof_af,aHV,2.0,41.0,17.653934160951795,23.406589513731348,0.11645737941353129,0.10619470277709336,0.10216178735113586,0.13102622184621365
dipping,gof_af,aHV,3.0,33.0,23.406589513731348,27.620927241346923,0.11251346702681803,0.10073707830031642,0.10102375839577261,0.12561081924214942
dipping,gof_af,aHV,4.0,32.0,27.620927241346923,46.67106097557039,0.1020975183663794,0.10008531548364857,0.08525385331755521,0.12022706686776129
dipping,gof_af,aHV_low,1.0,38.0,11.363055295977606,17.653934160951795,0.0714562711982183,0.06755316045721355,0.06253992211705252,0.0817061014189389
dipping,gof_af,aHV_low,2.0,41.0,17.653934160951795,23.406589513731348,0.09023845605203226,0.08125113236457916,0.07588787520196032,0.1051589752257524
dipping,gof_af,aHV_low,3.0,33.0,23.406589513731348,27.620927241346923,0.06609489302620244,0.055497124651092786,0.05663303494963024,0.07798146151665819
dipping,gof_af,aHV_low,4.0,32.0,27.620927241346923,46.67106097557039,0.0672853636995005,0.05408052249651492,0.055245319559008146,0.07827582607505523
dipping,gof_af,aHV_mid,1.0,38.0,11.363055295977606,17.653934160951795,0.11497871590093874,0.09322193323510955,0.0962096143271266,0.13843555289900822
dipping,gof_af,aHV_mid,2.0,41.0,17.653934160951795,23.406589513731348,0.10476512896137262,0.08989902899136398,0.08874802601004497,0.12229455711834857
dipping,gof_af,aHV_mid,3.0,33.0,23.406589513731348,27.620927241346923,0.13510220511725432,0.11376541562158637,0.11466171139063148,0.15914171611633138
dipping,gof_af,aHV_mid,4.0,32.0,27.620927241346923,46.67106097557039,0.11070391123647447,0.08548716816932453,0.08644495754828752,0.13928038170827353
dipping,gof_af,aHV_high,1.0,38.0,11.363055295977606,17.653934160951795,0.30155109493394877,0.2855190673716719,0.2690147467396555,0.33680704029453484
dipping,gof_af,aHV_high,2.0,41.0,17.653934160951795,23.406589513731348,0.2718148164191131,0.24997343471092745,0.24706751498051427,0.30179319950961464
dipping,gof_af,aHV_high,3.0,33.0,23.406589513731348,27.620927241346923,0.27838923932166165,0.2625494018108476,0.25283877464953763,0.3088624498915844
dipping,gof_af,aHV_high,4.0,32.0,27.620927241346923,46.67106097557039,0.26410325282802216,0.23481776563205164,0.22451943659773707,0.30508013411569734
dipping,gof_af,aHV_all,1.0,38.0,11.363055295977606,17.653934160951795,0.1650461929165401,0.16004220653007073,0.148277908242234,0.18186851421798747
dipping,gof_af,aHV_all,2.0,41.0,17.653934160951795,23.406589513731348,0.15814818405331266,0.14541217466881196,0.14454401840003597,0.17306951048991587
dipping,gof_af,aHV_all,3.0,33.0,23.406589513731348,27.620927241346923,0.16110010785692874,0.15427580241508734,0.14795129973292478,0.1773641302632287
dipping,gof_af,aHV_all,4.0,32.0,27.620927241346923,46.67106097557039,0.14919718915557528,0.1292860310477365,0.12951398377320342,0.17108700413912858
dipping,gof_af,f0,1.0,36.0,0.5981041192998423,0.8510075062513351,0.11354033121558034,0.10123142861912154,0.09927775405666583,0.13150908393923014
dipping,gof_af,f0,2.0,37.0,0.8510075062513351,1.1247371435165405,0.10134411837346734,0.08713025656691624,0.08747341860027019,0.11639598871568266
dipping,gof_af,f0,3.0,36.0,1.1247371435165405,1.5037553310394287,0.11682139322317726,0.11202103719449714,0.10826186815900922,0.12813013397079323
dipping,gof_af,f0,4.0,35.0,1.5037553310394287,2.330061435700463,0.1118247048117058,0.09371668159114775,0.09688742259433213,0.12847868742877197
dipping,gof_af,f0_low,1.0,36.0,0.5981041192998423,0.8510075062513351,0.05641388558203026,0.04731273408373168,0.04642522311556101,0.06848291592427917
dipping,gof_af,f0_low,2.0,37.0,0.8510075062513351,1.1247371435165405,0.07054657879175977,0.0621817493632623,0.06212962607801354,0.08038422484131026
dipping,gof_af,f0_low,3.0,36.0,1.1247371435165405,1.5037553310394287,0.06757790281964952,0.059613069276655634,0.06064521127318795,0.07511400749535145
dipping,gof_af,f0_low,4.0,35.0,1.5037553310394287,2.330061435700463,0.10501286611882087,0.09663694415683874,0.09190392808128578,0.1203448669512243
dipping,gof_af,f0_mid,1.0,36.0,0.5981041192998423,0.8510075062513351,0.1442948795359981,0.1253871517733642,0.12065402312237261,0.17578529712418695
dipping,gof_af,f0_mid,2.0,37.0,0.8510075062513351,1.1247371435165405,0.11215231147348621,0.09071425068243075,0.09317276923306159,0.1344557810897278
dipping,gof_af,f0_mid,3.0,36.0,1.1247371435165405,1.5037553310394287,0.1319485203102716,0.1064221806725284,0.11394478848317878,0.15135946337061287
dipping,gof_af,f0_mid,4.0,35.0,1.5037553310394287,2.330061435700463,0.07345890003153793,0.06376924476265977,0.0632700099742358,0.0831843367612627
dipping,gof_af,f0_high,1.0,36.0,0.5981041192998423,0.8510075062513351,0.3120987208380915,0.28614817898637157,0.27867299569029064,0.3485143215507093
dipping,gof_af,f0_high,2.0,37.0,0.8510075062513351,1.1247371435165405,0.26334499387339805,0.2572876946269812,0.23630712310259383,0.2944941285820047
dipping,gof_af,f0_high,3.0,36.0,1.1247371435165405,1.5037553310394287,0.29907672333579055,0.29064985019761197,0.27615416341397997,0.32331809650596965
dipping,gof_af,f0_high,4.0,35.0,1.5037553310394287,2.330061435700463,0.24272620872027859,0.2082727932731615,0.21419305440630337,0.27701225726773987
dipping,gof_af,f0_all,1.0,36.0,0.5981041192998423,0.8510075062513351,0.17226787610784208,0.16056394696914306,0.15332204359491658,0.1946814661172002
dipping,gof_af,f0_all,2.0,37.0,0.8510075062513351,1.1247371435165405,0.1505077438748511,0.15427580241508734,0.13398287889127625,0.16791169413939722
dipping,gof_af,f0_all,3.0,36.0,1.1247371435165405,1.5037553310394287,0.16791367524748554,0.16367809475775116,0.15822166094319326,0.1795372507325966
dipping,gof_af,f0_all,4.0,35.0,1.5037553310394287,2.330061435700463,0.1437463462031462,0.12748976840382048,0.12846298964227104,0.16142274700100712
dipping,gof_af,impedance,1.0,36.0,3.289819843965365,4.598312040616209,0.09132467623602715,0.08757503586532217,0.08396292728661482,0.09781034122559121
dipping,gof_af,impedance,2.0,41.0,4.598312040616209,5.5544874298623315,0.10948458843802406,0.0950807863486499,0.09484180655380922,0.12486798938895201
dipping,gof_af,impedance,3.0,33.0,5.5544874298623315,6.865234291980367,0.11667830088710884,0.10630638032220528,0.1054279675185018,0.12984255135994938
dipping,gof_af,impedance,4.0,34.0,6.865234291980367,10.006263454735592,0.1273434920086092,0.12295926929256483,0.11311312086260004,0.14294346690342855
dipping,gof_af,impedance_low,1.0,36.0,3.289819843965365,4.598312040616209,0.07769421477599137,0.0723521916767722,0.06796391786120037,0.08748023408675668
dipping,gof_af,impedance_low,2.0,41.0,4.598312040616209,5.5544874298623315,0.07988473445648303,0.06442493625047305,0.06718075201656765,0.0927808704759674
dipping,gof_af,impedance_low,3.0,33.0,5.5544874298623315,6.865234291980367,0.07452523356738074,0.06668113559013403,0.06238218497930207,0.08736914926187063
dipping,gof_af,impedance_low,4.0,34.0,6.865234291980367,10.006263454735592,0.065228810574684,0.05539317431372569,0.05397434553613366,0.07714605557771996
dipping,gof_af,impedance_mid,1.0,36.0,3.289819843965365,4.598312040616209,0.07641301799502594,0.06872101443655473,0.06579737307947851,0.08869507072680342
dipping,gof_af,impedance_mid,2.0,41.0,4.598312040616209,5.5544874298623315,0.10469085187661428,0.10218641618423602,0.09134482613817506,0.11948219419294492
dipping,gof_af,impedance_mid,3.0,33.0,5.5544874298623315,6.865234291980367,0.12404308857631272,0.10819453295332185,0.1077055063785885,0.14773047786118726
dipping,gof_af,impedance_mid,4.0,34.0,6.865234291980367,10.006263454735592,0.1626130565384731,0.14053577784765603,0.13653778225286614,0.1894063412025611
dipping,gof_af,impedance_high,1.0,36.0,3.289819843965365,4.598312040616209,0.244031925390895,0.23108362614489597,0.22176427775227228,0.27033434841131504
dipping,gof_af,impedance_high,2.0,41.0,4.598312040616209,5.5544874298623315,0.2667608515820261,0.2538393045292028,0.2342156841808623,0.3016045762904881
dipping,gof_af,impedance_high,3.0,33.0,5.5544874298623315,6.865234291980367,0.3034977989808991,0.2748924110272848,0.26800397380608143,0.34367414982596906
dipping,gof_af,impedance_high,4.0,34.0,6.865234291980367,10.006263454735592,0.3089331315729492,0.29792784573086784,0.2788769350889936,0.3387064476839793
dipping,gof_af,impedance_all,1.0,36.0,3.289819843965365,4.598312040616209,0.135528054456918,0.1284214764713901,0.12668173884909661,0.14503145040790744
dipping,gof_af,impedance_all,2.0,41.0,4.598312040616209,5.5544874298623315,0.15273321067646248,0.15427580241508734,0.13622212925315313,0.1705185969794671
dipping,gof_af,impedance_all,3.0,33.0,5.5544874298623315,6.865234291980367,0.16952098796479179,0.15470526979511282,0.15367790392362982,0.18847623247046558
dipping,gof_af,impedance_all,4.0,34.0,6.865234291980367,10.006263454735592,0.17974059671321355,0.1890982976536083,0.1621143235285718,0.19668245653970787
dipping,gof_af,xi_mean,1.0,36.0,0.024473576491427486,0.03527782169410734,0.10914151783253394,0.09521562086308691,0.09538695457881687,0.12575220702576217
dipping,gof_af,xi_mean,2.0,36.0,0.03527782169410734,0.03872400667116366,0.09929548865523746,0.09111227340158717,0.08760927897831677,0.11344570823803474
dipping,gof_af,xi_mean,3.0,36.0,0.03872400667116366,0.04197937968429659,0.1143228966530942,0.10143972552738262,0.10176182112193091,0.12818866121927464
dipping,gof_af,xi_mean,4.0,36.0,0.04197937968429659,0.046734433622168135,0.12047951708200297,0.10863197846271294,0.10581761895574576,0.13530730874234936
dipping,gof_af,xi_mean_low,1.0,36.0,0.024473576491427486,0.03527782169410734,0.09530301892445453,0.08312267940194024,0.08227967731651113,0.11097238976412714
dipping,gof_af,xi_mean_low,2.0,36.0,0.03527782169410734,0.03872400667116366,0.07627637405689576,0.06695032039592537,0.06793224636061035,0.08620853087867698
dipping,gof_af,xi_mean_low,3.0,36.0,0.03872400667116366,0.04197937968429659,0.055802625387956585,0.05178566422477213,0.05057200007832211,0.061505008979324566
dipping,gof_af,xi_mean_low,4.0,36.0,0.04197937968429659,0.046734433622168135,0.0712118180727574,0.06408136806673917,0.058217008138309476,0.08315457706594045
dipping,gof_af,xi_mean_mid,1.0,36.0,0.024473576491427486,0.03527782169410734,0.07915721176090211,0.0706340110079095,0.06931002590307012,0.09224484026929428
dipping,gof_af,xi_mean_mid,2.0,36.0,0.03527782169410734,0.03872400667116366,0.09963278368705526,0.08537904836827764,0.08153931947048479,0.12184232007426174
dipping,gof_af,xi_mean_mid,3.0,36.0,0.03872400667116366,0.04197937968429659,0.14270623003383343,0.11684662716196215,0.12130197533328703,0.16535495953833904
dipping,gof_af,xi_mean_mid,4.0,36.0,0.04197937968429659,0.046734433622168135,0.14143320285400163,0.12383452383539359,0.1214661125590104,0.1641708910290378
dipping,gof_af,xi_mean_high,1.0,36.0,0.024473576491427486,0.03527782169410734,0.2715125579477565,0.24197549128997958,0.2404808078981605,0.30194642941668254
dipping,gof_af,xi_mean_high,2.0,36.0,0.03527782169410734,0.03872400667116366,0.24004986685322338,0.22870032926840028,0.2158978556988935,0.26616520689050926
dipping,gof_af,xi_mean_high,3.0,36.0,0.03872400667116366,0.04197937968429659,0.3100410723589255,0.2687209064190662,0.27370656751279415,0.3525145006550934
dipping,gof_af,xi_mean_high,4.0,36.0,0.04197937968429659,0.046734433622168135,0.2962158936396845,0.29352898991348286,0.27242084072048395,0.3219995961364713
dipping,gof_af,xi_mean_all,1.0,36.0,0.024473576491427486,0.03527782169410734,0.1521326154335445,0.13362847675339973,0.13734282879154142,0.16871674503914635
dipping,gof_af,xi_mean_all,2.0,36.0,0.03527782169410734,0.03872400667116366,0.14060401942465825,0.14028270228179424,0.12582458857514453,0.1555673766367832
dipping,gof_af,xi_mean_all,3.0,36.0,0.03872400667116366,0.04197937968429659,0.17085716322155878,0.15451926441120056,0.15333924104526184,0.1925731228756005
dipping,gof_af,xi_mean_all,4.0,36.0,0.04197937968429659,0.046734433622168135,0.17102965995555514,0.16465583780622017,0.15713527191375756,0.1862371179062027
dipping,gof_af,field_cov,1.0,36.0,0.10672552916846328,0.5337373875909341,0.08019150302785932,0.08004071881235211,0.0731006780467002,0.0871096604272268
dipping,gof_af,field_cov,2.0,36.0,0.5337373875909341,0.8070663393467199,0.10532948470850083,0.09648954592833232,0.0923572694595953,0.11852189524834239
dipping,gof_af,field_cov,3.0,36.0,0.8070663393467199,0.9033558638617669,0.11248654204347933,0.10061292129144365,0.09973804318136183,0.1293765878496618
dipping,gof_af,field_cov,4.0,36.0,0.9033558638617669,1.4106309940457122,0.1452318904430291,0.13244042337368117,0.13080237194569716,0.1621779295673725
dipping,gof_af,field_cov_low,1.0,36.0,0.10672552916846328,0.5337373875909341,0.06762291476607847,0.05866289672091845,0.05658491227942544,0.0796777724874867
dipping,gof_af,field_cov_low,2.0,36.0,0.5337373875909341,0.8070663393467199,0.06965820719976261,0.06594607254231649,0.06246742444852485,0.07717452402828837
dipping,gof_af,field_cov_low,3.0,36.0,0.8070663393467199,0.9033558638617669,0.07121551886928021,0.060957154911292916,0.06061006327597756,0.08734460391687553
dipping,gof_af,field_cov_low,4.0,36.0,0.9033558638617669,1.4106309940457122,0.09009719560694299,0.08258830476230528,0.07478977598538337,0.10580985532969474
dipping,gof_af,field_cov_mid,1.0,36.0,0.10672552916846328,0.5337373875909341,0.07170772250174878,0.06924397712349958,0.06368325051752628,0.07924341870675
dipping,gof_af,field_cov_mid,2.0,36.0,0.5337373875909341,0.8070663393467199,0.11221652409479042,0.08518445702288986,0.08656088956212327,0.13999284430746473
dipping,gof_af,field_cov_mid,3.0,36.0,0.8070663393467199,0.9033558638617669,0.12234348325267631,0.10658365955387478,0.10740811703446794,0.14018000202537934
dipping,gof_af,field_cov_mid,4.0,36.0,0.9033558638617669,1.4106309940457122,0.15666169848657688,0.13959861692551964,0.13528428152989452,0.18666140892394506
dipping,gof_af,field_cov_high,1.0,36.0,0.10672552916846328,0.5337373875909341,0.21993211796567713,0.210880322918706,0.2024051312753711,0.2359888424464214
dipping,gof_af,field_cov_high,2.0,36.0,0.5337373875909341,0.8070663393467199,0.28337260989074403,0.2610909044635081,0.24190713282125548,0.32498444204269733
dipping,gof_af,field_cov_high,3.0,36.0,0.8070663393467199,0.9033558638617669,0.28608798853973805,0.2780174311530391,0.2635016621676098,0.3105762820941743
dipping,gof_af,field_cov_high,4.0,36.0,0.9033558638617669,1.4106309940457122,0.3284266744034305,0.358788958109426,0.301375944679981,0.35849645540734837
dipping,gof_af,field_cov_all,1.0,36.0,0.10672552916846328,0.5337373875909341,0.1221565782066391,0.11803635848707056,0.11423712540355942,0.12905290872882777
dipping,gof_af,field_cov_all,2.0,36.0,0.5337373875909341,0.8070663393467199,0.15722574321011445,0.14915255111096296,0.1363756755944465,0.17735405636152898
dipping,gof_af,field_cov_all,3.0,36.0,0.8070663393467199,0.9033558638617669,0.16175927256895936,0.15682157579903805,0.14822874737134004,0.17535815100307056
dipping,gof_af,field_cov_all,4.0,36.0,0.9033558638617669,1.4106309940457122,0.19348186404960377,0.19691246851209596,0.1793047925653952,0.2104236963473167
dipping,gof_af,dip_angle_deg,1.0,36.0,-2.9368241876373755,-1.5724542061798275,0.12162294637456296,0.10166762193377794,0.10754893677257271,0.13953917893543527
dipping,gof_af,dip_angle_deg,2.0,36.0,-1.5724542061798275,-0.041041851975023746,0.0997662171664122,0.08881048965161287,0.08596444918881556,0.11582455502761839
dipping,gof_af,dip_angle_deg,3.0,36.0,-0.041041851975023746,1.6544681838713586,0.1028189705333551,0.10218007459242479,0.09085005561153206,0.1188938203886509
dipping,gof_af,dip_angle_deg,4.0,36.0,1.6544681838713586,2.8547291960577237,0.1190312861485383,0.10650966169814757,0.10665723543164124,0.13394364495298847
dipping,gof_af,dip_angle_deg_low,1.0,36.0,-2.9368241876373755,-1.5724542061798275,0.07649534266611048,0.05994643230769433,0.06265195100176822,0.09471759195660974
dipping,gof_af,dip_angle_deg_low,2.0,36.0,-1.5724542061798275,-0.041041851975023746,0.07062554068323867,0.07213955726726878,0.06154758246165014,0.08068930933920933
dipping,gof_af,dip_angle_deg_low,3.0,36.0,-0.041041851975023746,1.6544681838713586,0.07788024206972251,0.07487064354836331,0.06787437023114214,0.09128667221904907
dipping,gof_af,dip_angle_deg_low,4.0,36.0,1.6544681838713586,2.8547291960577237,0.07359271102299259,0.06888617275260023,0.06160133052405789,0.08382179984461856
dipping,gof_af,dip_angle_deg_mid,1.0,36.0,-2.9368241876373755,-1.5724542061798275,0.12206051445155314,0.10594154768713811,0.10634462266381503,0.13899167517030192
dipping,gof_af,dip_angle_deg_mid,2.0,36.0,-1.5724542061798275,-0.041041851975023746,0.10419469562720386,0.08165051356343138,0.08252203414367554,0.1309730457206289
dipping,gof_af,dip_angle_deg_mid,3.0,36.0,-0.041041851975023746,1.6544681838713586,0.10433069746026802,0.09712266699703287,0.08414036182117673,0.12945042998415793
dipping,gof_af,dip_angle_deg_mid,4.0,36.0,1.6544681838713586,2.8547291960577237,0.13234352079676737,0.10960942132561147,0.10931297593329878,0.1582817955818972
dipping,gof_af,dip_angle_deg_high,1.0,36.0,-2.9368241876373755,-1.5724542061798275,0.3147581456282335,0.309607526507481,0.2825430408869623,0.3448019173918485
dipping,gof_af,dip_angle_deg_high,2.0,36.0,-1.5724542061798275,-0.041041851975023746,0.2583816522333917,0.230377591332665,0.2272376951835025,0.3013659734982
dipping,gof_af,dip_angle_deg_high,3.0,36.0,-0.041041851975023746,1.6544681838713586,0.2531348269408792,0.25727639149193576,0.22343321565130617,0.2818711398149201
dipping,gof_af,dip_angle_deg_high,4.0,36.0,1.6544681838713586,2.8547291960577237,0.2915447659970855,0.27589102138719135,0.26531984680931825,0.3187906500720491
dipping,gof_af,dip_angle_deg_all,1.0,36.0,-2.9368241876373755,-1.5724542061798275,0.17355687523848634,0.1583093158977638,0.1592636287674059,0.190011651403499
dipping,gof_af,dip_angle_deg_all,2.0,36.0,-1.5724542061798275,-0.041041851975023746,0.14641092620898177,0.13097623056355148,0.1295098624480669,0.16837065269501544
dipping,gof_af,dip_angle_deg_all,3.0,36.0,-0.041041851975023746,1.6544681838713586,0.147154483391791,0.1459106060560674,0.13133601670121944,0.16515186787404043
dipping,gof_af,dip_angle_deg_all,4.0,36.0,1.6544681838713586,2.8547291960577237,0.16750117319605753,0.1544114174576493,0.151276917513052,0.18368426010289604
three_layer,pearson,vs1,1.0,37.0,98.22766284919294,134.41455917239156,0.8635457570361705,0.8778913196290701,0.8341633724033515,0.8920235952479482
three_layer,pearson,vs1,2.0,38.0,134.41455917239156,168.9388180849277,0.8973942948189048,0.9259248695660849,0.860417376067465,0.9286309103176782
three_layer,pearson,vs1,3.0,33.0,168.9388180849277,199.65354481597004,0.859253146597757,0.8973986101525893,0.8234266185290495,0.897330379481064
three_layer,pearson,vs1,4.0,36.0,199.65354481597004,230.1199346894392,0.8895215128709459,0.9294728882752927,0.8537779897338834,0.9177279111531992
three_layer,pearson,vs1_low,1.0,37.0,98.22766284919294,134.41455917239156,0.04045184512689812,0.041391252903296406,-0.06448094080084872,0.14169226254628314
three_layer,pearson,vs1_low,2.0,38.0,134.41455917239156,168.9388180849277,0.012075910924925628,0.030154297745101002,-0.07921414100401777,0.10478552601044633
three_layer,pearson,vs1_low,3.0,33.0,168.9388180849277,199.65354481597004,0.034239168898934226,0.08544553342066374,-0.05136085651408177,0.1233464458246176
three_layer,pearson,vs1_low,4.0,36.0,199.65354481597004,230.1199346894392,-0.06287778808588168,-0.022581609367165127,-0.14501449599403826,0.020334511979602586
three_layer,pearson,vs1_mid,1.0,37.0,98.22766284919294,134.41455917239156,0.8352059753803803,0.93152533965741,0.7663945649534097,0.899319811323232
three_layer,pearson,vs1_mid,2.0,38.0,134.41455917239156,168.9388180849277,0.7905918494415227,0.8963331026461585,0.7231144018579232,0.8583729513846476
three_layer,pearson,vs1_mid,3.0,33.0,168.9388180849277,199.65354481597004,0.7847329527378628,0.866233607042028,0.7109944023133616,0.8552614364125741
three_layer,pearson,vs1_mid,4.0,36.0,199.65354481597004,230.1199346894392,0.6941823310485603,0.8084489381520814,0.5835661782752303,0.7896647228954103
three_layer,pearson,vs1_high,1.0,37.0,98.22766284919294,134.41455917239156,0.799495300197539,0.8217916959672207,0.7547132576947975,0.844109002148178
three_layer,pearson,vs1_high,2.0,38.0,134.41455917239156,168.9388180849277,0.8575600587117373,0.8987123652435693,0.8100839909511451,0.9016093121300492
three_layer,pearson,vs1_high,3.0,33.0,168.9388180849277,199.65354481597004,0.8252970115854216,0.8647973483042404,0.7807182072582899,0.8697182774566125
three_layer,pearson,vs1_high,4.0,36.0,199.65354481597004,230.1199346894392,0.8540428287121191,0.9128901022067388,0.8115991000599106,0.8910317310720591
three_layer,pearson,vs1_all,1.0,37.0,98.22766284919294,134.41455917239156,0.8635457570361705,0.8778913196290701,0.8341633724033515,0.8920235952479482
three_layer,pearson,vs1_all,2.0,38.0,134.41455917239156,168.9388180849277,0.8973942948189048,0.9259248695660849,0.860417376067465,0.9286309103176782
three_layer,pearson,vs1_all,3.0,33.0,168.9388180849277,199.65354481597004,0.859253146597757,0.8973986101525893,0.8234266185290495,0.897330379481064
three_layer,pearson,vs1_all,4.0,36.0,199.65354481597004,230.1199346894392,0.8895215128709459,0.9294728882752927,0.8537779897338834,0.9177279111531992
three_layer,pearson,H,1.0,47.0,10.999999999999,15.0,0.881015228304129,0.9204213664768159,0.8437610203870887,0.9144132805148849
three_layer,pearson,H,2.0,39.0,15.0,17.0,0.8628590419817164,0.9024233757376237,0.8317449752257016,0.8885481663868133
three_layer,pearson,H,3.0,39.0,17.0,19.0,0.9028417269231855,0.9307076121703848,0.8766622956347484,0.9247205751890207
three_layer,pearson,H,4.0,19.0,19.0,23.000000000001,0.8505399366816571,0.8552416559107313,0.8183778302164937,0.8862348451771512
three_layer,pearson,H_low,1.0,47.0,10.999999999999,15.0,-0.0009126082897513323,0.025417048013840107,-0.09468555247656303,0.08834425985937511
three_layer,pearson,H_low,2.0,39.0,15.0,17.0,-0.0008465349158503613,-0.013804458141007905,-0.09466076744541091,0.09589970844119398
three_layer,pearson,H_low,3.0,39.0,17.0,19.0,-0.018952861589757803,0.021924523484207595,-0.09698406762661911,0.07070707081844237
three_layer,pearson,H_low,4.0,19.0,19.0,23.000000000001,0.0861560074080276,0.18142018637255053,-0.02976088920268462,0.21169048331961504
three_layer,pearson,H_mid,1.0,47.0,10.999999999999,15.0,0.6703233376586019,0.7720887174386721,0.5916970186900943,0.7362305461663728
three_layer,pearson,H_mid,2.0,39.0,15.0,17.0,0.7663427205831806,0.8656807209976266,0.6705390855217013,0.8424923156646844
three_layer,pearson,H_mid,3.0,39.0,17.0,19.0,0.8627525161252404,0.8982970604163272,0.8252429638872503,0.8974832830850644
three_layer,pearson,H_mid,4.0,19.0,19.0,23.000000000001,0.8837869275982563,0.9698960012239567,0.7454897690207306,0.9697858504044671
three_layer,pearson,H_high,1.0,47.0,10.999999999999,15.0,0.8467865592213917,0.8901500660927963,0.801192941141102,0.8865517681407539
three_layer,pearson,H_high,2.0,39.0,15.0,17.0,0.8244735076744305,0.8690224889214039,0.7851728283249988,0.8579234096144629
three_layer,pearson,H_high,3.0,39.0,17.0,19.0,0.8615827373240734,0.8990680317903688,0.828510025424514,0.8934403238314057
three_layer,pearson,H_high,4.0,19.0,19.0,23.000000000001,0.7680941955770058,0.7681843540290324,0.7133526614187609,0.8226917143651049
three_layer,pearson,H_all,1.0,47.0,10.999999999999,15.0,0.881015228304129,0.9204213664768159,0.8437610203870887,0.9144132805148849
three_layer,pearson,H_all,2.0,39.0,15.0,17.0,0.8628590419817164,0.9024233757376237,0.8317449752257016,0.8885481663868133
three_layer,pearson,H_all,3.0,39.0,17.0,19.0,0.9028417269231855,0.9307076121703848,0.8766622956347484,0.9247205751890207
three_layer,pearson,H_all,4.0,19.0,19.0,23.000000000001,0.8505399366816571,0.8552416559107313,0.8183778302164937,0.8862348451771512
three_layer,pearson,cov,1.0,39.0,0.10370327066530124,0.15562297403812408,0.9192731315618624,0.9396514768465416,0.8928081598338268,0.9405988391305891
three_layer,pearson,cov,2.0,37.0,0.15562297403812408,0.1997506285086274,0.8924831473042374,0.9358144570991666,0.858080045375627,0.9225669192562831
three_layer,pearson,cov,3.0,38.0,0.1997506285086274,0.24448677040636538,0.8570257602025598,0.9002796895107421,0.8156995869176499,0.8939859764465186
three_layer,pearson,cov,4.0,30.0,0.24448677040636538,0.29648009929905994,0.8329932348556676,0.838210646393702,0.8007620639068136,0.8651874661912056
three_layer,pearson,cov_low,1.0,39.0,0.10370327066530124,0.15562297403812408,0.06332630903228187,0.0721659398774601,-0.02764512187508597,0.15672179359815983
three_layer,pearson,cov_low,2.0,37.0,0.15562297403812408,0.1997506285086274,0.0029739379917441623,0.031870642046785136,-0.07620047094038615,0.07960696826100469
three_layer,pearson,cov_low,3.0,38.0,0.1997506285086274,0.24448677040636538,0.03983665369715621,0.06832227545904106,-0.07349034673396367,0.1439275474791963
three_layer,pearson,cov_low,4.0,30.0,0.24448677040636538,0.29648009929905994,-0.1090553170343323,-0.024133874346854208,-0.20692674662236618,-0.016609565152564988
three_layer,pearson,cov_mid,1.0,39.0,0.10370327066530124,0.15562297403812408,0.824932421852647,0.8973181368135295,0.7662027180884201,0.8846002032625517
three_layer,pearson,cov_mid,2.0,37.0,0.15562297403812408,0.1997506285086274,0.788418318938186,0.8935355334386894,0.6915423359667137,0.8555846586401898
three_layer,pearson,cov_mid,3.0,38.0,0.1997506285086274,0.24448677040636538,0.8520051619323784,0.9134172701008358,0.7972080606902705,0.9015967200538111
three_layer,pearson,cov_mid,4.0,30.0,0.24448677040636538,0.29648009929905994,0.6037274773184361,0.730528690738345,0.4623962988639617,0.7195291490895024
three_layer,pearson,cov_high,1.0,39.0,0.10370327066530124,0.15562297403812408,0.8913856950773055,0.9218458061766548,0.8573969362181451,0.9198004076941454
three_layer,pearson,cov_high,2.0,37.0,0.15562297403812408,0.1997506285086274,0.855808107316376,0.9074743872772499,0.8141582186987666,0.895323982719618
three_layer,pearson,cov_high,3.0,38.0,0.1997506285086274,0.24448677040636538,0.8062262351978841,0.8702613712697258,0.7554560904375055,0.8529778674997561
three_layer,pearson,cov_high,4.0,30.0,0.24448677040636538,0.29648009929905994,0.7694470846023248,0.7819469098671165,0.7271877501658859,0.8105949945520605
three_layer,pearson,cov_all,1.0,39.0,0.10370327066530124,0.15562297403812408,0.9192731315618624,0.9396514768465416,0.8928081598338268,0.9405988391305891
three_layer,pearson,cov_all,2.0,37.0,0.15562297403812408,0.1997506285086274,0.8924831473042374,0.9358144570991666,0.858080045375627,0.9225669192562831
three_layer,pearson,cov_all,3.0,38.0,0.1997506285086274,0.24448677040636538,0.8570257602025598,0.9002796895107421,0.8156995869176499,0.8939859764465186
three_layer,pearson,cov_all,4.0,30.0,0.24448677040636538,0.29648009929905994,0.8329932348556676,0.838210646393702,0.8007620639068136,0.8651874661912056
three_layer,pearson,vs2,1.0,37.0,864.3317117483465,997.4548552593972,0.8814871676442203,0.9204876982404235,0.8506112433110516,0.9105073455706946
three_layer,pearson,vs2,2.0,36.0,997.4548552593972,1077.9170686513312,0.8771878079569243,0.8995935600477876,0.8481968273336693,0.9088576290134003
three_layer,pearson,vs2,3.0,35.0,1077.9170686513312,1169.9835500941465,0.8946582737020403,0.9358144570991666,0.8570359842161398,0.9256361387865386
three_layer,pearson,vs2,4.0,36.0,1169.9835500941465,1354.696086445703,0.8589855179355522,0.8995960203916855,0.8183627418686115,0.8972786768148544
three_layer,pearson,vs2_low,1.0,37.0,864.3317117483465,997.4548552593972,-0.004523862185419357,-0.013804458141007905,-0.09457063116559247,0.08549708057043803
three_layer,pearson,vs2_low,2.0,36.0,997.4548552593972,1077.9170686513312,-0.03524394804797997,-0.05330677258636653,-0.1268789197295609,0.054455086072104995
three_layer,pearson,vs2_low,3.0,35.0,1077.9170686513312,1169.9835500941465,0.07247107537771756,0.10528077138366553,-0.030069736418715912,0.1621504968942005
three_layer,pearson,vs2_low,4.0,36.0,1169.9835500941465,1354.696086445703,-0.007734097783800746,0.035233496969490366,-0.11271762772637631,0.08764594178792602
three_layer,pearson,vs2_mid,1.0,37.0,864.3317117483465,997.4548552593972,0.824637059552753,0.8973181368135295,0.7601144318144248,0.885712757007666
three_layer,pearson,vs2_mid,2.0,36.0,997.4548552593972,1077.9170686513312,0.6487114655835443,0.7426331712610483,0.5435788193348833,0.7458213714885621
three_layer,pearson,vs2_mid,3.0,35.0,1077.9170686513312,1169.9835500941465,0.9382383828108758,0.9483233543983901,0.9184570487487341,0.9539158383653263
three_layer,pearson,vs2_mid,4.0,36.0,1169.9835500941465,1354.696086445703,0.6980093156419297,0.7795562602686359,0.591539673273074,0.772643845572584
three_layer,pearson,vs2_high,1.0,37.0,864.3317117483465,997.4548552593972,0.8373188675935429,0.9024417604569585,0.7918540719396323,0.8793276828924736
three_layer,pearson,vs2_high,2.0,36.0,997.4548552593972,1077.9170686513312,0.8292058742572544,0.8570679970979901,0.7869576572527189,0.8677559372462752
three_layer,pearson,vs2_high,3.0,35.0,1077.9170686513312,1169.9835500941465,0.8529293593237899,0.9074743872772499,0.8077516183472303,0.8963268477071138
three_layer,pearson,vs2_high,4.0,36.0,1169.9835500941465,1354.696086445703,0.8184504001043134,0.8703121910744374,0.7703329039694172,0.8658261325786368
three_layer,pearson,vs2_all,1.0,37.0,864.3317117483465,997.4548552593972,0.8814871676442203,0.9204876982404235,0.8506112433110516,0.9105073455706946
three_layer,pearson,vs2_all,2.0,36.0,997.4548552593972,1077.9170686513312,0.8771878079569243,0.8995935600477876,0.8481968273336693,0.9088576290134003
three_layer,pearson,vs2_all,3.0,35.0,1077.9170686513312,1169.9835500941465,0.8946582737020403,0.9358144570991666,0.8570359842161398,0.9256361387865386
three_layer,pearson,vs2_all,4.0,36.0,1169.9835500941465,1354.696086445703,0.8589855179355522,0.8995960203916855,0.8183627418686115,0.8972786768148544
three_layer,pearson,f0,1.0,36.0,1.7999285459508432,3.3038467168807983,0.8859913803758677,0.9060954744947276,0.8610671874902969,0.9113041856363122
three_layer,pearson,f0,2.0,36.0,3.3038467168807983,4.023601651191711,0.8791040447532853,0.9199403325089319,0.843515413819873,0.9096265619042359
three_layer,pearson,f0,3.0,36.0,4.023601651191711,4.614928960800171,0.8635893473778119,0.937732966972854,0.8166864141632554,0.9050371735104888
three_layer,pearson,f0,4.0,36.0,4.614928960800171,7.208714962006615,0.8832681306746104,0.9035004652024003,0.8532515066784563,0.9147282792976217
three_layer,pearson,f0_low,1.0,36.0,1.7999285459508432,3.3038467168807983,0.14058619098634828,0.14733923970552495,0.05389442555915315,0.24093184889514968
three_layer,pearson,f0_low,2.0,36.0,3.3038467168807983,4.023601651191711,-0.041370768485041266,-0.03293553192295785,-0.1474555568654508,0.05815546185338301
three_layer,pearson,f0_low,3.0,36.0,4.023601651191711,4.614928960800171,-0.04051536925400599,-0.02495550472170373,-0.1365422078443999,0.0501932524722026
three_layer,pearson,f0_low,4.0,36.0,4.614928960800171,7.208714962006615,-0.03586963415242625,0.00301324148775154,-0.12485032015757798,0.058646363128351385
three_layer,pearson,f0_mid,1.0,36.0,1.7999285459508432,3.3038467168807983,0.9494509653722957,0.9668632433977595,0.9299492749469226,0.9664559230024062
three_layer,pearson,f0_mid,2.0,36.0,3.3038467168807983,4.023601651191711,0.7980624700913822,0.9074072050642046,0.7060442220813588,0.8678867808620357
three_layer,pearson,f0_mid,3.0,36.0,4.023601651191711,4.614928960800171,0.7706257038158909,0.8226122336335133,0.7137147801067866,0.8168348613790045
three_layer,pearson,f0_mid,4.0,36.0,4.614928960800171,7.208714962006615,0.5883014919968081,0.6285878457000951,0.47884100549326125,0.6920454514905492
three_layer,pearson,f0_high,1.0,36.0,1.7999285459508432,3.3038467168807983,0.8257505811773034,0.8687691645876037,0.7862610143861919,0.8650622013510392
three_layer,pearson,f0_high,2.0,36.0,3.3038467168807983,4.023601651191711,0.8349953971366186,0.8725052911055566,0.7912599217582649,0.8727972277225697
three_layer,pearson,f0_high,3.0,36.0,4.023601651191711,4.614928960800171,0.8206016045700546,0.9126338053587735,0.7588966266212153,0.874333790285712
three_layer,pearson,f0_high,4.0,36.0,4.614928960800171,7.208714962006615,0.8561232936246391,0.8732205433918813,0.8191378802016078,0.8919276456821876
three_layer,pearson,f0_all,1.0,36.0,1.7999285459508432,3.3038467168807983,0.8859913803758677,0.9060954744947276,0.8610671874902969,0.9113041856363122
three_layer,pearson,f0_all,2.0,36.0,3.3038467168807983,4.023601651191711,0.8791040447532853,0.9199403325089319,0.843515413819873,0.9096265619042359
three_layer,pearson,f0_all,3.0,36.0,4.023601651191711,4.614928960800171,0.8635893473778119,0.937732966972854,0.8166864141632554,0.9050371735104888
three_layer,pearson,f0_all,4.0,36.0,4.614928960800171,7.208714962006615,0.8832681306746104,0.9035004652024003,0.8532515066784563,0.9147282792976217
three_layer,pearson,impedance,1.0,41.0,4.634374012982779,5.346530422494766,0.8872751105690875,0.9284913854566512,0.8591675430036292,0.9164454611656937
three_layer,pearson,impedance,2.0,36.0,5.346530422494766,6.849940162972799,0.8752334491565179,0.9200515291570706,0.840922665331879,0.907803249526645
three_layer,pearson,impedance,3.0,34.0,6.849940162972799,7.79197350980398,0.9090008919620791,0.9373780141962018,0.8836511188495269,0.9335739826702026
three_layer,pearson,impedance,4.0,33.0,7.79197350980398,11.685281644611605,0.8375027419654177,0.8651863860198229,0.7939393268233071,0.8712094393187354
three_layer,pearson,impedance_low,1.0,41.0,4.634374012982779,5.346530422494766,-0.04099784397029015,-0.0011175757916328966,-0.11916835760005078,0.040819538268093945
three_layer,pearson,impedance_low,2.0,36.0,5.346530422494766,6.849940162972799,0.03561147044002621,0.08276531395232387,-0.052078509186276586,0.11608475106640517
three_layer,pearson,impedance_low,3.0,34.0,6.849940162972799,7.79197350980398,0.02375559654553568,0.030154297745101002,-0.08838896257306371,0.12823699311741404
three_layer,pearson,impedance_low,4.0,33.0,7.79197350980398,11.685281644611605,0.012518287024491927,0.041391252903296406,-0.10180118455321176,0.12321167531508834
three_layer,pearson,impedance_mid,1.0,41.0,4.634374012982779,5.346530422494766,0.6684973797437616,0.8009353162041075,0.5660501980085405,0.7666985980005764
three_layer,pearson,impedance_mid,2.0,36.0,5.346530422494766,6.849940162972799,0.8277840295491804,0.9024610217167621,0.7681971599756704,0.8790569203219722
three_layer,pearson,impedance_mid,3.0,34.0,6.849940162972799,7.79197350980398,0.8222075374251334,0.9243665699029932,0.7442468397163985,0.8894685562594429
three_layer,pearson,impedance_mid,4.0,33.0,7.79197350980398,11.685281644611605,0.8081269339463736,0.8718076249373897,0.7259150278022436,0.8753183182609335
three_layer,pearson,impedance_high,1.0,41.0,4.634374012982779,5.346530422494766,0.85053676230055,0.9119090602165033,0.8111259663778653,0.8882858321151934
three_layer,pearson,impedance_high,2.0,36.0,5.346530422494766,6.849940162972799,0.8460518209382077,0.8940076132417631,0.806336784789664,0.883803087027802
three_layer,pearson,impedance_high,3.0,34.0,6.849940162972799,7.79197350980398,0.8700495606496975,0.9041860722360648,0.8342727349737183,0.9052288889455019
three_layer,pearson,impedance_high,4.0,33.0,7.79197350980398,11.685281644611605,0.7647695055794675,0.7894787883459565,0.712404153594063,0.8082600037378754
three_layer,pearson,impedance_all,1.0,41.0,4.634374012982779,5.346530422494766,0.8872751105690875,0.9284913854566512,0.8591675430036292,0.9164454611656937
three_layer,pearson,impedance_all,2.0,36.0,5.346530422494766,6.849940162972799,0.8752334491565179,0.9200515291570706,0.840922665331879,0.907803249526645
three_layer,pearson,impedance_all,3.0,34.0,6.849940162972799,7.79197350980398,0.9090008919620791,0.9373780141962018,0.8836511188495269,0.9335739826702026
three_layer,pearson,impedance_all,4.0,33.0,7.79197350980398,11.685281644611605,0.8375027419654177,0.8651863860198229,0.7939393268233071,0.8712094393187354
three_layer,pearson,xi_mean,1.0,36.0,0.024008100851370263,0.02784808911383152,0.8810387552746303,0.9036605328424081,0.8544237300280172,0.9092824069988115
three_layer,pearson,xi_mean,2.0,36.0,0.02784808911383152,0.03005750011652708,0.8704251187260906,0.9030295967803466,0.8358008589656157,0.9035293426328467
three_layer,pearson,xi_mean,3.0,36.0,0.03005750011652708,0.03224918991327286,0.9015953364999016,0.9472428159766706,0.8578938868495388,0.9339265179420383
three_layer,pearson,xi_mean,4.0,36.0,0.03224918991327286,0.037840936333941054,0.8588936926809531,0.8737859184810167,0.8286118133183299,0.887074599874539
three_layer,pearson,xi_mean_low,1.0,36.0,0.024008100851370263,0.02784808911383152,-0.04460930510694855,-0.024367538264270083,-0.12782381945524623,0.04734049214112769
three_layer,pearson,xi_mean_low,2.0,36.0,0.02784808911383152,0.03005750011652708,-0.09326005739655494,-0.10003957098787364,-0.1751440556858976,-0.008205951470371583
three_layer,pearson,xi_mean_low,3.0,36.0,0.03005750011652708,0.03224918991327286,0.05349490419214666,0.10204690811179504,-0.060719102767208634,0.15702594152948274
three_layer,pearson,xi_mean_low,4.0,36.0,0.03224918991327286,0.037840936333941054,0.10720487740623166,0.08872335563056281,0.010027626796374195,0.194540629173182
three_layer,pearson,xi_mean_mid,1.0,36.0,0.024008100851370263,0.02784808911383152,0.5994848166921287,0.6646405404097947,0.49840614512281006,0.7021165378401942
three_layer,pearson,xi_mean_mid,2.0,36.0,0.02784808911383152,0.03005750011652708,0.7318850091760774,0.8256940716662877,0.6464920540347004,0.8098238390796084
three_layer,pearson,xi_mean_mid,3.0,36.0,0.03005750011652708,0.03224918991327286,0.8354606881851567,0.9152676866699367,0.7737654666428473,0.8929453441832637
three_layer,pearson,xi_mean_mid,4.0,36.0,0.03224918991327286,0.037840936333941054,0.9396101172230141,0.9611290943602775,0.9189482639938447,0.9583690033855728
three_layer,pearson,xi_mean_high,1.0,36.0,0.024008100851370263,0.02784808911383152,0.8449219191851832,0.8776498037319836,0.8095210409513286,0.8795065625620545
three_layer,pearson,xi_mean_high,2.0,36.0,0.02784808911383152,0.03005750011652708,0.8286669140320896,0.871292548311855,0.7840267266802751,0.8691541789658378
three_layer,pearson,xi_mean_high,3.0,36.0,0.03005750011652708,0.03224918991327286,0.8731971060687996,0.92845005190115,0.8212459569018172,0.9129033294056305
three_layer,pearson,xi_mean_high,4.0,36.0,0.03224918991327286,0.037840936333941054,0.7906849372225435,0.8068252938612358,0.7478401372643991,0.8299151546788265
three_layer,pearson,xi_mean_all,1.0,36.0,0.024008100851370263,0.02784808911383152,0.8810387552746303,0.9036605328424081,0.8544237300280172,0.9092824069988115
three_layer,pearson,xi_mean_all,2.0,36.0,0.02784808911383152,0.03005750011652708,0.8704251187260906,0.9030295967803466,0.8358008589656157,0.9035293426328467
three_layer,pearson,xi_mean_all,3.0,36.0,0.03005750011652708,0.03224918991327286,0.9015953364999016,0.9472428159766706,0.8578938868495388,0.9339265179420383
three_layer,pearson,xi_mean_all,4.0,36.0,0.03224918991327286,0.037840936333941054,0.8588936926809531,0.8737859184810167,0.8286118133183299,0.887074599874539
three_layer,pearson,field_cov,1.0,36.0,0.3805356859016588,0.47743640065837323,0.8957372425880573,0.9393481878344466,0.8633891265739431,0.922187067883763
three_layer,pearson,field_cov,2.0,36.0,0.47743640065837323,0.5264562989059545,0.8702928207319389,0.9030295967803466,0.8279533834744714,0.9047833280430135
three_layer,pearson,field_cov,3.0,36.0,0.5264562989059545,0.6166908728599099,0.8739599559999226,0.8947046832972317,0.8440666348582055,0.898862378275836
three_layer,pearson,field_cov,4.0,36.0,0.6166908728599099,0.8237146060935574,0.8719628838616564,0.9106867874761921,0.8345269319965298,0.9034591781153806
three_layer,pearson,field_cov_low,1.0,36.0,0.3805356859016588,0.47743640065837323,-0.013123787592708611,-0.029158714459268507,-0.115225568764116,0.06677382162827852
three_layer,pearson,field_cov_low,2.0,36.0,0.47743640065837323,0.5264562989059545,-0.04235984324979499,0.0019303892245675098,-0.14305328663767056,0.053538176468191354
three_layer,pearson,field_cov_low,3.0,36.0,0.5264562989059545,0.6166908728599099,-0.012090462823013633,0.03238322912387762,-0.09911347146599017,0.07732340199169961
three_layer,pearson,field_cov_low,4.0,36.0,0.6166908728599099,0.8237146060935574,0.09040451276039203,0.11195740648583036,-0.025303808082527985,0.1919558141009681
three_layer,pearson,field_cov_mid,1.0,36.0,0.3805356859016588,0.47743640065837323,0.7372127479524374,0.8412971152021969,0.650445147064093,0.8093989387799527
three_layer,pearson,field_cov_mid,2.0,36.0,0.47743640065837323,0.5264562989059545,0.7571947289215196,0.8331320952387024,0.6627150043307768,0.8248213465991104
three_layer,pearson,field_cov_mid,3.0,36.0,0.5264562989059545,0.6166908728599099,0.7586891598963876,0.8579283921146639,0.6510870280807329,0.8371041240231488
three_layer,pearson,field_cov_mid,4.0,36.0,0.6166908728599099,0.8237146060935574,0.8533439945060325,0.9453437771237985,0.7794287490413144,0.91437920861954
three_layer,pearson,field_cov_high,1.0,36.0,0.3805356859016588,0.47743640065837323,0.871342638249444,0.9274623121960837,0.8316016368506193,0.9042708776861035
three_layer,pearson,field_cov_high,2.0,36.0,0.47743640065837323,0.5264562989059545,0.829700781769903,0.8745102455449147,0.780761317342886,0.8737817861653174
three_layer,pearson,field_cov_high,3.0,36.0,0.5264562989059545,0.6166908728599099,0.823493645091389,0.8513680931786611,0.7838991087101641,0.8605407765902825
three_layer,pearson,field_cov_high,4.0,36.0,0.6166908728599099,0.8237146060935574,0.8129338113978798,0.8665846067179014,0.7597684599257715,0.8578707900724654
three_layer,pearson,field_cov_all,1.0,36.0,0.3805356859016588,0.47743640065837323,0.8957372425880573,0.9393481878344466,0.8633891265739431,0.922187067883763
three_layer,pearson,field_cov_all,2.0,36.0,0.47743640065837323,0.5264562989059545,0.8702928207319389,0.9030295967803466,0.8279533834744714,0.9047833280430135
three_layer,pearson,field_cov_all,3.0,36.0,0.5264562989059545,0.6166908728599099,0.8739599559999226,0.8947046832972317,0.8440666348582055,0.898862378275836
three_layer,pearson,field_cov_all,4.0,36.0,0.6166908728599099,0.8237146060935574,0.8719628838616564,0.9106867874761921,0.8345269319965298,0.9034591781153806
three_layer,pearson,H1,1.0,52.0,4.999999999999,7.0,0.8683532854207889,0.9030295967803466,0.8347364253956033,0.8964303590006093
three_layer,pearson,H1,2.0,33.0,7.0,9.0,0.8828704206960052,0.9010560374995106,0.854801419829497,0.9123954200240622
three_layer,pearson,H1,3.0,27.0,9.0,10.0,0.8962344526188902,0.9380723007275875,0.8584163957137605,0.9331492876449677
three_layer,pearson,H1,4.0,32.0,10.0,12.000000000001,0.8732149865305467,0.9140261050116372,0.8436216480813699,0.9054097268509774
three_layer,pearson,H1_low,1.0,52.0,4.999999999999,7.0,-0.051858661756018415,-0.02607661174011319,-0.13797365984443316,0.028583202682694684
three_layer,pearson,H1_low,2.0,33.0,7.0,9.0,0.06799609192104009,0.05660562800156359,-0.02064179595378026,0.17427816439197852
three_layer,pearson,H1_low,3.0,27.0,9.0,10.0,-0.06955114215137789,-0.07734192275248276,-0.1702724798311808,0.0388496932241946
three_layer,pearson,H1_low,4.0,32.0,10.0,12.000000000001,0.09851735323191657,0.10926953221108246,0.001564588177390451,0.20528758448926723
three_layer,pearson,H1_mid,1.0,52.0,4.999999999999,7.0,0.6172348206154376,0.6454690573230335,0.5562599541811769,0.6846450463308951
three_layer,pearson,H1_mid,2.0,33.0,7.0,9.0,0.7924097028356002,0.8584226485606568,0.6987686952921206,0.8628958275454979
three_layer,pearson,H1_mid,3.0,27.0,9.0,10.0,0.8560636375689316,0.9056222881384208,0.7639420648809878,0.9118166674747114
three_layer,pearson,H1_mid,4.0,32.0,10.0,12.000000000001,0.9522629264378393,0.96599861790212,0.9317459136533673,0.969361390005141
three_layer,pearson,H1_high,1.0,52.0,4.999999999999,7.0,0.8298211187012847,0.8668590988081106,0.7935896190635465,0.8630584510355815
three_layer,pearson,H1_high,2.0,33.0,7.0,9.0,0.8389821008363836,0.8716018932274707,0.80123027291174,0.8784313359762264
three_layer,pearson,H1_high,3.0,27.0,9.0,10.0,0.8613549972510095,0.924523410392817,0.8093077010647374,0.9103650662424487
three_layer,pearson,H1_high,4.0,32.0,10.0,12.000000000001,0.8142268477645451,0.8701571918536719,0.7712361666090538,0.8602860148983065
three_layer,pearson,H1_all,1.0,52.0,4.999999999999,7.0,0.8683532854207889,0.9030295967803466,0.8347364253956033,0.8964303590006093
three_layer,pearson,H1_all,2.0,33.0,7.0,9.0,0.8828704206960052,0.9010560374995106,0.854801419829497,0.9123954200240622
three_layer,pearson,H1_all,3.0,27.0,9.0,10.0,0.8962344526188902,0.9380723007275875,0.8584163957137605,0.9331492876449677
three_layer,pearson,H1_all,4.0,32.0,10.0,12.000000000001,0.8732149865305467,0.9140261050116372,0.8436216480813699,0.9054097268509774
three_layer,pearson,H2,1.0,45.0,4.999999999999,7.0,0.8572615328211506,0.9036358178230693,0.8198417407327263,0.8919853146701968
three_layer,pearson,H2,2.0,29.0,7.0,8.0,0.9278024868994597,0.9454944450454309,0.9062441116256396,0.9453521845915472
three_layer,pearson,H2,3.0,44.0,8.0,10.0,0.8732000227811253,0.9075740734432057,0.8396158045964521,0.8988299248974543
three_layer,pearson,H2,4.0,26.0,10.0,12.000000000001,0.866402400581966,0.8805605845571506,0.8349356434916064,0.8975950353681748
three_layer,pearson,H2_low,1.0,45.0,4.999999999999,7.0,0.01115574500138749,0.056559456434098127,-0.07388771161809596,0.10252050675237985
three_layer,pearson,H2_low,2.0,29.0,7.0,8.0,0.10486684411052832,0.11325829303849938,-0.007892804571891149,0.20409563361804697
three_layer,pearson,H2_low,3.0,44.0,8.0,10.0,-0.07192942678118185,-0.08996662505888287,-0.14032505260401365,0.007083972550526169
three_layer,pearson,H2_low,4.0,26.0,10.0,12.000000000001,0.017063186981528315,0.010309880750261121,-0.10128776176857365,0.12683008359935316
three_layer,pearson,H2_mid,1.0,45.0,4.999999999999,7.0,0.7293008435520201,0.8528070137955006,0.648803997066212,0.8038629833081015
three_layer,pearson,H2_mid,2.0,29.0,7.0,8.0,0.8471827760973103,0.94175941171121,0.7640382732964383,0.9164167131207277
three_layer,pearson,H2_mid,3.0,44.0,8.0,10.0,0.7601358883243011,0.8549874131040538,0.6747015392258187,0.8363669516818283
three_layer,pearson,H2_mid,4.0,26.0,10.0,12.000000000001,0.8076555835775933,0.8565446665661709,0.7216308427141415,0.8841771409036995
three_layer,pearson,H2_high,1.0,45.0,4.999999999999,7.0,0.8151904756446029,0.8689208493119809,0.7706721437049795,0.8580393934302292
three_layer,pearson,H2_high,2.0,29.0,7.0,8.0,0.9002914867539079,0.9114523275711414,0.8728635282152593,0.9251941838562616
three_layer,pearson,H2_high,3.0,44.0,8.0,10.0,0.8305535381541159,0.8864919221647017,0.7914057875721039,0.8632123517186822
three_layer,pearson,H2_high,4.0,26.0,10.0,12.000000000001,0.800483513679177,0.8359175787099631,0.757244545425702,0.8483663160538523
three_layer,pearson,H2_all,1.0,45.0,4.999999999999,7.0,0.8572615328211506,0.9036358178230693,0.8198417407327263,0.8919853146701968
three_layer,pearson,H2_all,2.0,29.0,7.0,8.0,0.9278024868994597,0.9454944450454309,0.9062441116256396,0.9453521845915472
three_layer,pearson,H2_all,3.0,44.0,8.0,10.0,0.8732000227811253,0.9075740734432057,0.8396158045964521,0.8988299248974543
three_layer,pearson,H2_all,4.0,26.0,10.0,12.000000000001,0.866402400581966,0.8805605845571506,0.8349356434916064,0.8975950353681748
three_layer,pearson,vs_mid,1.0,37.0,460.8283298579372,486.01357707464126,0.8525181670686106,0.8832298494852311,0.8182648488159407,0.8875057197197878
three_layer,pearson,vs_mid,2.0,37.0,486.01357707464126,501.57591503495274,0.9117936517495282,0.9307076121703848,0.8880810315273178,0.9340960977316256
three_layer,pearson,vs_mid,3.0,37.0,501.57591503495274,516.7890178647935,0.8874113175619684,0.9206437597730933,0.8605372894564205,0.9116002288771603
three_layer,pearson,vs_mid,4.0,33.0,516.7890178647935,550.6591641988844,0.8580772263173563,0.8922466015909724,0.8092794697130266,0.9003820053962907
three_layer,pearson,vs_mid_low,1.0,37.0,460.8283298579372,486.01357707464126,0.05568516682865499,0.09508865049917493,-0.03927629879345386,0.14623530735185997
three_layer,pearson,vs_mid_low,2.0,37.0,486.01357707464126,501.57591503495274,-0.07398523055683547,-0.052820983068117444,-0.16427144661290233,0.03624083293812104
three_layer,pearson,vs_mid_low,3.0,37.0,501.57591503495274,516.7890178647935,0.10736947718636358,0.10510864101978268,0.022929038635630738,0.1945876706114693
three_layer,pearson,vs_mid_low,4.0,33.0,516.7890178647935,550.6591641988844,-0.07495979425870554,-0.058145082026737786,-0.174399394904348,0.0118836604707991
three_layer,pearson,vs_mid_mid,1.0,37.0,460.8283298579372,486.01357707464126,0.8687306790323532,0.8930011166633736,0.8364214655957404,0.9004909117186026
three_layer,pearson,vs_mid_mid,2.0,37.0,486.01357707464126,501.57591503495274,0.7729598357603068,0.8973181368135295,0.6776607097161923,0.8561568641994578
three_layer,pearson,vs_mid_mid,3.0,37.0,501.57591503495274,516.7890178647935,0.8160514262125066,0.9208899040660791,0.7427355724572764,0.876740387655155
three_layer,pearson,vs_mid_mid,4.0,33.0,516.7890178647935,550.6591641988844,0.6331942699623763,0.7393268135543277,0.5407671615400202,0.7346251604525448
three_layer,pearson,vs_mid_high,1.0,37.0,460.8283298579372,486.01357707464126,0.801854656863777,0.8363791428738745,0.755535854158579,0.8451357277392579
three_layer,pearson,vs_mid_high,2.0,37.0,486.01357707464126,501.57591503495274,0.8760960380709417,0.9102766529944759,0.8435107737660658,0.9041875050383836
three_layer,pearson,vs_mid_high,3.0,37.0,501.57591503495274,516.7890178647935,0.8376419540787412,0.8901500660927963,0.795059637114505,0.873331620626413
three_layer,pearson,vs_mid_high,4.0,33.0,516.7890178647935,550.6591641988844,0.8203643497215805,0.8689208493119809,0.7639450884191308,0.8712491373785278
three_layer,pearson,vs_mid_all,1.0,37.0,460.8283298579372,486.01357707464126,0.8525181670686106,0.8832298494852311,0.8182648488159407,0.8875057197197878
three_layer,pearson,vs_mid_all,2.0,37.0,486.01357707464126,501.57591503495274,0.9117936517495282,0.9307076121703848,0.8880810315273178,0.9340960977316256
three_layer,pearson,vs_mid_all,3.0,37.0,501.57591503495274,516.7890178647935,0.8874113175619684,0.9206437597730933,0.8605372894564205,0.9116002288771603
three_layer,pearson,vs_mid_all,4.0,33.0,516.7890178647935,550.6591641988844,0.8580772263173563,0.8922466015909724,0.8092794697130266,0.9003820053962907
three_layer,pearson,vs_contrast,1.0,36.0,0.8162149585773483,0.9385935822501779,0.8895215128709459,0.9294728882752927,0.8526084134351342,0.9223262639860121
three_layer,pearson,vs_contrast,2.0,38.0,0.9385935822501779,1.1118812218308451,0.8645986492338553,0.9002796895107421,0.8266539288663892,0.8976533297855693
three_layer,pearson,vs_contrast,3.0,37.0,1.1118812218308451,1.3361056670546532,0.8896349229467728,0.9206437597730933,0.8531953750467777,0.9174471709070083
three_layer,pearson,vs_contrast,4.0,33.0,1.3361056670546532,1.5883157804618346,0.8677663403413811,0.8904847454281597,0.8344561084384821,0.8989566577344845
three_layer,pearson,vs_contrast_low,1.0,36.0,0.8162149585773483,0.9385935822501779,-0.06287778808588168,-0.022581609367165127,-0.15725090222371976,0.02407517432195105
three_layer,pearson,vs_contrast_low,2.0,38.0,0.9385935822501779,1.1118812218308451,0.0019519776491683852,0.05748832098017294,-0.08662746384415819,0.08532005316643294
three_layer,pearson,vs_contrast_low,3.0,37.0,1.1118812218308451,1.3361056670546532,0.002243568745855081,-0.031407773293215195,-0.09156296947751592,0.09877007784251901
three_layer,pearson,vs_contrast_low,4.0,33.0,1.3361056670546532,1.5883157804618346,0.08873661406794535,0.15174887309420063,-0.02470345360900879,0.20139142314904046
three_layer,pearson,vs_contrast_mid,1.0,36.0,0.8162149585773483,0.9385935822501779,0.6941823310485603,0.8084489381520814,0.5731219840864495,0.7932334373538746
three_layer,pearson,vs_contrast_mid,2.0,38.0,0.9385935822501779,1.1118812218308451,0.7857282478523571,0.854114014782688,0.7051062677984355,0.841951921092991
three_layer,pearson,vs_contrast_mid,3.0,37.0,1.1118812218308451,1.3361056670546532,0.7457307556409561,0.8562608686707258,0.6715040304670963,0.8122171134634769
three_layer,pearson,vs_contrast_mid,4.0,33.0,1.3361056670546532,1.5883157804618346,0.8906541645786804,0.9409601706816121,0.8353639557922425,0.9325503073814924
three_layer,pearson,vs_contrast_high,1.0,36.0,0.8162149585773483,0.9385935822501779,0.8540428287121191,0.9128901022067388,0.8091897226682452,0.8958558033697205
three_layer,pearson,vs_contrast_high,2.0,38.0,0.9385935822501779,1.1118812218308451,0.829627914328991,0.8786263281167349,0.7813789095305845,0.8665062909028032
three_layer,pearson,vs_contrast_high,3.0,37.0,1.1118812218308451,1.3361056670546532,0.8488434414894449,0.8901500660927963,0.8025808015299859,0.8865877598265302
three_layer,pearson,vs_contrast_high,4.0,33.0,1.3361056670546532,1.5883157804618346,0.8021315648806898,0.837938838053082,0.7541995789966932,0.8461574531527113
three_layer,pearson,vs_contrast_all,1.0,36.0,0.8162149585773483,0.9385935822501779,0.8895215128709459,0.9294728882752927,0.8526084134351342,0.9223262639860121
three_layer,pearson,vs_contrast_all,2.0,38.0,0.9385935822501779,1.1118812218308451,0.8645986492338553,0.9002796895107421,0.8266539288663892,0.8976533297855693
three_layer,pearson,vs_contrast_all,3.0,37.0,1.1118812218308451,1.3361056670546532,0.8896349229467728,0.9206437597730933,0.8531953750467777,0.9174471709070083
three_layer,pearson,vs_contrast_all,4.0,33.0,1.3361056670546532,1.5883157804618346,0.8677663403413811,0.8904847454281597,0.8344561084384821,0.8989566577344845
three_layer,gof_af,vs1,1.0,37.0,98.22766284919294,134.41455917239156,0.17611303035442144,0.16847914949229387,0.15450822061543124,0.20291372140867753
three_layer,gof_af,vs1,2.0,38.0,134.41455917239156,168.9388180849277,0.1764204612215261,0.15147636296677178,0.14952409740864744,0.20816402396826844
three_layer,gof_af,vs1,3.0,33.0,168.9388180849277,199.65354481597004,0.20517086961213965,0.17696061344526084,0.17167509140845652,0.23459958975364625
three_layer,gof_af,vs1,4.0,36.0,199.65354481597004,230.1199346894392,0.17855412901409073,0.16564755796292657,0.15299299345177023,0.21019997754277098
three_layer,gof_af,vs1_low,1.0,37.0,98.22766284919294,134.41455917239156,0.10516414155194678,0.09584491603694376,0.09235132538548897,0.12000830319991655
three_layer,gof_af,vs1_low,2.0,38.0,134.41455917239156,168.9388180849277,0.10516330015682075,0.08758149023517156,0.08931304514317008,0.12586927593369052
three_layer,gof_af,vs1_low,3.0,33.0,168.9388180849277,199.65354481597004,0.1849447344232214,0.0812406026637991,0.10023659595433689,0.30573534850920986
three_layer,gof_af,vs1_low,4.0,36.0,199.65354481597004,230.1199346894392,0.08516574667435468,0.07538868194826236,0.0762868942257522,0.09450867707644287
three_layer,gof_af,vs1_mid,1.0,37.0,98.22766284919294,134.41455917239156,0.07767901790016297,0.06691602402847069,0.0665515202976264,0.08910373110617548
three_layer,gof_af,vs1_mid,2.0,38.0,134.41455917239156,168.9388180849277,0.06315622571269897,0.06035952606596766,0.05458609538331425,0.07472657347283404
three_layer,gof_af,vs1_mid,3.0,33.0,168.9388180849277,199.65354481597004,0.05719468453868478,0.053729100298685814,0.0507311848852723,0.06486480779582754
three_layer,gof_af,vs1_mid,4.0,36.0,199.65354481597004,230.1199346894392,0.056600497566172386,0.05046860589048638,0.048409231416433086,0.06701708657426111
three_layer,gof_af,vs1_high,1.0,37.0,98.22766284919294,134.41455917239156,0.2702235099179146,0.2219465862659737,0.23253532747354114,0.30759372163203225
three_layer,gof_af,vs1_high,2.0,38.0,134.41455917239156,168.9388180849277,0.2085894301336091,0.2037655862669225,0.17896869813963384,0.24223289599665684
three_layer,gof_af,vs1_high,3.0,33.0,168.9388180849277,199.65354481597004,0.2150075473646418,0.18965073868752963,0.18388736958932478,0.2434947649345796
three_layer,gof_af,vs1_high,4.0,36.0,199.65354481597004,230.1199346894392,0.17303949499915033,0.15285319780884787,0.1498633051249433,0.20000615420963982
three_layer,gof_af,vs1_all,1.0,37.0,98.22766284919294,134.41455917239156,0.15468938338450036,0.13650656985071774,0.13897791013820227,0.17103177672671557
three_layer,gof_af,vs1_all,2.0,38.0,134.41455917239156,168.9388180849277,0.12876032331546014,0.12063876446785086,0.11226784952834835,0.14440842506667378
three_layer,gof_af,vs1_all,3.0,33.0,168.9388180849277,199.65354481597004,0.15714170398735755,0.11478760688272878,0.12633890135481435,0.1965461165627401
three_layer,gof_af,vs1_all,4.0,36.0,199.65354481597004,230.1199346894392,0.10735198385557847,0.09566688143786416,0.09679734965628521,0.1199700552252099
three_layer,gof_af,H,1.0,47.0,10.999999999999,15.0,0.21009695138313172,0.19043593907982415,0.18107809452919688,0.24270130700047704
three_layer,gof_af,H,2.0,39.0,15.0,17.0,0.1892500825190869,0.17847886632202206,0.16840455001089172,0.2120972482947604
three_layer,gof_af,H,3.0,39.0,17.0,19.0,0.14398890546170975,0.12362700814576266,0.1269986350309338,0.16303714542602663
three_layer,gof_af,H,4.0,19.0,19.0,23.000000000001,0.18672998657795795,0.1900304527599902,0.1560148276989305,0.21688813735648937
three_layer,gof_af,H_low,1.0,47.0,10.999999999999,15.0,0.13058852718850117,0.09674871951466234,0.09815401761712705,0.17863293414583908
three_layer,gof_af,H_low,2.0,39.0,15.0,17.0,0.09168646252827714,0.07546995898729125,0.07945572811273562,0.1058873727988678
three_layer,gof_af,H_low,3.0,39.0,17.0,19.0,0.09144871137995239,0.08216693246967532,0.08123105535957256,0.1026041800498941
three_layer,gof_af,H_low,4.0,19.0,19.0,23.000000000001,0.1987625894391468,0.08819811747477263,0.09078260439935806,0.36673840634950966
three_layer,gof_af,H_mid,1.0,47.0,10.999999999999,15.0,0.06532891835142078,0.062011345373140306,0.0578122460771967,0.07427705218273824
three_layer,gof_af,H_mid,2.0,39.0,15.0,17.0,0.05734789801290178,0.04633734432498082,0.04898417290072872,0.06656262606828646
three_layer,gof_af,H_mid,3.0,39.0,17.0,19.0,0.058789617824579386,0.053383999984709295,0.053125302009964244,0.06549094398955785
three_layer,gof_af,H_mid,4.0,19.0,19.0,23.000000000001,0.08417265586151854,0.06589524326292356,0.06752535139116567,0.10254149456801001
three_layer,gof_af,H_high,1.0,47.0,10.999999999999,15.0,0.20160571555528645,0.1852385067417815,0.17211024098016162,0.23290642722515023
three_layer,gof_af,H_high,2.0,39.0,15.0,17.0,0.22825424950463566,0.19379489267182187,0.19784027784230807,0.26028082169097416
three_layer,gof_af,H_high,3.0,39.0,17.0,19.0,0.17981278623576033,0.17066761506496708,0.1602789031526934,0.19934047235078906
three_layer,gof_af,H_high,4.0,19.0,19.0,23.000000000001,0.30838189842466673,0.3040317751371129,0.27277673394440166,0.3415321132068094
three_layer,gof_af,H_all,1.0,47.0,10.999999999999,15.0,0.1358666604657519,0.1234347479336673,0.12260939436616985,0.1527017283952438
three_layer,gof_af,H_all,2.0,39.0,15.0,17.0,0.12918361861539002,0.10969792672416159,0.11488847209817571,0.1459935559461994
three_layer,gof_af,H_all,3.0,39.0,17.0,19.0,0.11257840951287328,0.10969834340832198,0.10311772849734477,0.121913577463362
three_layer,gof_af,H_all,4.0,19.0,19.0,23.000000000001,0.2027523675107903,0.19236492768250193,0.1571326599038024,0.2570056688798044
three_layer,gof_af,cov,1.0,39.0,0.10370327066530124,0.15562297403812408,0.14156475513061534,0.1279610182521554,0.12257217883144746,0.16440589784582232
three_layer,gof_af,cov,2.0,37.0,0.15562297403812408,0.1997506285086274,0.16141917593796568,0.14548908845607572,0.14132351376810545,0.18496457757558157
three_layer,gof_af,cov,3.0,38.0,0.1997506285086274,0.24448677040636538,0.1956964863246712,0.17720413219203207,0.1682580119598998,0.2254349118953194
three_layer,gof_af,cov,4.0,30.0,0.24448677040636538,0.29648009929905994,0.24962485170344081,0.22866463656742092,0.2191207485749926,0.28088521294918006
three_layer,gof_af,cov_low,1.0,39.0,0.10370327066530124,0.15562297403812408,0.12844852492813827,0.08089017577037169,0.08666894759694731,0.18810011802277515
three_layer,gof_af,cov_low,2.0,37.0,0.15562297403812408,0.1997506285086274,0.08126438334044614,0.07874424930856375,0.07372624432068091,0.08917626048623065
three_layer,gof_af,cov_low,3.0,38.0,0.1997506285086274,0.24448677040636538,0.09354663105002892,0.08413021294438781,0.08383146457680381,0.10271479702901212
three_layer,gof_af,cov_low,4.0,30.0,0.24448677040636538,0.29648009929905994,0.18284583746430988,0.12695578988457468,0.12248063819231735,0.29055860274010104
three_layer,gof_af,cov_mid,1.0,39.0,0.10370327066530124,0.15562297403812408,0.053679350932205154,0.0520416720900382,0.047413661779381444,0.06000553232171717
three_layer,gof_af,cov_mid,2.0,37.0,0.15562297403812408,0.1997506285086274,0.05843205301438399,0.04977781701377432,0.04865811877897673,0.06999378723640322
three_layer,gof_af,cov_mid,3.0,38.0,0.1997506285086274,0.24448677040636538,0.06284702160341034,0.056402361599339396,0.05433027060085808,0.07232916024533034
three_layer,gof_af,cov_mid,4.0,30.0,0.24448677040636538,0.29648009929905994,0.08518117575765305,0.08051670230543602,0.0736369432595901,0.09867005330830492
three_layer,gof_af,cov_high,1.0,39.0,0.10370327066530124,0.15562297403812408,0.16124741967356693,0.15128559474860845,0.13995264692070442,0.18566934630821016
three_layer,gof_af,cov_high,2.0,37.0,0.15562297403812408,0.1997506285086274,0.19166321324657587,0.1700689321328382,0.1645979382010755,0.22243361304771428
three_layer,gof_af,cov_high,3.0,38.0,0.1997506285086274,0.24448677040636538,0.25085395494522417,0.22288317388006687,0.2227048566914733,0.28214417781010553
three_layer,gof_af,cov_high,4.0,30.0,0.24448677040636538,0.29648009929905994,0.2778900183243879,0.2602319613432549,0.2394347107805998,0.3168065961208191
three_layer,gof_af,cov_all,1.0,39.0,0.10370327066530124,0.15562297403812408,0.11749738589025838,0.10067443045867865,0.10108407799651382,0.1395157083763493
three_layer,gof_af,cov_all,2.0,37.0,0.15562297403812408,0.1997506285086274,0.11305427470977292,0.10449217910341912,0.10098217758943963,0.12585398497755695
three_layer,gof_af,cov_all,3.0,38.0,0.1997506285086274,0.24448677040636538,0.1393943115793617,0.1281379996898676,0.12733083890251512,0.15311125002449066
three_layer,gof_af,cov_all,4.0,30.0,0.24448677040636538,0.29648009929905994,0.18681190225334013,0.16373644288217662,0.157595627231362,0.23225415453338089
three_layer,gof_af,vs2,1.0,37.0,864.3317117483465,997.4548552593972,0.18388140393754418,0.1651772470549802,0.1519879947864178,0.2214155785687241
three_layer,gof_af,vs2,2.0,36.0,997.4548552593972,1077.9170686513312,0.18319996023566443,0.17179031566362482,0.1552624650041624,0.21138964070844785
three_layer,gof_af,vs2,3.0,35.0,1077.9170686513312,1169.9835500941465,0.15878217722090573,0.1244367041577141,0.1353602722140911,0.18711262797561515
three_layer,gof_af,vs2,4.0,36.0,1169.9835500941465,1354.696086445703,0.20729334095374177,0.1951554384631688,0.18222335288683708,0.23725755626592693
three_layer,gof_af,vs2_low,1.0,37.0,864.3317117483465,997.4548552593972,0.1881142029227003,0.08834097564972127,0.11295754172493551,0.308283028344199
three_layer,gof_af,vs2_low,2.0,36.0,997.4548552593972,1077.9170686513312,0.10669716386176392,0.10262463531679138,0.09614152274779895,0.11808794053202921
three_layer,gof_af,vs2_low,3.0,35.0,1077.9170686513312,1169.9835500941465,0.08488408380313103,0.08003185149295775,0.07536685999475094,0.09554820688294492
three_layer,gof_af,vs2_low,4.0,36.0,1169.9835500941465,1354.696086445703,0.09122653942642489,0.08655844839095857,0.0834651960041756,0.09972413083735106
three_layer,gof_af,vs2_mid,1.0,37.0,864.3317117483465,997.4548552593972,0.06359088558464113,0.053383999984709295,0.05490716303715017,0.074535464474532
three_layer,gof_af,vs2_mid,2.0,36.0,997.4548552593972,1077.9170686513312,0.07441967438067708,0.06595441948828049,0.06270287549545163,0.08564442105484907
three_layer,gof_af,vs2_mid,3.0,35.0,1077.9170686513312,1169.9835500941465,0.05527441312598468,0.04977781701377432,0.047295023652900066,0.06495663491393178
three_layer,gof_af,vs2_mid,4.0,36.0,1169.9835500941465,1354.696086445703,0.06201464549449535,0.05895660220294227,0.05354759944456707,0.06974167669757585
three_layer,gof_af,vs2_high,1.0,37.0,864.3317117483465,997.4548552593972,0.21761595276966625,0.1892104702263474,0.18336315434743167,0.25556732879970695
three_layer,gof_af,vs2_high,2.0,36.0,997.4548552593972,1077.9170686513312,0.21206971543770445,0.1890137885582484,0.17755789577098052,0.24648476509356904
three_layer,gof_af,vs2_high,3.0,35.0,1077.9170686513312,1169.9835500941465,0.22867259174521637,0.20733322491521758,0.19640327556152185,0.26092414273671266
three_layer,gof_af,vs2_high,4.0,36.0,1169.9835500941465,1354.696086445703,0.2099860659923608,0.20160416551917193,0.18378892047060047,0.2389372372070925
three_layer,gof_af,vs2_all,1.0,37.0,864.3317117483465,997.4548552593972,0.16108282016772063,0.13121239924884776,0.12926472037644904,0.20672039043081641
three_layer,gof_af,vs2_all,2.0,36.0,997.4548552593972,1077.9170686513312,0.13389431006901706,0.1239014132771525,0.11848314361524098,0.1481321745568801
three_layer,gof_af,vs2_all,3.0,35.0,1077.9170686513312,1169.9835500941465,0.12632716037971703,0.11987984165339703,0.11226203396296362,0.13999757392805465
three_layer,gof_af,vs2_all,4.0,36.0,1169.9835500941465,1354.696086445703,0.12402880554492358,0.11720143125863035,0.11277315143136137,0.13526839832417592
three_layer,gof_af,f0,1.0,36.0,1.7999285459508432,3.3038467168807983,0.1508823856775275,0.14256287319730734,0.1324483789723214,0.16865369433318628
three_layer,gof_af,f0,2.0,36.0,3.3038467168807983,4.023601651191711,0.17811949859364218,0.15091357823778018,0.15762901618076636,0.20351645002072627
three_layer,gof_af,f0,3.0,36.0,4.023601651191711,4.614928960800171,0.1959017693862563,0.1605359781244035,0.16120779353383904,0.23446118772338467
three_layer,gof_af,f0,4.0,36.0,4.614928960800171,7.208714962006615,0.208950429432559,0.19354578173996118,0.17785870998794423,0.23869820544133571
three_layer,gof_af,f0_low,1.0,36.0,1.7999285459508432,3.3038467168807983,0.08964878238204252,0.08049053727881707,0.07833086154109893,0.10251860667001272
three_layer,gof_af,f0_low,2.0,36.0,3.3038467168807983,4.023601651191711,0.15364342170463294,0.09737363472928082,0.09461709519770606,0.2536861373637146
three_layer,gof_af,f0_low,3.0,36.0,4.023601651191711,4.614928960800171,0.08814993603470983,0.08164179847628524,0.07798340827163447,0.0981068913489202
three_layer,gof_af,f0_low,4.0,36.0,4.614928960800171,7.208714962006615,0.1423473532015118,0.1078839461665426,0.1009648848802152,0.20057318371575758
three_layer,gof_af,f0_mid,1.0,36.0,1.7999285459508432,3.3038467168807983,0.07036075349483974,0.05897613431745591,0.05799503738238079,0.08370231586645156
three_layer,gof_af,f0_mid,2.0,36.0,3.3038467168807983,4.023601651191711,0.06540948396732066,0.05978172861807564,0.05707051887324617,0.07467114738153924
three_layer,gof_af,f0_mid,3.0,36.0,4.023601651191711,4.614928960800171,0.05789922604059064,0.053713001842868986,0.05120142953743334,0.06494047621512192
three_layer,gof_af,f0_mid,4.0,36.0,4.614928960800171,7.208714962006615,0.0618611682068988,0.056395795097725944,0.05172552096067631,0.07454345820437155
three_layer,gof_af,f0_high,1.0,36.0,1.7999285459508432,3.3038467168807983,0.2707593534603597,0.23615153522589288,0.2357744752698691,0.3057725439059053
three_layer,gof_af,f0_high,2.0,36.0,3.3038467168807983,4.023601651191711,0.21820065486058254,0.20396976640940723,0.19320626566665222,0.24512714440946876
three_layer,gof_af,f0_high,3.0,36.0,4.023601651191711,4.614928960800171,0.20603273448146858,0.17651181840671842,0.17148504108923213,0.24437720117027217
three_layer,gof_af,f0_high,4.0,36.0,4.614928960800171,7.208714962006615,0.17304445428210521,0.1649891517052313,0.14756170933613544,0.19896777746207897
three_layer,gof_af,f0_all,1.0,36.0,1.7999285459508432,3.3038467168807983,0.1472510735932927,0.1305194129002955,0.12929445430020584,0.16578593737148162
three_layer,gof_af,f0_all,2.0,36.0,3.3038467168807983,4.023601651191711,0.1497682719880216,0.1260017644154311,0.12487274944079683,0.18890703098116202
three_layer,gof_af,f0_all,3.0,36.0,4.023601651191711,4.614928960800171,0.12033370249283964,0.10857112199019486,0.10414157175414684,0.13569799542955469
three_layer,gof_af,f0_all,4.0,36.0,4.614928960800171,7.208714962006615,0.12894548308133558,0.1082090807932713,0.1109013316321257,0.1516114798505948
three_layer,gof_af,impedance,1.0,41.0,4.634374012982779,5.346530422494766,0.18324391906022208,0.1733875947166489,0.158013750099873,0.2134413820858274
three_layer,gof_af,impedance,2.0,36.0,5.346530422494766,6.849940162972799,0.19348874177236985,0.17169988774745765,0.1685052450884917,0.22449657538992798
three_layer,gof_af,impedance,3.0,34.0,6.849940162972799,7.79197350980398,0.14712041104014548,0.13213838607623338,0.12605203589097894,0.168732929073254
three_layer,gof_af,impedance,4.0,33.0,7.79197350980398,11.685281644611605,0.21024417062424525,0.1900304527599902,0.18226461162003849,0.24377090191352135
three_layer,gof_af,impedance_low,1.0,41.0,4.634374012982779,5.346530422494766,0.1605692414073305,0.08466533293708324,0.09258266695608983,0.26435614690531894
three_layer,gof_af,impedance_low,2.0,36.0,5.346530422494766,6.849940162972799,0.10199484800690065,0.07987175603962582,0.0843605141207086,0.1283996054602234
three_layer,gof_af,impedance_low,3.0,34.0,6.849940162972799,7.79197350980398,0.0906988517102914,0.08283475353063745,0.08063243171621873,0.10185943912245611
three_layer,gof_af,impedance_low,4.0,33.0,7.79197350980398,11.685281644611605,0.11265173865228525,0.09834391897219856,0.09917302082473953,0.12662325916211614
three_layer,gof_af,impedance_mid,1.0,41.0,4.634374012982779,5.346530422494766,0.05852746012468593,0.05095653028578149,0.050466714836719336,0.06819887406652128
three_layer,gof_af,impedance_mid,2.0,36.0,5.346530422494766,6.849940162972799,0.05201886466255374,0.045478170039950146,0.04662408647492454,0.058273982951103365
three_layer,gof_af,impedance_mid,3.0,34.0,6.849940162972799,7.79197350980398,0.06525340220869984,0.06071533868823506,0.05571424081138596,0.07631997156190344
three_layer,gof_af,impedance_mid,4.0,33.0,7.79197350980398,11.685281644611605,0.08206612343901638,0.07021194801229672,0.07251788045316983,0.09184879044020723
three_layer,gof_af,impedance_high,1.0,41.0,4.634374012982779,5.346530422494766,0.17761981068629648,0.15356559097935338,0.15155132539278057,0.20364131873814126
three_layer,gof_af,impedance_high,2.0,36.0,5.346530422494766,6.849940162972799,0.2013553060735088,0.18229713485117238,0.17777363619647465,0.2262378188539226
three_layer,gof_af,impedance_high,3.0,34.0,6.849940162972799,7.79197350980398,0.20663193112601994,0.19035651784328173,0.18265859164907003,0.23748904014489883
three_layer,gof_af,impedance_high,4.0,33.0,7.79197350980398,11.685281644611605,0.2937166721204068,0.25498453502964336,0.25373747792617807,0.3339152617554936
three_layer,gof_af,impedance_all,1.0,41.0,4.634374012982779,5.346530422494766,0.13592440627017524,0.10729914844824812,0.10971477440095698,0.1734837375407696
three_layer,gof_af,impedance_all,2.0,36.0,5.346530422494766,6.849940162972799,0.12177821332690944,0.11200790130159563,0.10770638693402047,0.13642724894972466
three_layer,gof_af,impedance_all,3.0,34.0,6.849940162972799,7.79197350980398,0.12364179465531891,0.11242818327314134,0.11153650846775928,0.1394150500651541
three_layer,gof_af,impedance_all,4.0,33.0,7.79197350980398,11.685281644611605,0.16684878080214716,0.1548690964808907,0.15166804623719193,0.18319375453726477
three_layer,gof_af,xi_mean,1.0,36.0,0.024008100851370263,0.02784808911383152,0.19027302086175268,0.19568395096071145,0.1654165996324549,0.21423280967901562
three_layer,gof_af,xi_mean,2.0,36.0,0.02784808911383152,0.03005750011652708,0.20329919569257177,0.17660907745129106,0.17325041900570945,0.23812776647738537
three_layer,gof_af,xi_mean,3.0,36.0,0.03005750011652708,0.03224918991327286,0.1599639764235757,0.12776674629108886,0.13251291000757373,0.1933585185533969
three_layer,gof_af,xi_mean,4.0,36.0,0.03224918991327286,0.037840936333941054,0.18031789011208485,0.16978232701118118,0.15612287796357444,0.20713857344246991
three_layer,gof_af,xi_mean_low,1.0,36.0,0.024008100851370263,0.02784808911383152,0.13661203142944747,0.09435447345972753,0.09327398560610003,0.19957552605773093
three_layer,gof_af,xi_mean_low,2.0,36.0,0.02784808911383152,0.03005750011652708,0.10144849828218731,0.09616836053061982,0.08612092462079114,0.11569177206549212
three_layer,gof_af,xi_mean_low,3.0,36.0,0.03005750011652708,0.03224918991327286,0.13922942578972242,0.08103742289086456,0.08164252831566902,0.22657441161157138
three_layer,gof_af,xi_mean_low,4.0,36.0,0.03224918991327286,0.037840936333941054,0.09649953782153986,0.08778792200980862,0.0853902180303103,0.10959281979365003
three_layer,gof_af,xi_mean_mid,1.0,36.0,0.024008100851370263,0.02784808911383152,0.06622292741656827,0.0576683219621628,0.05728816610317046,0.07715762738993391
three_layer,gof_af,xi_mean_mid,2.0,36.0,0.02784808911383152,0.03005750011652708,0.06259763994999872,0.06012278681945693,0.05594766120909864,0.06931824207751985
three_layer,gof_af,xi_mean_mid,3.0,36.0,0.03005750011652708,0.03224918991327286,0.05389341274970644,0.04587487465595691,0.04624617903448222,0.06239368535806756
three_layer,gof_af,xi_mean_mid,4.0,36.0,0.03224918991327286,0.037840936333941054,0.07281665159337641,0.06057593655886327,0.06134616027404355,0.08484910197113482
three_layer,gof_af,xi_mean_high,1.0,36.0,0.024008100851370263,0.02784808911383152,0.17620421798794422,0.16601692781294106,0.15334782275295372,0.2015786981693243
three_layer,gof_af,xi_mean_high,2.0,36.0,0.02784808911383152,0.03005750011652708,0.21519716794197843,0.19357556735863662,0.1895392093464546,0.24627784997286295
three_layer,gof_af,xi_mean_high,3.0,36.0,0.03005750011652708,0.03224918991327286,0.1892772698070368,0.1643281268256452,0.16369964218126604,0.2208611141900218
three_layer,gof_af,xi_mean_high,4.0,36.0,0.03224918991327286,0.037840936333941054,0.28735854134755656,0.23615153522589288,0.24991269944815184,0.32338909353235157
three_layer,gof_af,xi_mean_all,1.0,36.0,0.024008100851370263,0.02784808911383152,0.12935256552105756,0.10940846993122802,0.11121925428718285,0.15271451133278963
three_layer,gof_af,xi_mean_all,2.0,36.0,0.02784808911383152,0.03005750011652708,0.12960527516345757,0.12125405808870174,0.11473551542674659,0.1448976078394812
three_layer,gof_af,xi_mean_all,3.0,36.0,0.03005750011652708,0.03224918991327286,0.13114536728377768,0.10142701058759862,0.10680224103593094,0.1637217009174832
three_layer,gof_af,xi_mean_all,4.0,36.0,0.03224918991327286,0.037840936333941054,0.15619532318719667,0.13299882358934684,0.13966338851873716,0.17327233082550533
three_layer,gof_af,field_cov,1.0,36.0,0.3805356859016588,0.47743640065837323,0.15955806179338358,0.1447212227220125,0.13907041621883873,0.18011910949196508
three_layer,gof_af,field_cov,2.0,36.0,0.47743640065837323,0.5264562989059545,0.19791872943428668,0.1847436797428541,0.1687848483800635,0.23436711241294747
three_layer,gof_af,field_cov,3.0,36.0,0.5264562989059545,0.6166908728599099,0.2048580489287461,0.18394179500931374,0.17511354311438226,0.2361671306603056
three_layer,gof_af,field_cov,4.0,36.0,0.6166908728599099,0.8237146060935574,0.17151924293356863,0.1642345770023665,0.1459838011553588,0.2038407292616938
three_layer,gof_af,field_cov_low,1.0,36.0,0.3805356859016588,0.47743640065837323,0.11657435047944574,0.07218135379883389,0.07518005196687627,0.17583767707451547
three_layer,gof_af,field_cov_low,2.0,36.0,0.47743640065837323,0.5264562989059545,0.09888590230861817,0.08444371082332217,0.08251104445207853,0.127322965722478
three_layer,gof_af,field_cov_low,3.0,36.0,0.5264562989059545,0.6166908728599099,0.1614321261774375,0.11505694725328892,0.10823866160039239,0.25037320643249855
three_layer,gof_af,field_cov_low,4.0,36.0,0.6166908728599099,0.8237146060935574,0.09689711435739569,0.08700714623455827,0.08342851314986988,0.11218016941534298
three_layer,gof_af,field_cov_mid,1.0,36.0,0.3805356859016588,0.47743640065837323,0.04773229382750489,0.04653248775758076,0.04318417289824805,0.053021146252010286
three_layer,gof_af,field_cov_mid,2.0,36.0,0.47743640065837323,0.5264562989059545,0.06115130082353169,0.054853272536992737,0.05185864431867796,0.07240085741985924
three_layer,gof_af,field_cov_mid,3.0,36.0,0.5264562989059545,0.6166908728599099,0.07456661688949486,0.06759032285116981,0.06612557802216198,0.08299315476884786
three_layer,gof_af,field_cov_mid,4.0,36.0,0.6166908728599099,0.8237146060935574,0.07208042016911839,0.06161684616403082,0.06028722697068118,0.08363051048412058
three_layer,gof_af,field_cov_high,1.0,36.0,0.3805356859016588,0.47743640065837323,0.15190531793879736,0.1481654219985497,0.1323485167206162,0.17305293984885178
three_layer,gof_af,field_cov_high,2.0,36.0,0.47743640065837323,0.5264562989059545,0.20198654046405715,0.17062918342510985,0.1728473739664397,0.23332407546957667
three_layer,gof_af,field_cov_high,3.0,36.0,0.5264562989059545,0.6166908728599099,0.2456755602745685,0.22087509944495237,0.21921540261827907,0.27111366061294084
three_layer,gof_af,field_cov_high,4.0,36.0,0.6166908728599099,0.8237146060935574,0.268469778407093,0.21957873349752377,0.231194914665794,0.30595188447969557
three_layer,gof_af,field_cov_all,1.0,36.0,0.3805356859016588,0.47743640065837323,0.10828757209463656,0.09071332138584381,0.09178124975558247,0.12861356020865286
three_layer,gof_af,field_cov_all,2.0,36.0,0.47743640065837323,0.5264562989059545,0.12365074521749587,0.11200790130159563,0.11111889309870497,0.1381694690704472
three_layer,gof_af,field_cov_all,3.0,36.0,0.5264562989059545,0.6166908728599099,0.16485767532505052,0.1387348630517905,0.13973369566395488,0.20124375710180967
three_layer,gof_af,field_cov_all,4.0,36.0,0.6166908728599099,0.8237146060935574,0.14950253851830655,0.131815405241969,0.132839933045586,0.16538410550477123
three_layer,gof_af,H1,1.0,52.0,4.999999999999,7.0,0.21704106160889994,0.1960454192225036,0.19035780083426623,0.246932291388621
three_layer,gof_af,H1,2.0,33.0,7.0,9.0,0.1728938642691271,0.1733875947166489,0.15070763166168905,0.1968446492620225
three_layer,gof_af,H1,3.0,27.0,9.0,10.0,0.16530986800439984,0.147452055204283,0.1333392117737388,0.19785951894689577
three_layer,gof_af,H1,4.0,32.0,10.0,12.000000000001,0.155117119705521,0.12752224904770493,0.13417438301697224,0.17441049880771892
three_layer,gof_af,H1_low,1.0,52.0,4.999999999999,7.0,0.13873328002395466,0.10947992632036492,0.10950948399000594,0.17821918823724062
three_layer,gof_af,H1_low,2.0,33.0,7.0,9.0,0.09170048233768585,0.0741179001037151,0.07424475407422244,0.11914109844903033
three_layer,gof_af,H1_low,3.0,27.0,9.0,10.0,0.14853231844973158,0.08000227265175872,0.07984703441636043,0.2689880171088176
three_layer,gof_af,H1_low,4.0,32.0,10.0,12.000000000001,0.08768133384663339,0.08016058460278853,0.07709924227552338,0.09940830287817166
three_layer,gof_af,H1_mid,1.0,52.0,4.999999999999,7.0,0.0709206290062207,0.06656220068878524,0.06397298021288325,0.07972201351047836
three_layer,gof_af,H1_mid,2.0,33.0,7.0,9.0,0.05469849620874721,0.049930055956671465,0.047071564015671474,0.06173662634983022
three_layer,gof_af,H1_mid,3.0,27.0,9.0,10.0,0.059599653600142334,0.05095653028578149,0.05026128494285864,0.07297495871736817
three_layer,gof_af,H1_mid,4.0,32.0,10.0,12.000000000001,0.06553090659785674,0.05317859531638637,0.05381755865180032,0.07936538316317697
three_layer,gof_af,H1_high,1.0,52.0,4.999999999999,7.0,0.21142985757669944,0.19262977003030898,0.18739233168039718,0.23801014896962372
three_layer,gof_af,H1_high,2.0,33.0,7.0,9.0,0.1919836134576849,0.17935576296056324,0.16845360198423784,0.21583829902830629
three_layer,gof_af,H1_high,3.0,27.0,9.0,10.0,0.20631946745286178,0.16713998570054772,0.16209821205349645,0.2531825811560008
three_layer,gof_af,H1_high,4.0,32.0,10.0,12.000000000001,0.2609031761163543,0.22288317388006687,0.22905256697104465,0.2919300332289335
three_layer,gof_af,H1_all,1.0,52.0,4.999999999999,7.0,0.14383328686209512,0.1277919556407639,0.1293689988495968,0.16217572833011862
three_layer,gof_af,H1_all,2.0,33.0,7.0,9.0,0.11569898239100394,0.10744431725622813,0.1027808070700629,0.13023766876756926
three_layer,gof_af,H1_all,3.0,27.0,9.0,10.0,0.14207802114595036,0.0972557581677661,0.10486833092360912,0.1935466430840675
three_layer,gof_af,H1_all,4.0,32.0,10.0,12.000000000001,0.1416638504664027,0.1290668615283453,0.12568136199314475,0.1567384564118933
three_layer,gof_af,H2,1.0,45.0,4.999999999999,7.0,0.22157898969561446,0.19123129408976344,0.1925160577670543,0.2558447154492537
three_layer,gof_af,H2,2.0,29.0,7.0,8.0,0.13187310095726038,0.11048948820608095,0.11293053433273409,0.1533968309195372
three_layer,gof_af,H2,3.0,44.0,8.0,10.0,0.1871118154497965,0.17035534229328864,0.1660230503784042,0.2122311533876953
three_layer,gof_af,H2,4.0,26.0,10.0,12.000000000001,0.16886356336096967,0.15842044922778292,0.14858724623253106,0.19247156380825478
three_layer,gof_af,H2_low,1.0,45.0,4.999999999999,7.0,0.1340391848240238,0.09318580463119971,0.09962300978615946,0.18373335231607515
three_layer,gof_af,H2_low,2.0,29.0,7.0,8.0,0.08619975320621942,0.08216693246967532,0.07468924562813292,0.09804565891234077
three_layer,gof_af,H2_low,3.0,44.0,8.0,10.0,0.08932533900817494,0.08014579518218902,0.08002788173017458,0.09986909465344421
three_layer,gof_af,H2_low,4.0,26.0,10.0,12.000000000001,0.17671348781550636,0.09826239905519404,0.09904832818746702,0.29340473316020177
three_layer,gof_af,H2_mid,1.0,45.0,4.999999999999,7.0,0.0675514721547875,0.062011345373140306,0.05922383386364826,0.07759499670166776
three_layer,gof_af,H2_mid,2.0,29.0,7.0,8.0,0.048676625071773616,0.04434625125432622,0.042002874334235905,0.05664268230476768
three_layer,gof_af,H2_mid,3.0,44.0,8.0,10.0,0.061183486759417455,0.052760127611339094,0.05343572002484134,0.07043768185345481
three_layer,gof_af,H2_mid,4.0,26.0,10.0,12.000000000001,0.07906119038792894,0.06461882188006053,0.06853409145418192,0.0903983117013061
three_layer,gof_af,H2_high,1.0,45.0,4.999999999999,7.0,0.2414469102567453,0.21255876894623613,0.20557382589165563,0.27934923921495874
three_layer,gof_af,H2_high,2.0,29.0,7.0,8.0,0.16393601615172868,0.17190573092785608,0.14595948750010435,0.18459925461600832
three_layer,gof_af,H2_high,3.0,44.0,8.0,10.0,0.2117859607612818,0.1947217309644395,0.18736218700680923,0.2399555607269554
three_layer,gof_af,H2_high,4.0,26.0,10.0,12.000000000001,0.2427500535227887,0.22419981967519875,0.20372476065358672,0.2774855487498926
three_layer,gof_af,H2_all,1.0,45.0,4.999999999999,7.0,0.15168557492470544,0.13357923594360344,0.1343875969566346,0.17139793324501643
three_layer,gof_af,H2_all,2.0,29.0,7.0,8.0,0.10215050679681395,0.10414861147472121,0.09306256273465545,0.11223699643325391
three_layer,gof_af,H2_all,3.0,44.0,8.0,10.0,0.1237440009471351,0.11305579836490201,0.10974711835027141,0.13742166033067518
three_layer,gof_af,H2_all,4.0,26.0,10.0,12.000000000001,0.17053059658478192,0.15024243117231179,0.13344229030173294,0.21143428125077793
three_layer,gof_af,vs_mid,1.0,37.0,460.8283298579372,486.01357707464126,0.22054863218891962,0.20085954435524375,0.19447055128377144,0.2523969033283547
three_layer,gof_af,vs_mid,2.0,37.0,486.01357707464126,501.57591503495274,0.14774309808659325,0.13060779393769575,0.12672107780008218,0.1689000182249419
three_layer,gof_af,vs_mid,3.0,37.0,501.57591503495274,516.7890178647935,0.15358921844836915,0.13807238120457183,0.13724579892489008,0.17373425909191492
three_layer,gof_af,vs_mid,4.0,33.0,516.7890178647935,550.6591641988844,0.2154288451047219,0.21028915475118992,0.18160590946581676,0.2531101416659761
three_layer,gof_af,vs_mid_low,1.0,37.0,460.8283298579372,486.01357707464126,0.11833479122511759,0.09282166013080884,0.0974701811712626,0.14362736010380223
three_layer,gof_af,vs_mid_low,2.0,37.0,486.01357707464126,501.57591503495274,0.08589946933886827,0.08003185149295775,0.07701794578243228,0.09534074680800929
three_layer,gof_af,vs_mid_low,3.0,37.0,501.57591503495274,516.7890178647935,0.12733093293562245,0.08663656592427194,0.08698448392203753,0.1826396300355756
three_layer,gof_af,vs_mid_low,4.0,33.0,516.7890178647935,550.6591641988844,0.14510635151935722,0.09318580463119971,0.08730584121718837,0.23493231037831655
three_layer,gof_af,vs_mid_mid,1.0,37.0,460.8283298579372,486.01357707464126,0.06957216329632118,0.05924457534753877,0.05910870749016257,0.0803927088857649
three_layer,gof_af,vs_mid_mid,2.0,37.0,486.01357707464126,501.57591503495274,0.06298530613020646,0.053729100298685814,0.052930332364991055,0.07346575286698158
three_layer,gof_af,vs_mid_mid,3.0,37.0,501.57591503495274,516.7890178647935,0.06412026424064007,0.060417572424521865,0.05701846928666686,0.0739168396053772
three_layer,gof_af,vs_mid_mid,4.0,33.0,516.7890178647935,550.6591641988844,0.05824323017764208,0.05573768494563271,0.049856834172200194,0.06619556254946075
three_layer,gof_af,vs_mid_high,1.0,37.0,460.8283298579372,486.01357707464126,0.26158612423240274,0.2311751191925719,0.230496840371917,0.2987549823039292
three_layer,gof_af,vs_mid_high,2.0,37.0,486.01357707464126,501.57591503495274,0.17224070308898526,0.16803520626861548,0.15055846550517557,0.19493767679802693
three_layer,gof_af,vs_mid_high,3.0,37.0,501.57591503495274,516.7890178647935,0.2204610139551076,0.2045728819012755,0.1953452862738646,0.25003579610910875
three_layer,gof_af,vs_mid_high,4.0,33.0,516.7890178647935,550.6591641988844,0.2133542111458255,0.18868222990810873,0.17501572938183357,0.2573798267916883
three_layer,gof_af,vs_mid_all,1.0,37.0,460.8283298579372,486.01357707464126,0.15384396939902842,0.13650656985071774,0.13769002261963817,0.17279531922367383
three_layer,gof_af,vs_mid_all,2.0,37.0,486.01357707464126,501.57591503495274,0.10924465218881066,0.10449217910341912,0.09908421728152672,0.11935397909445337
three_layer,gof_af,vs_mid_all,3.0,37.0,501.57591503495274,516.7890178647935,0.14096326068394754,0.12982642655174323,0.12468861486909992,0.160923766186936
three_layer,gof_af,vs_mid_all,4.0,33.0,516.7890178647935,550.6591641988844,0.1429341659861066,0.1135612889823724,0.1143908910628718,0.1761279905932956
three_layer,gof_af,vs_contrast,1.0,36.0,0.8162149585773483,0.9385935822501779,0.17855412901409073,0.16564755796292657,0.15003147841350006,0.211342003877079
three_layer,gof_af,vs_contrast,2.0,38.0,0.9385935822501779,1.1118812218308451,0.19705831727334713,0.16631727439508648,0.17112158250379372,0.2256660787664372
three_layer,gof_af,vs_contrast,3.0,37.0,1.1118812218308451,1.3361056670546532,0.1866153215792499,0.16732308986992836,0.16117632117911126,0.21991804255531738
three_layer,gof_af,vs_contrast,4.0,33.0,1.3361056670546532,1.5883157804618346,0.1696307694519017,0.1632919069497528,0.14596750178562043,0.19776112478073396
three_layer,gof_af,vs_contrast_low,1.0,36.0,0.8162149585773483,0.9385935822501779,0.08516574667435468,0.07538868194826236,0.07543415142842992,0.09405251165643431
three_layer,gof_af,vs_contrast_low,2.0,38.0,0.9385935822501779,1.1118812218308451,0.17182166525546366,0.0818809291577511,0.09538713539570023,0.2572754180320505
three_layer,gof_af,vs_contrast_low,3.0,37.0,1.1118812218308451,1.3361056670546532,0.1119262360154379,0.10239782318391301,0.09624366751083024,0.13396995065134093
three_layer,gof_af,vs_contrast_low,4.0,33.0,1.3361056670546532,1.5883157804618346,0.10060487475965776,0.08834097564972127,0.08533244865999545,0.11880494997827357
three_layer,gof_af,vs_contrast_mid,1.0,36.0,0.8162149585773483,0.9385935822501779,0.056600497566172386,0.05046860589048638,0.049341057377830094,0.06758571421545119
three_layer,gof_af,vs_contrast_mid,2.0,38.0,0.9385935822501779,1.1118812218308451,0.05933983816663423,0.054328308236023415,0.052669910982213235,0.06855231687403587
three_layer,gof_af,vs_contrast_mid,3.0,37.0,1.1118812218308451,1.3361056670546532,0.06499191738939888,0.062011345373140306,0.05734257990768424,0.0743360464847395
three_layer,gof_af,vs_contrast_mid,4.0,33.0,1.3361056670546532,1.5883157804618346,0.07581424349773719,0.06425360846140404,0.0640218139460669,0.08988498436486574
three_layer,gof_af,vs_contrast_high,1.0,36.0,0.8162149585773483,0.9385935822501779,0.17303949499915033,0.15285319780884787,0.1457478228885298,0.20049488754364406
three_layer,gof_af,vs_contrast_high,2.0,38.0,0.9385935822501779,1.1118812218308451,0.20836906200290586,0.18450325082404645,0.18193987129161796,0.2349340653923234
three_layer,gof_af,vs_contrast_high,3.0,37.0,1.1118812218308451,1.3361056670546532,0.2198011343108639,0.20733322491521758,0.1852296149676367,0.25561026315722424
three_layer,gof_af,vs_contrast_high,4.0,33.0,1.3361056670546532,1.5883157804618346,0.27179548331699316,0.23868256386047104,0.23553631601623615,0.30834410714714666
three_layer,gof_af,vs_contrast_all,1.0,36.0,0.8162149585773483,0.9385935822501779,0.10735198385557847,0.09566688143786416,0.09548220525666835,0.11894417788451639
three_layer,gof_af,vs_contrast_all,2.0,38.0,0.9385935822501779,1.1118812218308451,0.15086870599041957,0.114051998818585,0.12192940272953744,0.1825483505259743
three_layer,gof_af,vs_contrast_all,3.0,37.0,1.1118812218308451,1.3361056670546532,0.1356021548310253,0.12391086077763383,0.12098284615229468,0.15250992818313583
three_layer,gof_af,vs_contrast_all,4.0,33.0,1.3361056670546532,1.5883157804618346,0.15308439837614898,0.13650656985071774,0.13569802709664294,0.17200843450117825
