sample,local_idx,sample_idx,rf_seed,Vs1,H,CoV,Vs2,f0,reference,method,f_peak,A_peak,delta_f_peak,delta_ln_A_peak,gof_af,rel_l2,pearson,sigma_ln_spatial_mean
0,39,333,8297897,158.22102378729463,32.0,0.2937549220398068,1194.9507193914058,1.2361017483382393,OpenSees 2-D,OpenSees 2-D,1.29751718044281,6.474710941314697,0.0,0.0,0.0,0.0,1.0,0.19220200118410474
0,39,333,8297897,158.22102378729463,32.0,0.2937549220398068,1194.9507193914058,1.2361017483382393,OpenSees 2-D,GINO,1.1832406520843506,7.7142486572265625,-0.11427652835845947,0.17516512948346502,0.15487959191938863,0.29979182082497446,0.8534836884025713,0.15275744625432092
0,39,333,8297897,158.22102378729463,32.0,0.2937549220398068,1194.9507193914058,1.2361017483382393,OpenSees 2-D,1D Base Case,1.2390621900558472,12.763615608215332,-0.05845499038696289,0.6786946283339372,0.19198291959955607,0.487440806097625,0.8349386053539374,6.221564245184813e-17
0,39,333,8297897,158.22102378729463,32.0,0.2937549220398068,1194.9507193914058,1.2361017483382393,OpenSees 2-D,Pretell's approach,1.4694918394088745,15.736568450927734,0.17197465896606445,0.8880832403460133,0.14222480359618686,0.71360969665613,0.7482330254674218,0.2410480123060383
0,39,333,8297897,158.22102378729463,32.0,0.2937549220398068,1194.9507193914058,1.2361017483382393,OpenSees 2-D,Toro Vs,1.194200038909912,5.335870889760759,-0.10331714153289795,-0.1934518520723342,0.16555718482855375,0.30483206860542506,0.8348728554806093,
0,39,333,8297897,158.22102378729463,32.0,0.2937549220398068,1194.9507193914058,1.2361017483382393,OpenSees 2-D,Passeri tts,1.2390621900558472,11.895936296522917,-0.05845499038696289,0.6082928897890308,0.18990772455577515,0.46134008286403294,0.8424815760414844,
0,39,333,8297897,158.22102378729463,32.0,0.2937549220398068,1194.9507193914058,1.2361017483382393,OpenSees 2-D,Pretell,1.1723817586898804,7.618606656689539,-0.1251354217529297,0.1626895352049024,0.17692196958090078,0.3705491601583152,0.8159516801145359,
0,39,333,8297897,158.22102378729463,32.0,0.2937549220398068,1194.9507193914058,1.2361017483382393,OpenSees 2-D,Pretell p84,1.150962233543396,12.4953440719254,-0.14655494689941406,0.6574521363554201,0.24016438286587188,0.8174950415941572,0.8553120120145817,
1,339,2655,4347320,228.34419907752724,53.0,0.1308274684473872,1106.143249038946,1.0770952786675814,OpenSees 2-D,OpenSees 2-D,1.0593147277832031,15.239457130432129,0.0,0.0,0.0,0.0,1.0,0.07361220938999577
1,339,2655,4347320,228.34419907752724,53.0,0.1308274684473872,1106.143249038946,1.0770952786675814,OpenSees 2-D,GINO,1.0544427633285522,12.906488418579102,-0.004871964454650879,-0.16615776516039762,0.06709760165538384,0.14154712787227658,0.9839883243823492,0.08966627662547615
1,339,2655,4347320,228.34419907752724,53.0,0.1308274684473872,1106.143249038946,1.0770952786675814,OpenSees 2-D,1D Base Case,1.079028844833374,12.766247749328613,0.0197141170501709,-0.17708313464971895,0.06941288041035874,0.2639751999015866,0.9377017276044884,6.521011677841651e-17
1,339,2655,4347320,228.34419907752724,53.0,0.1308274684473872,1106.143249038946,1.0770952786675814,OpenSees 2-D,Pretell's approach,1.0840144157409668,17.957494735717773,0.024699687957763672,0.1641196335531646,0.054263725414236644,0.25145669644792795,0.9494141297096428,0.11609458971110555
1,339,2655,4347320,228.34419907752724,53.0,0.1308274684473872,1106.143249038946,1.0770952786675814,OpenSees 2-D,Toro Vs,1.0447659492492676,5.335948245212298,-0.014548778533935547,-1.0494213188681456,0.0977787811752508,0.4889710950811863,0.8138374833355734,
1,339,2655,4347320,228.34419907752724,53.0,0.1308274684473872,1106.143249038946,1.0770952786675814,OpenSees 2-D,Passeri tts,1.079028844833374,11.897474614811784,0.0197141170501709,-0.247561767907812,0.0697808554763259,0.2711886666605851,0.936277747969272,
1,339,2655,4347320,228.34419907752724,53.0,0.1308274684473872,1106.143249038946,1.0770952786675814,OpenSees 2-D,Pretell,1.0593147277832031,14.081552018092102,0.0,-0.07902235504847019,0.041593893660446336,0.16974307212244996,0.9726319706363098,
1,339,2655,4347320,228.34419907752724,53.0,0.1308274684473872,1106.143249038946,1.0770952786675814,OpenSees 2-D,Pretell p84,1.0447659492492676,17.64354459907557,-0.014548778533935547,0.14648204312206398,0.08015149903701535,0.33375861086885045,0.97124659611332,
2,188,1399,2413721,189.7341404244504,24.0,0.28558460790663953,895.9073790000466,1.976397296088025,OpenSees 2-D,OpenSees 2-D,1.841896653175354,15.231715202331543,0.0,0.0,0.0,0.0,1.0,0.11071464027941018
2,188,1399,2413721,189.7341404244504,24.0,0.28558460790663953,895.9073790000466,1.976397296088025,OpenSees 2-D,GINO,1.8504070043563843,11.07609748840332,0.008510351181030273,-0.31859037350841773,0.10076293820210956,0.2626755861629335,0.9441875983229394,0.13551575644883185
2,188,1399,2413721,189.7341404244504,24.0,0.28558460790663953,895.9073790000466,1.976397296088025,OpenSees 2-D,1D Base Case,1.9828839302062988,12.756364822387695,0.14098727703094482,-0.17734943174770126,0.16978553708251523,0.46132859567036344,0.7873798054226947,6.019560225405494e-17
2,188,1399,2413721,189.7341404244504,24.0,0.28558460790663953,895.9073790000466,1.976397296088025,OpenSees 2-D,Pretell's approach,1.718839168548584,14.813657760620117,-0.12305748462677002,-0.02783020365283284,0.1306654677216006,0.45986181729376047,0.7983378799535287,0.16685088429174552
2,188,1399,2413721,189.7341404244504,24.0,0.28558460790663953,895.9073790000466,1.976397296088025,OpenSees 2-D,Toro Vs,1.911090612411499,5.335995373841521,0.06919395923614502,-1.048904338906572,0.16669723572520304,0.484569486687756,0.8403110054160263,
2,188,1399,2413721,189.7341404244504,24.0,0.28558460790663953,895.9073790000466,1.976397296088025,OpenSees 2-D,Passeri tts,1.9828839302062988,11.891513538789244,0.14098727703094482,-0.24755478284270752,0.169142095563627,0.44994478602560634,0.7971238995151302,
2,188,1399,2413721,189.7341404244504,24.0,0.28558460790663953,895.9073790000466,1.976397296088025,OpenSees 2-D,Pretell,1.7999285459518433,10.24488073561282,-0.04196810722351074,-0.3966016401538028,0.048585105027362345,0.23239234266333983,0.9704267285300195,
2,188,1399,2413721,189.7341404244504,24.0,0.28558460790663953,895.9073790000466,1.976397296088025,OpenSees 2-D,Pretell p84,1.7752079963684082,15.737003061536182,-0.0666886568069458,0.03263504161424444,0.14200629729964032,0.3523844138086572,0.9541501981607596,
3,403,3229,5719993,130.42607289849633,83.0,0.29766776598989964,943.9792966622842,0.39284961716414557,OpenSees 2-D,OpenSees 2-D,0.35690492391586304,20.21380615234375,0.0,0.0,0.0,0.0,1.0,0.28416679506027237
3,403,3229,5719993,130.42607289849633,83.0,0.29766776598989964,943.9792966622842,0.39284961716414557,OpenSees 2-D,GINO,0.35200315713882446,14.415473937988281,-0.004901766777038574,-0.33806363517208327,0.176392285195168,0.28158032422562473,0.9575019075645563,0.2113921283462318
3,403,3229,5719993,130.42607289849633,83.0,0.29766776598989964,943.9792966622842,0.39284961716414557,OpenSees 2-D,1D Base Case,0.3931828737258911,12.76666259765625,0.036277949810028076,-0.45952855503724205,0.43538932710540157,0.6528554561132771,0.5924177899294133,8.253612017247459e-17
3,403,3229,5719993,130.42607289849633,83.0,0.29766776598989964,943.9792966622842,0.39284961716414557,OpenSees 2-D,Pretell's approach,0.32397425174713135,14.327404975891113,-0.03293067216873169,-0.34419170870065663,0.3823484147007823,0.6365990864416655,0.6315413976030101,0.27800518470228935
3,403,3229,5719993,130.42607289849633,83.0,0.29766776598989964,943.9792966622842,0.39284961716414557,OpenSees 2-D,Toro Vs,0.38069799542427063,5.336040057807144,0.023793071508407593,-1.3318820281637977,0.39064391479936955,0.6272088715394544,0.7282428556256907,
3,403,3229,5719993,130.42607289849633,83.0,0.29766776598989964,943.9792966622842,0.39284961716414557,OpenSees 2-D,Passeri tts,0.3931828737258911,11.897515374170945,0.036277949810028076,-0.530036257603333,0.4321728059544667,0.6451334482931926,0.603863626795502,
3,403,3229,5719993,130.42607289849633,83.0,0.29766776598989964,943.9792966622842,0.39284961716414557,OpenSees 2-D,Pretell,0.3471686840057373,8.887529369293754,-0.009736239910125732,-0.8217167441484549,0.2576987017995559,0.4861788173684972,0.8681654972463945,
3,403,3229,5719993,130.42607289849633,83.0,0.29766776598989964,943.9792966622842,0.39284961716414557,OpenSees 2-D,Pretell p84,0.360210657119751,12.788586184869306,0.0033057332038879395,-0.4578127750205393,0.26161938406067287,0.38941112475863227,0.8719534251348087,
4,525,4086,423462,156.93329174337424,57.0,0.20968070961534976,1044.7896507387577,0.6883039111551502,OpenSees 2-D,OpenSees 2-D,0.6528521180152893,13.826223373413086,0.0,0.0,0.0,0.0,1.0,0.19267794863147242
4,525,4086,423462,156.93329174337424,57.0,0.20968070961534976,1044.7896507387577,0.6883039111551502,OpenSees 2-D,GINO,0.6350424885749817,6.899884223937988,-0.017809629440307617,-0.6950624011098381,0.13418300275526496,0.35614290793023123,0.9054160457001208,0.1150220377794837
4,525,4086,423462,156.93329174337424,57.0,0.20968070961534976,1044.7896507387577,0.6883039111551502,OpenSees 2-D,1D Base Case,0.6899837255477905,12.763340950012207,0.03713160753250122,-0.07998995984943018,0.1250370926515073,0.3689844991550098,0.8657542730330148,6.608967003134312e-17
4,525,4086,423462,156.93329174337424,57.0,0.20968070961534976,1044.7896507387577,0.6883039111551502,OpenSees 2-D,Pretell's approach,0.6963744759559631,14.593951225280762,0.04352235794067383,0.05404010979732166,0.13474902297978075,0.46588869927164056,0.8093960911062308,0.20821110919242253
4,525,4086,423462,156.93329174337424,57.0,0.20968070961534976,1044.7896507387577,0.6883039111551502,OpenSees 2-D,Toro Vs,0.6650018095970154,5.335878830803838,0.012149691581726074,-0.9521134329477087,0.14589243671556634,0.44229933340234856,0.8316876893386269,
4,525,4086,423462,156.93329174337424,57.0,0.20968070961534976,1044.7896507387577,0.6883039111551502,OpenSees 2-D,Passeri tts,0.6899837255477905,11.895771650849984,0.03713160753250122,-0.15038401991569694,0.12491060907958991,0.3575339782090076,0.8708736604392159,
4,525,4086,423462,156.93329174337424,57.0,0.20968070961534976,1044.7896507387577,0.6883039111551502,OpenSees 2-D,Pretell,0.6650018095970154,9.400170279446215,0.012149691581726074,-0.38583922948626814,0.08796300941737423,0.23467197595901468,0.9484840462223078,
4,525,4086,423462,156.93329174337424,57.0,0.20968070961534976,1044.7896507387577,0.6883039111551502,OpenSees 2-D,Pretell p84,0.6805073618888855,14.725162311656032,0.02765524387359619,0.06299071890692909,0.20511448955096212,0.48479706229078023,0.9217602264820539,
5,189,1405,8743143,189.7341404244504,24.0,0.28558460790663953,895.9073790000466,1.976397296088025,OpenSees 2-D,OpenSees 2-D,1.6796748638153076,21.053531646728516,0.0,0.0,0.0,0.0,1.0,0.166835093771004
5,189,1405,8743143,189.7341404244504,24.0,0.28558460790663953,895.9073790000466,1.976397296088025,OpenSees 2-D,GINO,1.7347593307495117,12.108892440795898,0.0550844669342041,-0.5531282250980156,0.19710050175978133,0.37589445902142987,0.9232288294207254,0.1498913908343366
5,189,1405,8743143,189.7341404244504,24.0,0.28558460790663953,895.9073790000466,1.976397296088025,OpenSees 2-D,1D Base Case,1.9828839302062988,12.756364822387695,0.3032090663909912,-0.501037971446665,0.3586510432288613,0.7582643434048605,0.4311804850760533,6.019560225405494e-17
5,189,1405,8743143,189.7341404244504,24.0,0.28558460790663953,895.9073790000466,1.976397296088025,OpenSees 2-D,Pretell's approach,1.5459277629852295,14.37796401977539,-0.13374710083007812,-0.38137156213860085,0.16706114918432305,0.5832331607748068,0.7002191052546723,0.19345386986909827
5,189,1405,8743143,189.7341404244504,24.0,0.28558460790663953,895.9073790000466,1.976397296088025,OpenSees 2-D,Toro Vs,1.911090612411499,5.335995373841521,0.2314157485961914,-1.3725928786055355,0.3222628942428625,0.6579088208484917,0.6507621973517179,
5,189,1405,8743143,189.7341404244504,24.0,0.28558460790663953,895.9073790000466,1.976397296088025,OpenSees 2-D,Passeri tts,1.9828839302062988,11.891513538789244,0.3032090663909912,-0.5712433225416713,0.3576748164624084,0.748642641474963,0.441510715956282,
5,189,1405,8743143,189.7341404244504,24.0,0.28558460790663953,895.9073790000466,1.976397296088025,OpenSees 2-D,Pretell,1.6719497442245483,7.577622539436096,-0.007725119590759277,-1.0218688189420664,0.14710670641398557,0.4720615821730458,0.9138399286478418,
5,189,1405,8743143,189.7341404244504,24.0,0.28558460790663953,895.9073790000466,1.976397296088025,OpenSees 2-D,Pretell p84,1.6489869356155396,12.373329359732965,-0.030687928199768066,-0.5315250221396857,0.23496880217074007,0.40800162029123543,0.8799417925411245,
6,812,6209,235664,134.14269923349184,26.0,0.2839863210916519,1130.6444920753804,1.289833646475883,OpenSees 2-D,OpenSees 2-D,1.2390621900558472,3.8016505241394043,0.0,0.0,0.0,0.0,1.0,0.2765887900106593
6,812,6209,235664,134.14269923349184,26.0,0.2839863210916519,1130.6444920753804,1.289833646475883,OpenSees 2-D,GINO,1.5892828702926636,4.3524250984191895,0.3502206802368164,0.13529786275998304,0.22805973982215794,0.5173736207669828,0.4906232437979074,0.3240719305016695
6,812,6209,235664,134.14269923349184,26.0,0.2839863210916519,1130.6444920753804,1.289833646475883,OpenSees 2-D,1D Base Case,1.2915496826171875,12.767023086547852,0.05248749256134033,1.211430204247057,0.16361427559732009,0.9427989087109955,0.7347776826473897,5.976382118751256e-17
6,812,6209,235664,134.14269923349184,26.0,0.2839863210916519,1130.6444920753804,1.289833646475883,OpenSees 2-D,Pretell's approach,1.6338539123535156,13.370687484741211,0.39479172229766846,1.2576294888545254,0.2555925028486845,1.1139606234619914,0.41293026808243416,0.3137099472051433
6,812,6209,235664,134.14269923349184,26.0,0.2839863210916519,1130.6444920753804,1.289833646475883,OpenSees 2-D,Toro Vs,1.2505385875701904,5.336001492057935,0.011476397514343262,0.33904126734624357,0.1258688639005155,0.38286629459599636,0.8968054966311616,
6,812,6209,235664,134.14269923349184,26.0,0.2839863210916519,1130.6444920753804,1.289833646475883,OpenSees 2-D,Passeri tts,1.2915496826171875,11.897859990853838,0.05248749256134033,1.140923230356194,0.16267963188782195,0.9053874068913333,0.7441731705663954,
6,812,6209,235664,134.14269923349184,26.0,0.2839863210916519,1130.6444920753804,1.289833646475883,OpenSees 2-D,Pretell,1.1299339532852173,5.893792516295656,-0.10912823677062988,0.4384643602790556,0.1668666533275739,0.4151948616497514,0.8767334703084908,
6,812,6209,235664,134.14269923349184,26.0,0.2839863210916519,1130.6444920753804,1.289833646475883,OpenSees 2-D,Pretell p84,1.1351547241210938,11.27789779050233,-0.10390746593475342,1.0874095417232839,0.3717068912602589,1.2657727052067014,0.8865481376592285,
7,87,700,6161657,164.11181541402712,95.0,0.1591707941144705,1049.1750357007936,0.4318731984579661,OpenSees 2-D,OpenSees 2-D,0.41363435983657837,11.777190208435059,0.0,0.0,0.0,0.0,1.0,0.11067995686144691
7,87,700,6161657,164.11181541402712,95.0,0.1591707941144705,1049.1750357007936,0.4318731984579661,OpenSees 2-D,GINO,0.4079534411430359,10.807689666748047,-0.0056809186935424805,-0.08590674061393903,0.0964042096512085,0.24489958739805126,0.9373377290377165,0.07589618284923819
7,87,700,6161657,164.11181541402712,95.0,0.1591707941144705,1049.1750357007936,0.4318731984579661,OpenSees 2-D,1D Base Case,0.4331483244895935,12.759525299072266,0.019513964653015137,0.08011344738921772,0.15416024553397448,0.4062337413042093,0.8298135155179717,8.051619801594815e-17
7,87,700,6161657,164.11181541402712,95.0,0.1591707941144705,1049.1750357007936,0.4318731984579661,OpenSees 2-D,Pretell's approach,0.4351496398448944,14.99793529510498,0.02151528000831604,0.24174791706665105,0.12140009322812248,0.40917649296427955,0.8410401744991075,0.16164407382740836
7,87,700,6161657,164.11181541402712,95.0,0.1591707941144705,1049.1750357007936,0.4318731984579661,OpenSees 2-D,Toro Vs,0.41746553778648376,5.335956521181459,0.0038311779499053955,-0.7916964671925893,0.17061818894182532,0.4865829497252036,0.7653860761855973,
7,87,700,6161657,164.11181541402712,95.0,0.1591707941144705,1049.1750357007936,0.4318731984579661,OpenSees 2-D,Passeri tts,0.4331483244895935,11.893455247846623,0.019513964653015137,0.00982364208257007,0.15292308850262323,0.39982774020911777,0.832855671421046,
7,87,700,6161657,164.11181541402712,95.0,0.1591707941144705,1049.1750357007936,0.4318731984579661,OpenSees 2-D,Pretell,0.41746553778648376,11.294473205556976,0.0038311779499053955,-0.04185111835029115,0.07569289774441448,0.30098362284671787,0.9096360348326546,
7,87,700,6161657,164.11181541402712,95.0,0.1591707941144705,1049.1750357007936,0.4318731984579661,OpenSees 2-D,Pretell p84,0.4079534411430359,14.57726896198112,-0.0056809186935424805,0.2132987674736498,0.12951951643475274,0.4239458771825832,0.8974538268280086,
8,732,5674,1901665,276.0262964964348,25.0,0.2678596438840032,1108.5087479781032,2.760262964964348,OpenSees 2-D,OpenSees 2-D,2.308677911758423,15.667762756347656,0.0,0.0,0.0,0.0,1.0,0.15941691394384827
8,732,5674,1901665,276.0262964964348,25.0,0.2678596438840032,1108.5087479781032,2.760262964964348,OpenSees 2-D,GINO,2.308677911758423,10.660877227783203,0.0,-0.38502456687694586,0.12608408513484198,0.3020055954160049,0.9095444404777288,0.2142070178670839
8,732,5674,1901665,276.0262964964348,25.0,0.2678596438840032,1108.5087479781032,2.760262964964348,OpenSees 2-D,1D Base Case,2.76338529586792,12.76701831817627,0.45470738410949707,-0.20474012212195097,0.25975176668229855,0.7323042939106191,0.44154184399232016,5.628440903454534e-17
8,732,5674,1901665,276.0262964964348,25.0,0.2678596438840032,1108.5087479781032,2.760262964964348,OpenSees 2-D,Pretell's approach,2.2560739517211914,20.113435745239258,-0.052603960037231445,0.24978276302616614,0.10774029286521938,0.3491505293260443,0.9386297516757925,0.1967852251038541
8,732,5674,1901665,276.0262964964348,25.0,0.2678596438840032,1108.5087479781032,2.760262964964348,OpenSees 2-D,Toro Vs,2.675638437271118,5.336019503673637,0.3669605255126953,-1.0771253100478733,0.19956270643259072,0.5339955200027551,0.6996545759838086,
8,732,5674,1901665,276.0262964964348,25.0,0.2678596438840032,1108.5087479781032,2.760262964964348,OpenSees 2-D,Passeri tts,2.76338529586792,11.897809473339006,0.45470738410949707,-0.2752509684633661,0.25862936748542364,0.7162241677517377,0.4530922770996565,
8,732,5674,1901665,276.0262964964348,25.0,0.2678596438840032,1108.5087479781032,2.760262964964348,OpenSees 2-D,Pretell,2.2456979751586914,7.167974559286299,-0.06297993659973145,-0.7819821473061469,0.09737373298983927,0.3849797648283276,0.8610829475112324,
8,732,5674,1901665,276.0262964964348,25.0,0.2678596438840032,1108.5087479781032,2.760262964964348,OpenSees 2-D,Pretell p84,2.214855194091797,15.08473836137663,-0.09382271766662598,-0.03792174559573496,0.20055359952373414,0.7097477548701181,0.8116729798831123,
9,483,3823,6816957,189.73753870077095,82.0,0.25494276024401186,1125.5531570163857,0.5784681057950334,OpenSees 2-D,OpenSees 2-D,0.5232614278793335,9.467507362365723,0.0,0.0,0.0,0.0,1.0,0.199347179883336
9,483,3823,6816957,189.73753870077095,82.0,0.25494276024401186,1125.5531570163857,0.5784681057950334,OpenSees 2-D,GINO,0.5305480360984802,14.45069694519043,0.0072866082191467285,0.4228769864566628,0.12763565541288943,0.3126210333704366,0.9276987887684691,0.13964487628396619
9,483,3823,6816957,189.73753870077095,82.0,0.25494276024401186,1125.5531570163857,0.5784681057950334,OpenSees 2-D,1D Base Case,0.5791122913360596,12.767007827758789,0.055850863456726074,0.2989986715226477,0.18218117801302547,0.535242958047456,0.7090526459990258,6.55681741302732e-17
9,483,3823,6816957,189.73753870077095,82.0,0.25494276024401186,1125.5531570163857,0.5784681057950334,OpenSees 2-D,Pretell's approach,0.5208548307418823,15.107806205749512,-0.002406597137451172,0.46734591906777156,0.10677486471575962,0.33242509158149736,0.9292759476402358,0.27252752877152736
9,483,3823,6816957,189.73753870077095,82.0,0.25494276024401186,1125.5531570163857,0.5784681057950334,OpenSees 2-D,Toro Vs,0.5607234835624695,5.336020955922186,0.037462055683135986,-0.5733854225623599,0.16397079670655645,0.40769544945132696,0.8108167192329387,
9,483,3823,6816957,189.73753870077095,82.0,0.25494276024401186,1125.5531570163857,0.5784681057950334,OpenSees 2-D,Passeri tts,0.5791122913360596,11.897798809167496,0.055850863456726074,0.22848775054839685,0.17938864211413086,0.5155137684703813,0.7198475344338571,
9,483,3823,6816957,189.73753870077095,82.0,0.25494276024401186,1125.5531570163857,0.5784681057950334,OpenSees 2-D,Pretell,0.5354620814323425,9.195262518894793,0.012200653553009033,-0.029177250612129817,0.08691674508574329,0.2851618198859232,0.908788096582122,
9,483,3823,6816957,189.73753870077095,82.0,0.25494276024401186,1125.5531570163857,0.5784681057950334,OpenSees 2-D,Pretell p84,0.5555776357650757,13.665979453296513,0.03231620788574219,0.3670438344270422,0.195808601165266,0.5941983837967317,0.8963845254943671,
10,5,40,1652291,265.7281021271786,30.0,0.15044256392866373,1021.9334664726358,2.2144008510598217,OpenSees 2-D,OpenSees 2-D,2.0573742389678955,33.414222717285156,0.0,0.0,0.0,0.0,1.0,0.09159603168542017
10,5,40,1652291,265.7281021271786,30.0,0.15044256392866373,1021.9334664726358,2.2144008510598217,OpenSees 2-D,GINO,2.076430082321167,23.111299514770508,0.019055843353271484,-0.36865998478840123,0.09336396018234816,0.26569579396006066,0.9657867766288928,0.0973686799063332
10,5,40,1652291,265.7281021271786,30.0,0.15044256392866373,1021.9334664726358,2.2144008510598217,OpenSees 2-D,1D Base Case,2.214855194091797,12.76433277130127,0.15748095512390137,-0.9623268600427035,0.18845494409213376,0.64083562529048,0.6733079285474023,5.4346976892661295e-17
10,5,40,1652291,265.7281021271786,30.0,0.15044256392866373,1021.9334664726358,2.2144008510598217,OpenSees 2-D,Pretell's approach,2.0956623554229736,19.689416885375977,0.038288116455078125,-0.5289003617491602,0.07644054344846057,0.39388164698267625,0.9042683404129415,0.12542925442387465
10,5,40,1652291,265.7281021271786,30.0,0.15044256392866373,1021.9334664726358,2.2144008510598217,OpenSees 2-D,Toro Vs,2.1445260047912598,5.336064652495261,0.08715176582336426,-1.8344932143770478,0.1830309932684433,0.6913803669805328,0.7206919292329951,
10,5,40,1652291,265.7281021271786,30.0,0.15044256392866373,1021.9334664726358,2.2144008510598217,OpenSees 2-D,Passeri tts,2.214855194091797,11.89587586866715,0.15748095512390137,-1.0327898648101832,0.18787392817235152,0.6369328763846284,0.6845854986873234,
10,5,40,1652291,265.7281021271786,30.0,0.15044256392866373,1021.9334664726358,2.2144008510598217,OpenSees 2-D,Pretell,2.174389362335205,11.91793069496229,0.11701512336730957,-1.0309375920505222,0.14314134629755876,0.5544169714749098,0.7891570410327802,
10,5,40,1652291,265.7281021271786,30.0,0.15044256392866373,1021.9334664726358,2.2144008510598217,OpenSees 2-D,Pretell p84,2.214855194091797,18.73652454876618,0.15748095512390137,-0.5785068358997281,0.15546628184991962,0.5631557463565695,0.7704859232460528,
11,597,4520,4583763,226.63654236612797,36.0,0.23845424707978963,1014.0811699534811,1.5738648775425554,OpenSees 2-D,OpenSees 2-D,1.5388177633285522,9.795271873474121,0.0,0.0,0.0,0.0,1.0,0.13138746077832722
11,597,4520,4583763,226.63654236612797,36.0,0.23845424707978963,1014.0811699534811,1.5738648775425554,OpenSees 2-D,GINO,1.4968392848968506,7.34403133392334,-0.04197847843170166,-0.2880118874530956,0.08481036819556903,0.20004948265151745,0.9628813894501753,0.1126008570694936
11,597,4520,4583763,226.63654236612797,36.0,0.23845424707978963,1014.0811699534811,1.5738648775425554,OpenSees 2-D,1D Base Case,1.574697732925415,12.765769958496094,0.03587996959686279,0.2648675594498212,0.03456178828038948,0.17932302619723908,0.9745357303164016,5.226811742600987e-17
11,597,4520,4583763,226.63654236612797,36.0,0.23845424707978963,1014.0811699534811,1.5738648775425554,OpenSees 2-D,Pretell's approach,1.5966260433197021,16.99361228942871,0.0578082799911499,0.5509377184007589,0.0638449645575591,0.39198745288697306,0.9233333256423033,0.1733775286486832
11,597,4520,4583763,226.63654236612797,36.0,0.23845424707978963,1014.0811699534811,1.5738648775425554,OpenSees 2-D,Toro Vs,1.5246957540512085,5.336056131054057,-0.01412200927734375,-0.6074129794929707,0.07039191282947596,0.3148006887540657,0.9295419837163891,
11,597,4520,4583763,226.63654236612797,36.0,0.23845424707978963,1014.0811699534811,1.5738648775425554,OpenSees 2-D,Passeri tts,1.574697732925415,11.896870354280145,0.03587996959686279,0.19437556272553036,0.032967717352782,0.1537762677963252,0.9794224399785726,
11,597,4520,4583763,226.63654236612797,36.0,0.23845424707978963,1014.0811699534811,1.5738648775425554,OpenSees 2-D,Pretell,1.5246957540512085,10.203971861018907,-0.01412200927734375,0.040877235269609506,0.04132846672272363,0.14224373123283335,0.9828467128687766,
11,597,4520,4583763,226.63654236612797,36.0,0.23845424707978963,1014.0811699534811,1.5738648775425554,OpenSees 2-D,Pretell p84,1.6040030717849731,15.380307187464043,0.0651853084564209,0.45118812969120775,0.14681864021442054,0.6161650649459262,0.9743891095685308,
12,699,5396,6732507,238.81110316876217,61.0,0.21466670501977203,1104.0173947608328,0.9787340293801728,OpenSees 2-D,OpenSees 2-D,0.9267593026161194,43.235713958740234,0.0,0.0,0.0,0.0,1.0,0.19004473348480683
12,699,5396,6732507,238.81110316876217,61.0,0.21466670501977203,1104.0173947608328,0.9787340293801728,OpenSees 2-D,GINO,0.9098272919654846,35.102882385253906,-0.016932010650634766,-0.20838361938156813,0.10169492396548341,0.33293127474871864,0.9237027263086943,0.14793267763288623
12,699,5396,6732507,238.81110316876217,61.0,0.21466670501977203,1104.0173947608328,0.9787340293801728,OpenSees 2-D,1D Base Case,0.9794696569442749,12.766447067260742,0.05271035432815552,-1.2198464593470926,0.23897548556549594,0.6913705189159444,0.6800646548135615,5.679523608818276e-17
12,699,5396,6732507,238.81110316876217,61.0,0.21466670501977203,1104.0173947608328,0.9787340293801728,OpenSees 2-D,Pretell's approach,0.8451366424560547,19.132335662841797,-0.0816226601600647,-0.8152869954789257,0.23993456740732547,0.7668125247101664,0.48471275190380114,0.25710594573727974
12,699,5396,6732507,238.81110316876217,61.0,0.21466670501977203,1104.0173947608328,0.9787340293801728,OpenSees 2-D,Toro Vs,0.9483681917190552,5.336045728428174,0.02160888910293579,-2.092181987347804,0.2371160581644342,0.7643332892818131,0.6745872343680256,
12,699,5396,6732507,238.81110316876217,61.0,0.21466670501977203,1104.0173947608328,0.9787340293801728,OpenSees 2-D,Passeri tts,0.9794696569442749,11.897354998122594,0.05271035432815552,-1.2903507593730652,0.23875006685136296,0.6919846887840613,0.6879161001791181,
12,699,5396,6732507,238.81110316876217,61.0,0.21466670501977203,1104.0173947608328,0.9787340293801728,OpenSees 2-D,Pretell,0.9749649167060852,9.816535377973686,0.04820561408996582,-1.4825986184401443,0.15985338321472903,0.6743312520697176,0.7520060207688803,
12,699,5396,6732507,238.81110316876217,61.0,0.21466670501977203,1104.0173947608328,0.9787340293801728,OpenSees 2-D,Pretell p84,0.9885417222976685,18.824980760446305,0.06178241968154907,-0.8314821140558009,0.1942700753970704,0.6367073286989553,0.6778968435814854,
13,953,7343,2979592,146.29610715353328,34.0,0.21259970292448999,882.3956287443269,1.0757066702465683,OpenSees 2-D,OpenSees 2-D,0.9931091666221619,17.132183074951172,0.0,0.0,0.0,0.0,1.0,0.16167197505641975
13,953,7343,2979592,146.29610715353328,34.0,0.21259970292448999,882.3956287443269,1.0757066702465683,OpenSees 2-D,GINO,1.0023075342178345,18.905797958374023,0.009198367595672607,0.09850989946948525,0.09444522134794375,0.16770938179554598,0.9779317657138888,0.12489038628479716
13,953,7343,2979592,146.29610715353328,34.0,0.21259970292448999,882.3956287443269,1.0757066702465683,OpenSees 2-D,1D Base Case,1.079028844833374,12.758289337158203,0.08591967821121216,-0.29477754139290546,0.20495066354119057,0.5432927022447072,0.6976093912055735,5.967997022650065e-17
13,953,7343,2979592,146.29610715353328,34.0,0.21259970292448999,882.3956287443269,1.0757066702465683,OpenSees 2-D,Pretell's approach,0.9615746140480042,14.096290588378906,-0.031534552574157715,-0.1950470619016294,0.09104019524267226,0.27441047822689985,0.9316217082601135,0.20907279639327944
13,953,7343,2979592,146.29610715353328,34.0,0.21259970292448999,882.3956287443269,1.0757066702465683,OpenSees 2-D,Toro Vs,1.0399608612060547,5.33597357012297,0.04685169458389282,-1.1664873903603932,0.1742973231753348,0.5301694759222436,0.777954884536684,
13,953,7343,2979592,146.29610715353328,34.0,0.21259970292448999,882.3956287443269,1.0757066702465683,OpenSees 2-D,Passeri tts,1.079028844833374,11.892697658117632,0.08591967821121216,-0.36503417624899237,0.20341840824531848,0.5310349185790956,0.70941255526338,
13,953,7343,2979592,146.29610715353328,34.0,0.21259970292448999,882.3956287443269,1.0757066702465683,OpenSees 2-D,Pretell,1.0304169654846191,8.17194959482986,0.037307798862457275,-0.7402512369332616,0.1164835973294573,0.3985851535242823,0.8790092583645274,
13,953,7343,2979592,146.29610715353328,34.0,0.21259970292448999,882.3956287443269,1.0757066702465683,OpenSees 2-D,Pretell p84,1.0447659492492676,13.66864350891179,0.05165678262710571,-0.2258543312666924,0.19779654974691946,0.48325398769248046,0.8447377762174116,
14,442,3540,6309120,232.90156909952378,27.0,0.21875646505504848,1028.941478887828,2.156496010180776,OpenSees 2-D,OpenSees 2-D,1.9828839302062988,17.002056121826172,0.0,0.0,0.0,0.0,1.0,0.083483073086061
14,442,3540,6309120,232.90156909952378,27.0,0.21875646505504848,1028.941478887828,2.156496010180776,OpenSees 2-D,GINO,2.0384933948516846,8.555536270141602,0.05560946464538574,-0.6867556947096404,0.1832213186082043,0.39736184598927454,0.8761100378099347,0.11507889108836526
14,442,3540,6309120,232.90156909952378,27.0,0.21875646505504848,1028.941478887828,2.156496010180776,OpenSees 2-D,1D Base Case,2.1544346809387207,12.754791259765625,0.17155075073242188,-0.2874272989907083,0.16293821288627042,0.5407433951222584,0.7123467271184071,5.743515862601476e-17
14,442,3540,6309120,232.90156909952378,27.0,0.21875646505504848,1028.941478887828,2.156496010180776,OpenSees 2-D,Pretell's approach,1.8935521841049194,16.932493209838867,-0.0893317461013794,-0.0040998339919323425,0.11902330982596158,0.39110905607281665,0.8650310923448751,0.1441339802858123
14,442,3540,6309120,232.90156909952378,27.0,0.21875646505504848,1028.941478887828,2.156496010180776,OpenSees 2-D,Toro Vs,2.086024045944214,5.3360293759290895,0.10314011573791504,-1.1588524712530148,0.14654953495679543,0.5268384565822819,0.810981569195681,
14,442,3540,6309120,232.90156909952378,27.0,0.21875646505504848,1028.941478887828,2.156496010180776,OpenSees 2-D,Passeri tts,2.1544346809387207,11.889505651875218,0.17155075073242188,-0.35767815204463027,0.16197706993597738,0.5292926504130249,0.7238427587833003,
14,442,3540,6309120,232.90156909952378,27.0,0.21875646505504848,1028.941478887828,2.156496010180776,OpenSees 2-D,Pretell,2.0012497901916504,10.32602283498652,0.018365859985351562,-0.498667087223468,0.05793019054605376,0.26091831292052087,0.9593916406773182,
14,442,3540,6309120,232.90156909952378,27.0,0.21875646505504848,1028.941478887828,2.156496010180776,OpenSees 2-D,Pretell p84,1.9556506872177124,15.119556002200913,-0.027233242988586426,-0.11734527969884427,0.12712049832200933,0.3986536273306823,0.9374111402663786,
15,893,6755,6651580,172.4728690775164,98.0,0.12782023753970861,1133.7607909616702,0.4399818088712153,OpenSees 2-D,OpenSees 2-D,0.431156188249588,16.325546264648438,0.0,0.0,0.0,0.0,1.0,0.09257142084627115
15,893,6755,6651580,172.4728690775164,98.0,0.12782023753970861,1133.7607909616702,0.4399818088712153,OpenSees 2-D,GINO,0.4351496398448944,15.351036071777344,0.0039934515953063965,-0.06154816816128093,0.08501627019094365,0.12270121925485675,0.9880768708408447,0.07807724513645543
15,893,6755,6651580,172.4728690775164,98.0,0.12782023753970861,1133.7607909616702,0.4399818088712153,OpenSees 2-D,1D Base Case,0.4412092864513397,12.760882377624512,0.010053098201751709,-0.2463467090722091,0.1264850258244795,0.37559083575942864,0.887638530481349,8.388901196144145e-17
15,893,6755,6651580,172.4728690775164,98.0,0.12782023753970861,1133.7607909616702,0.4399818088712153,OpenSees 2-D,Pretell's approach,0.4371602237224579,15.195716857910156,0.006004035472869873,-0.0717175339700394,0.08749595088892907,0.30583787542160706,0.9215161783965784,0.11764638899025993
15,893,6755,6651580,172.4728690775164,98.0,0.12782023753970861,1133.7607909616702,0.4399818088712153,OpenSees 2-D,Toro Vs,0.4252346456050873,5.335934134298409,-0.005921542644500732,-1.1182671715595103,0.20364023785455815,0.5750930679346327,0.7399207672622291,
15,893,6755,6651580,172.4728690775164,98.0,0.12782023753970861,1133.7607909616702,0.4399818088712153,OpenSees 2-D,Passeri tts,0.4412092864513397,11.894283840635458,0.010053098201751709,-0.3166732012631647,0.12867875358648556,0.3855549889629272,0.8833868098004614,
15,893,6755,6651580,172.4728690775164,98.0,0.12782023753970861,1133.7607909616702,0.4399818088712153,OpenSees 2-D,Pretell,0.431156188249588,13.004445035124233,0.0,-0.22743991165239802,0.07192741657782539,0.3089326318064225,0.9277294211320345,
15,893,6755,6651580,172.4728690775164,98.0,0.12782023753970861,1133.7607909616702,0.4399818088712153,OpenSees 2-D,Pretell p84,0.43918007612228394,15.914594072570742,0.008023887872695923,-0.025494582005417557,0.09863045474304744,0.31185622750995945,0.9156292649865329,
16,861,6535,6416604,176.01347809939273,20.0,0.2044354684650898,1185.2351935758222,2.200168476242409,OpenSees 2-D,OpenSees 2-D,2.066880226135254,9.00876235961914,0.0,0.0,0.0,0.0,1.0,0.10268421540814601
16,861,6535,6416604,176.01347809939273,20.0,0.2044354684650898,1185.2351935758222,2.200168476242409,OpenSees 2-D,GINO,2.0573742389678955,7.44685173034668,-0.009505987167358398,-0.1904063426667709,0.10352678517816188,0.21878538159387534,0.9548321645498382,0.13451215216649567
16,861,6535,6416604,176.01347809939273,20.0,0.2044354684650898,1185.2351935758222,2.200168476242409,OpenSees 2-D,1D Base Case,2.2046687602996826,12.765372276306152,0.1377885341644287,0.3485385148867191,0.08532091282584471,0.3385590706904564,0.8881402485159857,5.421102112778771e-17
16,861,6535,6416604,176.01347809939273,20.0,0.2044354684650898,1185.2351935758222,2.200168476242409,OpenSees 2-D,Pretell's approach,2.2250888347625732,15.42945671081543,0.15820860862731934,0.5380807566147341,0.09650562356765847,0.4311219207744191,0.8610544570413486,0.1396956759538684
16,861,6535,6416604,176.01347809939273,20.0,0.2044354684650898,1185.2351935758222,2.200168476242409,OpenSees 2-D,Toro Vs,2.1346631050109863,5.335913088019113,0.06778287887573242,-0.5237376785845571,0.0706293580580205,0.3420537689023215,0.9127734409938862,
16,861,6535,6416604,176.01347809939273,20.0,0.2044354684650898,1185.2351935758222,2.200168476242409,OpenSees 2-D,Passeri tts,2.2046687602996826,11.896975354113268,0.1377885341644287,0.2780864966743301,0.08312836155377219,0.31853417838734405,0.8964463159078325,
16,861,6535,6416604,176.01347809939273,20.0,0.2044354684650898,1185.2351935758222,2.200168476242409,OpenSees 2-D,Pretell,2.066880226135254,9.417572680732981,0.0,0.044379678966488846,0.06916533615061272,0.21961015769200898,0.9462862091523548,
16,861,6535,6416604,176.01347809939273,20.0,0.2044354684650898,1185.2351935758222,2.200168476242409,OpenSees 2-D,Pretell p84,2.0197856426239014,13.627401735586842,-0.04709458351135254,0.4138848999736119,0.1306809418802688,0.5025955530716271,0.9448827347043651,
17,385,3063,1490435,162.8854639149095,31.0,0.2589456051588058,961.1735787268042,1.3135924509266896,OpenSees 2-D,OpenSees 2-D,1.1616226434707642,24.197589874267578,0.0,0.0,0.0,0.0,1.0,0.20001800155738977
17,385,3063,1490435,162.8854639149095,31.0,0.2589456051588058,961.1735787268042,1.3135924509266896,OpenSees 2-D,GINO,1.1616226434707642,26.22412872314453,0.0,0.08042689435950132,0.11956835179229544,0.2279708016464407,0.9612223886734589,0.14602192819104343
17,385,3063,1490435,162.8854639149095,31.0,0.2589456051588058,961.1735787268042,1.3135924509266896,OpenSees 2-D,1D Base Case,1.3155856132507324,12.766843795776367,0.15396296977996826,-0.6394015544655777,0.29809099279805507,0.7448326762842041,0.4396389473978451,6.059145711388351e-17
17,385,3063,1490435,162.8854639149095,31.0,0.2589456051588058,961.1735787268042,1.3135924509266896,OpenSees 2-D,Pretell's approach,1.1092898845672607,15.38914680480957,-0.05233275890350342,-0.452590528200566,0.097240391142178,0.44982624941727534,0.8504183360035359,0.22627852292077863
17,385,3063,1490435,162.8854639149095,31.0,0.2589456051588058,961.1735787268042,1.3135924509266896,OpenSees 2-D,Toro Vs,1.2738113403320312,5.335981956034086,0.11218869686126709,-1.511780109175844,0.256638379012174,0.6778774360887935,0.6449213880629316,
17,385,3063,1490435,162.8854639149095,31.0,0.2589456051588058,961.1735787268042,1.3135924509266896,OpenSees 2-D,Passeri tts,1.3155856132507324,11.897789676588708,0.15396296977996826,-0.7099003948283488,0.2968092783243612,0.736747361792523,0.4511317741396243,
17,385,3063,1490435,162.8854639149095,31.0,0.2589456051588058,961.1735787268042,1.3135924509266896,OpenSees 2-D,Pretell,1.2738113403320312,7.534755317493435,0.11218869686126709,-1.1667266774739118,0.18358294581044013,0.6008457502087372,0.7391483297238453,
17,385,3063,1490435,162.8854639149095,31.0,0.2589456051588058,961.1735787268042,1.3135924509266896,OpenSees 2-D,Pretell p84,1.3035122156143188,14.204796410199277,0.1418895721435547,-0.5326733532905118,0.2107591598335253,0.6359488309343385,0.6615985663719361,
18,332,2569,7729417,246.08046267776467,92.0,0.24687292855232953,1118.5697265269964,0.6686969094504475,OpenSees 2-D,OpenSees 2-D,0.584476113319397,11.682638168334961,0.0,0.0,0.0,0.0,1.0,0.1713452964538265
18,332,2569,7729417,246.08046267776467,92.0,0.24687292855232953,1118.5697265269964,0.6686969094504475,OpenSees 2-D,GINO,0.6036438345909119,12.179624557495117,0.019167721271514893,0.041660614827089895,0.13864545999740002,0.2817111308396918,0.926138983849272,0.07192720315458037
18,332,2569,7729417,246.08046267776467,92.0,0.24687292855232953,1118.5697265269964,0.6686969094504475,OpenSees 2-D,1D Base Case,0.668074369430542,12.755067825317383,0.08359825611114502,0.08782484665527357,0.2473752156179231,0.6458913257579229,0.5556460333731986,6.80147668608524e-17
18,332,2569,7729417,246.08046267776467,92.0,0.24687292855232953,1118.5697265269964,0.6686969094504475,OpenSees 2-D,Pretell's approach,0.6064329147338867,18.500661849975586,0.021956801414489746,0.4597026846469148,0.09052035393139596,0.4087991205989758,0.8986569289868248,0.22251771607856183
18,332,2569,7729417,246.08046267776467,92.0,0.24687292855232953,1118.5697265269964,0.6686969094504475,OpenSees 2-D,Toro Vs,0.6468607783317566,5.336031235288298,0.06238466501235962,-0.7836216601858852,0.20955179062665324,0.48563140914062347,0.738481084658059,
18,332,2569,7729417,246.08046267776467,92.0,0.24687292855232953,1118.5697265269964,0.6686969094504475,OpenSees 2-D,Passeri tts,0.668074369430542,11.88968821232425,0.08359825611114502,0.01756766520619655,0.2453696288964407,0.628464647011725,0.567696042148693,
18,332,2569,7729417,246.08046267776467,92.0,0.24687292855232953,1118.5697265269964,0.6686969094504475,OpenSees 2-D,Pretell,0.5981041193008423,10.941721426125355,0.013628005981445312,-0.06552068629102113,0.0891245384575703,0.27384769793385827,0.922442476380216,
18,332,2569,7729417,246.08046267776467,92.0,0.24687292855232953,1118.5697265269964,0.6686969094504475,OpenSees 2-D,Pretell p84,0.6234402060508728,17.185303052518407,0.03896409273147583,0.38595072238609573,0.14171244324814142,0.5828729239128044,0.9056729721435534,
19,790,6073,3797193,185.7519503247115,55.0,0.2536833180114627,944.8379616276762,0.8443270469305068,OpenSees 2-D,OpenSees 2-D,0.7959777116775513,14.818285942077637,0.0,0.0,0.0,0.0,1.0,0.15019624204621
19,790,6073,3797193,185.7519503247115,55.0,0.2536833180114627,944.8379616276762,0.8443270469305068,OpenSees 2-D,GINO,0.7778410911560059,12.561185836791992,-0.01813662052154541,-0.16525038440900103,0.1319080738719175,0.30996286500302106,0.9002470902367469,0.09892690467157626
19,790,6073,3797193,185.7519503247115,55.0,0.2536833180114627,944.8379616276762,0.8443270469305068,OpenSees 2-D,1D Base Case,0.8451366424560547,12.766850471496582,0.04915893077850342,-0.14900995008966528,0.1327151190883189,0.4457629943559227,0.7854393077412164,5.977487540496296e-17
19,790,6073,3797193,185.7519503247115,55.0,0.2536833180114627,944.8379616276762,0.8443270469305068,OpenSees 2-D,Pretell's approach,0.7636298537254333,15.284757614135742,-0.03234785795211792,0.03099414270720858,0.10394619983327241,0.3484108477139221,0.8766794390862694,0.19301863225216934
19,790,6073,3797193,185.7519503247115,55.0,0.2536833180114627,944.8379616276762,0.8443270469305068,OpenSees 2-D,Toro Vs,0.8183006644248962,5.336032730186276,0.02232295274734497,-1.0213795123121638,0.14867797486517303,0.5004423809094418,0.7741938828371988,
19,790,6073,3797193,185.7519503247115,55.0,0.2536833180114627,944.8379616276762,0.8443270469305068,OpenSees 2-D,Passeri tts,0.8451366424560547,11.897661386654585,0.04915893077850342,-0.21952009607506687,0.13221859608871137,0.4374206541257436,0.7926095109060576,
19,790,6073,3797193,185.7519503247115,55.0,0.2536833180114627,944.8379616276762,0.8443270469305068,OpenSees 2-D,Pretell,0.7959777116775513,11.799627450216155,0.0,-0.2277939957920473,0.057929096287404565,0.2428621011034474,0.9425674975612128,
19,790,6073,3797193,185.7519503247115,55.0,0.2536833180114627,944.8379616276762,0.8443270469305068,OpenSees 2-D,Pretell p84,0.8033502101898193,15.646175927932465,0.007372498512268066,0.05436458272536444,0.13214870772305487,0.3519971965252918,0.9402684442213265,
20,359,2865,2826509,177.79504469842436,99.0,0.21498431377112864,999.5990701320469,0.4489773856020817,OpenSees 2-D,OpenSees 2-D,0.4213321805000305,21.305017471313477,0.0,0.0,0.0,0.0,1.0,0.14577873492862867
20,359,2865,2826509,177.79504469842436,99.0,0.21498431377112864,999.5990701320469,0.4489773856020817,OpenSees 2-D,GINO,0.42917323112487793,18.134456634521484,0.007841050624847412,-0.16112879697663077,0.1179843224906697,0.22023640510611614,0.9668476769701705,0.07193775239635912
20,359,2865,2826509,177.79504469842436,99.0,0.21498431377112864,999.5990701320469,0.4489773856020817,OpenSees 2-D,1D Base Case,0.4494202733039856,12.766887664794922,0.028088092803955078,-0.5120876890814829,0.24678633518356763,0.5420381996937366,0.7492794141815695,7.381139851604718e-17
20,359,2865,2826509,177.79504469842436,99.0,0.21498431377112864,999.5990701320469,0.4489773856020817,OpenSees 2-D,Pretell's approach,0.4213321805000305,15.265806198120117,0.0,-0.3333271687134475,0.09446121679162466,0.29990975219255295,0.9552434876221462,0.1864472883686176
20,359,2865,2826509,177.79504469842436,99.0,0.21498431377112864,999.5990701320469,0.4489773856020817,OpenSees 2-D,Toro Vs,0.4351496398448944,5.336030761679186,0.013817459344863892,-1.3844605334794098,0.27167297580844696,0.6240043665885996,0.7346486054959395,
20,359,2865,2826509,177.79504469842436,99.0,0.21498431377112864,999.5990701320469,0.4489773856020817,OpenSees 2-D,Passeri tts,0.4494202733039856,11.89769158994281,0.028088092803955078,-0.5825982097467692,0.24620735728653875,0.5387193919139055,0.7570552587822051,
20,359,2865,2826509,177.79504469842436,99.0,0.21498431377112864,999.5990701320469,0.4489773856020817,OpenSees 2-D,Pretell,0.41746553778648376,11.152590644516392,-0.003866642713546753,-0.647270791290565,0.09453771541690358,0.39593555394201585,0.9178084445219603,
20,359,2865,2826509,177.79504469842436,99.0,0.21498431377112864,999.5990701320469,0.4489773856020817,OpenSees 2-D,Pretell p84,0.42327889800071716,15.474350238417145,0.0019467175006866455,-0.31975877714376716,0.15685643132232657,0.3246452472812799,0.9148348639201563,
21,590,4494,3453834,162.81304167035267,78.0,0.14987990651279687,1201.8775771934456,0.5218366720203611,OpenSees 2-D,OpenSees 2-D,1.5388177633285522,11.065126419067383,0.0,0.0,0.0,0.0,1.0,0.11509002940178158
21,590,4494,3453834,162.81304167035267,78.0,0.14987990651279687,1201.8775771934456,0.5218366720203611,OpenSees 2-D,GINO,0.5019965171813965,13.940227508544922,-1.0368212461471558,0.23098032718668676,0.1382294650274361,0.28949941173383464,0.9513978951896453,0.0718533910363486
21,590,4494,3453834,162.81304167035267,78.0,0.14987990651279687,1201.8775771934456,0.5218366720203611,OpenSees 2-D,1D Base Case,0.5232614278793335,12.761345863342285,-1.0155563354492188,0.14262234896999024,0.14658045393199695,0.40078526453175783,0.8371481203139635,6.850292999127492e-17
21,590,4494,3453834,162.81304167035267,78.0,0.14987990651279687,1201.8775771934456,0.5218366720203611,OpenSees 2-D,Pretell's approach,0.5184593796730042,14.853327751159668,-1.020358383655548,0.2944255325631546,0.1133121443629682,0.41277021104956607,0.8537373748436712,0.15353677327800846
21,590,4494,3453834,162.81304167035267,78.0,0.14987990651279687,1201.8775771934456,0.5218366720203611,OpenSees 2-D,Toro Vs,0.504315972328186,5.3359254066979505,-1.0345017910003662,-0.7293360693069972,0.2090096327921296,0.4464343251180831,0.7959358202065475,
21,590,4494,3453834,162.81304167035267,78.0,0.14987990651279687,1201.8775771934456,0.5218366720203611,OpenSees 2-D,Passeri tts,0.5232614278793335,11.894565632287883,-1.0155563354492188,0.07228322768844336,0.14815126535210618,0.3910881862539316,0.8401702736301264,
21,590,4494,3453834,162.81304167035267,78.0,0.14987990651279687,1201.8775771934456,0.5218366720203611,OpenSees 2-D,Pretell,0.49968773126602173,11.465011472856679,-1.0391300320625305,0.03550151842654002,0.12150876209109039,0.2987276789876175,0.9090574313056955,
21,590,4494,3453834,162.81304167035267,78.0,0.14987990651279687,1201.8775771934456,0.5218366720203611,OpenSees 2-D,Pretell p84,0.49055835604667664,15.039793643183787,-1.0482594072818756,0.30690119932647136,0.1234978236089245,0.46664167600041956,0.8929530562529869,
22,504,3974,1505983,166.9827449821557,41.0,0.27678801529109476,858.6420902239915,1.0181874694033886,OpenSees 2-D,OpenSees 2-D,0.9056428670883179,16.124298095703125,0.0,0.0,0.0,0.0,1.0,0.1483125540250409
22,504,3974,1505983,166.9827449821557,41.0,0.27678801529109476,858.6420902239915,1.0181874694033886,OpenSees 2-D,GINO,0.9140310883522034,17.490633010864258,0.008388221263885498,0.08133814832073578,0.07103669374659055,0.17633098942403203,0.9724034234693195,0.10362654238915633
22,504,3974,1505983,166.9827449821557,41.0,0.27678801529109476,858.6420902239915,1.0181874694033886,OpenSees 2-D,1D Base Case,1.0209606885910034,12.761395454406738,0.11531782150268555,-0.23390269921806187,0.2759327122217912,0.6452261352782702,0.5623779633084836,6.063422971406847e-17
22,504,3974,1505983,166.9827449821557,41.0,0.27678801529109476,858.6420902239915,1.0181874694033886,OpenSees 2-D,Pretell's approach,0.8412497043609619,14.745207786560059,-0.06439316272735596,-0.08940919861647192,0.17685208635451818,0.5217794014644971,0.7360753436728915,0.2118175802471652
22,504,3974,1505983,166.9827449821557,41.0,0.27678801529109476,858.6420902239915,1.0181874694033886,OpenSees 2-D,Toro Vs,0.983995258808136,5.335924418132582,0.07835239171981812,-1.1058651887906576,0.24401397114293888,0.5695482588602998,0.7402288848056818,
22,504,3974,1505983,166.9827449821557,41.0,0.27678801529109476,858.6420902239915,1.0181874694033886,OpenSees 2-D,Passeri tts,1.0209606885910034,11.894596095566905,0.11531782150268555,-0.30424314542352054,0.2745108532074393,0.6333917012617463,0.5751865939262744,
22,504,3974,1505983,166.9827449821557,41.0,0.27678801529109476,858.6420902239915,1.0181874694033886,OpenSees 2-D,Pretell,0.9098272919654846,8.861131208432743,0.004184424877166748,-0.598652900423321,0.08533362439176853,0.35287631569198225,0.9314293016520964,
22,504,3974,1505983,166.9827449821557,41.0,0.27678801529109476,858.6420902239915,1.0181874694033886,OpenSees 2-D,Pretell p84,0.9483681917190552,13.191957891803815,0.042725324630737305,-0.2007199394829543,0.15583988956995098,0.35541057201777215,0.9060588431846259,
23,962,7407,7162665,190.93246261753734,22.0,0.15516961738467216,1255.0909764050814,2.169687075199288,OpenSees 2-D,OpenSees 2-D,1.8761746883392334,13.221285820007324,0.0,0.0,0.0,0.0,1.0,0.15841770002443242
23,962,7407,7162665,190.93246261753734,22.0,0.15516961738467216,1255.0909764050814,2.169687075199288,OpenSees 2-D,GINO,1.9737643003463745,14.839376449584961,0.09758961200714111,0.11545612570255545,0.1327175745197412,0.3366869928033009,0.9141871480581653,0.2100826973999207
23,962,7407,7162665,190.93246261753734,22.0,0.15516961738467216,1255.0909764050814,2.169687075199288,OpenSees 2-D,1D Base Case,2.174389362335205,12.76483154296875,0.2982146739959717,-0.03513423911602291,0.23747495442200134,0.6585270758172244,0.5740719428159176,5.976373786426546e-17
23,962,7407,7162665,190.93246261753734,22.0,0.15516961738467216,1255.0909764050814,2.169687075199288,OpenSees 2-D,Pretell's approach,1.9199206829071045,15.321362495422363,0.043745994567871094,0.14742000315857653,0.059253476503225926,0.22346369998166649,0.963091923341623,0.17857478268293878
23,962,7407,7162665,190.93246261753734,22.0,0.15516961738467216,1255.0909764050814,2.169687075199288,OpenSees 2-D,Toro Vs,2.1053452491760254,5.335894345842846,0.229170560836792,-0.9073715847688955,0.19772996639620266,0.47213626028559014,0.7785847547210721,
23,962,7407,7162665,190.93246261753734,22.0,0.15516961738467216,1255.0909764050814,2.169687075199288,OpenSees 2-D,Passeri tts,2.174389362335205,11.89665839660831,0.2982146739959717,-0.1055705392557427,0.23647795046601702,0.6401299036759673,0.5859896817068705,
23,962,7407,7162665,190.93246261753734,22.0,0.15516961738467216,1255.0909764050814,2.169687075199288,OpenSees 2-D,Pretell,1.9556506872177124,7.7998423021686,0.079475998878479,-0.5277245771113772,0.09905770227419561,0.29992573816618356,0.9171352103783049,
23,962,7407,7162665,190.93246261753734,22.0,0.15516961738467216,1255.0909764050814,2.169687075199288,OpenSees 2-D,Pretell p84,1.841896653175354,12.665095353939472,-0.034278035163879395,-0.042978280573315764,0.17441760093202102,0.534835984355697,0.8981782063109189,
24,375,2989,7705133,152.1637712597265,59.0,0.1451793171465397,1042.8236518036717,0.6447617426259598,OpenSees 2-D,OpenSees 2-D,0.6263207197189331,15.341214179992676,0.0,0.0,0.0,0.0,1.0,0.13885728364167227
24,375,2989,7705133,152.1637712597265,59.0,0.1451793171465397,1042.8236518036717,0.6447617426259598,OpenSees 2-D,GINO,0.6292145848274231,12.364644050598145,0.0028938651084899902,-0.21570183033603027,0.08737885758927426,0.18079135806643507,0.9696304575223462,0.08222199439946141
24,375,2989,7705133,152.1637712597265,59.0,0.1451793171465397,1042.8236518036717,0.6447617426259598,OpenSees 2-D,1D Base Case,0.6468607783317566,12.75663948059082,0.020540058612823486,-0.18449106440462842,0.08258083504294958,0.2638358429876479,0.934718030009792,6.32832284990943e-17
24,375,2989,7705133,152.1637712597265,59.0,0.1451793171465397,1042.8236518036717,0.6447617426259598,OpenSees 2-D,Pretell's approach,0.6350424885749817,14.30135440826416,0.008721768856048584,-0.07018869739951729,0.06137640407106052,0.1548750085295577,0.9776176860854116,0.1403791777501895
24,375,2989,7705133,152.1637712597265,59.0,0.1451793171465397,1042.8236518036717,0.6447617426259598,OpenSees 2-D,Toro Vs,0.6234402060508728,5.335992565591629,-0.0028805136680603027,-1.0560680286875206,0.15018402721659962,0.479720264842378,0.8134792957288729,
24,375,2989,7705133,152.1637712597265,59.0,0.1451793171465397,1042.8236518036717,0.6447617426259598,OpenSees 2-D,Passeri tts,0.6468607783317566,11.891682928519275,0.020540058612823486,-0.2547037018512063,0.08307310421984644,0.26871355815056086,0.9338029058161901,
24,375,2989,7705133,152.1637712597265,59.0,0.1451793171465397,1042.8236518036717,0.6447617426259598,OpenSees 2-D,Pretell,0.6263207197189331,13.24200682075301,0.0,-0.14714883245760224,0.053619283772148446,0.17978185619545883,0.972596392732724,
24,375,2989,7705133,152.1637712597265,59.0,0.1451793171465397,1042.8236518036717,0.6447617426259598,OpenSees 2-D,Pretell p84,0.6350424885749817,14.707397170012419,0.008721768856048584,-0.042192367982970304,0.08060962748348928,0.1837134831077274,0.9769404193690602,
25,114,882,8133284,253.5532033615742,89.0,0.22265706919133663,1071.4956690352062,0.7122280993302645,OpenSees 2-D,OpenSees 2-D,0.6528521180152893,8.084257125854492,0.0,0.0,0.0,0.0,1.0,0.14984729060023522
25,114,882,8133284,253.5532033615742,89.0,0.22265706919133663,1071.4956690352062,0.7122280993302645,OpenSees 2-D,GINO,0.6742622256278992,17.349672317504883,0.021410107612609863,0.7636550138189987,0.11873876417170454,0.5370435740945664,0.898170183551855,0.09127023928153567
25,114,882,8133284,253.5532033615742,89.0,0.22265706919133663,1071.4956690352062,0.7122280993302645,OpenSees 2-D,1D Base Case,0.7126115560531616,12.765803337097168,0.059759438037872314,0.45685137570945983,0.1670863672152589,0.506697418969242,0.7438627736125155,6.292266103441829e-17
25,114,882,8133284,253.5532033615742,89.0,0.22265706919133663,1071.4956690352062,0.7122280993302645,OpenSees 2-D,Pretell's approach,0.649849534034729,18.141077041625977,-0.0030025839805603027,0.8082602109773422,0.12185179605527952,0.509993243653868,0.8773212720694396,0.22729193168340328
25,114,882,8133284,253.5532033615742,89.0,0.22265706919133663,1071.4956690352062,0.7122280993302645,OpenSees 2-D,Toro Vs,0.6899837255477905,5.33605577375971,0.03713160753250122,-0.41543184488390744,0.128223581419031,0.3827882860593636,0.825219092404918,
25,114,882,8133284,253.5532033615742,89.0,0.22265706919133663,1071.4956690352062,0.7122280993302645,OpenSees 2-D,Passeri tts,0.7126115560531616,11.896893627031831,0.059759438037872314,0.38635872049908154,0.16553317786546606,0.4870626333384692,0.7528575909550629,
25,114,882,8133284,253.5532033615742,89.0,0.22265706919133663,1071.4956690352062,0.7122280993302645,OpenSees 2-D,Pretell,0.668074369430542,9.678363053609324,0.015222251415252686,0.17997417515998063,0.09228960595910704,0.327480597067567,0.8866614180002655,
25,114,882,8133284,253.5532033615742,89.0,0.22265706919133663,1071.4956690352062,0.7122280993302645,OpenSees 2-D,Pretell p84,0.7159041166305542,15.60792982685456,0.06305199861526489,0.6578605015414033,0.16012118843246298,0.7805434224183974,0.8682837750866516,
26,170,1245,4649735,215.59339641087303,67.0,0.25748934838920834,1161.3110622775987,0.8044529716823621,OpenSees 2-D,OpenSees 2-D,0.7427982687950134,38.94741439819336,0.0,0.0,0.0,0.0,1.0,0.22008984947573837
26,170,1245,4649735,215.59339641087303,67.0,0.25748934838920834,1161.3110622775987,0.8044529716823621,OpenSees 2-D,GINO,0.7636298537254333,17.994583129882812,0.020831584930419922,-0.7721416121484944,0.20532269881822038,0.4732862187144316,0.8770938874109899,0.11586784931173268
26,170,1245,4649735,215.59339641087303,67.0,0.25748934838920834,1161.3110622775987,0.8044529716823621,OpenSees 2-D,1D Base Case,0.807062029838562,12.756765365600586,0.06426376104354858,-1.11615063973832,0.3079580387210558,0.705152802055432,0.5997531503340856,6.363001985358085e-17
26,170,1245,4649735,215.59339641087303,67.0,0.25748934838920834,1161.3110622775987,0.8044529716823621,OpenSees 2-D,Pretell's approach,0.6234402060508728,16.834447860717773,-0.11935806274414062,-0.8387851325561924,0.31987346020036733,0.8462595531597661,0.31508071190584547,0.2580778258012969
26,170,1245,4649735,215.59339641087303,67.0,0.25748934838920834,1161.3110622775987,0.8044529716823621,OpenSees 2-D,Toro Vs,0.7778410911560059,5.335991244366923,0.03504282236099243,-1.9877377197740271,0.2992538646294537,0.7369989673126079,0.6828495016123712,
26,170,1245,4649735,215.59339641087303,67.0,0.25748934838920834,1161.3110622775987,0.8044529716823621,OpenSees 2-D,Passeri tts,0.807062029838562,11.8917603859149,0.06426376104354858,-1.1863666317754509,0.30667688323879105,0.7017559598640329,0.6122282595760562,
26,170,1245,4649735,215.59339641087303,67.0,0.25748934838920834,1161.3110622775987,0.8044529716823621,OpenSees 2-D,Pretell,0.7393819689750671,8.140474592834707,-0.003416299819946289,-1.5653639054223354,0.17208101666760897,0.6353582596165462,0.8078513090549695,
26,170,1245,4649735,215.59339641087303,67.0,0.25748934838920834,1161.3110622775987,0.8044529716823621,OpenSees 2-D,Pretell p84,0.7886728644371033,14.315913403918387,0.045874595642089844,-1.000840643541788,0.2674027542866041,0.5483171126123881,0.771239677685707,
27,851,6477,2999249,195.64024453812885,39.0,0.2952466946095228,905.3399911988491,1.2541041316546722,OpenSees 2-D,OpenSees 2-D,1.1144152879714966,14.475133895874023,0.0,0.0,0.0,0.0,1.0,0.19725455557359642
27,851,6477,2999249,195.64024453812885,39.0,0.2952466946095228,905.3399911988491,1.2541041316546722,OpenSees 2-D,GINO,1.188707709312439,5.845550060272217,0.07429242134094238,-0.9067515752358426,0.19930072170937546,0.4696044953966978,0.7902910116523528,0.19100973119921108
27,851,6477,2999249,195.64024453812885,39.0,0.2952466946095228,905.3399911988491,1.2541041316546722,OpenSees 2-D,1D Base Case,1.2563166618347168,12.76633358001709,0.14190137386322021,-0.12562075672296913,0.20429977400008287,0.6686879889827388,0.5834534778779609,6.284794959207413e-17
27,851,6477,2999249,195.64024453812885,39.0,0.2952466946095228,905.3399911988491,1.2541041316546722,OpenSees 2-D,Pretell's approach,1.1195642948150635,15.248478889465332,0.0051490068435668945,0.05204747956245514,0.05953364844237127,0.11836198434599528,0.9923157807737717,0.2671023979083385
27,851,6477,2999249,195.64024453812885,39.0,0.2952466946095228,905.3399911988491,1.2541041316546722,OpenSees 2-D,Toro Vs,1.2164243459701538,5.335952267627401,0.10200905799865723,-0.99796491033689,0.1863596979837946,0.5115885164199245,0.7453950040978522,
27,851,6477,2999249,195.64024453812885,39.0,0.2952466946095228,905.3399911988491,1.2541041316546722,OpenSees 2-D,Passeri tts,1.2563166618347168,11.897522149344459,0.14190137386322021,-0.19610211787105872,0.20348424237992452,0.6500854001580941,0.5954012231973926,
27,851,6477,2999249,195.64024453812885,39.0,0.2952466946095228,905.3399911988491,1.2541041316546722,OpenSees 2-D,Pretell,1.1092898845672607,8.78952721568384,-0.00512540340423584,-0.49887134992410237,0.0864128853137883,0.2826674959721551,0.9319448232545776,
27,851,6477,2999249,195.64024453812885,39.0,0.2952466946095228,905.3399911988491,1.2541041316546722,OpenSees 2-D,Pretell p84,1.0940546989440918,13.785680240061764,-0.020360589027404785,-0.04880188390926203,0.23288006189465543,0.6018328458191199,0.8981315094721715,
28,123,914,5430128,178.44511897406224,26.0,0.11552831381559373,851.3991839099931,1.7158184516736754,OpenSees 2-D,OpenSees 2-D,1.6566059589385986,28.037874221801758,0.0,0.0,0.0,0.0,1.0,0.1195937044525239
28,123,914,5430128,178.44511897406224,26.0,0.11552831381559373,851.3991839099931,1.7158184516736754,OpenSees 2-D,GINO,1.6566059589385986,15.975982666015625,0.0,-0.5624697358345034,0.2031654980954864,0.45383079245676883,0.8344590806961236,0.2139063715115493
28,123,914,5430128,178.44511897406224,26.0,0.11552831381559373,851.3991839099931,1.7158184516736754,OpenSees 2-D,1D Base Case,1.718839168548584,12.766343116760254,0.06223320960998535,-0.7867439830832663,0.1351379365263739,0.5327043618556091,0.8013645808817867,6.192922746940025e-17
28,123,914,5430128,178.44511897406224,26.0,0.11552831381559373,851.3991839099931,1.7158184516736754,OpenSees 2-D,Pretell's approach,1.6489869356155396,16.074052810668945,-0.007619023323059082,-0.5563499016892702,0.04509007062567741,0.3158130461501761,0.9659946808777163,0.12103131373456366
28,123,914,5430128,178.44511897406224,26.0,0.11552831381559373,851.3991839099931,1.7158184516736754,OpenSees 2-D,Toro Vs,1.6642601490020752,5.335952751326678,0.0076541900634765625,-1.6590887930706821,0.1375265811330947,0.6618181562469792,0.7367022650268608,
28,123,914,5430128,178.44511897406224,26.0,0.11552831381559373,851.3991839099931,1.7158184516736754,OpenSees 2-D,Passeri tts,1.718839168548584,11.897527656437289,0.06223320960998535,-0.8572256283767634,0.1356488181151296,0.5366498485811839,0.8033026716874087,
28,123,914,5430128,178.44511897406224,26.0,0.11552831381559373,851.3991839099931,1.7158184516736754,OpenSees 2-D,Pretell,1.7752079963684082,9.074758529379961,0.11860203742980957,-1.1280594754817834,0.18046516511293478,0.6006614787657956,0.7183736397247674,
28,123,914,5430128,178.44511897406224,26.0,0.11552831381559373,851.3991839099931,1.7158184516736754,OpenSees 2-D,Pretell p84,1.7916502952575684,13.437326689932036,0.13504433631896973,-0.7355198386346249,0.18193538363618444,0.6052644554040516,0.7094775955352886,
29,301,2287,3215457,201.82716843861007,48.0,0.25982750616967676,1020.4178397178567,1.0511831689510942,OpenSees 2-D,OpenSees 2-D,0.9396648406982422,9.72625732421875,0.0,0.0,0.0,0.0,1.0,0.23181785310937608
29,301,2287,3215457,201.82716843861007,48.0,0.25982750616967676,1020.4178397178567,1.0511831689510942,OpenSees 2-D,GINO,1.0544427633285522,5.153498649597168,0.11477792263031006,-0.6351533355263449,0.15528596771175074,0.3389654050615405,0.8378353957338263,0.1981851058335012
29,301,2287,3215457,201.82716843861007,48.0,0.25982750616967676,1020.4178397178567,1.0511831689510942,OpenSees 2-D,1D Base Case,1.0544427633285522,12.758171081542969,0.11477792263031006,0.2713427664911667,0.14159980207913633,0.5882162716577805,0.6736158664863819,6.071821954715891e-17
29,301,2287,3215457,201.82716843861007,48.0,0.25982750616967676,1020.4178397178567,1.0511831689510942,OpenSees 2-D,Pretell's approach,1.0304169654846191,15.692303657531738,0.09075212478637695,0.4783412102796097,0.11753628520834933,0.6285577187268039,0.731617123635476,0.29946850933313796
29,301,2287,3215457,201.82716843861007,48.0,0.25982750616967676,1020.4178397178567,1.0511831689510942,OpenSees 2-D,Toro Vs,1.0162650346755981,5.335975077563765,0.07660019397735596,-0.6003575310040297,0.12394372626435937,0.36429863653413086,0.8099796517919247,
29,301,2287,3215457,201.82716843861007,48.0,0.25982750616967676,1020.4178397178567,1.0511831689510942,OpenSees 2-D,Passeri tts,1.0544427633285522,11.892624821383372,0.11477792263031006,0.20108927609114177,0.14037481971399468,0.5645155692859404,0.6846953238897451,
29,301,2287,3215457,201.82716843861007,48.0,0.25982750616967676,1020.4178397178567,1.0511831689510942,OpenSees 2-D,Pretell,0.9615746140480042,7.035229504173719,0.021909773349761963,-0.32389885575617544,0.09863093406162567,0.28210169401517815,0.8870361002396162,
29,301,2287,3215457,201.82716843861007,48.0,0.25982750616967676,1020.4178397178567,1.0511831689510942,OpenSees 2-D,Pretell p84,0.9615746140480042,12.582660355215365,0.021909773349761963,0.25749053490702595,0.2652111273001576,0.7449796891441282,0.8718256067656384,
30,615,4746,1499415,258.854824998878,32.0,0.20899393483996392,810.0918046414628,2.022303320303734,OpenSees 2-D,OpenSees 2-D,1.9199206829071045,15.931262016296387,0.0,0.0,0.0,0.0,1.0,0.0980345772411746
30,615,4746,1499415,258.854824998878,32.0,0.20899393483996392,810.0918046414628,2.022303320303734,OpenSees 2-D,GINO,1.8675458431243896,16.447566986083984,-0.052374839782714844,0.03189421928955997,0.1033259320826325,0.25818690839607916,0.9413635955416014,0.13073606509390406
30,615,4746,1499415,258.854824998878,32.0,0.20899393483996392,810.0918046414628,2.022303320303734,OpenSees 2-D,1D Base Case,2.029118061065674,12.755430221557617,0.10919737815856934,-0.2223262627365894,0.1082980916888483,0.4521736045146923,0.8208130486360146,5.388319969922733e-17
30,615,4746,1499415,258.854824998878,32.0,0.20899393483996392,810.0918046414628,2.022303320303734,OpenSees 2-D,Pretell's approach,1.8165998458862305,18.505537033081055,-0.10332083702087402,0.1497866429872183,0.1259641454968908,0.4506640920106723,0.816052868762343,0.1930655859088608
30,615,4746,1499415,258.854824998878,32.0,0.20899393483996392,810.0918046414628,2.022303320303734,OpenSees 2-D,Toro Vs,1.9556506872177124,5.336004263172881,0.03573000431060791,-1.0938062358430412,0.12516090792646353,0.549794678131802,0.826435696661201,
30,615,4746,1499415,258.854824998878,32.0,0.20899393483996392,810.0918046414628,2.022303320303734,OpenSees 2-D,Passeri tts,2.029118061065674,11.890936995573854,0.10919737815856934,-0.2925068304569408,0.1081593430567839,0.44972106704487064,0.8273829849994385,
30,615,4746,1499415,258.854824998878,32.0,0.20899393483996392,810.0918046414628,2.022303320303734,OpenSees 2-D,Pretell,1.833425521850586,9.450244473439307,-0.08649516105651855,-0.522242732025246,0.07265140611056528,0.4161897172884968,0.888587592104678,
30,615,4746,1499415,258.854824998878,32.0,0.20899393483996392,810.0918046414628,2.022303320303734,OpenSees 2-D,Pretell p84,1.8249932527542114,16.872630905150842,-0.09492743015289307,0.057409492695518864,0.11811436935807632,0.43286256915278615,0.8801508546819086,
31,602,4626,2874730,194.11367715125328,35.0,0.12168851513415575,1061.9289309034427,1.3865262653660948,OpenSees 2-D,OpenSees 2-D,1.416286587715149,9.421772003173828,0.0,0.0,0.0,0.0,1.0,0.09531397057397192
31,602,4626,2874730,194.11367715125328,35.0,0.12168851513415575,1061.9289309034427,1.3865262653660948,OpenSees 2-D,GINO,1.4032890796661377,12.501379013061523,-0.01299750804901123,0.2828157776302721,0.13478220426473325,0.3097071126134186,0.9480757066847739,0.1436689372819802
31,602,4626,2874730,194.11367715125328,35.0,0.12168851513415575,1061.9289309034427,1.3865262653660948,OpenSees 2-D,1D Base Case,1.3904107809066772,12.760788917541504,-0.02587580680847168,0.3033539217609577,0.06921295529493449,0.27210093816148484,0.9253189913064253,5.696274358929667e-17
31,602,4626,2874730,194.11367715125328,35.0,0.12168851513415575,1061.9289309034427,1.3865262653660948,OpenSees 2-D,Pretell's approach,1.4097728729248047,15.615301132202148,-0.006513714790344238,0.5052280937143176,0.05170865982059532,0.3096811325344449,0.9340791819628919,0.1218991580094448
31,602,4626,2874730,194.11367715125328,35.0,0.12168851513415575,1061.9289309034427,1.3865262653660948,OpenSees 2-D,Toro Vs,1.3400689363479614,5.335935832427521,-0.0762176513671875,-0.5685588985041059,0.10487787670292481,0.39100788447134716,0.8514732110327836,
31,602,4626,2874730,194.11367715125328,35.0,0.12168851513415575,1061.9289309034427,1.3865262653660948,OpenSees 2-D,Passeri tts,1.3904107809066772,11.894226744896864,-0.02587580680847168,0.23302995326971995,0.06767320341373174,0.25813432972216466,0.9295317967192557,
31,602,4626,2874730,194.11367715125328,35.0,0.12168851513415575,1061.9289309034427,1.3865262653660948,OpenSees 2-D,Pretell,1.3713147640228271,10.640161803244736,-0.04497182369232178,0.12161250923175931,0.056856286931460796,0.21336845048384182,0.9489113511095413,
31,602,4626,2874730,194.11367715125328,35.0,0.12168851513415575,1061.9289309034427,1.3865262653660948,OpenSees 2-D,Pretell p84,1.3587299585342407,15.830846733160515,-0.0575566291809082,0.5189371799691358,0.10443071300119716,0.4975515371639059,0.9463860835880719,
32,711,5498,5325283,209.5948098689007,77.0,0.29758364204317334,1393.7879918175431,0.6805026294444828,OpenSees 2-D,OpenSees 2-D,0.5817880034446716,14.60831069946289,0.0,0.0,0.0,0.0,1.0,0.18057233640061476
32,711,5498,5325283,209.5948098689007,77.0,0.29758364204317334,1393.7879918175431,0.6805026294444828,OpenSees 2-D,GINO,0.6092349290847778,13.541032791137695,0.0274469256401062,-0.07586605114086706,0.136274838567071,0.3006400354919636,0.9202296555658278,0.08205768139655767
32,711,5498,5325283,209.5948098689007,77.0,0.29758364204317334,1393.7879918175431,0.6805026294444828,OpenSees 2-D,1D Base Case,0.6805073618888855,12.763189315795898,0.09871935844421387,-0.13502539969299862,0.3490913325338314,0.7507892953327189,0.4492192661514576,6.335791390292373e-17
32,711,5498,5325283,209.5948098689007,77.0,0.29758364204317334,1393.7879918175431,0.6805026294444828,OpenSees 2-D,Pretell's approach,0.5659170150756836,16.077573776245117,-0.015870988368988037,0.0958347750474898,0.12454887885127867,0.31307410565377236,0.9184186659439726,0.23082441801564116
32,711,5498,5325283,209.5948098689007,77.0,0.29758364204317334,1393.7879918175431,0.6805026294444828,OpenSees 2-D,Toro Vs,0.6588989496231079,5.336065957265763,0.07711094617843628,-1.0071019234133836,0.2969319360273636,0.5654061196565434,0.6866639569705486,
32,711,5498,5325283,209.5948098689007,77.0,0.29758364204317334,1393.7879918175431,0.6805026294444828,OpenSees 2-D,Passeri tts,0.6805073618888855,11.89509881641053,0.09871935844421387,-0.20546414164627955,0.347425968949684,0.7342689657428165,0.46140657444628586,
32,711,5498,5325283,209.5948098689007,77.0,0.29758364204317334,1393.7879918175431,0.6805026294444828,OpenSees 2-D,Pretell,0.5791122913360596,11.867292089777619,-0.0026757121086120605,-0.20780454076143817,0.06168862978358271,0.19642782448664942,0.9674927757827003,
32,711,5498,5325283,209.5948098689007,77.0,0.29758364204317334,1393.7879918175431,0.6805026294444828,OpenSees 2-D,Pretell p84,0.5871766209602356,15.918049989736314,0.005388617515563965,0.08586309207483023,0.17777827878893684,0.38307986989038817,0.9557813992302372,
33,786,6053,7899060,279.15730034799924,59.0,0.1580777021124959,1121.1243372507952,1.1828699167288104,OpenSees 2-D,OpenSees 2-D,1.1351547241210938,15.199164390563965,0.0,0.0,0.0,0.0,1.0,0.08684776915404528
33,786,6053,7899060,279.15730034799924,59.0,0.1580777021124959,1121.1243372507952,1.1828699167288104,OpenSees 2-D,GINO,1.1403995752334595,22.510398864746094,0.005244851112365723,0.3927369221723063,0.07751750840065615,0.2621281862444794,0.9740442608086486,0.09012924278664038
33,786,6053,7899060,279.15730034799924,59.0,0.1580777021124959,1121.1243372507952,1.1828699167288104,OpenSees 2-D,1D Base Case,1.1832406520843506,12.764872550964355,0.048085927963256836,-0.17454338564909322,0.08900907696364978,0.3376848343396754,0.8899537351643193,6.350721527454333e-17
33,786,6053,7899060,279.15730034799924,59.0,0.1580777021124959,1121.1243372507952,1.1828699167288104,OpenSees 2-D,Pretell's approach,1.1832406520843506,19.677797317504883,0.048085927963256836,0.25825050840042746,0.09592819961611943,0.425102459770513,0.8608849617208958,0.13398026451374784
33,786,6053,7899060,279.15730034799924,59.0,0.1580777021124959,1121.1243372507952,1.1828699167288104,OpenSees 2-D,Toro Vs,1.1456687450408936,5.336062684473153,0.010514020919799805,-1.0467523960267806,0.10569038351270642,0.48431257049808063,0.8390694597144265,
33,786,6053,7899060,279.15730034799924,59.0,0.1580777021124959,1121.1243372507952,1.1828699167288104,OpenSees 2-D,Passeri tts,1.1832406520843506,11.896246162953723,0.048085927963256836,-0.24501755017422697,0.08882555504415646,0.3348383763385455,0.894186800415857,
33,786,6053,7899060,279.15730034799924,59.0,0.1580777021124959,1121.1243372507952,1.1828699167288104,OpenSees 2-D,Pretell,1.150962233543396,15.288753293467265,0.015807509422302246,0.0058770272010203505,0.0261884910934317,0.1588004459041518,0.9771282070063845,
33,786,6053,7899060,279.15730034799924,59.0,0.1580777021124959,1121.1243372507952,1.1828699167288104,OpenSees 2-D,Pretell p84,1.166989803314209,19.71968259415776,0.031835079193115234,0.26037680137792213,0.08336480194918376,0.39397513363341774,0.9718141334164049,
34,918,7046,4843843,300.83484458804236,28.0,0.1317877247929573,1067.9494670873023,2.686025398107521,OpenSees 2-D,OpenSees 2-D,2.5316483974456787,22.424739837646484,0.0,0.0,0.0,0.0,1.0,0.045135017252292534
34,918,7046,4843843,300.83484458804236,28.0,0.1317877247929573,1067.9494670873023,2.686025398107521,OpenSees 2-D,GINO,2.4968783855438232,23.268802642822266,-0.03477001190185547,0.036948714584418334,0.08106106983125931,0.21866358563863794,0.962433622608251,0.0958424971199373
34,918,7046,4843843,300.83484458804236,28.0,0.1317877247929573,1067.9494670873023,2.686025398107521,OpenSees 2-D,1D Base Case,2.6880009174346924,12.766406059265137,0.15635251998901367,-0.5633476122370705,0.15597838972324693,0.4966136325005182,0.8009292220070765,5.686389444380431e-17
34,918,7046,4843843,300.83484458804236,28.0,0.1317877247929573,1067.9494670873023,2.686025398107521,OpenSees 2-D,Pretell's approach,2.5433456897735596,20.887340545654297,0.01169729232788086,-0.07102154650274314,0.02439833959203539,0.18076861464662716,0.9757968569246667,0.07510613305181514
34,918,7046,4843843,300.83484458804236,28.0,0.1317877247929573,1067.9494670873023,2.686025398107521,OpenSees 2-D,Toro Vs,2.6026477813720703,5.336046607584019,0.0709993839263916,-1.4356797633049165,0.1598481779770052,0.5951990690883566,0.7987007150694069,
34,918,7046,4843843,300.83484458804236,28.0,0.1317877247929573,1067.9494670873023,2.686025398107521,OpenSees 2-D,Passeri tts,2.6880009174346924,11.89732527664464,0.15635251998901367,-0.6338511982496666,0.15572127417246523,0.49339055927038,0.8090640935323814,
34,918,7046,4843843,300.83484458804236,28.0,0.1317877247929573,1067.9494670873023,2.686025398107521,OpenSees 2-D,Pretell,2.5669026374816895,15.614575090133998,0.03525424003601074,-0.36196002771689917,0.05832874923401663,0.24637257993420866,0.9611685813588362,
34,918,7046,4843843,300.83484458804236,28.0,0.1317877247929573,1067.9494670873023,2.686025398107521,OpenSees 2-D,Pretell p84,2.5316483974456787,20.356348007155237,0.0,-0.09677200180626332,0.08024872079260961,0.32626027962429077,0.9507035318187635,
35,508,3998,4463895,168.9719802826556,86.0,0.1990333180874586,958.4849171516607,0.49119761710074306,OpenSees 2-D,OpenSees 2-D,2.5669026374816895,7.134054183959961,0.0,0.0,0.0,0.0,1.0,0.1381113774915543
35,508,3998,4463895,168.9719802826556,86.0,0.1990333180874586,958.4849171516607,0.49119761710074306,OpenSees 2-D,GINO,0.4706224799156189,6.964362621307373,-2.0962801575660706,-0.02407359069317596,0.2769375072218616,0.33234987407144684,0.8527550242488323,0.11603700260662962
35,508,3998,4463895,168.9719802826556,86.0,0.1990333180874586,958.4849171516607,0.49119761710074306,OpenSees 2-D,1D Base Case,0.4928249716758728,12.7560396194458,-2.0740776658058167,0.581125173008615,0.2563620054687919,0.6213480871241924,0.6970664506970536,7.793573260167321e-17
35,508,3998,4463895,168.9719802826556,86.0,0.1990333180874586,958.4849171516607,0.49119761710074306,OpenSees 2-D,Pretell's approach,0.5066460967063904,14.460527420043945,-2.060256540775299,0.706543008400389,0.24181821786471244,0.7306228273919149,0.6324448560630848,0.20420401329287396
35,508,3998,4463895,168.9719802826556,86.0,0.1990333180874586,958.4849171516607,0.49119761710074306,OpenSees 2-D,Toro Vs,0.47498148679733276,5.335998581712427,-2.0919211506843567,-0.29040363926299956,0.2785059428933689,0.3767544969961774,0.7771996690211537,
35,508,3998,4463895,168.9719802826556,86.0,0.1990333180874586,958.4849171516607,0.49119761710074306,OpenSees 2-D,Passeri tts,0.4928249716758728,11.891312798316498,-2.0740776658058167,0.5109284344969007,0.25321496601144594,0.5953234604935604,0.7068141583630502,
35,508,3998,4463895,168.9719802826556,86.0,0.1990333180874586,958.4849171516607,0.49119761710074306,OpenSees 2-D,Pretell,0.4452958405017853,7.376043094319059,-2.121606796979904,0.033357646662255984,0.22060627477584238,0.3466080928263025,0.8562227081030112,
35,508,3998,4463895,168.9719802826556,86.0,0.1990333180874586,958.4849171516607,0.49119761710074306,OpenSees 2-D,Pretell p84,0.42327889800071716,12.37153255490663,-2.1436237394809723,0.5505183895285091,0.31725021197195064,0.801677826824992,0.8348081606835148,
36,718,5545,3547253,142.5768747917249,38.0,0.18908730652183292,1050.9310518285752,0.9380057552087164,OpenSees 2-D,OpenSees 2-D,0.8648423552513123,20.64284324645996,0.0,0.0,0.0,0.0,1.0,0.1412406230858237
36,718,5545,3547253,142.5768747917249,38.0,0.18908730652183292,1050.9310518285752,0.9380057552087164,OpenSees 2-D,GINO,0.9014776349067688,11.041112899780273,0.03663527965545654,-0.6257428434072072,0.2538618654195116,0.4325839556296296,0.8545937269388084,0.08518830975065214
36,718,5545,3547253,142.5768747917249,38.0,0.18908730652183292,1050.9310518285752,0.9380057552087164,OpenSees 2-D,1D Base Case,0.9396648406982422,12.766321182250977,0.07482248544692993,-0.4805581396052357,0.2612265541756807,0.5892376329927306,0.6701621334337541,5.998035226824593e-17
36,718,5545,3547253,142.5768747917249,38.0,0.18908730652183292,1050.9310518285752,0.9380057552087164,OpenSees 2-D,Pretell's approach,0.8728526830673218,13.159613609313965,0.008010327816009521,-0.4502161208433275,0.1021982048902414,0.2777635233071431,0.9659464408663365,0.15867985057267078
36,718,5545,3547253,142.5768747917249,38.0,0.18908730652183292,1050.9310518285752,0.9380057552087164,OpenSees 2-D,Toro Vs,0.9098272919654846,5.3359516851791104,0.04498493671417236,-1.3529014312444123,0.24963626615409812,0.5921451892624482,0.7408222149612207,
36,718,5545,3547253,142.5768747917249,38.0,0.18908730652183292,1050.9310518285752,0.9380057552087164,OpenSees 2-D,Passeri tts,0.9396648406982422,11.897515420696152,0.07482248544692993,-0.5510390951736726,0.2602769964783252,0.5798169413067282,0.680935504020752,
36,718,5545,3547253,142.5768747917249,38.0,0.18908730652183292,1050.9310518285752,0.9380057552087164,OpenSees 2-D,Pretell,0.8688382506370544,10.17229536525525,0.0039958953857421875,-0.7077008010891535,0.142933965704326,0.3738691512465761,0.9210860831113893,
36,718,5545,3547253,142.5768747917249,38.0,0.18908730652183292,1050.9310518285752,0.9380057552087164,OpenSees 2-D,Pretell p84,0.8648423552513123,13.744149512670656,0.0,-0.406755441736635,0.22772523160695202,0.37913625545247504,0.8926914645882954,
37,599,4547,990386,210.6887704355034,93.0,0.1528308881446719,787.9885233298637,0.5663676624610307,OpenSees 2-D,OpenSees 2-D,0.545427143573761,8.627425193786621,0.0,0.0,0.0,0.0,1.0,0.12735366868024098
37,599,4547,990386,210.6887704355034,93.0,0.1528308881446719,787.9885233298637,0.5663676624610307,OpenSees 2-D,GINO,0.5633142590522766,11.46125602722168,0.017887115478515625,0.28402620097854014,0.08388129991118455,0.22365038235150084,0.9621017036763893,0.09719207404669586
37,599,4547,990386,210.6887704355034,93.0,0.1528308881446719,787.9885233298637,0.5663676624610307,OpenSees 2-D,1D Base Case,0.5659170150756836,12.756515502929688,0.020489871501922607,0.3910960556343772,0.07426275699373633,0.331391748439756,0.9243696879454111,7.003952176571143e-17
37,599,4547,990386,210.6887704355034,93.0,0.1528308881446719,787.9885233298637,0.5663676624610307,OpenSees 2-D,Pretell's approach,0.6036438345909119,16.324735641479492,0.05821669101715088,0.6377353762723503,0.18150350726311176,0.6610835351069567,0.7120174071502198,0.18824895526955976
37,599,4547,990386,210.6887704355034,93.0,0.1528308881446719,787.9885233298637,0.5663676624610307,OpenSees 2-D,Toro Vs,0.5479472279548645,5.336040457028577,0.0025200843811035156,-0.48046221479502155,0.11423347428475641,0.3118541700989582,0.8763319613635442,
37,599,4547,990386,210.6887704355034,93.0,0.1528308881446719,787.9885233298637,0.5663676624610307,OpenSees 2-D,Passeri tts,0.5659170150756836,11.890645181986502,0.020489871501922607,0.32080586652147725,0.07171615650528608,0.3102824291498648,0.9280671527921083,
37,599,4547,990386,210.6887704355034,93.0,0.1528308881446719,787.9885233298637,0.5663676624610307,OpenSees 2-D,Pretell,0.545427143573761,10.315123693628598,0.0,0.17866503279642845,0.06386057499346356,0.25512024686122736,0.9535497046106529,
37,599,4547,990386,210.6887704355034,93.0,0.1528308881446719,787.9885233298637,0.5663676624610307,OpenSees 2-D,Pretell p84,0.5354620814323425,16.288494914216407,-0.009965062141418457,0.6355129198298206,0.1925243145865037,0.7146401095765019,0.9426662678483164,
38,221,1652,2312806,165.0096656917946,69.0,0.291242990642786,1082.6185914667983,0.5978611075789659,OpenSees 2-D,OpenSees 2-D,0.5329993963241577,12.833483695983887,0.0,0.0,0.0,0.0,1.0,0.17377637865269216
38,221,1652,2312806,165.0096656917946,69.0,0.291242990642786,1082.6185914667983,0.5978611075789659,OpenSees 2-D,GINO,0.5281080007553101,9.849401473999023,-0.004891395568847656,-0.2646469798503891,0.12632239105735132,0.26796325057914955,0.9265638975834842,0.09548664001289371
38,221,1652,2312806,165.0096656917946,69.0,0.291242990642786,1082.6185914667983,0.5978611075789659,OpenSees 2-D,1D Base Case,0.5981041193008423,12.765289306640625,0.06510472297668457,-0.005327954637222327,0.27556161875203067,0.6203072132994393,0.6153493920766577,7.166165874051783e-17
38,221,1652,2312806,165.0096656917946,69.0,0.291242990642786,1082.6185914667983,0.5978611075789659,OpenSees 2-D,Pretell's approach,0.545427143573761,14.808422088623047,0.012427747249603271,0.14313840983173798,0.10811476976277637,0.2602779098179736,0.9500388918773808,0.2103920160385389
38,221,1652,2312806,165.0096656917946,69.0,0.291242990642786,1082.6185914667983,0.5978611075789659,OpenSees 2-D,Toro Vs,0.5791122913360596,5.336060286738068,0.046112895011901855,-0.8775700624633334,0.21651187252450485,0.4589183172638182,0.781349497772419,
38,221,1652,2312806,165.0096656917946,69.0,0.291242990642786,1082.6185914667983,0.5978611075789659,OpenSees 2-D,Passeri tts,0.5981041193008423,11.896533959096585,0.06510472297668457,-0.07581057537672313,0.2732152020340149,0.6013970670747465,0.6274012982484632,
38,221,1652,2312806,165.0096656917946,69.0,0.291242990642786,1082.6185914667983,0.5978611075789659,OpenSees 2-D,Pretell,0.5305480360984802,11.235020744747784,-0.0024513602256774902,-0.13302191705207544,0.09506983977064044,0.20604084682554638,0.9609286136586755,
38,221,1652,2312806,165.0096656917946,69.0,0.291242990642786,1082.6185914667983,0.5978611075789659,OpenSees 2-D,Pretell p84,0.545427143573761,14.385262829703072,0.012427747249603271,0.11414659880453744,0.1732902656712134,0.4231829726946643,0.9558837977902443,
39,654,5056,6201466,155.85309161955587,30.0,0.13990394920110702,1100.9499837906333,1.2987757634962989,OpenSees 2-D,OpenSees 2-D,1.262121319770813,11.460271835327148,0.0,0.0,0.0,0.0,1.0,0.09070828798060973
39,654,5056,6201466,155.85309161955587,30.0,0.13990394920110702,1100.9499837906333,1.2987757634962989,OpenSees 2-D,GINO,1.2915496826171875,8.96199893951416,0.02942836284637451,-0.2458931333328424,0.09734643011122354,0.16398774912752487,0.9735909465148543,0.12299757805178071
39,654,5056,6201466,155.85309161955587,30.0,0.13990394920110702,1100.9499837906333,1.2987757634962989,OpenSees 2-D,1D Base Case,1.29751718044281,12.754644393920898,0.03539586067199707,0.10700904010008275,0.047232151007175205,0.19160357832840197,0.9627384483140586,6.215892015137558e-17
39,654,5056,6201466,155.85309161955587,30.0,0.13990394920110702,1100.9499837906333,1.2987757634962989,OpenSees 2-D,Pretell's approach,1.3216642141342163,14.438568115234375,0.05954289436340332,0.23101653618764895,0.07026782830288913,0.3127182859810748,0.9131361684706858,0.1337373910559085
39,654,5056,6201466,155.85309161955587,30.0,0.13990394920110702,1100.9499837906333,1.2987757634962989,OpenSees 2-D,Toro Vs,1.2563166618347168,5.3360283783429,-0.005804657936096191,-0.7644048044860712,0.07959360204283221,0.378347557705122,0.8904238287504096,
39,654,5056,6201466,155.85309161955587,30.0,0.13990394920110702,1100.9499837906333,1.2987757634962989,OpenSees 2-D,Passeri tts,1.29751718044281,11.889408157836622,0.03539586067199707,0.036761501633855984,0.04636111682732318,0.18081518344242214,0.9655079168504359,
39,654,5056,6201466,155.85309161955587,30.0,0.13990394920110702,1100.9499837906333,1.2987757634962989,OpenSees 2-D,Pretell,1.2563166618347168,11.733248832089865,-0.005804657936096191,0.02354016073408029,0.03161523387505382,0.12384526809003013,0.9841757227247876,
39,654,5056,6201466,155.85309161955587,30.0,0.13990394920110702,1100.9499837906333,1.2987757634962989,OpenSees 2-D,Pretell p84,1.2505385875701904,15.10305444412793,-0.011582732200622559,0.2760105730674915,0.08260395403785276,0.3310252158887306,0.9848432248878997,
40,111,862,8461279,194.48150890276074,54.0,0.18722940273582933,1222.8837500850434,0.9003773560312998,OpenSees 2-D,OpenSees 2-D,0.8490415215492249,10.399325370788574,0.0,0.0,0.0,0.0,1.0,0.1148694773365221
40,111,862,8461279,194.48150890276074,54.0,0.18722940273582933,1222.8837500850434,0.9003773560312998,OpenSees 2-D,GINO,0.8412497043609619,12.589921951293945,-0.0077918171882629395,0.19115571292535247,0.07430614229937839,0.1956877398365589,0.9601470551733835,0.07916254895435258
40,111,862,8461279,194.48150890276074,54.0,0.18722940273582933,1222.8837500850434,0.9003773560312998,OpenSees 2-D,1D Base Case,0.9014776349067688,12.767045974731445,0.052436113357543945,0.20512638204171826,0.10193737267147468,0.3902184836517747,0.838809480460823,6.438565060723784e-17
40,111,862,8461279,194.48150890276074,54.0,0.18722940273582933,1222.8837500850434,0.9003773560312998,OpenSees 2-D,Pretell's approach,0.8373806476593018,15.552796363830566,-0.011660873889923096,0.40249951707921283,0.08326011252336848,0.2740223776272966,0.9503113735562473,0.16042486608294793
40,111,862,8461279,194.48150890276074,54.0,0.18722940273582933,1222.8837500850434,0.9003773560312998,OpenSees 2-D,Toro Vs,0.8728526830673218,5.336011649902206,0.023811161518096924,-0.6672624439739181,0.095791651955522,0.40890145065096767,0.8234275377882967,
40,111,862,8461279,194.48150890276074,54.0,0.18722940273582933,1222.8837500850434,0.9003773560312998,OpenSees 2-D,Passeri tts,0.9014776349067688,11.897848566748046,0.052436113357543945,0.134616655212375,0.10079850944931694,0.37629360089774183,0.8446195569709584,
40,111,862,8461279,194.48150890276074,54.0,0.18722940273582933,1222.8837500850434,0.9003773560312998,OpenSees 2-D,Pretell,0.8412497043609619,11.402130272183093,-0.0077918171882629395,0.09205926807426178,0.05704730077472576,0.1791596471133889,0.9658169991538409,
40,111,862,8461279,194.48150890276074,54.0,0.18722940273582933,1222.8837500850434,0.9003773560312998,OpenSees 2-D,Pretell p84,0.8335294127464294,16.19618703857974,-0.01551210880279541,0.4430349106961528,0.11142933012173584,0.4684817804010316,0.9562770208181945,
41,475,3757,5757004,181.19113888748745,67.0,0.24537545442581177,1053.7421121028358,0.6760863391324159,OpenSees 2-D,OpenSees 2-D,0.6292145848274231,18.797794342041016,0.0,0.0,0.0,0.0,1.0,0.16887114265670333
41,475,3757,5757004,181.19113888748745,67.0,0.24537545442581177,1053.7421121028358,0.6760863391324159,OpenSees 2-D,GINO,0.6263207197189331,16.43343734741211,-0.0028938651084899902,-0.13442141890362114,0.09023663688174867,0.20191581499494568,0.9642130799425188,0.08157257446642707
41,475,3757,5757004,181.19113888748745,67.0,0.24537545442581177,1053.7421121028358,0.6760863391324159,OpenSees 2-D,1D Base Case,0.6773775815963745,12.765886306762695,0.048162996768951416,-0.3869630598676128,0.22544603792356044,0.5238752736556714,0.7306997677964071,6.481709838079175e-17
41,475,3757,5757004,181.19113888748745,67.0,0.24537545442581177,1053.7421121028358,0.6760863391324159,OpenSees 2-D,Pretell's approach,0.5737976431846619,14.909392356872559,-0.05541694164276123,-0.2317481668413005,0.18318120232756144,0.5817562101429755,0.6770412566289407,0.2135534276324039
41,475,3757,5757004,181.19113888748745,67.0,0.24537545442581177,1053.7421121028358,0.6760863391324159,OpenSees 2-D,Toro Vs,0.6558685898780823,5.335932677070998,0.02665400505065918,-1.259275848928338,0.2182879558251083,0.5558577278336146,0.7689102401086159,
41,475,3757,5757004,181.19113888748745,67.0,0.24537545442581177,1053.7421121028358,0.6760863391324159,OpenSees 2-D,Passeri tts,0.6773775815963745,11.897271116786348,0.048162996768951416,-0.4574304848182551,0.22403354425700173,0.5148918682624918,0.7408389371535237,
41,475,3757,5757004,181.19113888748745,67.0,0.24537545442581177,1053.7421121028358,0.6760863391324159,OpenSees 2-D,Pretell,0.6234402060508728,10.610168927941709,-0.005774378776550293,-0.5719266666441887,0.07352530685380282,0.30014646097495523,0.9453129446454469,
41,475,3757,5757004,181.19113888748745,67.0,0.24537545442581177,1053.7421121028358,0.6760863391324159,OpenSees 2-D,Pretell p84,0.6350424885749817,15.012550066591372,0.005827903747558594,-0.22485301832711363,0.16927513974833958,0.30790462420308534,0.9402913989802771,
42,484,3832,5994268,189.73753870077095,82.0,0.25494276024401186,1125.5531570163857,0.5784681057950334,OpenSees 2-D,OpenSees 2-D,0.5113387703895569,11.242657661437988,0.0,0.0,0.0,0.0,1.0,0.16001233579111684
42,484,3832,5994268,189.73753870077095,82.0,0.25494276024401186,1125.5531570163857,0.5784681057950334,OpenSees 2-D,GINO,0.504315972328186,10.392215728759766,-0.00702279806137085,-0.07865822499220937,0.11992211934793841,0.24784712202631554,0.9361826826903211,0.09374223645295827
42,484,3832,5994268,189.73753870077095,82.0,0.25494276024401186,1125.5531570163857,0.5784681057950334,OpenSees 2-D,1D Base Case,0.5791122913360596,12.767007827758789,0.06777352094650269,0.127149066698822,0.268157529110995,0.6408391977539923,0.5727609637598853,6.55681741302732e-17
42,484,3832,5994268,189.73753870077095,82.0,0.25494276024401186,1125.5531570163857,0.5784681057950334,OpenSees 2-D,Pretell's approach,0.5113387703895569,15.436910629272461,0.0,0.3170461725349392,0.0840396524939347,0.30352004573258073,0.9325868463238379,0.19228112942306427
42,484,3832,5994268,189.73753870077095,82.0,0.25494276024401186,1125.5531570163857,0.5784681057950334,OpenSees 2-D,Toro Vs,0.5607234835624695,5.336020955922186,0.0493847131729126,-0.7452350273861855,0.24517236514134333,0.4852307013247806,0.7239406975478773,
42,484,3832,5994268,189.73753870077095,82.0,0.25494276024401186,1125.5531570163857,0.5784681057950334,OpenSees 2-D,Passeri tts,0.5791122913360596,11.897798809167496,0.06777352094650269,0.05663814572457109,0.2665716486693815,0.6226174845109952,0.5845059287845068,
42,484,3832,5994268,189.73753870077095,82.0,0.25494276024401186,1125.5531570163857,0.5784681057950334,OpenSees 2-D,Pretell,0.5160748958587646,11.703479320787972,0.004736125469207764,0.04017091217723857,0.07011239451210566,0.26612589882765564,0.9283480049904922,
42,484,3832,5994268,189.73753870077095,82.0,0.25494276024401186,1125.5531570163857,0.5784681057950334,OpenSees 2-D,Pretell p84,0.5184593796730042,15.450724175477848,0.007120609283447266,0.31794061118093025,0.13698370718426195,0.45810813469748946,0.9254662455505114,
43,329,2547,2168587,214.7478680468775,37.0,0.1573005935177207,1374.5599606957485,1.450999108424848,OpenSees 2-D,OpenSees 2-D,1.3904107809066772,18.890424728393555,0.0,0.0,0.0,0.0,1.0,0.08921378160650541
43,329,2547,2168587,214.7478680468775,37.0,0.1573005935177207,1374.5599606957485,1.450999108424848,OpenSees 2-D,GINO,1.3776507377624512,12.664421081542969,-0.012760043144226074,-0.39985859325318,0.10672369543694006,0.24422986718371895,0.9600143929608712,0.10825869553247254
43,329,2547,2168587,214.7478680468775,37.0,0.1573005935177207,1374.5599606957485,1.450999108424848,OpenSees 2-D,1D Base Case,1.4560060501098633,12.754534721374512,0.06559526920318604,-0.3927682927665116,0.11149021818544422,0.40098225192850967,0.8572647445858559,6.252848652673984e-17
43,329,2547,2168587,214.7478680468775,37.0,0.1573005935177207,1374.5599606957485,1.450999108424848,OpenSees 2-D,Pretell's approach,1.4032890796661377,16.386526107788086,0.01287829875946045,-0.1421957472029601,0.052226042637224676,0.2167319690058743,0.9599736404097837,0.12019451128999932
43,329,2547,2168587,214.7478680468775,37.0,0.1573005935177207,1374.5599606957485,1.450999108424848,OpenSees 2-D,Toro Vs,1.4032890796661377,5.3360119241155095,0.01287829875946045,-1.264176622293723,0.11665258534828706,0.5320056019521716,0.8200123651822088,
43,329,2547,2168587,214.7478680468775,37.0,0.1573005935177207,1374.5599606957485,1.450999108424848,OpenSees 2-D,Passeri tts,1.4560060501098633,11.890383295088622,0.06559526920318604,-0.4629252186147545,0.1113208272836579,0.39846411228115985,0.862483936166409,
43,329,2547,2168587,214.7478680468775,37.0,0.1573005935177207,1374.5599606957485,1.450999108424848,OpenSees 2-D,Pretell,1.4097728729248047,13.166453153120566,0.01936209201812744,-0.3609829986700886,0.04919997224598603,0.22434676177177354,0.9649274578793459,
43,329,2547,2168587,214.7478680468775,37.0,0.1573005935177207,1374.5599606957485,1.450999108424848,OpenSees 2-D,Pretell p84,1.4228304624557495,17.59860294134176,0.032419681549072266,-0.07083564499825472,0.09794929707789535,0.31177854724593335,0.9527994053119544,
44,279,2081,6555177,233.90475631375514,58.0,0.2960107229650021,987.6378811194869,1.0082101565248067,OpenSees 2-D,OpenSees 2-D,0.922497034072876,13.995627403259277,0.0,0.0,0.0,0.0,1.0,0.1414845780808648
44,279,2081,6555177,233.90475631375514,58.0,0.2960107229650021,987.6378811194869,1.0082101565248067,OpenSees 2-D,GINO,0.9014776349067688,20.328659057617188,-0.021019399166107178,0.3732867141739383,0.1602946871384221,0.40654587600591396,0.8867313242204633,0.0951172771599874
44,279,2081,6555177,233.90475631375514,58.0,0.2960107229650021,987.6378811194869,1.0082101565248067,OpenSees 2-D,1D Base Case,1.0115910768508911,12.755607604980469,0.08909404277801514,-0.0927739654212328,0.19364274351175675,0.5272779901960619,0.7035457154759948,5.966805500216341e-17
44,279,2081,6555177,233.90475631375514,58.0,0.2960107229650021,987.6378811194869,1.0082101565248067,OpenSees 2-D,Pretell's approach,0.922497034072876,17.741273880004883,0.0,0.23714883015435953,0.04550417729734247,0.1789976669694035,0.9778680765788945,0.22002875714633466
44,279,2081,6555177,233.90475631375514,58.0,0.2960107229650021,987.6378811194869,1.0082101565248067,OpenSees 2-D,Toro Vs,0.9749649167060852,5.336002653626076,0.05246788263320923,-0.9642681465725469,0.17628541386438967,0.487029170733963,0.8124940114693854,
44,279,2081,6555177,233.90475631375514,58.0,0.2960107229650021,987.6378811194869,1.0082101565248067,OpenSees 2-D,Passeri tts,1.0115910768508911,11.891046679513357,0.08909404277801514,-0.16295921542710992,0.19235611299241356,0.513846176893194,0.715170224159386,
44,279,2081,6555177,233.90475631375514,58.0,0.2960107229650021,987.6378811194869,1.0082101565248067,OpenSees 2-D,Pretell,0.9056428670883179,10.495852722048383,-0.016854166984558105,-0.2877647522057322,0.05538137280989605,0.22116953878706494,0.9628584160159223,
44,279,2081,6555177,233.90475631375514,58.0,0.2960107229650021,987.6378811194869,1.0082101565248067,OpenSees 2-D,Pretell p84,0.8973315954208374,16.985816064126674,-0.025165438652038574,0.1936336941322183,0.17386173478144423,0.4372771402407994,0.9523840304804101,
45,277,2053,7385107,208.7308069285918,30.0,0.10645707994699478,909.3311175461351,1.7394233910715982,OpenSees 2-D,OpenSees 2-D,1.6338539123535156,22.2877254486084,0.0,0.0,0.0,0.0,1.0,0.0804760318718483
45,277,2053,7385107,208.7308069285918,30.0,0.10645707994699478,909.3311175461351,1.7394233910715982,OpenSees 2-D,GINO,1.6040030717849731,24.603002548217773,-0.02985084056854248,0.09883239168456273,0.07872481030684145,0.27676974204458055,0.9485082038255367,0.10839191281135321
45,277,2053,7385107,208.7308069285918,30.0,0.10645707994699478,909.3311175461351,1.7394233910715982,OpenSees 2-D,1D Base Case,1.7427747249603271,12.765827178955078,0.10892081260681152,-0.5572642494724354,0.15116180673030494,0.5332788673234135,0.7483319826231457,6.056755722916978e-17
45,277,2053,7385107,208.7308069285918,30.0,0.10645707994699478,909.3311175461351,1.7394233910715982,OpenSees 2-D,Pretell's approach,1.6566059589385986,16.451335906982422,0.022752046585083008,-0.30362941454635106,0.06008268977511605,0.26417621225952376,0.9541562506937582,0.10664833101359648
45,277,2053,7385107,208.7308069285918,30.0,0.10645707994699478,909.3311175461351,1.7394233910715982,OpenSees 2-D,Toro Vs,1.6874356269836426,5.335930335014573,0.05358171463012695,-1.4295728457401156,0.14595289579269607,0.597300231069474,0.7721663690499252,
45,277,2053,7385107,208.7308069285918,30.0,0.10645707994699478,909.3311175461351,1.7394233910715982,OpenSees 2-D,Passeri tts,1.7427747249603271,11.89723768272883,0.10892081260681152,-0.627729852941327,0.15060960404884685,0.5271821653059646,0.7583615814205907,
45,277,2053,7385107,208.7308069285918,30.0,0.10645707994699478,909.3311175461351,1.7394233910715982,OpenSees 2-D,Pretell,1.6952323913574219,11.684461980888823,0.06137847900390625,-0.645776175250124,0.1031981273017652,0.4182367572440889,0.8695523528113458,
45,277,2053,7385107,208.7308069285918,30.0,0.10645707994699478,909.3311175461351,1.7394233910715982,OpenSees 2-D,Pretell p84,1.7347593307495117,16.149220625478968,0.1009054183959961,-0.3221643085913603,0.10948940587331756,0.45573576551931394,0.8516738113807367,
46,349,2789,692256,197.28912232287496,19.0,0.21059532109647988,1155.8100464383233,2.595909504248355,OpenSees 2-D,OpenSees 2-D,2.26649808883667,8.99471378326416,0.0,0.0,0.0,0.0,1.0,0.10061254927016944
46,349,2789,692256,197.28912232287496,19.0,0.21059532109647988,1155.8100464383233,2.595909504248355,OpenSees 2-D,GINO,2.406475067138672,14.365479469299316,0.13997697830200195,0.46819102212029023,0.08504313478247938,0.44195271495031,0.8856105201893096,0.10729787209994172
46,349,2789,692256,197.28912232287496,19.0,0.21059532109647988,1155.8100464383233,2.595909504248355,OpenSees 2-D,1D Base Case,2.6026477813720703,12.762325286865234,0.3361496925354004,0.3498604464680799,0.15747551393924347,0.585772760268941,0.7038754083141016,5.4976574291455133e-17
46,349,2789,692256,197.28912232287496,19.0,0.21059532109647988,1155.8100464383233,2.595909504248355,OpenSees 2-D,Pretell's approach,2.4968783855438232,15.94542121887207,0.23038029670715332,0.5725346697418129,0.11375146906273065,0.6165440923438096,0.7655750937445375,0.10237261183949951
46,349,2789,692256,197.28912232287496,19.0,0.21059532109647988,1155.8100464383233,2.595909504248355,OpenSees 2-D,Toro Vs,2.5084149837493896,5.335904628133421,0.24191689491271973,-0.5221786121939317,0.1067871158764928,0.3238520291111951,0.8785234300104614,
46,349,2789,692256,197.28912232287496,19.0,0.21059532109647988,1155.8100464383233,2.595909504248355,OpenSees 2-D,Passeri tts,2.6026477813720703,11.895159618908316,0.3361496925354004,0.2794945152975732,0.15634874736605214,0.560110210979679,0.7163571542081959,
46,349,2789,692256,197.28912232287496,19.0,0.21059532109647988,1155.8100464383233,2.595909504248355,OpenSees 2-D,Pretell,2.4175941944122314,9.064378104514947,0.15109610557556152,0.007715190469438206,0.04763350726874673,0.2390054555969576,0.9443076433878721,
46,349,2789,692256,197.28912232287496,19.0,0.21059532109647988,1155.8100464383233,2.595909504248355,OpenSees 2-D,Pretell p84,2.473964214324951,14.329486666727878,0.20746612548828125,0.46568237155928077,0.14460879434946694,0.6954754515068771,0.9327423104196687,
47,956,7360,3480130,114.2589674732085,92.0,0.25663432069122794,1038.1516395347062,0.3104863246554579,OpenSees 2-D,OpenSees 2-D,0.27697619795799255,11.423765182495117,0.0,0.0,0.0,0.0,1.0,0.28159358710748816
47,956,7360,3480130,114.2589674732085,92.0,0.25663432069122794,1038.1516395347062,0.3104863246554579,OpenSees 2-D,GINO,0.2757023274898529,8.068475723266602,-0.0012738704681396484,-0.3477312680662348,0.20632158313121923,0.3858785231844591,0.8534869794476786,0.20553380204245578
47,956,7360,3480130,114.2589674732085,92.0,0.25663432069122794,1038.1516395347062,0.3104863246554579,OpenSees 2-D,1D Base Case,0.3108082115650177,12.766944885253906,0.033832013607025146,0.11116354922727277,0.3857034178031229,0.6635375908919103,0.5513300132825606,8.788702800444336e-17
47,956,7360,3480130,114.2589674732085,92.0,0.25663432069122794,1038.1516395347062,0.3104863246554579,OpenSees 2-D,Pretell's approach,0.2681812644004822,13.500250816345215,-0.008794933557510376,0.1670124136279328,0.24403941330690704,0.4269838313592578,0.8343408439650865,0.2809861124606581
47,956,7360,3480130,114.2589674732085,92.0,0.25663432069122794,1038.1516395347062,0.3104863246554579,OpenSees 2-D,Toro Vs,0.30093899369239807,5.336027024483931,0.023962795734405518,-0.7612144774734424,0.3247684446864705,0.5377812202436294,0.698791452516548,
47,956,7360,3480130,114.2589674732085,92.0,0.25663432069122794,1038.1516395347062,0.3104863246554579,OpenSees 2-D,Passeri tts,0.3108082115650177,11.897740287846661,0.033832013607025146,0.040652639675767675,0.3813421826121062,0.6474614492474602,0.5638358668988822,
47,956,7360,3480130,114.2589674732085,92.0,0.25663432069122794,1038.1516395347062,0.3104863246554579,OpenSees 2-D,Pretell,0.2757023274898529,8.074059809009313,-0.0012738704681396484,-0.34703942062327486,0.209042048646545,0.4056132251354844,0.849161179955631,
47,956,7360,3480130,114.2589674732085,92.0,0.25663432069122794,1038.1516395347062,0.3104863246554579,OpenSees 2-D,Pretell p84,0.2757023274898529,12.552086175737404,-0.0012738704681396484,0.09419103027328443,0.25643928583082226,0.4882323519764079,0.8346505870451729,
48,187,1395,6534392,189.7341404244504,24.0,0.28558460790663953,895.9073790000466,1.976397296088025,OpenSees 2-D,OpenSees 2-D,1.964686632156372,8.800627708435059,0.0,0.0,0.0,0.0,1.0,0.15107941693855578
48,187,1395,6534392,189.7341404244504,24.0,0.28558460790663953,895.9073790000466,1.976397296088025,OpenSees 2-D,GINO,1.7752079963684082,5.9921183586120605,-0.18947863578796387,-0.3843780506520372,0.13913485863728622,0.3382241746343596,0.866718382104036,0.17216294275374275
48,187,1395,6534392,189.7341404244504,24.0,0.28558460790663953,895.9073790000466,1.976397296088025,OpenSees 2-D,1D Base Case,1.9828839302062988,12.756364822387695,0.018197298049926758,0.37120729935634295,0.06747340418124793,0.2951939769186564,0.9243470966585582,6.019560225405494e-17
48,187,1395,6534392,189.7341404244504,24.0,0.28558460790663953,895.9073790000466,1.976397296088025,OpenSees 2-D,Pretell's approach,1.9199206829071045,14.943493843078613,-0.04476594924926758,0.529452961224963,0.05957446112956511,0.33816989898412175,0.9342043184051427,0.18489886096117208
48,187,1395,6534392,189.7341404244504,24.0,0.28558460790663953,895.9073790000466,1.976397296088025,OpenSees 2-D,Toro Vs,1.911090612411499,5.335995373841521,-0.05359601974487305,-0.5003476078025277,0.06951278853354967,0.2949634087692285,0.9324268569226313,
48,187,1395,6534392,189.7341404244504,24.0,0.28558460790663953,895.9073790000466,1.976397296088025,OpenSees 2-D,Passeri tts,1.9828839302062988,11.891513538789244,0.018197298049926758,0.30100194826133664,0.06540161185918576,0.27199900363397594,0.9312972586772819,
48,187,1395,6534392,189.7341404244504,24.0,0.28558460790663953,895.9073790000466,1.976397296088025,OpenSees 2-D,Pretell,1.6796748638153076,7.709923792754716,-0.28501176834106445,-0.1323147461260644,0.13350985053281925,0.3435201379075055,0.8496337122915577,
48,187,1395,6534392,189.7341404244504,24.0,0.28558460790663953,895.9073790000466,1.976397296088025,OpenSees 2-D,Pretell p84,1.6489869356155396,13.206798914239174,-0.3156996965408325,0.4059087168059829,0.19937340640232168,0.6800937920400705,0.8766829310774069,
49,65,551,3936305,131.82879545966745,22.0,0.19828367456793783,1036.0135123697632,1.4980544938598575,OpenSees 2-D,OpenSees 2-D,1.309535026550293,11.326830863952637,0.0,0.0,0.0,0.0,1.0,0.17019815320413334
49,65,551,3936305,131.82879545966745,22.0,0.19828367456793783,1036.0135123697632,1.4980544938598575,OpenSees 2-D,GINO,1.3155856132507324,11.755792617797852,0.006050586700439453,0.03717178386610142,0.137795698946292,0.26331304445035925,0.9344500573688558,0.1797932291646934
49,65,551,3936305,131.82879545966745,22.0,0.19828367456793783,1036.0135123697632,1.4980544938598575,OpenSees 2-D,1D Base Case,1.4968392848968506,12.756354331970215,0.18730425834655762,0.11885520243914545,0.23072391314127183,0.7585485219605874,0.45614284729413956,5.81129654668677e-17
49,65,551,3936305,131.82879545966745,22.0,0.19828367456793783,1036.0135123697632,1.4980544938598575,OpenSees 2-D,Pretell's approach,1.4560060501098633,14.080997467041016,0.1464710235595703,0.21765186705648906,0.18586643891681706,0.7043990282478139,0.5818121817645491,0.1915649543108539
49,65,551,3936305,131.82879545966745,22.0,0.19828367456793783,1036.0135123697632,1.4980544938598575,OpenSees 2-D,Toro Vs,1.4493095874786377,5.3360394735836,0.13977456092834473,-0.7526906178097036,0.17558226754106276,0.4782671171340904,0.6968253390880518,
49,65,551,3936305,131.82879545966745,22.0,0.19828367456793783,1036.0135123697632,1.4980544938598575,OpenSees 2-D,Passeri tts,1.4968392848968506,11.89053848281864,0.18730425834655762,0.048568674398169434,0.22943999309978444,0.735025915417809,0.4700738316361442,
49,65,551,3936305,131.82879545966745,22.0,0.19828367456793783,1036.0135123697632,1.4980544938598575,OpenSees 2-D,Pretell,1.416286587715149,6.819980839388382,0.10675156116485596,-0.5073176616162103,0.11444849587957012,0.37910903668456075,0.8225106629904472,
49,65,551,3936305,131.82879545966745,22.0,0.19828367456793783,1036.0135123697632,1.4980544938598575,OpenSees 2-D,Pretell p84,1.4694918394088745,11.830211800349876,0.15995681285858154,0.043482257500638555,0.20893275502668696,0.7118183720869211,0.7703610846661011,
50,974,7514,2486904,264.14721504428144,37.0,0.2812460053712129,989.6374036043122,1.7847784800289286,OpenSees 2-D,OpenSees 2-D,1.483102560043335,229.00604248046875,0.0,0.0,0.0,0.0,1.0,0.22869200916689056
50,974,7514,2486904,264.14721504428144,37.0,0.2812460053712129,989.6374036043122,1.7847784800289286,OpenSees 2-D,GINO,1.5459277629852295,28.753158569335938,0.06282520294189453,-2.075000765093637,0.260937015677303,0.8291595172111612,0.5789312605546248,0.21580416084795948
50,974,7514,2486904,264.14721504428144,37.0,0.2812460053712129,989.6374036043122,1.7847784800289286,OpenSees 2-D,1D Base Case,1.7834101915359497,12.756814002990723,0.30030763149261475,-2.8876828291298784,0.4366295616125217,0.9581973818358771,0.16204109127558022,6.007517238756016e-17
50,974,7514,2486904,264.14721504428144,37.0,0.2812460053712129,989.6374036043122,1.7847784800289286,OpenSees 2-D,Pretell's approach,1.4294044971466064,22.077072143554688,-0.053698062896728516,-2.339208779161353,0.15536892255879234,0.8637341257427795,0.5540488096321387,0.25392597988970983
50,974,7514,2486904,264.14721504428144,37.0,0.2812460053712129,989.6374036043122,1.7847784800289286,OpenSees 2-D,Toro Vs,1.726780891418457,5.336042251162231,0.24367833137512207,-3.7592641628678924,0.38972351499887514,0.9473687177321006,0.32882627907270895,
50,974,7514,2486904,264.14721504428144,37.0,0.2812460053712129,989.6374036043122,1.7847784800289286,OpenSees 2-D,Passeri tts,1.7834101915359497,11.890842815915597,0.30030763149261475,-2.9579797969596027,0.43553325045013136,0.9575088281616229,0.16736669359177087,
50,974,7514,2486904,264.14721504428144,37.0,0.2812460053712129,989.6374036043122,1.7847784800289286,OpenSees 2-D,Pretell,1.703065037727356,5.709124607251871,0.219962477684021,-3.691682686381238,0.3019967670018653,0.9373465247360852,0.4034024312917779,
50,974,7514,2486904,264.14721504428144,37.0,0.2812460053712129,989.6374036043122,1.7847784800289286,OpenSees 2-D,Pretell p84,1.718839168548584,12.800283444307958,0.23573660850524902,-2.884281074816764,0.32375825931993985,0.9116233741052137,0.34464654021901214,
51,611,4723,1121700,176.7226450134401,84.0,0.10420899577438832,1086.0182527087534,0.5259602530161908,OpenSees 2-D,OpenSees 2-D,0.5184593796730042,12.620603561401367,0.0,0.0,0.0,0.0,1.0,0.07931834436230936
51,611,4723,1121700,176.7226450134401,84.0,0.10420899577438832,1086.0182527087534,0.5259602530161908,OpenSees 2-D,GINO,0.5184593796730042,14.143167495727539,0.0,0.11390096322683058,0.07276059041961556,0.171345768841192,0.9721391974478524,0.07617109210990596
51,611,4723,1121700,176.7226450134401,84.0,0.10420899577438832,1086.0182527087534,0.5259602530161908,OpenSees 2-D,1D Base Case,0.5256791114807129,12.75904655456543,0.00721973180770874,0.01090987194178904,0.06788365090920233,0.26753191143624766,0.9301613354994165,7.400270869141988e-17
51,611,4723,1121700,176.7226450134401,84.0,0.10420899577438832,1086.0182527087534,0.5259602530161908,OpenSees 2-D,Pretell's approach,0.5281080007553101,15.260772705078125,0.009648621082305908,0.18995497880185336,0.05864718143512829,0.2719826033401318,0.9333033699971481,0.1092935690846089
51,611,4723,1121700,176.7226450134401,84.0,0.10420899577438832,1086.0182527087534,0.5259602530161908,OpenSees 2-D,Toro Vs,0.5089870095252991,5.336054218901754,-0.009472370147705078,-0.8608442122287306,0.15572278557811908,0.4793179257666979,0.7817128589402949,
51,611,4723,1121700,176.7226450134401,84.0,0.10420899577438832,1086.0182527087534,0.5259602530161908,OpenSees 2-D,Passeri tts,0.5256791114807129,11.892324184862254,0.00721973180770874,-0.05943751623778902,0.06824897666439463,0.27526383763807916,0.9258064964619266,
51,611,4723,1121700,176.7226450134401,84.0,0.10420899577438832,1086.0182527087534,0.5259602530161908,OpenSees 2-D,Pretell,0.5208548307418823,12.849676198993208,0.002395451068878174,0.01798793074778316,0.04819085182710062,0.2370692463231576,0.9441479742416828,
51,611,4723,1121700,176.7226450134401,84.0,0.10420899577438832,1086.0182527087534,0.5259602530161908,OpenSees 2-D,Pretell p84,0.5137013792991638,15.664141820940207,-0.004758000373840332,0.21604345793467486,0.09630720437609092,0.3497143392114545,0.9360163405627927,
52,583,4446,2533076,173.18461406963465,28.0,0.22759547922760248,1274.164890998728,1.5462911970503093,OpenSees 2-D,OpenSees 2-D,1.4627333879470825,12.461036682128906,0.0,0.0,0.0,0.0,1.0,0.12778899793251283
52,583,4446,2533076,173.18461406963465,28.0,0.22759547922760248,1274.164890998728,1.5462911970503093,OpenSees 2-D,GINO,1.4627333879470825,11.246042251586914,0.0,-0.10259044381582454,0.07691953750476668,0.14051741605980017,0.9792630365176723,0.10311239283673257
52,583,4446,2533076,173.18461406963465,28.0,0.22759547922760248,1274.164890998728,1.5462911970503093,OpenSees 2-D,1D Base Case,1.5459277629852295,12.76152229309082,0.08319437503814697,0.023827862055870078,0.09790193806198673,0.37092381411459635,0.8622076659258998,6.543352376293773e-17
52,583,4446,2533076,173.18461406963465,28.0,0.22759547922760248,1274.164890998728,1.5462911970503093,OpenSees 2-D,Pretell's approach,1.531740427017212,15.090344429016113,0.0690070390701294,0.19144838679254683,0.08300468530879476,0.354031595899249,0.9013127959694622,0.15283579346707102
52,583,4446,2533076,173.18461406963465,28.0,0.22759547922760248,1274.164890998728,1.5462911970503093,OpenSees 2-D,Toro Vs,1.4968392848968506,5.336063494039545,0.034105896949768066,-0.8481185029858742,0.0884409374400024,0.40852915643080456,0.8485667448330169,
52,583,4446,2533076,173.18461406963465,28.0,0.22759547922760248,1274.164890998728,1.5462911970503093,OpenSees 2-D,Passeri tts,1.5459277629852295,11.893976748159611,0.08319437503814697,-0.04657459435057619,0.09694498336662369,0.3563794171959423,0.8682199852221782,
52,583,4446,2533076,173.18461406963465,28.0,0.22759547922760248,1274.164890998728,1.5462911970503093,OpenSees 2-D,Pretell,1.4762815237045288,11.711996180548478,0.013548135757446289,-0.061993079606694444,0.05970527075487608,0.18494149004074853,0.9659331471190573,
52,583,4446,2533076,173.18461406963465,28.0,0.22759547922760248,1274.164890998728,1.5462911970503093,OpenSees 2-D,Pretell p84,1.4899550676345825,15.893660732625648,0.0272216796875,0.24331362295327427,0.13582585640075093,0.462600761199437,0.959470553644501,
53,948,7306,572908,206.45344541595438,81.0,0.12402570731937886,1105.6192977485405,0.6372019920245505,OpenSees 2-D,OpenSees 2-D,0.6263207197189331,14.113068580627441,0.0,0.0,0.0,0.0,1.0,0.08037504924635772
53,948,7306,572908,206.45344541595438,81.0,0.12402570731937886,1105.6192977485405,0.6372019920245505,OpenSees 2-D,GINO,0.6350424885749817,16.65711784362793,0.008721768856048584,0.1657364053769016,0.08680697202858263,0.23346516626615105,0.9563353647980917,0.08178823284541216
53,948,7306,572908,206.45344541595438,81.0,0.12402570731937886,1105.6192977485405,0.6372019920245505,OpenSees 2-D,1D Base Case,0.6379767060279846,12.767045021057129,0.011655986309051514,-0.10023397462057225,0.07663991836149467,0.25473013068719336,0.9432484201382076,7.016334011092216e-17
53,948,7306,572908,206.45344541595438,81.0,0.12402570731937886,1105.6192977485405,0.6372019920245505,OpenSees 2-D,Pretell's approach,0.6409243941307068,16.396581649780273,0.014603674411773682,0.14997165930128786,0.060578150698868405,0.2341218155996929,0.9497932945579382,0.08064219063142804
53,948,7306,572908,206.45344541595438,81.0,0.12402570731937886,1105.6192977485405,0.6372019920245505,OpenSees 2-D,Toro Vs,0.6177187561988831,5.336012212034369,-0.008601963520050049,-0.9726226205912156,0.14667850089601314,0.47947960073520157,0.8095942805374438,
53,948,7306,572908,206.45344541595438,81.0,0.12402570731937886,1105.6192977485405,0.6372019920245505,OpenSees 2-D,Passeri tts,0.6379767060279846,11.89784675047459,0.011655986309051514,-0.17074377940742624,0.07701797244866823,0.2612082009635725,0.9417202796760891,
53,948,7306,572908,206.45344541595438,81.0,0.12402570731937886,1105.6192977485405,0.6372019920245505,OpenSees 2-D,Pretell,0.6321218609809875,15.105384309576046,0.005801141262054443,0.06795003924154062,0.04160755100323856,0.1839416830289256,0.9690859336122717,
53,948,7306,572908,206.45344541595438,81.0,0.12402570731937886,1105.6192977485405,0.6372019920245505,OpenSees 2-D,Pretell p84,0.6379767060279846,17.22039005910061,0.011655986309051514,0.19899293244470054,0.05530647777819226,0.23621720373309724,0.9740173343769303,
54,69,590,8006965,153.7319045966208,80.0,0.12934833355247974,877.634440604738,0.48041220186444,OpenSees 2-D,OpenSees 2-D,0.4663034975528717,13.980359077453613,0.0,0.0,0.0,0.0,1.0,0.09779549876451653
54,69,590,8006965,153.7319045966208,80.0,0.12934833355247974,877.634440604738,0.48041220186444,OpenSees 2-D,GINO,0.4706224799156189,16.525619506835938,0.004318982362747192,0.16725845254395327,0.06711351583997774,0.13761232301365636,0.9865905050259762,0.07522410083400448
54,69,590,8006965,153.7319045966208,80.0,0.12934833355247974,877.634440604738,0.48041220186444,OpenSees 2-D,1D Base Case,0.4815957844257355,12.763197898864746,0.01529228687286377,-0.09108755600809965,0.12409798763736557,0.3562385752473264,0.8824241934475924,7.599374545561362e-17
54,69,590,8006965,153.7319045966208,80.0,0.12934833355247974,877.634440604738,0.48041220186444,OpenSees 2-D,Pretell's approach,0.4663034975528717,14.408341407775879,0.0,0.030153881743631185,0.06038262322354835,0.2720644850502925,0.9352179636429704,0.10879589190278927
54,69,590,8006965,153.7319045966208,80.0,0.12934833355247974,877.634440604738,0.48041220186444,OpenSees 2-D,Toro Vs,0.46415889263153076,5.335882813257238,-0.0021446049213409424,-0.9631990747196634,0.19361379049492985,0.5285025274738179,0.7708983483900796,
54,69,590,8006965,153.7319045966208,80.0,0.12934833355247974,877.634440604738,0.48041220186444,OpenSees 2-D,Passeri tts,0.4815957844257355,11.895685276660577,0.01529228687286377,-0.16147766898274374,0.12539622337960132,0.3598327665180507,0.8815464766777754,
54,69,590,8006965,153.7319045966208,80.0,0.12934833355247974,877.634440604738,0.48041220186444,OpenSees 2-D,Pretell,0.4663034975528717,12.922051282645953,0.0,-0.07871816779952456,0.06063310322876642,0.27358631700970126,0.9343006075382961,
54,69,590,8006965,153.7319045966208,80.0,0.12934833355247974,877.634440604738,0.48041220186444,OpenSees 2-D,Pretell p84,0.46202412247657776,14.877297741784254,-0.004279375076293945,0.06218298798001513,0.09885841186077965,0.29283228862048566,0.930224744728253,
55,410,3290,7960604,187.05827051427812,49.0,0.11222179047763348,1055.7186211362693,0.9543789311952965,OpenSees 2-D,OpenSees 2-D,0.9267593026161194,15.556777000427246,0.0,0.0,0.0,0.0,1.0,0.05425057795724524
55,410,3290,7960604,187.05827051427812,49.0,0.11222179047763348,1055.7186211362693,0.9543789311952965,OpenSees 2-D,GINO,0.9396648406982422,15.391758918762207,0.012905538082122803,-0.010664132608116281,0.06546170640103038,0.09687897059962182,0.9931731837324063,0.0701033704536788
55,410,3290,7960604,187.05827051427812,49.0,0.11222179047763348,1055.7186211362693,0.9543789311952965,OpenSees 2-D,1D Base Case,0.9571521282196045,12.759929656982422,0.030392825603485107,-0.19818659852069784,0.0839095616451507,0.28661668534688456,0.9315817831283476,6.708182423733778e-17
55,410,3290,7960604,187.05827051427812,49.0,0.11222179047763348,1055.7186211362693,0.9543789311952965,OpenSees 2-D,Pretell's approach,0.9267593026161194,15.411113739013672,0.0,-0.009407443141928847,0.027703512273314034,0.154038531431813,0.980024552216311,0.07945367936502165
55,410,3290,7960604,187.05827051427812,49.0,0.11222179047763348,1055.7186211362693,0.9543789311952965,OpenSees 2-D,Toro Vs,0.922497034072876,5.335950307044121,-0.004262268543243408,-1.0700293678493564,0.12798824163365208,0.5094399763708033,0.8168270435178075,
55,410,3290,7960604,187.05827051427812,49.0,0.11222179047763348,1055.7186211362693,0.9543789311952965,OpenSees 2-D,Passeri tts,0.9571521282196045,11.893702327870027,0.030392825603485107,-0.2684873197586558,0.08505967912180712,0.2937396716758072,0.9309341805075856,
55,410,3290,7960604,187.05827051427812,49.0,0.11222179047763348,1055.7186211362693,0.9543789311952965,OpenSees 2-D,Pretell,0.9353431463241577,13.813118279757335,0.00858384370803833,-0.11887762303493317,0.0373256706813713,0.17385471144370443,0.976742090696567,
55,410,3290,7960604,187.05827051427812,49.0,0.11222179047763348,1055.7186211362693,0.9543789311952965,OpenSees 2-D,Pretell p84,0.9396648406982422,15.818989928958594,0.012905538082122803,0.016714748927664145,0.05832723474656082,0.19915963688077853,0.9734334759449945,
56,689,5334,3017912,160.31606648834193,88.0,0.286337204836309,994.4471206508136,0.4554433707055168,OpenSees 2-D,OpenSees 2-D,1.1997177600860596,17.481250762939453,0.0,0.0,0.0,0.0,1.0,0.20301488160544376
56,689,5334,3017912,160.31606648834193,88.0,0.286337204836309,994.4471206508136,0.4554433707055168,OpenSees 2-D,GINO,0.40420958399772644,11.000992774963379,-0.7955081760883331,-0.46314340061615505,0.2268405246897307,0.43442688026790194,0.8506346273049293,0.14092912755426285
56,689,5334,3017912,160.31606648834193,88.0,0.286337204836309,994.4471206508136,0.4554433707055168,OpenSees 2-D,1D Base Case,0.4556786119937897,12.765724182128906,-0.7440391480922699,-0.31436514067218957,0.3907844795218665,0.6380905142935525,0.5990986041690013,7.32822403480448e-17
56,689,5334,3017912,160.31606648834193,88.0,0.286337204836309,994.4471206508136,0.4554433707055168,OpenSees 2-D,Pretell's approach,0.3859993517398834,14.93790054321289,-0.8137184083461761,-0.15722727767081413,0.3013945030688872,0.608810490359781,0.6576808647673257,0.22136604636111185
56,689,5334,3017912,160.31606648834193,88.0,0.286337204836309,994.4471206508136,0.4554433707055168,OpenSees 2-D,Toro Vs,0.4412092864513397,5.336056611312202,-0.7585084736347198,-1.1866420037380088,0.3272500259095127,0.6116974718918773,0.7092793753832353,
56,689,5334,3017912,160.31606648834193,88.0,0.286337204836309,994.4471206508136,0.4554433707055168,OpenSees 2-D,Passeri tts,0.4556786119937897,11.896837898430203,-0.7440391480922699,-0.38485627962550456,0.38699174143333537,0.628968629618644,0.6104714770367484,
56,689,5334,3017912,160.31606648834193,88.0,0.286337204836309,994.4471206508136,0.4554433707055168,OpenSees 2-D,Pretell,0.41746553778648376,10.23108621926173,-0.7822522222995758,-0.5356981674935921,0.16001797834056655,0.43036535974150814,0.870545216024712,
56,689,5334,3017912,160.31606648834193,88.0,0.286337204836309,994.4471206508136,0.4554433707055168,OpenSees 2-D,Pretell p84,0.4213321805000305,14.659534631315871,-0.778385579586029,-0.17603796976893288,0.21019673138966757,0.4169030469903128,0.8605506457685538,
57,637,4929,3799971,162.21536391785304,25.0,0.17284680232405664,1334.9557692571439,1.6221536391785305,OpenSees 2-D,OpenSees 2-D,1.8082449436187744,8.73812484741211,0.0,0.0,0.0,0.0,1.0,0.11192274981474823
57,637,4929,3799971,162.21536391785304,25.0,0.17284680232405664,1334.9557692571439,1.6221536391785305,OpenSees 2-D,GINO,1.7999285459518433,8.369464874267578,-0.008316397666931152,-0.04310566961936602,0.12828878432004592,0.23059628743732835,0.9318159029016595,0.14924281294642447
57,637,4929,3799971,162.21536391785304,25.0,0.17284680232405664,1334.9557692571439,1.6221536391785305,OpenSees 2-D,1D Base Case,1.6263395547866821,12.762431144714355,-0.18190538883209229,0.37881017005337136,0.2203122893737776,0.4909508692143826,0.7410130388817824,5.803470410701629e-17
57,637,4929,3799971,162.21536391785304,25.0,0.17284680232405664,1334.9557692571439,1.6221536391785305,OpenSees 2-D,Pretell's approach,1.841896653175354,15.617364883422852,0.03365170955657959,0.5806878104368135,0.05650415181053679,0.3556144841391874,0.9264366251587528,0.1427840228152094
57,637,4929,3799971,162.21536391785304,25.0,0.17284680232405664,1334.9557692571439,1.6221536391785305,OpenSees 2-D,Toro Vs,1.5674554109573364,5.335902172707594,-0.240789532661438,-0.4932376433029748,0.20134839081765926,0.4480661916826544,0.7413326518035546,
57,637,4929,3799971,162.21536391785304,25.0,0.17284680232405664,1334.9557692571439,1.6221536391785305,OpenSees 2-D,Passeri tts,1.6263395547866821,11.895223271429533,-0.18190538883209229,0.30844129547276417,0.21830603416494807,0.4751031385310775,0.7484931414685332,
57,637,4929,3799971,162.21536391785304,25.0,0.17284680232405664,1334.9557692571439,1.6221536391785305,OpenSees 2-D,Pretell,1.6263395547866821,7.348896805440348,-0.18190538883209229,-0.17314541083610985,0.2030559317715006,0.3864429350669315,0.8049479809797117,
57,637,4929,3799971,162.21536391785304,25.0,0.17284680232405664,1334.9557692571439,1.6221536391785305,OpenSees 2-D,Pretell p84,1.6566059589385986,12.307820422602127,-0.15163898468017578,0.3425392487568994,0.20941750036994236,0.6001113549646251,0.8292734875851171,
58,177,1286,1019002,155.18901866887444,47.0,0.15582897420972586,959.1791661360843,0.8254735035578428,OpenSees 2-D,OpenSees 2-D,0.7850456237792969,15.67735481262207,0.0,0.0,0.0,0.0,1.0,0.09245866491296269
58,177,1286,1019002,155.18901866887444,47.0,0.15582897420972586,959.1791661360843,0.8254735035578428,OpenSees 2-D,GINO,0.7886728644371033,13.87704086303711,0.0036272406578063965,-0.12198156447267317,0.0732215064420676,0.16242892123638927,0.9773038031528567,0.07782925628301514
58,177,1286,1019002,155.18901866887444,47.0,0.15582897420972586,959.1791661360843,0.8254735035578428,OpenSees 2-D,1D Base Case,0.8258799314498901,12.765633583068848,0.04083430767059326,-0.2054606186585039,0.13461029588774653,0.39271053590539645,0.8528504903825471,6.292660500144834e-17
58,177,1286,1019002,155.18901866887444,47.0,0.15582897420972586,959.1791661360843,0.8254735035578428,OpenSees 2-D,Pretell's approach,0.7671580910682678,14.230228424072266,-0.017887532711029053,-0.09684883825460137,0.06062267562461623,0.2678844439597661,0.937828625114271,0.12151098903509412
58,177,1286,1019002,155.18901866887444,47.0,0.15582897420972586,959.1791661360843,0.8254735035578428,OpenSees 2-D,Toro Vs,0.7996554374694824,5.336057497138286,0.014609813690185547,-1.0777302186354762,0.16366187215175876,0.5260130662856235,0.7905634419619448,
58,177,1286,1019002,155.18901866887444,47.0,0.15582897420972586,959.1791661360843,0.8254735035578428,OpenSees 2-D,Passeri tts,0.8258799314498901,11.896774567285894,0.04083430767059326,-0.2759499839041903,0.13511227151010202,0.3912599059506186,0.8561723987009623,
58,177,1286,1019002,155.18901866887444,47.0,0.15582897420972586,959.1791661360843,0.8254735035578428,OpenSees 2-D,Pretell,0.7886728644371033,12.28173989841969,0.0036272406578063965,-0.24410370429490014,0.05054002829174672,0.24245075135473082,0.9582236736682539,
58,177,1286,1019002,155.18901866887444,47.0,0.15582897420972586,959.1791661360843,0.8254735035578428,OpenSees 2-D,Pretell p84,0.7742636799812317,14.440175517212921,-0.010781943798065186,-0.082203014194059,0.08186254596734263,0.2365394579923661,0.9535847829439377,
59,736,5687,5873880,276.0262964964348,25.0,0.2678596438840032,1108.5087479781032,2.760262964964348,OpenSees 2-D,OpenSees 2-D,2.6510837078094482,7.613359451293945,0.0,0.0,0.0,0.0,1.0,0.14110076058820295
59,736,5687,5873880,276.0262964964348,25.0,0.2678596438840032,1108.5087479781032,2.760262964964348,OpenSees 2-D,GINO,2.614673137664795,7.001537322998047,-0.03641057014465332,-0.08377478415500787,0.10977365129842684,0.24874473007935619,0.9204141605010845,0.14212824554541714
59,736,5687,5873880,276.0262964964348,25.0,0.2678596438840032,1108.5087479781032,2.760262964964348,OpenSees 2-D,1D Base Case,2.76338529586792,12.76701831817627,0.11230158805847168,0.5169606249747541,0.10987967605634404,0.4418239005627495,0.8784242996252403,5.628440903454534e-17
59,736,5687,5873880,276.0262964964348,25.0,0.2678596438840032,1108.5087479781032,2.760262964964348,OpenSees 2-D,Pretell's approach,2.8937530517578125,20.131275177001953,0.24266934394836426,0.9723700580702823,0.1862849642763726,0.875804259258695,0.714414731855027,0.16961205734889473
59,736,5687,5873880,276.0262964964348,25.0,0.2678596438840032,1108.5087479781032,2.760262964964348,OpenSees 2-D,Toro Vs,2.675638437271118,5.336019503673637,0.024554729461669922,-0.3554245629511682,0.0678590637359694,0.23143550361052526,0.9325766421472435,
59,736,5687,5873880,276.0262964964348,25.0,0.2678596438840032,1108.5087479781032,2.760262964964348,OpenSees 2-D,Passeri tts,2.76338529586792,11.897809473339006,0.11230158805847168,0.4464497786333391,0.10815937909344668,0.41479166424191727,0.8854878472369698,
59,736,5687,5873880,276.0262964964348,25.0,0.2678596438840032,1108.5087479781032,2.760262964964348,OpenSees 2-D,Pretell,2.308677911758423,6.984443670082961,-0.3424057960510254,-0.08621918350531177,0.1100518845732071,0.24845348660460775,0.9314253446955362,
59,736,5687,5873880,276.0262964964348,25.0,0.2678596438840032,1108.5087479781032,2.760262964964348,OpenSees 2-D,Pretell p84,2.700420618057251,14.639907582004245,0.049336910247802734,0.65384666913955,0.25807137164390426,0.9409833587033366,0.9356122493243126,
60,982,7571,93315,115.01111468549821,22.0,0.2216604843735695,1104.9944564163814,1.3069444850624796,OpenSees 2-D,OpenSees 2-D,1.1195642948150635,9.067824363708496,0.0,0.0,0.0,0.0,1.0,0.1776751766449768
60,982,7571,93315,115.01111468549821,22.0,0.2216604843735695,1104.9944564163814,1.3069444850624796,OpenSees 2-D,GINO,1.166989803314209,11.76137924194336,0.04742550849914551,0.2600888544153457,0.09512404962843352,0.33830205191793256,0.9181373796773684,0.10942207198946033
60,982,7571,93315,115.01111468549821,22.0,0.2216604843735695,1104.9944564163814,1.3069444850624796,OpenSees 2-D,1D Base Case,1.309535026550293,12.765624046325684,0.1899707317352295,0.3420235731376349,0.21140726547722843,0.7151020756608597,0.5519582481412316,6.275693109590948e-17
60,982,7571,93315,115.01111468549821,22.0,0.2216604843735695,1104.9944564163814,1.3069444850624796,OpenSees 2-D,Pretell's approach,1.194200038909912,13.3001127243042,0.07463574409484863,0.3830401470471252,0.08047849781227012,0.45648485711238046,0.8478251861786511,0.17898471538258912
60,982,7571,93315,115.01111468549821,22.0,0.2216604843735695,1104.9944564163814,1.3069444850624796,OpenSees 2-D,Toro Vs,1.267952799797058,5.335922410791637,0.14838850498199463,-0.5302705958548692,0.16844925785943987,0.4179948840183636,0.7632019036661319,
60,982,7571,93315,115.01111468549821,22.0,0.2216604843735695,1104.9944564163814,1.3069444850624796,OpenSees 2-D,Passeri tts,1.309535026550293,11.897120907502247,0.1899707317352295,0.27156406664285865,0.2103833582982051,0.6904419650064294,0.5639225683149318,
60,982,7571,93315,115.01111468549821,22.0,0.2216604843735695,1104.9944564163814,1.3069444850624796,OpenSees 2-D,Pretell,1.150962233543396,9.583663831916065,0.03139793872833252,0.05532760113296637,0.0655213011411401,0.2447665211814472,0.939223224742854,
60,982,7571,93315,115.01111468549821,22.0,0.2216604843735695,1104.9944564163814,1.3069444850624796,OpenSees 2-D,Pretell p84,1.1777987480163574,13.588180259684568,0.058234453201293945,0.40446795264803204,0.10638387738921554,0.5335533901855626,0.9286509844726337,
61,117,889,7099047,253.5532033615742,89.0,0.22265706919133663,1071.4956690352062,0.7122280993302645,OpenSees 2-D,OpenSees 2-D,0.6805073618888855,19.434431076049805,0.0,0.0,0.0,0.0,1.0,0.12108146393929528
61,117,889,7099047,253.5532033615742,89.0,0.22265706919133663,1071.4956690352062,0.7122280993302645,OpenSees 2-D,GINO,0.668074369430542,12.03762435913086,-0.012432992458343506,-0.47900918266383197,0.08910705636308192,0.3066264857972227,0.9406036089928427,0.0717202987079741
61,117,889,7099047,253.5532033615742,89.0,0.22265706919133663,1071.4956690352062,0.7122280993302645,OpenSees 2-D,1D Base Case,0.7126115560531616,12.765803337097168,0.03210419416427612,-0.4202763092054819,0.14133495901487733,0.4335161427574308,0.8291399549206702,6.292266103441829e-17
61,117,889,7099047,253.5532033615742,89.0,0.22265706919133663,1071.4956690352062,0.7122280993302645,OpenSees 2-D,Pretell's approach,0.6836516261100769,18.621841430664062,0.0031442642211914062,-0.04271112844264962,0.053282147184846196,0.19816797140686696,0.9652684107561069,0.20358650401581152
61,117,889,7099047,253.5532033615742,89.0,0.22265706919133663,1071.4956690352062,0.7122280993302645,OpenSees 2-D,Toro Vs,0.6899837255477905,5.33605577375971,0.00947636365890503,-1.292559529798849,0.16192361426255264,0.5556867249045457,0.7796840297587779,
61,117,889,7099047,253.5532033615742,89.0,0.22265706919133663,1071.4956690352062,0.7122280993302645,OpenSees 2-D,Passeri tts,0.7126115560531616,11.896893627031831,0.03210419416427612,-0.4907689644158602,0.14011444040723153,0.4316340401444884,0.8345089633579706,
61,117,889,7099047,253.5532033615742,89.0,0.22265706919133663,1071.4956690352062,0.7122280993302645,OpenSees 2-D,Pretell,0.6773775815963745,13.139601669077585,-0.0031297802925109863,-0.39141559249199764,0.058903472887029115,0.2507148387828011,0.9550079213946393,
61,117,889,7099047,253.5532033615742,89.0,0.22265706919133663,1071.4956690352062,0.7122280993302645,OpenSees 2-D,Pretell p84,0.6868103742599487,18.460906178603878,0.006303012371063232,-0.05139097407631565,0.14356138920655404,0.3345223037094193,0.9492306871095416,
62,586,4474,5371726,162.81304167035267,78.0,0.14987990651279687,1201.8775771934456,0.5218366720203611,OpenSees 2-D,OpenSees 2-D,1.4627333879470825,17.605825424194336,0.0,0.0,0.0,0.0,1.0,0.10726762202445334
62,586,4474,5371726,162.81304167035267,78.0,0.14987990651279687,1201.8775771934456,0.5218366720203611,OpenSees 2-D,GINO,0.48830220103263855,13.894536972045898,-0.974431186914444,-0.23673409800122766,0.16623359591322853,0.319357541652945,0.9045390866678742,0.07438655081489826
62,586,4474,5371726,162.81304167035267,78.0,0.14987990651279687,1201.8775771934456,0.5218366720203611,OpenSees 2-D,1D Base Case,0.5232614278793335,12.761345863342285,-0.939471960067749,-0.3218090897519459,0.23606260526056433,0.48522909964349387,0.7673694447754364,6.850292999127492e-17
62,586,4474,5371726,162.81304167035267,78.0,0.14987990651279687,1201.8775771934456,0.5218366720203611,OpenSees 2-D,Pretell's approach,0.5184593796730042,15.148589134216309,-0.9442740082740784,-0.1503224361255667,0.11817909047535116,0.411064574857603,0.8410096754526141,0.12430411645786066
62,586,4474,5371726,162.81304167035267,78.0,0.14987990651279687,1201.8775771934456,0.5218366720203611,OpenSees 2-D,Toro Vs,0.504315972328186,5.3359254066979505,-0.9584174156188965,-1.1937675080289334,0.24386677997416645,0.5562005913034355,0.7372783973041941,
62,586,4474,5371726,162.81304167035267,78.0,0.14987990651279687,1201.8775771934456,0.5218366720203611,OpenSees 2-D,Passeri tts,0.5232614278793335,11.894565632287883,-0.939471960067749,-0.39214821103349284,0.23480570467126496,0.47958495753713115,0.773238228015189,
62,586,4474,5371726,162.81304167035267,78.0,0.14987990651279687,1201.8775771934456,0.5218366720203611,OpenSees 2-D,Pretell,0.504315972328186,13.311741761714512,-0.9584174156188965,-0.27958335230901393,0.12709779374499827,0.36954243214370464,0.8732981316420888,
62,586,4474,5371726,162.81304167035267,78.0,0.14987990651279687,1201.8775771934456,0.5218366720203611,OpenSees 2-D,Pretell p84,0.5089870095252991,15.331933734738383,-0.9537463784217834,-0.13829201180439457,0.1336949790534861,0.3856589484473498,0.87476390642887,
63,372,2977,8010893,152.1637712597265,59.0,0.1451793171465397,1042.8236518036717,0.6447617426259598,OpenSees 2-D,OpenSees 2-D,0.6350424885749817,10.97722339630127,0.0,0.0,0.0,0.0,1.0,0.11039002463796323
63,372,2977,8010893,152.1637712597265,59.0,0.1451793171465397,1042.8236518036717,0.6447617426259598,OpenSees 2-D,GINO,0.6350424885749817,17.90666961669922,0.0,0.4893507219263549,0.10389514621625984,0.30903884657246605,0.9592866681604695,0.11072928843094172
63,372,2977,8010893,152.1637712597265,59.0,0.1451793171465397,1042.8236518036717,0.6447617426259598,OpenSees 2-D,1D Base Case,0.6468607783317566,12.75663948059082,0.011818289756774902,0.1502293538348133,0.0990109031249491,0.33755261706422485,0.8861512892026895,6.32832284990943e-17
63,372,2977,8010893,152.1637712597265,59.0,0.1451793171465397,1042.8236518036717,0.6447617426259598,OpenSees 2-D,Pretell's approach,0.5953533053398132,14.323114395141602,-0.03968918323516846,0.2660520977746715,0.15535197325482128,0.43754881402655105,0.8004237307684818,0.15148057803932272
63,372,2977,8010893,152.1637712597265,59.0,0.1451793171465397,1042.8236518036717,0.6447617426259598,OpenSees 2-D,Toro Vs,0.6234402060508728,5.335992565591629,-0.011602282524108887,-0.721347610448079,0.1411303634178222,0.4830677024450138,0.8026385142247441,
63,372,2977,8010893,152.1637712597265,59.0,0.1451793171465397,1042.8236518036717,0.6447617426259598,OpenSees 2-D,Passeri tts,0.6468607783317566,11.891682928519275,0.011818289756774902,0.08001671638823543,0.09721043563779644,0.33497392820580213,0.8890747959621198,
63,372,2977,8010893,152.1637712597265,59.0,0.1451793171465397,1042.8236518036717,0.6447617426259598,OpenSees 2-D,Pretell,0.6409243941307068,10.839028111989888,0.005881905555725098,-0.012669191378977006,0.07367768892145651,0.29400934270185247,0.916581867284239,
63,372,2977,8010893,152.1637712597265,59.0,0.1451793171465397,1042.8236518036717,0.6447617426259598,OpenSees 2-D,Pretell p84,0.6558685898780823,14.257236812125916,0.020826101303100586,0.26144209846377375,0.09802218456478412,0.3535826869076583,0.912838035033543,
64,10,88,7678439,191.35022152686955,60.0,0.23922754395753146,813.7837618794513,0.7972925896952898,OpenSees 2-D,OpenSees 2-D,0.7393819689750671,10.978595733642578,0.0,0.0,0.0,0.0,1.0,0.15176985613034089
64,10,88,7678439,191.35022152686955,60.0,0.23922754395753146,813.7837618794513,0.7972925896952898,OpenSees 2-D,GINO,0.7192118763923645,11.508626937866211,-0.020170092582702637,0.047149387852066627,0.09441012319295285,0.20961806206058897,0.9495598171677474,0.08363251108392582
64,10,88,7678439,191.35022152686955,60.0,0.23922754395753146,813.7837618794513,0.7972925896952898,OpenSees 2-D,1D Base Case,0.7996554374694824,12.759428024291992,0.06027346849441528,0.1503229164380101,0.1392270984879071,0.44009332487297903,0.7967835860569086,6.478401905168767e-17
64,10,88,7678439,191.35022152686955,60.0,0.23922754395753146,813.7837618794513,0.7972925896952898,OpenSees 2-D,Pretell's approach,0.8183006644248962,15.885133743286133,0.0789186954498291,0.36943615236487526,0.19168753918910914,0.6194445987967914,0.6718597145857291,0.20243891075724488
64,10,88,7678439,191.35022152686955,60.0,0.23922754395753146,813.7837618794513,0.7972925896952898,OpenSees 2-D,Toro Vs,0.7707027196884155,5.335957965258625,0.03132075071334839,-0.7214791037844129,0.14125041166563168,0.4013280897634248,0.8351921850249124,
64,10,88,7678439,191.35022152686955,60.0,0.23922754395753146,813.7837618794513,0.7972925896952898,OpenSees 2-D,Passeri tts,0.7996554374694824,11.893395896023451,0.06027346849441528,0.08003574455424955,0.1375408344608531,0.4225345029504539,0.8058653063623319,
64,10,88,7678439,191.35022152686955,60.0,0.23922754395753146,813.7837618794513,0.7972925896952898,OpenSees 2-D,Pretell,0.7462303042411804,10.766752350466183,0.006848335266113281,-0.019484635015019496,0.0418137743211303,0.1846072775709357,0.964253668594089,
64,10,88,7678439,191.35022152686955,60.0,0.23922754395753146,813.7837618794513,0.7972925896952898,OpenSees 2-D,Pretell p84,0.7671580910682678,15.355109342545331,0.027776122093200684,0.33550074004926494,0.12851014676898173,0.48244738042928087,0.9596851446210285,
65,628,4872,4371280,213.40427906371383,39.0,0.12615191303193568,931.3609844735406,1.3679761478443193,OpenSees 2-D,OpenSees 2-D,1.3400689363479614,14.195440292358398,0.0,0.0,0.0,0.0,1.0,0.09462398972325899
65,628,4872,4371280,213.40427906371383,39.0,0.12615191303193568,931.3609844735406,1.3679761478443193,OpenSees 2-D,GINO,1.3035122156143188,11.905080795288086,-0.03655672073364258,-0.17595554028538288,0.07952629441908052,0.21105963588646245,0.9573510643976105,0.10204942412316853
65,628,4872,4371280,213.40427906371383,39.0,0.12615191303193568,931.3609844735406,1.3679761478443193,OpenSees 2-D,1D Base Case,1.3713147640228271,12.763340950012207,0.031245827674865723,-0.10634373328621714,0.0421990964909395,0.18795838690594793,0.9692781576089965,6.264941980451926e-17
65,628,4872,4371280,213.40427906371383,39.0,0.12615191303193568,931.3609844735406,1.3679761478443193,OpenSees 2-D,Pretell's approach,1.3524808883666992,16.393457412719727,0.012411952018737793,0.14396151011467673,0.019884885901895955,0.14324950239619558,0.9837998178692333,0.11718867389035263
65,628,4872,4371280,213.40427906371383,39.0,0.12615191303193568,931.3609844735406,1.3679761478443193,OpenSees 2-D,Toro Vs,1.3216642141342163,5.335878837271176,-0.018404722213745117,-0.9784672051724483,0.09555309895524265,0.45287461247345207,0.856801923228792,
65,628,4872,4371280,213.40427906371383,39.0,0.12615191303193568,931.3609844735406,1.3679761478443193,OpenSees 2-D,Passeri tts,1.3713147640228271,11.895771507591748,0.031245827674865723,-0.17673780539527026,0.04300384468973274,0.19575946457178872,0.9686767492875928,
65,628,4872,4371280,213.40427906371383,39.0,0.12615191303193568,931.3609844735406,1.3679761478443193,OpenSees 2-D,Pretell,1.3524808883666992,12.039743807374052,0.012411952018737793,-0.16470764567266477,0.021814377504090397,0.1349560622173225,0.9834138321887202,
65,628,4872,4371280,213.40427906371383,39.0,0.12615191303193568,931.3609844735406,1.3679761478443193,OpenSees 2-D,Pretell p84,1.3277708292007446,15.802782569188196,-0.012298107147216797,0.10726522963131899,0.09167215372431556,0.35431303374710377,0.9724529121057586,
66,927,7086,8519650,139.00239207672394,52.0,0.16637943275272846,1004.2557916079942,0.6682807311380958,OpenSees 2-D,OpenSees 2-D,0.6650018095970154,9.49484920501709,0.0,0.0,0.0,0.0,1.0,0.11826856586871469
66,927,7086,8519650,139.00239207672394,52.0,0.16637943275272846,1004.2557916079942,0.6682807311380958,OpenSees 2-D,GINO,0.649849534034729,16.941848754882812,-0.015152275562286377,0.5790373561169576,0.10565353168809379,0.36256316949526524,0.9505685218401576,0.08244989580920276
66,927,7086,8519650,139.00239207672394,52.0,0.16637943275272846,1004.2557916079942,0.6682807311380958,OpenSees 2-D,1D Base Case,0.668074369430542,12.760954856872559,0.0030725598335266113,0.2956406445368214,0.11897944329127416,0.26337857896817796,0.9351552908264633,6.716586961925963e-17
66,927,7086,8519650,139.00239207672394,52.0,0.16637943275272846,1004.2557916079942,0.6682807311380958,OpenSees 2-D,Pretell's approach,0.6350424885749817,13.761263847351074,-0.02995932102203369,0.37110821503539787,0.09574960060592652,0.3076778079772407,0.9206780990627486,0.14619375149647226
66,927,7086,8519650,139.00239207672394,52.0,0.16637943275272846,1004.2557916079942,0.6682807311380958,OpenSees 2-D,Toro Vs,0.6468607783317566,5.336061853229771,-0.01814103126525879,-0.5762615623924695,0.15458555319561,0.3610863387459691,0.8878441633608835,
66,927,7086,8519650,139.00239207672394,52.0,0.16637943275272846,1004.2557916079942,0.6682807311380958,OpenSees 2-D,Passeri tts,0.668074369430542,11.893596839098333,0.0030725598335266113,0.2252507119286987,0.11802053121633888,0.248144806968764,0.9388067961197976,
66,927,7086,8519650,139.00239207672394,52.0,0.16637943275272846,1004.2557916079942,0.6682807311380958,OpenSees 2-D,Pretell,0.6409243941307068,11.237614696769862,-0.024077415466308594,0.1685171437314118,0.07636601815817556,0.19678687337696704,0.9617673515633989,
66,927,7086,8519650,139.00239207672394,52.0,0.16637943275272846,1004.2557916079942,0.6682807311380958,OpenSees 2-D,Pretell p84,0.6379767060279846,14.198140928228076,-0.02702510356903076,0.4023615728657048,0.142569834883941,0.3978355022544872,0.9621346044078163,
67,669,5188,3702285,188.13474051747795,44.0,0.22024513967335224,1147.857582958127,1.068947389303852,OpenSees 2-D,OpenSees 2-D,1.0162650346755981,7.410231113433838,0.0,0.0,0.0,0.0,1.0,0.14556825513462412
67,669,5188,3702285,188.13474051747795,44.0,0.22024513967335224,1147.857582958127,1.068947389303852,OpenSees 2-D,GINO,0.9267593026161194,4.833823204040527,-0.08950573205947876,-0.4272239200361911,0.16393955359257123,0.2859519645957994,0.8752604725169021,0.164491515057358
67,669,5188,3702285,188.13474051747795,44.0,0.22024513967335224,1147.857582958127,1.068947389303852,OpenSees 2-D,1D Base Case,1.0691263675689697,12.764130592346191,0.05286133289337158,0.5437773114473469,0.11252778470386267,0.4588939107623949,0.8424597408372918,6.54659642804806e-17
67,669,5188,3702285,188.13474051747795,44.0,0.22024513967335224,1147.857582958127,1.068947389303852,OpenSees 2-D,Pretell's approach,1.0840144157409668,15.49007797241211,0.06774938106536865,0.7373380599229782,0.13674076382571765,0.6005520784093942,0.7874743666478599,0.2030650267986466
67,669,5188,3702285,188.13474051747795,44.0,0.22024513967335224,1147.857582958127,1.068947389303852,OpenSees 2-D,Toro Vs,1.0351779460906982,5.336065130729889,0.018912911415100098,-0.3283731137711647,0.10275886407271521,0.29721775939348605,0.863595238391117,
67,669,5188,3702285,188.13474051747795,44.0,0.22024513967335224,1147.857582958127,1.068947389303852,OpenSees 2-D,Passeri tts,1.0691263675689697,11.895737778992663,0.05286133289337158,0.47331853790790424,0.11119606428443354,0.4344615107327411,0.8490735660447821,
67,669,5188,3702285,188.13474051747795,44.0,0.22024513967335224,1147.857582958127,1.068947389303852,OpenSees 2-D,Pretell,0.983995258808136,9.90925864237655,-0.03226977586746216,0.2906079082809264,0.06719641434356524,0.26034683188503155,0.947455832170813,
67,669,5188,3702285,188.13474051747795,44.0,0.22024513967335224,1147.857582958127,1.068947389303852,OpenSees 2-D,Pretell p84,0.9931091666221619,14.88741640245982,-0.02315586805343628,0.6976546911627821,0.1563653500513006,0.6849438810109817,0.9659914894919174,
68,63,541,553955,131.82879545966745,22.0,0.19828367456793783,1036.0135123697632,1.4980544938598575,OpenSees 2-D,OpenSees 2-D,1.3400689363479614,7.216655254364014,0.0,0.0,0.0,0.0,1.0,0.15719028101544472
68,63,541,553955,131.82879545966745,22.0,0.19828367456793783,1036.0135123697632,1.4980544938598575,OpenSees 2-D,GINO,1.3339056968688965,8.842079162597656,-0.006163239479064941,0.20313046398567836,0.1367357958209034,0.28830997039825756,0.8900625999006252,0.11329928278484755
68,63,541,553955,131.82879545966745,22.0,0.19828367456793783,1036.0135123697632,1.4980544938598575,OpenSees 2-D,1D Base Case,1.4968392848968506,12.756354331970215,0.15677034854888916,0.5696379420352269,0.10769378314195645,0.5382686882985918,0.7719818688638004,5.81129654668677e-17
68,63,541,553955,131.82879545966745,22.0,0.19828367456793783,1036.0135123697632,1.4980544938598575,OpenSees 2-D,Pretell's approach,1.574697732925415,14.132731437683105,0.2346287965774536,0.6721019013088594,0.14221263635378273,0.6115427546180039,0.7569408605734421,0.16410193912311355
68,63,541,553955,131.82879545966745,22.0,0.19828367456793783,1036.0135123697632,1.4980544938598575,OpenSees 2-D,Toro Vs,1.4493095874786377,5.3360394735836,0.10924065113067627,-0.30190787821362225,0.05975081263491668,0.23586865641450008,0.9199073110753503,
68,63,541,553955,131.82879545966745,22.0,0.19828367456793783,1036.0135123697632,1.4980544938598575,OpenSees 2-D,Passeri tts,1.4968392848968506,11.89053848281864,0.15677034854888916,0.49935141399425087,0.10571803173292463,0.5072975018783135,0.7864674878278216,
68,63,541,553955,131.82879545966745,22.0,0.19828367456793783,1036.0135123697632,1.4980544938598575,OpenSees 2-D,Pretell,1.3587299585342407,8.871553085315377,0.018661022186279297,0.20645829076968142,0.09580939330650505,0.30973065501065067,0.8983389371601418,
68,63,541,553955,131.82879545966745,22.0,0.19828367456793783,1036.0135123697632,1.4980544938598575,OpenSees 2-D,Pretell p84,1.3339056968688965,13.41882635552831,-0.006163239479064941,0.6202670884427606,0.1458758683618457,0.690248050506443,0.9201993032017108,
69,735,5681,2453563,276.0262964964348,25.0,0.2678596438840032,1108.5087479781032,2.760262964964348,OpenSees 2-D,OpenSees 2-D,2.6026477813720703,25.26723289489746,0.0,0.0,0.0,0.0,1.0,0.1267016403205091
69,735,5681,2453563,276.0262964964348,25.0,0.2678596438840032,1108.5087479781032,2.760262964964348,OpenSees 2-D,GINO,2.4287643432617188,11.342342376708984,-0.17388343811035156,-0.8009655780554488,0.1967315173167713,0.5819241951177118,0.709737067568703,0.11589117161002654
69,735,5681,2453563,276.0262964964348,25.0,0.2678596438840032,1108.5087479781032,2.760262964964348,OpenSees 2-D,1D Base Case,2.76338529586792,12.76701831817627,0.1607375144958496,-0.6826432621735877,0.21421612096835912,0.5394885183457423,0.7597058609726367,5.628440903454534e-17
69,735,5681,2453563,276.0262964964348,25.0,0.2678596438840032,1108.5087479781032,2.760262964964348,OpenSees 2-D,Pretell's approach,2.776153326034546,18.878162384033203,0.17350554466247559,-0.2915025891912266,0.22513951548910824,0.6129054270143601,0.6881710438052276,0.15235526954283857
69,735,5681,2453563,276.0262964964348,25.0,0.2678596438840032,1108.5087479781032,2.760262964964348,OpenSees 2-D,Toro Vs,2.675638437271118,5.336019503673637,0.07299065589904785,-1.55502845009951,0.20926490838872314,0.6208805648513979,0.7594396620940621,
69,735,5681,2453563,276.0262964964348,25.0,0.2678596438840032,1108.5087479781032,2.760262964964348,OpenSees 2-D,Passeri tts,2.76338529586792,11.897809473339006,0.1607375144958496,-0.7531541085150028,0.2137421018199657,0.5357090363754091,0.7678318741442124,
69,735,5681,2453563,276.0262964964348,25.0,0.2678596438840032,1108.5087479781032,2.760262964964348,OpenSees 2-D,Pretell,2.62675404548645,7.483718335431357,0.024106264114379883,-1.2167786416788209,0.12932586105936666,0.5215097265096154,0.8531874388882267,
69,735,5681,2453563,276.0262964964348,25.0,0.2678596438840032,1108.5087479781032,2.760262964964348,OpenSees 2-D,Pretell p84,2.6880009174346924,15.377004205043656,0.08535313606262207,-0.49663525382068374,0.29351411173967945,0.5108835740011204,0.8422732209648051,
70,500,3947,7282201,231.97220947353458,74.0,0.18489361107349395,1074.7409662605282,0.7836898968700492,OpenSees 2-D,OpenSees 2-D,0.760117769241333,7.908205509185791,0.0,0.0,0.0,0.0,1.0,0.18446101605394621
70,500,3947,7282201,231.97220947353458,74.0,0.18489361107349395,1074.7409662605282,0.7836898968700492,OpenSees 2-D,GINO,0.7359814643859863,7.634522914886475,-0.02413630485534668,-0.03522044234685224,0.14164883438324571,0.23475169649801086,0.91984359915316,0.1789827404837999
70,500,3947,7282201,231.97220947353458,74.0,0.18489361107349395,1074.7409662605282,0.7836898968700492,OpenSees 2-D,1D Base Case,0.7850456237792969,12.766423225402832,0.024927854537963867,0.47891764635515177,0.11446075118110557,0.3393338963941186,0.9418113290001201,6.346748397287804e-17
70,500,3947,7282201,231.97220947353458,74.0,0.18489361107349395,1074.7409662605282,0.7836898968700492,OpenSees 2-D,Pretell's approach,0.852964460849762,17.688879013061523,0.09284669160842896,0.8050352452918569,0.15531978412159092,0.7543094381773311,0.7159815220404315,0.2637659396447064
70,500,3947,7282201,231.97220947353458,74.0,0.18489361107349395,1074.7409662605282,0.7836898968700492,OpenSees 2-D,Toro Vs,0.760117769241333,5.335956655700551,0.0,-0.39343270688954546,0.1039107500717083,0.2272448893050118,0.9342559784225488,
70,500,3947,7282201,231.97220947353458,74.0,0.18489361107349395,1074.7409662605282,0.7836898968700492,OpenSees 2-D,Passeri tts,0.7850456237792969,11.897571210673533,0.024927854537963867,0.4084333868676282,0.11210387476554987,0.31067173154543,0.9481109786015529,
70,500,3947,7282201,231.97220947353458,74.0,0.18489361107349395,1074.7409662605282,0.7836898968700492,OpenSees 2-D,Pretell,0.7359814643859863,6.6870326254010335,-0.02413630485534668,-0.16773067048586718,0.07830253415114824,0.19938039084804507,0.9469323602278564,
70,500,3947,7282201,231.97220947353458,74.0,0.18489361107349395,1074.7409662605282,0.7836898968700492,OpenSees 2-D,Pretell p84,0.8932046294212341,14.19531267593393,0.13308686017990112,0.5850109243951315,0.24569515053504465,0.9022379415591899,0.8983073630396143,
71,1,21,3707980,181.71401476829877,84.0,0.2612825533375144,1217.371260806998,0.5408155201437463,OpenSees 2-D,OpenSees 2-D,0.48830220103263855,9.667037010192871,0.0,0.0,0.0,0.0,1.0,0.16252931855404973
71,1,21,3707980,181.71401476829877,84.0,0.2612825533375144,1217.371260806998,0.5408155201437463,OpenSees 2-D,GINO,0.5019965171813965,12.846500396728516,0.013694316148757935,0.2843495795984245,0.1158113106110064,0.2912960165987979,0.9118872022642023,0.08420728373870097
71,1,21,3707980,181.71401476829877,84.0,0.2612825533375144,1217.371260806998,0.5408155201437463,OpenSees 2-D,1D Base Case,0.5404216647148132,12.7572021484375,0.05211946368217468,0.2773741345264446,0.22400347861404668,0.5593182648926874,0.6746178611679264,7.203541905265348e-17
71,1,21,3707980,181.71401476829877,84.0,0.2612825533375144,1217.371260806998,0.5408155201437463,OpenSees 2-D,Pretell's approach,0.5184593796730042,15.620141983032227,0.0301571786403656,0.4798393822092696,0.15180969106102898,0.4864574056179807,0.8122288568209711,0.2384955763719445
71,1,21,3707980,181.71401476829877,84.0,0.2612825533375144,1217.371260806998,0.5408155201437463,OpenSees 2-D,Toro Vs,0.5232614278793335,5.336044517572183,0.034959226846694946,-0.5942372005318953,0.1876685503840499,0.45790798989781517,0.7740536264246052,
71,1,21,3707980,181.71401476829877,84.0,0.2612825533375144,1217.371260806998,0.5408155201437463,OpenSees 2-D,Passeri tts,0.5404216647148132,11.891099849971786,0.05211946368217468,0.2070683565411054,0.22201831074687595,0.5420204374575204,0.6854026278762417,
71,1,21,3707980,181.71401476829877,84.0,0.2612825533375144,1217.371260806998,0.5408155201437463,OpenSees 2-D,Pretell,0.49968773126602173,10.986722858543507,0.011385530233383179,0.12796567892821498,0.11307310728618716,0.32353234441897794,0.8908349081995159,
71,1,21,3707980,181.71401476829877,84.0,0.2612825533375144,1217.371260806998,0.5408155201437463,OpenSees 2-D,Pretell p84,0.5089870095252991,15.089113246597636,0.020684808492660522,0.4452516547616589,0.14480888077376275,0.5226644494777466,0.8851777496766795,
72,42,358,909289,158.22102378729463,32.0,0.2937549220398068,1194.9507193914058,1.2361017483382393,OpenSees 2-D,OpenSees 2-D,1.2276910543441772,8.404906272888184,0.0,0.0,0.0,0.0,1.0,0.26540298984523564
72,42,358,909289,158.22102378729463,32.0,0.2937549220398068,1194.9507193914058,1.2361017483382393,OpenSees 2-D,GINO,1.0593147277832031,15.402402877807617,-0.16837632656097412,0.605707912827868,0.3280225006916786,0.7830396459140254,0.525867578452825,0.21243526005552554
72,42,358,909289,158.22102378729463,32.0,0.2937549220398068,1194.9507193914058,1.2361017483382393,OpenSees 2-D,1D Base Case,1.2390621900558472,12.763615608215332,0.011371135711669922,0.41778297720843305,0.1666712422905971,0.34187408562928606,0.8828971066255595,6.221564245184813e-17
72,42,358,909289,158.22102378729463,32.0,0.2937549220398068,1194.9507193914058,1.2361017483382393,OpenSees 2-D,Pretell's approach,1.0890229940414429,14.078176498413086,-0.13866806030273438,0.5158102168402465,0.19002605161643427,0.595105335433678,0.6671792863769646,0.2656136906149474
72,42,358,909289,158.22102378729463,32.0,0.2937549220398068,1194.9507193914058,1.2361017483382393,OpenSees 2-D,Toro Vs,1.194200038909912,5.335870889760759,-0.03349101543426514,-0.4543635031978384,0.16823231890663898,0.35027725629940076,0.8979276686174231,
72,42,358,909289,158.22102378729463,32.0,0.2937549220398068,1194.9507193914058,1.2361017483382393,OpenSees 2-D,Passeri tts,1.2390621900558472,11.895936296522917,0.011371135711669922,0.34738123866352655,0.16486361326264748,0.3238985979587468,0.8898694267939379,
72,42,358,909289,158.22102378729463,32.0,0.2937549220398068,1194.9507193914058,1.2361017483382393,OpenSees 2-D,Pretell,1.0544427633285522,5.7368335204988,-0.173248291015625,-0.3819082088118407,0.1623281742485937,0.4193070238426859,0.8067862325969974,
72,42,358,909289,158.22102378729463,32.0,0.2937549220398068,1194.9507193914058,1.2361017483382393,OpenSees 2-D,Pretell p84,1.049593210220337,11.37194107276641,-0.17809784412384033,0.3023333965459545,0.27999652496647914,0.5728923472941294,0.8116674338917522,
73,634,4913,8442469,227.53253067498767,90.0,0.2655224490910768,1064.7749838119346,0.6320348074305213,OpenSees 2-D,OpenSees 2-D,0.589889645576477,20.40016746520996,0.0,0.0,0.0,0.0,1.0,0.1846930865762997
73,634,4913,8442469,227.53253067498767,90.0,0.2655224490910768,1064.7749838119346,0.6320348074305213,OpenSees 2-D,GINO,0.5737976431846619,15.336250305175781,-0.016092002391815186,-0.28532378287315757,0.11475788481247137,0.3366246499012161,0.9080450267529283,0.07775488334093157
73,634,4913,8442469,227.53253067498767,90.0,0.2655224490910768,1064.7749838119346,0.6320348074305213,OpenSees 2-D,1D Base Case,0.6321218609809875,12.76396656036377,0.0422322154045105,-0.4689170213227109,0.2286801534374301,0.5578090957228331,0.7051818106508514,6.107321824148615e-17
73,634,4913,8442469,227.53253067498767,90.0,0.2655224490910768,1064.7749838119346,0.6320348074305213,OpenSees 2-D,Pretell's approach,0.589889645576477,17.21124267578125,0.0,-0.16998029566737471,0.05123611126035954,0.19667551843887793,0.9756716038644784,0.22562923479974653
73,634,4913,8442469,227.53253067498767,90.0,0.2655224490910768,1064.7749838119346,0.6320348074305213,OpenSees 2-D,Toro Vs,0.6120498180389404,5.336065431160714,0.02216017246246338,-1.3410545391457256,0.21770912989686048,0.5978582756688767,0.7467525377942508,
73,634,4913,8442469,227.53253067498767,90.0,0.2655224490910768,1064.7749838119346,0.6320348074305213,OpenSees 2-D,Passeri tts,0.6321218609809875,11.895625856569364,0.0422322154045105,-0.5393723524283953,0.2272568130598247,0.5507921668014774,0.716004079916494,
73,634,4913,8442469,227.53253067498767,90.0,0.2655224490910768,1064.7749838119346,0.6320348074305213,OpenSees 2-D,Pretell,0.5764488577842712,12.969571643575323,-0.01344078779220581,-0.4529371388221271,0.0723593525217426,0.3167359647497431,0.9369116449083181,
73,634,4913,8442469,227.53253067498767,90.0,0.2655224490910768,1064.7749838119346,0.6320348074305213,OpenSees 2-D,Pretell p84,0.5711586475372314,16.76163057503999,-0.018730998039245605,-0.1964507298936027,0.12349145059440972,0.29755336773213453,0.9354493311047454,
74,529,4102,8426546,156.93329174337424,57.0,0.20968070961534976,1044.7896507387577,0.6883039111551502,OpenSees 2-D,OpenSees 2-D,1.8504070043563843,13.241388320922852,0.0,0.0,0.0,0.0,1.0,0.21609610068408833
74,529,4102,8426546,156.93329174337424,57.0,0.20968070961534976,1044.7896507387577,0.6883039111551502,OpenSees 2-D,GINO,0.6321218609809875,19.33586311340332,-1.2182851433753967,0.3786141609239972,0.14241968304338487,0.38737790729390964,0.9051619092449451,0.13050881741885556
74,529,4102,8426546,156.93329174337424,57.0,0.20968070961534976,1044.7896507387577,0.6883039111551502,OpenSees 2-D,1D Base Case,0.6899837255477905,12.763340950012207,-1.1604232788085938,-0.036770329503954174,0.3284636301153696,0.6160635301970154,0.5964254264512442,6.608967003134312e-17
74,529,4102,8426546,156.93329174337424,57.0,0.20968070961534976,1044.7896507387577,0.6883039111551502,OpenSees 2-D,Pretell's approach,0.5926151871681213,14.593572616577148,-1.257791817188263,0.09723379695517513,0.19526881546284527,0.43577331315707807,0.8200130785222495,0.2691949285525995
74,529,4102,8426546,156.93329174337424,57.0,0.20968070961534976,1044.7896507387577,0.6883039111551502,OpenSees 2-D,Toro Vs,0.6650018095970154,5.335878830803838,-1.185405194759369,-0.9088938026022326,0.24520803622848564,0.5134948983223653,0.741067338165082,
74,529,4102,8426546,156.93329174337424,57.0,0.20968070961534976,1044.7896507387577,0.6883039111551502,OpenSees 2-D,Passeri tts,0.6899837255477905,11.895771650849984,-1.1604232788085938,-0.10716438957022105,0.324743568396479,0.6010634944772971,0.6081285595294016,
74,529,4102,8426546,156.93329174337424,57.0,0.20968070961534976,1044.7896507387577,0.6883039111551502,OpenSees 2-D,Pretell,0.6092349290847778,8.355116139513575,-1.2411720752716064,-0.4604733405365691,0.1594710137779812,0.3632808524087417,0.8771871454276093,
74,529,4102,8426546,156.93329174337424,57.0,0.20968070961534976,1044.7896507387577,0.6883039111551502,OpenSees 2-D,Pretell p84,0.5926151871681213,13.22426716027656,-1.257791817188263,-0.0012938400899904791,0.20751704828614848,0.4922394784024627,0.8473868900259726,
75,167,1216,8092191,244.6008924203642,33.0,0.14624342937022447,1267.7498236664114,1.853037063790638,OpenSees 2-D,OpenSees 2-D,1.7752079963684082,22.81015396118164,0.0,0.0,0.0,0.0,1.0,0.07623107263867761
75,167,1216,8092191,244.6008924203642,33.0,0.14624342937022447,1267.7498236664114,1.853037063790638,OpenSees 2-D,GINO,1.7508270740509033,22.520355224609375,-0.024380922317504883,-0.012786209110117323,0.0710024779349154,0.1697232191027547,0.9779508849571399,0.13878734417895539
75,167,1216,8092191,244.6008924203642,33.0,0.14624342937022447,1267.7498236664114,1.853037063790638,OpenSees 2-D,1D Base Case,1.8589566946029663,12.757257461547852,0.0837486982345581,-0.5811054636617456,0.11656638403254425,0.4560817052668792,0.8444482850418822,5.730634088597722e-17
75,167,1216,8092191,244.6008924203642,33.0,0.14624342937022447,1267.7498236664114,1.853037063790638,OpenSees 2-D,Pretell's approach,1.7347593307495117,18.576250076293945,-0.040448665618896484,-0.2053218987988065,0.04630975505797655,0.26838675696236935,0.9454306570072087,0.10319542471642479
75,167,1216,8092191,244.6008924203642,33.0,0.14624342937022447,1267.7498236664114,1.853037063790638,OpenSees 2-D,Toro Vs,1.7916502952575684,5.335985895619187,0.016442298889160156,-1.4527321206364663,0.1262514340333794,0.5973669958706249,0.7933561933519471,
75,167,1216,8092191,244.6008924203642,33.0,0.14624342937022447,1267.7498236664114,1.853037063790638,OpenSees 2-D,Passeri tts,1.8589566946029663,11.892063542283456,0.0837486982345581,-0.6513345375951357,0.1168954052059841,0.45783185469764887,0.848810171722359,
75,167,1216,8092191,244.6008924203642,33.0,0.14624342937022447,1267.7498236664114,1.853037063790638,OpenSees 2-D,Pretell,1.8082449436187744,13.942060252893656,0.03303694725036621,-0.492295597259419,0.06620010042459962,0.3050591090190635,0.9451262506956944,
75,167,1216,8092191,244.6008924203642,33.0,0.14624342937022447,1267.7498236664114,1.853037063790638,OpenSees 2-D,Pretell p84,1.7999285459518433,17.882637716952082,0.02472054958343506,-0.24337550381217687,0.07272380016401929,0.3001162406159522,0.9371997490478762,
76,809,6202,6760189,134.14269923349184,26.0,0.2839863210916519,1130.6444920753804,1.289833646475883,OpenSees 2-D,OpenSees 2-D,1.2276910543441772,15.87596607208252,0.0,0.0,0.0,0.0,1.0,0.23079297978817218
76,809,6202,6760189,134.14269923349184,26.0,0.2839863210916519,1130.6444920753804,1.289833646475883,OpenSees 2-D,GINO,1.1247371435165405,12.741412162780762,-0.10295391082763672,-0.2199489090580571,0.24641229445561003,0.491065834590235,0.7787906569509266,0.2737322601939788
76,809,6202,6760189,134.14269923349184,26.0,0.2839863210916519,1130.6444920753804,1.289833646475883,OpenSees 2-D,1D Base Case,1.2915496826171875,12.767023086547852,0.06385862827301025,-0.21794087272635138,0.17185421481694188,0.4223099400873811,0.8507920455785394,5.976382118751256e-17
76,809,6202,6760189,134.14269923349184,26.0,0.2839863210916519,1130.6444920753804,1.289833646475883,OpenSees 2-D,Pretell's approach,1.064209222793579,13.72928237915039,-0.16348183155059814,-0.14527544607900467,0.25078623186204463,0.683755184423841,0.5346084717956229,0.2785841178470733
76,809,6202,6760189,134.14269923349184,26.0,0.2839863210916519,1130.6444920753804,1.289833646475883,OpenSees 2-D,Toro Vs,1.2505385875701904,5.336001492057935,0.022847533226013184,-1.090329809627165,0.19118410390523793,0.5373978302641993,0.8563784827774014,
76,809,6202,6760189,134.14269923349184,26.0,0.2839863210916519,1130.6444920753804,1.289833646475883,OpenSees 2-D,Passeri tts,1.2915496826171875,11.897859990853838,0.06385862827301025,-0.2884478466172143,0.1718038447216742,0.42027279875542717,0.8574002283233263,
76,809,6202,6760189,134.14269923349184,26.0,0.2839863210916519,1130.6444920753804,1.289833646475883,OpenSees 2-D,Pretell,1.2390621900558472,6.277026051679809,0.011371135711669922,-0.9279100881954152,0.12949140733197995,0.4890090014274119,0.8938434923601539,
76,809,6202,6760189,134.14269923349184,26.0,0.2839863210916519,1130.6444920753804,1.289833646475883,OpenSees 2-D,Pretell p84,1.262121319770813,11.789835842211293,0.03443026542663574,-0.2975686068857194,0.20234493883771934,0.4071233965975708,0.8715928620820881,
77,821,6250,9439471,216.45552737671449,20.0,0.14784529209136962,1015.640788809876,2.705694092208931,OpenSees 2-D,OpenSees 2-D,2.6880009174346924,16.25714683532715,0.0,0.0,0.0,0.0,1.0,0.0919145135787639
77,821,6250,9439471,216.45552737671449,20.0,0.14784529209136962,1015.640788809876,2.705694092208931,OpenSees 2-D,GINO,2.5669026374816895,23.776838302612305,-0.12109827995300293,0.38017930892659985,0.18322979221938676,0.4934673791307302,0.8534589560972214,0.1339041904031422
77,821,6250,9439471,216.45552737671449,20.0,0.14784529209136962,1015.640788809876,2.705694092208931,OpenSees 2-D,1D Base Case,2.712897777557373,12.76185131072998,0.024896860122680664,-0.2420722629003261,0.08005541828384125,0.28519982387381443,0.9541222030404385,5.811170173095313e-17
77,821,6250,9439471,216.45552737671449,20.0,0.14784529209136962,1015.640788809876,2.705694092208931,OpenSees 2-D,Pretell's approach,2.712897777557373,18.18988800048828,0.024896860122680664,0.11233321796800554,0.04281088940106166,0.1451644279874527,0.9818733543238486,0.10259679799822174
77,821,6250,9439471,216.45552737671449,20.0,0.14784529209136962,1015.640788809876,2.705694092208931,OpenSees 2-D,Toro Vs,2.614673137664795,5.335915104018045,-0.07332777976989746,-1.1140722188955055,0.1236237260285875,0.5178252631664826,0.8650897919992828,
77,821,6250,9439471,216.45552737671449,20.0,0.14784529209136962,1015.640788809876,2.705694092208931,OpenSees 2-D,Passeri tts,2.712897777557373,11.89487256741428,0.024896860122680664,-0.3124251867650916,0.08060333925368295,0.29415469177915254,0.954644291905455,
77,821,6250,9439471,216.45552737671449,20.0,0.14784529209136962,1015.640788809876,2.705694092208931,OpenSees 2-D,Pretell,2.738025188446045,11.628035494589868,0.05002427101135254,-0.335113582138387,0.07563183657415692,0.267860293485595,0.9528422989625673,
77,821,6250,9439471,216.45552737671449,20.0,0.14784529209136962,1015.640788809876,2.705694092208931,OpenSees 2-D,Pretell p84,2.675638437271118,16.494544945948846,-0.012362480163574219,0.014497099566119923,0.08702447673646975,0.3466335324453161,0.9439923420100178,
78,76,628,5050539,217.2639001708952,36.0,0.23393794819712638,1101.8545230013024,1.5087770845201056,OpenSees 2-D,OpenSees 2-D,1.4899550676345825,7.280640602111816,0.0,0.0,0.0,0.0,1.0,0.1341294701537069
78,76,628,5050539,217.2639001708952,36.0,0.23393794819712638,1101.8545230013024,1.5087770845201056,OpenSees 2-D,GINO,1.3713147640228271,6.420205593109131,-0.11864030361175537,-0.1257687120949673,0.08263328108984583,0.2069747984219606,0.9416442458652792,0.11792820470783937
78,76,628,5050539,217.2639001708952,36.0,0.23393794819712638,1101.8545230013024,1.5087770845201056,OpenSees 2-D,1D Base Case,1.5107033252716064,12.76704216003418,0.020748257637023926,0.5616481659662281,0.05559222647303216,0.3282158981673023,0.9442143993889489,6.504976466114847e-17
78,76,628,5050539,217.2639001708952,36.0,0.23393794819712638,1101.8545230013024,1.5087770845201056,OpenSees 2-D,Pretell's approach,1.5892828702926636,16.595457077026367,0.09932780265808105,0.823910134716502,0.11819863603376807,0.5814032853917721,0.8548793166642322,0.1701405090467988
78,76,628,5050539,217.2639001708952,36.0,0.23393794819712638,1101.8545230013024,1.5087770845201056,OpenSees 2-D,Toro Vs,1.4627333879470825,5.336006634450087,-0.0272216796875,-0.31074130118258675,0.04757338520533196,0.23010490731798897,0.9396097976679101,
78,76,628,5050539,217.2639001708952,36.0,0.23393794819712638,1101.8545230013024,1.5087770845201056,OpenSees 2-D,Passeri tts,1.5107033252716064,11.897859118968066,0.020748257637023926,0.49113962483053464,0.05392882861137694,0.29807837735563575,0.9510956058219219,
78,76,628,5050539,217.2639001708952,36.0,0.23393794819712638,1101.8545230013024,1.5087770845201056,OpenSees 2-D,Pretell,1.3277708292007446,7.52252260730094,-0.1621842384338379,0.03268268167560776,0.13969704713665226,0.3584285385742264,0.8427848839934777,
78,76,628,5050539,217.2639001708952,36.0,0.23393794819712638,1101.8545230013024,1.5087770845201056,OpenSees 2-D,Pretell p84,1.4493095874786377,12.367144869488962,-0.040645480155944824,0.5298244957566361,0.20087108818926128,0.8238436426806008,0.8878320638219843,
79,313,2402,3710346,315.09864889594195,34.0,0.2778384046629071,1225.8340206974456,2.3169018301172204,OpenSees 2-D,OpenSees 2-D,1.9377033710479736,5.760377407073975,0.0,0.0,0.0,0.0,1.0,0.21536255910411453
79,313,2402,3710346,315.09864889594195,34.0,0.2778384046629071,1225.8340206974456,2.3169018301172204,OpenSees 2-D,GINO,2.330061435699463,6.267531394958496,0.39235806465148926,0.08437956558267806,0.15943534158161257,0.34740713052769334,0.8146172782425619,0.22846080812031755
79,313,2402,3710346,315.09864889594195,34.0,0.2778384046629071,1225.8340206974456,2.3169018301172204,OpenSees 2-D,1D Base Case,2.319344997406006,12.766962051391602,0.3816416263580322,0.7958577498127735,0.15520864622148023,0.6705291266213976,0.6807018077310828,5.4751039092330566e-17
79,313,2402,3710346,315.09864889594195,34.0,0.2778384046629071,1225.8340206974456,2.3169018301172204,OpenSees 2-D,Pretell's approach,2.384390354156494,21.524890899658203,0.4466869831085205,1.318206987137322,0.16720849906482224,1.0799821353313586,0.609181935531448,0.27781516439719106
79,313,2402,3710346,315.09864889594195,34.0,0.2778384046629071,1225.8340206974456,2.3169018301172204,OpenSees 2-D,Toro Vs,2.2456979751586914,5.3360256567023105,0.3079946041107178,-0.0765218777934447,0.07844363308147563,0.23659116089794946,0.9019804956504375,
79,313,2402,3710346,315.09864889594195,34.0,0.2778384046629071,1225.8340206974456,2.3169018301172204,OpenSees 2-D,Passeri tts,2.319344997406006,11.897755533661813,0.3816416263580322,0.7253467770888329,0.15334206919628207,0.6397607490539663,0.6940673953325043,
79,313,2402,3710346,315.09864889594195,34.0,0.2778384046629071,1225.8340206974456,2.3169018301172204,OpenSees 2-D,Pretell,1.9828839302062988,5.8768809526365855,0.045180559158325195,0.02002317631738874,0.11402883093606092,0.2788502324676379,0.8784680615710443,
79,313,2402,3710346,315.09864889594195,34.0,0.2778384046629071,1225.8340206974456,2.3169018301172204,OpenSees 2-D,Pretell p84,2.439986228942871,12.186602391770638,0.5022828578948975,0.749334189082902,0.2697009821463795,1.0277429412962031,0.9012234775259174,
80,296,2255,9920420,141.69398694671386,68.0,0.1519174948334694,1210.207721450867,0.5209337755393892,OpenSees 2-D,OpenSees 2-D,0.4928249716758728,7.799550533294678,0.0,0.0,0.0,0.0,1.0,0.1498653601556711
80,296,2255,9920420,141.69398694671386,68.0,0.1519174948334694,1210.207721450867,0.5209337755393892,OpenSees 2-D,GINO,0.504315972328186,11.584613800048828,0.011491000652313232,0.39561171302363,0.11548333363215142,0.2520176493615208,0.9399425445669051,0.08816648801490132
80,296,2255,9920420,141.69398694671386,68.0,0.1519174948334694,1210.207721450867,0.5209337755393892,OpenSees 2-D,1D Base Case,0.5208548307418823,12.762130737304688,0.02802985906600952,0.4924161415596288,0.11939352616099713,0.3851121473501227,0.8637124568697332,6.702799741970244e-17
80,296,2255,9920420,141.69398694671386,68.0,0.1519174948334694,1210.207721450867,0.5209337755393892,OpenSees 2-D,Pretell's approach,0.5479472279548645,14.250850677490234,0.0551222562789917,0.6027504935002224,0.17737160099835947,0.5213468244491686,0.7744233705237134,0.1621420548377419
80,296,2255,9920420,141.69398694671386,68.0,0.1519174948334694,1210.207721450867,0.5209337755393892,OpenSees 2-D,Toro Vs,0.504315972328186,5.336064851278239,0.011491000652313232,-0.3795776460212736,0.1384501894720559,0.3530754148328093,0.86458477612065,
80,296,2255,9920420,141.69398694671386,68.0,0.1519174948334694,1210.207721450867,0.5209337755393892,OpenSees 2-D,Passeri tts,0.5208548307418823,11.894385421776674,0.02802985906600952,0.42200036738384705,0.11791139489102839,0.36440790291815883,0.8713597728733119,
80,296,2255,9920420,141.69398694671386,68.0,0.1519174948334694,1210.207721450867,0.5209337755393892,OpenSees 2-D,Pretell,0.5019965171813965,10.44205284057376,0.009171545505523682,0.29177508726513035,0.09058851312989522,0.2878447892646696,0.9126480385315348,
80,296,2255,9920420,141.69398694671386,68.0,0.1519174948334694,1210.207721450867,0.5209337755393892,OpenSees 2-D,Pretell p84,0.504315972328186,13.779704163408573,0.011491000652313232,0.5691306887084174,0.1403659858206466,0.5059185699710602,0.9176816358898279,
81,502,3965,4774640,166.9827449821557,41.0,0.27678801529109476,858.6420902239915,1.0181874694033886,OpenSees 2-D,OpenSees 2-D,0.8973315954208374,17.802997589111328,0.0,0.0,0.0,0.0,1.0,0.12784977963335967
81,502,3965,4774640,166.9827449821557,41.0,0.27678801529109476,858.6420902239915,1.0181874694033886,OpenSees 2-D,GINO,0.9056428670883179,16.413270950317383,0.008311271667480469,-0.08127663511382946,0.06200711981306689,0.1356161184060303,0.9856592344267768,0.09783264734419148
81,502,3965,4774640,166.9827449821557,41.0,0.27678801529109476,858.6420902239915,1.0181874694033886,OpenSees 2-D,1D Base Case,1.0209606885910034,12.761395454406738,0.12362909317016602,-0.3329422134346375,0.27672318640577703,0.6842380316146092,0.5153701437972326,6.063422971406847e-17
81,502,3965,4774640,166.9827449821557,41.0,0.27678801529109476,858.6420902239915,1.0181874694033886,OpenSees 2-D,Pretell's approach,0.8569055199623108,14.402697563171387,-0.04042607545852661,-0.21195132718882936,0.08878203287599978,0.3710861404390156,0.8805413470081653,0.18609327012500038
81,502,3965,4774640,166.9827449821557,41.0,0.27678801529109476,858.6420902239915,1.0181874694033886,OpenSees 2-D,Toro Vs,0.983995258808136,5.335924418132582,0.08666366338729858,-1.2049047030072333,0.23771681541345072,0.5898285933333507,0.7099153889775849,
81,502,3965,4774640,166.9827449821557,41.0,0.27678801529109476,858.6420902239915,1.0181874694033886,OpenSees 2-D,Passeri tts,1.0209606885910034,11.894596095566905,0.12362909317016602,-0.4032826596400963,0.2752984948919281,0.6720189200078098,0.5280999451911663,
81,502,3965,4774640,166.9827449821557,41.0,0.27678801529109476,858.6420902239915,1.0181874694033886,OpenSees 2-D,Pretell,0.9098272919654846,9.200984028344571,0.012495696544647217,-0.6600564090644613,0.07441177509592996,0.3573227592830535,0.9306871573909198,
81,502,3965,4774640,166.9827449821557,41.0,0.27678801529109476,858.6420902239915,1.0181874694033886,OpenSees 2-D,Pretell p84,0.9353431463241577,13.715417382956664,0.03801155090332031,-0.26084629048695884,0.15984971626627878,0.36721381103393236,0.9042096129423908,
82,490,3874,425519,147.1806658427896,91.0,0.11322924531996251,1011.1066624560915,0.40434248857909233,OpenSees 2-D,OpenSees 2-D,0.39682459831237793,16.432449340820312,0.0,0.0,0.0,0.0,1.0,0.11893054987656479
82,490,3874,425519,147.1806658427896,91.0,0.11322924531996251,1011.1066624560915,0.40434248857909233,OpenSees 2-D,GINO,0.3986580967903137,16.868621826171875,0.001833498477935791,0.026197201169206992,0.10090784170420711,0.19266513616242556,0.9723181451121412,0.08508271134713082
82,490,3874,425519,147.1806658427896,91.0,0.11322924531996251,1011.1066624560915,0.40434248857909233,OpenSees 2-D,1D Base Case,0.40420958399772644,12.760796546936035,0.007384985685348511,-0.25288029700907516,0.11241171086390603,0.2754841472448995,0.9428930611315695,7.690824586710043e-17
82,490,3874,425519,147.1806658427896,91.0,0.11322924531996251,1011.1066624560915,0.40434248857909233,OpenSees 2-D,Pretell's approach,0.3913745582103729,13.989139556884766,-0.005450040102005005,-0.16097671565393074,0.08731236500537598,0.23238702238881054,0.9578903792394505,0.12840139950893362
82,490,3874,425519,147.1806658427896,91.0,0.11322924531996251,1011.1066624560915,0.40434248857909233,OpenSees 2-D,Toro Vs,0.3913745582103729,5.336061337028517,-0.005450040102005005,-1.1247701947931767,0.2070566797990237,0.5198549862504096,0.7945114795576385,
82,490,3874,425519,147.1806658427896,91.0,0.11322924531996251,1011.1066624560915,0.40434248857909233,OpenSees 2-D,Passeri tts,0.40420958399772644,11.893491318155384,0.007384985685348511,-0.32326669585314255,0.11420049235025928,0.287846657528113,0.9390858107445023,
82,490,3874,425519,147.1806658427896,91.0,0.11322924531996251,1011.1066624560915,0.40434248857909233,OpenSees 2-D,Pretell,0.39499953389167786,12.22371174204778,-0.0018250644207000732,-0.2958803474512224,0.06756160686307776,0.22937437119760856,0.964401447149132,
82,490,3874,425519,147.1806658427896,91.0,0.11322924531996251,1011.1066624560915,0.40434248857909233,OpenSees 2-D,Pretell p84,0.3895745575428009,14.393261482382101,-0.007250040769577026,-0.13249785384019935,0.11309895813101549,0.2318578525173311,0.9554580390830648,
83,720,5554,4758387,193.12554694617754,50.0,0.22867872323840857,1071.8885520515405,0.9656277347308877,OpenSees 2-D,OpenSees 2-D,0.8973315954208374,20.453632354736328,0.0,0.0,0.0,0.0,1.0,0.11800629621696417
83,720,5554,4758387,193.12554694617754,50.0,0.22867872323840857,1071.8885520515405,0.9656277347308877,OpenSees 2-D,GINO,0.8809372186660767,12.877666473388672,-0.016394376754760742,-0.4626659581387296,0.08043228030903185,0.2817791166097304,0.9560573380772482,0.07170732523652612
83,720,5554,4758387,193.12554694617754,50.0,0.22867872323840857,1071.8885520515405,0.9656277347308877,OpenSees 2-D,1D Base Case,0.966017484664917,12.765276908874512,0.06868588924407959,-0.47143174469422977,0.19000746122754236,0.5474645419941042,0.7099934215477218,5.853913610143775e-17
83,720,5554,4758387,193.12554694617754,50.0,0.22867872323840857,1071.8885520515405,0.9656277347308877,OpenSees 2-D,Pretell's approach,0.8220815658569336,15.982514381408691,-0.07525002956390381,-0.24666521449395915,0.22342841023569177,0.6423152953097369,0.6050522745378325,0.16919283590791823
83,720,5554,4758387,193.12554694617754,50.0,0.22867872323840857,1071.8885520515405,0.9656277347308877,OpenSees 2-D,Toro Vs,0.9353431463241577,5.336060370224913,0.03801155090332031,-1.3436728656649093,0.1954481223598012,0.5893745361084956,0.7430195474434064,
83,720,5554,4758387,193.12554694617754,50.0,0.22867872323840857,1071.8885520515405,0.9656277347308877,OpenSees 2-D,Passeri tts,0.966017484664917,11.896525577329697,0.06868588924407959,-0.5419140987797011,0.18949442488441154,0.5404099362195673,0.7200093594930113,
83,720,5554,4758387,193.12554694617754,50.0,0.22867872323840857,1071.8885520515405,0.9656277347308877,OpenSees 2-D,Pretell,0.8973315954208374,11.307261520077526,0.0,-0.5927153562469195,0.06259004741044555,0.31898147212957684,0.9439514981967532,
83,720,5554,4758387,193.12554694617754,50.0,0.22867872323840857,1071.8885520515405,0.9656277347308877,OpenSees 2-D,Pretell p84,0.922497034072876,15.40391734553027,0.025165438652038574,-0.2835386378159064,0.1355664182003213,0.30406353910830447,0.9324812423594723,
84,837,6405,625712,149.79656870015046,51.0,0.1369849991053343,1286.5085752353218,0.7342969053928944,OpenSees 2-D,OpenSees 2-D,2.2046687602996826,9.43187427520752,0.0,0.0,0.0,0.0,1.0,0.08107622182812783
84,837,6405,625712,149.79656870015046,51.0,0.1369849991053343,1286.5085752353218,0.7342969053928944,OpenSees 2-D,GINO,0.7292271852493286,11.013025283813477,-1.475441575050354,0.1549838554497632,0.1482520331336437,0.3121368648343877,0.879002861495025,0.08255480789714763
84,837,6405,625712,149.79656870015046,51.0,0.1369849991053343,1286.5085752353218,0.7342969053928944,OpenSees 2-D,1D Base Case,0.7359814643859863,12.76418685913086,-1.4686872959136963,0.3025485143064839,0.2375176772902347,0.3877008626326893,0.8382780698034752,6.401248744503985e-17
84,837,6405,625712,149.79656870015046,51.0,0.1369849991053343,1286.5085752353218,0.7342969053928944,OpenSees 2-D,Pretell's approach,0.7996554374694824,14.890432357788086,-1.4050133228302002,0.4566240495176798,0.0832772068557408,0.32200915808989367,0.9128977245963237,0.09897141535739047
84,837,6405,625712,149.79656870015046,51.0,0.1369849991053343,1286.5085752353218,0.7342969053928944,OpenSees 2-D,Toro Vs,0.7126115560531616,5.335873721086913,-1.492057204246521,-0.5696421906758509,0.25456098215700995,0.45097930181077867,0.758825554799129,
84,837,6405,625712,149.79656870015046,51.0,0.1369849991053343,1286.5085752353218,0.7342969053928944,OpenSees 2-D,Passeri tts,0.7359814643859863,11.896277007195117,-1.4686872959136963,0.2321306610837717,0.2360314247595518,0.3784989735507783,0.8410719865624909,
84,837,6405,625712,149.79656870015046,51.0,0.1369849991053343,1286.5085752353218,0.7342969053928944,OpenSees 2-D,Pretell,0.7671580910682678,11.66355405177232,-1.4375106692314148,0.21237410811699375,0.12173869697537745,0.2609025912287023,0.9265537899143845,
84,837,6405,625712,149.79656870015046,51.0,0.1369849991053343,1286.5085752353218,0.7342969053928944,OpenSees 2-D,Pretell p84,0.7496781945228577,14.413676559958011,-1.454990565776825,0.4240826834067716,0.11103004677066611,0.4240583087942081,0.9246169078607213,
85,543,4214,1628566,183.63636932657306,17.0,0.13017111122608185,997.4855722303688,2.7005348430378393,OpenSees 2-D,OpenSees 2-D,2.614673137664795,11.18082046508789,0.0,0.0,0.0,0.0,1.0,0.09469108383543426
85,543,4214,1628566,183.63636932657306,17.0,0.13017111122608185,997.4855722303688,2.7005348430378393,OpenSees 2-D,GINO,2.5906779766082764,15.610815048217773,-0.023995161056518555,0.33376409448124683,0.08308573490433346,0.25828527629630893,0.9596080876960515,0.13623944880757713
85,543,4214,1628566,183.63636932657306,17.0,0.13017111122608185,997.4855722303688,2.7005348430378393,OpenSees 2-D,1D Base Case,2.700420618057251,12.762874603271484,0.08574748039245605,0.1323406830387734,0.10805986043362584,0.3412786957510652,0.8813250630081613,5.2498311783368886e-17
85,543,4214,1628566,183.63636932657306,17.0,0.13017111122608185,997.4855722303688,2.7005348430378393,OpenSees 2-D,Pretell's approach,2.614673137664795,15.693926811218262,0.0,0.3390739583126881,0.04977651786299041,0.2298283163913049,0.9605828280044605,0.1070881101716679
85,543,4214,1628566,183.63636932657306,17.0,0.13017111122608185,997.4855722303688,2.7005348430378393,OpenSees 2-D,Toro Vs,2.614673137664795,5.336065818492722,0.0,-0.7397112085564163,0.11975673016449567,0.40611369904597516,0.8936166682274059,
85,543,4214,1628566,183.63636932657306,17.0,0.13017111122608185,997.4855722303688,2.7005348430378393,OpenSees 2-D,Passeri tts,2.700420618057251,11.894885897655682,0.08574748039245605,0.0619086993525196,0.10709613670664314,0.3308296093371042,0.8869550300537382,
85,543,4214,1628566,183.63636932657306,17.0,0.13017111122608185,997.4855722303688,2.7005348430378393,OpenSees 2-D,Pretell,2.5550971031188965,11.772881408559172,-0.05957603454589844,0.05159884898078886,0.03639482159680661,0.21421425757211568,0.9540467104321986,
85,543,4214,1628566,183.63636932657306,17.0,0.13017111122608185,997.4855722303688,2.7005348430378393,OpenSees 2-D,Pretell p84,2.5906779766082764,15.913730714338605,-0.023995161056518555,0.35298245161266883,0.08012515586722296,0.3723200037679944,0.9618942236057724,
86,641,4978,4021381,173.52533731451618,60.0,0.2513325922191143,1191.714795005294,0.7230222388104841,OpenSees 2-D,OpenSees 2-D,0.6650018095970154,34.890830993652344,0.0,0.0,0.0,0.0,1.0,0.22840517071414435
86,641,4978,4021381,173.52533731451618,60.0,0.2513325922191143,1191.714795005294,0.7230222388104841,OpenSees 2-D,GINO,0.6263207197189331,14.255815505981445,-0.038681089878082275,-0.8950591433008346,0.2672107498021331,0.5982921047456176,0.7492886475718071,0.13842619051598706
86,641,4978,4021381,173.52533731451618,60.0,0.2513325922191143,1191.714795005294,0.7230222388104841,OpenSees 2-D,1D Base Case,0.7225349545478821,12.75773811340332,0.0575331449508667,-1.006086074082241,0.389316244366801,0.699088439447071,0.6084531414332258,5.986358688872318e-17
86,641,4978,4021381,173.52533731451618,60.0,0.2513325922191143,1191.714795005294,0.7230222388104841,OpenSees 2-D,Pretell's approach,0.5530224442481995,15.10675048828125,-0.11197936534881592,-0.8370823763190578,0.4005870917101858,0.8566928631450401,0.28931949195439916,0.27223536172502694
86,641,4978,4021381,173.52533731451618,60.0,0.2513325922191143,1191.714795005294,0.7230222388104841,OpenSees 2-D,Toro Vs,0.6995919942855835,5.336047531379927,0.034590184688568115,-1.8777388561923822,0.3568542343097819,0.7289843360834156,0.697792068975441,
86,641,4978,4021381,173.52533731451618,60.0,0.2513325922191143,1191.714795005294,0.7230222388104841,OpenSees 2-D,Passeri tts,0.7225349545478821,11.891455361677748,0.0575331449508667,-1.076403967074162,0.3877248910401101,0.6958268129584331,0.6200468377886814,
86,641,4978,4021381,173.52533731451618,60.0,0.2513325922191143,1191.714795005294,0.7230222388104841,OpenSees 2-D,Pretell,0.6588989496231079,7.861914374333561,-0.006102859973907471,-1.4901939365849928,0.22833936977898217,0.6349307094904,0.8317076110775479,
86,641,4978,4021381,173.52533731451618,60.0,0.2513325922191143,1191.714795005294,0.7230222388104841,OpenSees 2-D,Pretell p84,0.668074369430542,13.726115655390423,0.0030725598335266113,-0.9329238019866477,0.3064104475799492,0.5057826673882729,0.8236554193604454,
87,939,7182,8828475,243.1823402296533,97.0,0.18822468779981136,1379.9470493636725,0.6267586088393127,OpenSees 2-D,OpenSees 2-D,0.6008675694465637,15.860024452209473,0.0,0.0,0.0,0.0,1.0,0.08109651672836575
87,939,7182,8828475,243.1823402296533,97.0,0.18822468779981136,1379.9470493636725,0.6267586088393127,OpenSees 2-D,GINO,0.6321218609809875,18.187013626098633,0.03125429153442383,0.13690604440754875,0.13326933646545422,0.3783092675873962,0.8786617378230005,0.08174673205108306
87,939,7182,8828475,243.1823402296533,97.0,0.18822468779981136,1379.9470493636725,0.6267586088393127,OpenSees 2-D,1D Base Case,0.6263207197189331,12.757495880126953,0.025453150272369385,-0.21768274694034534,0.1351432432119102,0.44748409659789873,0.8134390504996447,6.686235774804465e-17
87,939,7182,8828475,243.1823402296533,97.0,0.18822468779981136,1379.9470493636725,0.6267586088393127,OpenSees 2-D,Pretell's approach,0.6234402060508728,18.408231735229492,0.022572636604309082,0.14899618352742325,0.09215067138228414,0.39188395161857076,0.8595339703351765,0.11150404500480297
87,939,7182,8828475,243.1823402296533,97.0,0.18822468779981136,1379.9470493636725,0.6267586088393127,OpenSees 2-D,Toro Vs,0.6064329147338867,5.336046191089894,0.005565345287322998,-1.0893167928819882,0.16220062899912943,0.5702397109489218,0.7398646716131366,
87,939,7182,8828475,243.1823402296533,97.0,0.18822468779981136,1379.9470493636725,0.6267586088393127,OpenSees 2-D,Passeri tts,0.6263207197189331,11.891294843301658,0.025453150272369385,-0.2879951513099713,0.13533851888816872,0.4468192996957754,0.8168606420819495,
87,939,7182,8828475,243.1823402296533,97.0,0.18822468779981136,1379.9470493636725,0.6267586088393127,OpenSees 2-D,Pretell,0.6092349290847778,16.10073871203139,0.008367359638214111,0.015063395713757703,0.05453544161911,0.28226981323523953,0.928141801822204,
87,939,7182,8828475,243.1823402296533,97.0,0.18822468779981136,1379.9470493636725,0.6267586088393127,OpenSees 2-D,Pretell p84,0.6148777604103088,18.594648004395456,0.014010190963745117,0.15907203965545294,0.07253866694176722,0.33412640702258567,0.9217393923288764,
88,617,4757,978337,258.854824998878,32.0,0.20899393483996392,810.0918046414628,2.022303320303734,OpenSees 2-D,OpenSees 2-D,1.8675458431243896,26.189315795898438,0.0,0.0,0.0,0.0,1.0,0.10105936979674414
88,617,4757,978337,258.854824998878,32.0,0.20899393483996392,810.0918046414628,2.022303320303734,OpenSees 2-D,GINO,1.841896653175354,26.332027435302734,-0.025649189949035645,0.005434437958013227,0.07264897642240113,0.23918010602696105,0.9570905848122807,0.10043493508267741
88,617,4757,978337,258.854824998878,32.0,0.20899393483996392,810.0918046414628,2.022303320303734,OpenSees 2-D,1D Base Case,2.029118061065674,12.755430221557617,0.16157221794128418,-0.7193944528818705,0.16807172370206788,0.6314270139121521,0.6458240676267933,5.388319969922733e-17
88,617,4757,978337,258.854824998878,32.0,0.20899393483996392,810.0918046414628,2.022303320303734,OpenSees 2-D,Pretell's approach,1.841896653175354,19.09862518310547,-0.025649189949035645,-0.31573518102698617,0.048097365186058075,0.3155721317395667,0.9336116119708748,0.17219325196090268
88,617,4757,978337,258.854824998878,32.0,0.20899393483996392,810.0918046414628,2.022303320303734,OpenSees 2-D,Toro Vs,1.9556506872177124,5.336004263172881,0.08810484409332275,-1.590874425988322,0.15440828860081388,0.6509932354958136,0.7408001026464868,
88,617,4757,978337,258.854824998878,32.0,0.20899393483996392,810.0918046414628,2.022303320303734,OpenSees 2-D,Passeri tts,2.029118061065674,11.890936995573854,0.16157221794128418,-0.7895750206022218,0.16725153961889505,0.6253692655963995,0.6579412775209519,
88,617,4757,978337,258.854824998878,32.0,0.20899393483996392,810.0918046414628,2.022303320303734,OpenSees 2-D,Pretell,1.9737643003463745,10.306321515418135,0.10621845722198486,-0.9325940872111707,0.1006541906882569,0.514692411386551,0.8173229234098021,
88,617,4757,978337,258.854824998878,32.0,0.20899393483996392,810.0918046414628,2.022303320303734,OpenSees 2-D,Pretell p84,2.047912120819092,17.663137225109683,0.18036627769470215,-0.39387170833215324,0.14010181424049906,0.5649184146157227,0.7783235854515449,
89,290,2158,4028276,170.14859943352397,91.0,0.28168344087898733,1355.5277389238297,0.46744120723495597,OpenSees 2-D,OpenSees 2-D,0.4252346456050873,10.555089950561523,0.0,0.0,0.0,0.0,1.0,0.24063629192811367
89,290,2158,4028276,170.14859943352397,91.0,0.28168344087898733,1355.5277389238297,0.46744120723495597,OpenSees 2-D,GINO,0.40983837842941284,12.048723220825195,-0.015396267175674438,0.13235049420020992,0.312277671326142,0.38754730030299045,0.8581913828409543,0.16278268216399397
89,290,2158,4028276,170.14859943352397,91.0,0.28168344087898733,1355.5277389238297,0.46744120723495597,OpenSees 2-D,1D Base Case,0.46845799684524536,12.764793395996094,0.04322335124015808,0.19008266202362378,0.2415148825762628,0.5084860107300753,0.7569428823194545,7.297505531035288e-17
89,290,2158,4028276,170.14859943352397,91.0,0.28168344087898733,1355.5277389238297,0.46744120723495597,OpenSees 2-D,Pretell's approach,0.4452958405017853,15.062647819519043,0.020061194896697998,0.3556098216020761,0.10294282922596107,0.3618981948295401,0.9215677316056086,0.2377747147835908
89,290,2158,4028276,170.14859943352397,91.0,0.28168344087898733,1355.5277389238297,0.46744120723495597,OpenSees 2-D,Toro Vs,0.45358288288116455,5.335893088464904,0.02834823727607727,-0.6821519308269278,0.19081453778516608,0.3687759017033383,0.8797397182255763,
89,290,2158,4028276,170.14859943352397,91.0,0.28168344087898733,1355.5277389238297,0.46744120723495597,OpenSees 2-D,Passeri tts,0.46845799684524536,11.89663600673006,0.04322335124015808,0.11964746829882997,0.2386158560699369,0.4870940678715226,0.768321320176067,
89,290,2158,4028276,170.14859943352397,91.0,0.28168344087898733,1355.5277389238297,0.46744120723495597,OpenSees 2-D,Pretell,0.42917323112487793,10.27488800572106,0.003938585519790649,-0.02690534270826468,0.07292928331317049,0.15757431125063748,0.9750238828239899,
89,290,2158,4028276,170.14859943352397,91.0,0.28168344087898733,1355.5277389238297,0.46744120723495597,OpenSees 2-D,Pretell p84,0.4193944036960602,15.138787651487624,-0.0058402419090271,0.36065196559894375,0.20907092056274135,0.5213444682570734,0.9701248017026547,
90,779,5989,9792432,159.04078356017536,16.0,0.18617143128067254,870.286317108344,2.48501224312774,OpenSees 2-D,OpenSees 2-D,2.78898024559021,5.472357273101807,0.0,0.0,0.0,0.0,1.0,0.11093177526771876
90,779,5989,9792432,159.04078356017536,16.0,0.18617143128067254,870.286317108344,2.48501224312774,OpenSees 2-D,GINO,2.4853949546813965,7.880212306976318,-0.3035852909088135,0.36464537669062813,0.13887109634560654,0.2801872604979433,0.9713156463890724,0.14578864756598897
90,779,5989,9792432,159.04078356017536,16.0,0.18617143128067254,870.286317108344,2.48501224312774,OpenSees 2-D,1D Base Case,2.4853949546813965,12.764057159423828,-0.3035852909088135,0.8469237172549215,0.1394372653574098,0.5221132502172217,0.8813757635978741,5.415355586169507e-17
90,779,5989,9792432,159.04078356017536,16.0,0.18617143128067254,870.286317108344,2.48501224312774,OpenSees 2-D,Pretell's approach,2.8018665313720703,14.407683372497559,0.012886285781860352,0.968052162494063,0.15277904768495623,0.6237278106716343,0.8458293964976215,0.12262238887513358
90,779,5989,9792432,159.04078356017536,16.0,0.18617143128067254,870.286317108344,2.48501224312774,OpenSees 2-D,Toro Vs,2.406475067138672,5.336065275140192,-0.3825051784515381,-0.025220927815101633,0.09049975560589378,0.1698844103319577,0.9527449336890647,
90,779,5989,9792432,159.04078356017536,16.0,0.18617143128067254,870.286317108344,2.48501224312774,OpenSees 2-D,Passeri tts,2.4853949546813965,11.895687536964845,-0.3035852909088135,0.7764664732600927,0.13716604394434637,0.48730903497358197,0.8927692098413285,
90,779,5989,9792432,159.04078356017536,16.0,0.18617143128067254,870.286317108344,2.48501224312774,OpenSees 2-D,Pretell,2.406475067138672,10.551373082039113,-0.3825051784515381,0.6565465320837168,0.1485892629718866,0.44216165157316717,0.8974345342225161,
90,779,5989,9792432,159.04078356017536,16.0,0.18617143128067254,870.286317108344,2.48501224312774,OpenSees 2-D,Pretell p84,2.384390354156494,15.64690461876719,-0.4045898914337158,1.0505636401594478,0.2058171402608752,0.9057940881742895,0.9083058766718638,
91,910,6969,9926636,186.67718958333168,29.0,0.1966839576140046,1213.7252958667539,1.6092861170976869,OpenSees 2-D,OpenSees 2-D,1.5037553310394287,21.319190979003906,0.0,0.0,0.0,0.0,1.0,0.1310880543098941
91,910,6969,9926636,186.67718958333168,29.0,0.1966839576140046,1213.7252958667539,1.6092861170976869,OpenSees 2-D,GINO,1.4560060501098633,22.69174575805664,-0.04774928092956543,0.06239358336553379,0.1267005670083922,0.2985498465354818,0.9285150063872712,0.1286948039379617
91,910,6969,9926636,186.67718958333168,29.0,0.1966839576140046,1213.7252958667539,1.6092861170976869,OpenSees 2-D,1D Base Case,1.6114143133163452,12.767026901245117,0.1076589822769165,-0.5127418280737369,0.1805278429073493,0.5428828422239206,0.748873245045991,6.029206279979671e-17
91,910,6969,9926636,186.67718958333168,29.0,0.1966839576140046,1213.7252958667539,1.6092861170976869,OpenSees 2-D,Pretell's approach,1.3277708292007446,15.125816345214844,-0.17598450183868408,-0.343204676304105,0.2157667561479496,0.684825338784649,0.5425111154282369,0.1839158740776248
91,910,6969,9926636,186.67718958333168,29.0,0.1966839576140046,1213.7252958667539,1.6092861170976869,OpenSees 2-D,Toro Vs,1.560246467590332,5.336002267298484,0.05649113655090332,-1.3851309184826073,0.18564780332841696,0.6086012935500738,0.7938129237717374,
91,910,6969,9926636,186.67718958333168,29.0,0.1966839576140046,1213.7252958667539,1.6092861170976869,OpenSees 2-D,Passeri tts,1.6114143133163452,11.897860457119025,0.1076589822769165,-0.5832490615685709,0.18014312127188062,0.5389910901789384,0.7587127209669304,
91,910,6969,9926636,186.67718958333168,29.0,0.1966839576140046,1213.7252958667539,1.6092861170976869,OpenSees 2-D,Pretell,1.5388177633285522,9.028310336946069,0.035062432289123535,-0.8592424186987249,0.09890468145680967,0.4615479882487963,0.9005919029098117,
91,910,6969,9926636,186.67718958333168,29.0,0.1966839576140046,1213.7252958667539,1.6092861170976869,OpenSees 2-D,Pretell p84,1.5674554109573364,14.575276108530444,0.06370007991790771,-0.3802809759632258,0.13003516394341955,0.3907280902223819,0.8738449570621499,
92,212,1594,6591568,238.22189618352004,81.0,0.2801766905933618,969.1976840598059,0.7352527659985186,OpenSees 2-D,OpenSees 2-D,1.9287915229797363,10.05952262878418,0.0,0.0,0.0,0.0,1.0,0.18777458690857682
92,212,1594,6591568,238.22189618352004,81.0,0.2801766905933618,969.1976840598059,0.7352527659985186,OpenSees 2-D,GINO,0.6438857316970825,13.10240364074707,-1.2849057912826538,0.2642759862639117,0.16623921677694886,0.317169001370831,0.9005487573475035,0.12480282840869214
92,212,1594,6591568,238.22189618352004,81.0,0.2801766905933618,969.1976840598059,0.7352527659985186,OpenSees 2-D,1D Base Case,0.7359814643859863,12.76689338684082,-1.19281005859375,0.23833565498263046,0.3358384935523752,0.6879632637519454,0.5025095558347847,6.612777305788774e-17
92,212,1594,6591568,238.22189618352004,81.0,0.2801766905933618,969.1976840598059,0.7352527659985186,OpenSees 2-D,Pretell's approach,0.6868103742599487,17.860857009887695,-1.2419811487197876,0.5740918480346936,0.1285029387556962,0.6001628036403751,0.7607695755721778,0.24602920324225347
92,212,1594,6591568,238.22189618352004,81.0,0.2801766905933618,969.1976840598059,0.7352527659985186,OpenSees 2-D,Toro Vs,0.7126115560531616,5.336030421616636,-1.2161799669265747,-0.6340377013389642,0.24288949741154403,0.47633273923399705,0.7016850994984755,
92,212,1594,6591568,238.22189618352004,81.0,0.2801766905933618,969.1976840598059,0.7352527659985186,OpenSees 2-D,Passeri tts,0.7359814643859863,11.897696438412739,-1.19281005859375,0.16782509363659026,0.3319208546173583,0.668437550286881,0.5142814268521482,
92,212,1594,6591568,238.22189618352004,81.0,0.2801766905933618,969.1976840598059,0.7352527659985186,OpenSees 2-D,Pretell,0.6263207197189331,7.636199951067427,-1.3024708032608032,-0.2756196203026077,0.12211198868104708,0.3104535597564646,0.8818453671732203,
92,212,1594,6591568,238.22189618352004,81.0,0.2801766905933618,969.1976840598059,0.7352527659985186,OpenSees 2-D,Pretell p84,0.7292271852493286,13.404108203733003,-1.1995643377304077,0.2870415311996764,0.22755916286910546,0.7200961895031905,0.8395750635569688,
93,555,4268,3145816,324.9197991445763,18.0,0.19213616643100978,897.6669370546688,4.512774988119116,OpenSees 2-D,OpenSees 2-D,4.2621588706970215,27.941991806030273,0.0,0.0,0.0,0.0,1.0,0.08666959450716169
93,555,4268,3145816,324.9197991445763,18.0,0.19213616643100978,897.6669370546688,4.512774988119116,OpenSees 2-D,GINO,4.203621864318848,30.6854248046875,-0.05853700637817383,0.0936571398166328,0.1074752036183593,0.16162157929678503,0.9868592142832631,0.10700348038595672
93,555,4268,3145816,324.9197991445763,18.0,0.19213616643100978,897.6669370546688,4.512774988119116,OpenSees 2-D,1D Base Case,4.525386333465576,12.760845184326172,0.2632274627685547,-0.7837491272398043,0.31924014835822107,0.5675857582138587,0.7771691494564696,4.961413313336509e-17
93,555,4268,3145816,324.9197991445763,18.0,0.19213616643100978,897.6669370546688,4.512774988119116,OpenSees 2-D,Pretell's approach,4.3016357421875,22.604537963867188,0.039476871490478516,-0.2119799589960012,0.12330650337271293,0.22358287166858087,0.9779815516035234,0.10207146803888795
93,555,4268,3145816,324.9197991445763,18.0,0.19213616643100978,897.6669370546688,4.512774988119116,OpenSees 2-D,Toro Vs,4.361537933349609,5.335934817082707,0.09937906265258789,-1.6556665471294687,0.3231225197571842,0.6611127785827975,0.7748561165426981,
93,555,4268,3145816,324.9197991445763,18.0,0.19213616643100978,897.6669370546688,4.512774988119116,OpenSees 2-D,Passeri tts,4.525386333465576,11.89426086955269,0.2632274627685547,-0.854074636065411,0.31872456111736325,0.566559137919764,0.7848528827867888,
93,555,4268,3145816,324.9197991445763,18.0,0.19213616643100978,897.6669370546688,4.512774988119116,OpenSees 2-D,Pretell,4.321511268615723,10.524907472245298,0.05935239791870117,-0.9763860516848305,0.22233501996276292,0.4777739840478396,0.88969381449157,
93,555,4268,3145816,324.9197991445763,18.0,0.19213616643100978,897.6669370546688,4.512774988119116,OpenSees 2-D,Pretell p84,4.281851768493652,18.324352049949738,0.01969289779663086,-0.42189975163365057,0.27823596485952207,0.46361724183882513,0.8716438411331501,
94,967,7452,5735259,182.334163431289,37.0,0.14598082564771175,953.0458050240453,1.2319875907519526,OpenSees 2-D,OpenSees 2-D,1.150962233543396,8.235196113586426,0.0,0.0,0.0,0.0,1.0,0.1006519724129771
94,967,7452,5735259,182.334163431289,37.0,0.14598082564771175,953.0458050240453,1.2319875907519526,OpenSees 2-D,GINO,1.166989803314209,8.137123107910156,0.01602756977081299,-0.01198048699129618,0.06362790504516061,0.2144104578815108,0.9402873218820437,0.10183988756293597
94,967,7452,5735259,182.334163431289,37.0,0.14598082564771175,953.0458050240453,1.2319875907519526,OpenSees 2-D,1D Base Case,1.2333635091781616,12.767009735107422,0.08240127563476562,0.4384473013698653,0.07430346644170438,0.4121265862094249,0.8407065862919811,6.150594363816248e-17
94,967,7452,5735259,182.334163431289,37.0,0.14598082564771175,953.0458050240453,1.2319875907519526,OpenSees 2-D,Pretell's approach,1.262121319770813,15.339345932006836,0.11115908622741699,0.6220039789709233,0.09572289566019106,0.5331422219068357,0.7972612054767398,0.12562173770021443
94,967,7452,5735259,182.334163431289,37.0,0.14598082564771175,953.0458050240453,1.2319875907519526,OpenSees 2-D,Toro Vs,1.194200038909912,5.33602068752823,0.04323780536651611,-0.43393699241033606,0.061484940995663505,0.36188562622267745,0.8409546810975125,
94,967,7452,5735259,182.334163431289,37.0,0.14598082564771175,953.0458050240453,1.2319875907519526,OpenSees 2-D,Passeri tts,1.2333635091781616,11.897800840737494,0.08240127563476562,0.3679364017506797,0.07289570942814,0.39277657785471404,0.8470176446667765,
94,967,7452,5735259,182.334163431289,37.0,0.14598082564771175,953.0458050240453,1.2319875907519526,OpenSees 2-D,Pretell,1.150962233543396,11.139503540064219,0.0,0.30208048999300735,0.07529257881044155,0.2910961119514673,0.9222868895671049,
94,967,7452,5735259,182.334163431289,37.0,0.14598082564771175,953.0458050240453,1.2319875907519526,OpenSees 2-D,Pretell p84,1.1403995752334595,14.721494384080575,-0.010562658309936523,0.5808914508163048,0.11322451382324179,0.5639265456089346,0.9257878696877503,
95,672,5210,7865980,185.1058674795539,71.0,0.15349327493458986,1036.6620404991381,0.6517812235195559,OpenSees 2-D,OpenSees 2-D,0.6263207197189331,13.631585121154785,0.0,0.0,0.0,0.0,1.0,0.09000211932774062
95,672,5210,7865980,185.1058674795539,71.0,0.15349327493458986,1036.6620404991381,0.6517812235195559,OpenSees 2-D,GINO,0.6263207197189331,12.077390670776367,0.0,-0.12105437033661676,0.07115262993876925,0.13631572252853977,0.9824943099021645,0.0741525765656297
95,672,5210,7865980,185.1058674795539,71.0,0.15349327493458986,1036.6620404991381,0.6517812235195559,OpenSees 2-D,1D Base Case,0.6528521180152893,12.766622543334961,0.0265313982963562,-0.06555538405936605,0.10141864531590564,0.2970273818514175,0.9103087123881889,6.341838574951639e-17
95,672,5210,7865980,185.1058674795539,71.0,0.15349327493458986,1036.6620404991381,0.6517812235195559,OpenSees 2-D,Pretell's approach,0.649849534034729,15.367734909057617,0.0235288143157959,0.11988064034048,0.10747905620582363,0.32423577038404977,0.9008484915560409,0.12373104332237725
95,672,5210,7865980,185.1058674795539,71.0,0.15349327493458986,1036.6620404991381,0.6517812235195559,OpenSees 2-D,Toro Vs,0.6321218609809875,5.335967392886905,0.005801141262054443,-0.9379193376199059,0.13585448354165625,0.4512770936016947,0.8376181042308052,
95,672,5210,7865980,185.1058674795539,71.0,0.15349327493458986,1036.6620404991381,0.6517812235195559,OpenSees 2-D,Passeri tts,0.6528521180152893,11.897678322189057,0.0265313982963562,-0.1360462533287482,0.10125025710231558,0.29272832727135284,0.9131856450350486,
95,672,5210,7865980,185.1058674795539,71.0,0.15349327493458986,1036.6620404991381,0.6517812235195559,OpenSees 2-D,Pretell,0.6263207197189331,13.234776915549899,0.0,-0.029541555543367917,0.0284228465704899,0.13722288443937955,0.9823269925163949,
95,672,5210,7865980,185.1058674795539,71.0,0.15349327493458986,1036.6620404991381,0.6517812235195559,OpenSees 2-D,Pretell p84,0.6177187561988831,15.988602436646413,-0.008601963520050049,0.15948658525375548,0.07820439018130908,0.2616471747909541,0.9794514465583363,
96,317,2430,4504608,197.44177633684973,64.0,0.11329658869653941,1069.9077450394534,0.7712569388158192,OpenSees 2-D,OpenSees 2-D,0.760117769241333,18.82246208190918,0.0,0.0,0.0,0.0,1.0,0.07543845542026222
96,317,2430,4504608,197.44177633684973,64.0,0.11329658869653941,1069.9077450394534,0.7712569388158192,OpenSees 2-D,GINO,0.760117769241333,17.14275360107422,0.0,-0.09347539446021291,0.08244856562323843,0.13912925520153221,0.9846061594033519,0.07548945634332983
96,317,2430,4504608,197.44177633684973,64.0,0.11329658869653941,1069.9077450394534,0.7712569388158192,OpenSees 2-D,1D Base Case,0.7707027196884155,12.757298469543457,0.01058495044708252,-0.38894741141810624,0.07244733113256044,0.28795232204017834,0.9521561843737736,6.256287125338203e-17
96,317,2430,4504608,197.44177633684973,64.0,0.11329658869653941,1069.9077450394534,0.7712569388158192,OpenSees 2-D,Pretell's approach,0.7531419992446899,15.987342834472656,-0.006975769996643066,-0.1632536119002838,0.03255594151822408,0.16771810174012117,0.9826604632441722,0.09857040669325746
96,317,2430,4504608,197.44177633684973,64.0,0.11329658869653941,1069.9077450394534,0.7712569388158192,OpenSees 2-D,Toro Vs,0.7462303042411804,5.33604507359374,-0.013887465000152588,-1.2605661925784328,0.15566731728319158,0.5555107537522425,0.7892656809800899,
96,317,2430,4504608,197.44177633684973,64.0,0.11329658869653941,1069.9077450394534,0.7712569388158192,OpenSees 2-D,Passeri tts,0.7707027196884155,11.89116385379415,0.01058495044708252,-0.4592553572228829,0.07455761433980662,0.305105460231362,0.9470319409376929,
96,317,2430,4504608,197.44177633684973,64.0,0.11329658869653941,1069.9077450394534,0.7712569388158192,OpenSees 2-D,Pretell,0.760117769241333,14.228084767907617,0.0,-0.2798331363397682,0.03440248097786267,0.1898479082279854,0.980466793869489,
96,317,2430,4504608,197.44177633684973,64.0,0.11329658869653941,1069.9077450394534,0.7712569388158192,OpenSees 2-D,Pretell p84,0.7671580910682678,16.457468126822924,0.0070403218269348145,-0.13427158456950994,0.0705342100129574,0.18246091521743363,0.9745347613384028,
97,57,470,7383255,183.31594799720395,39.0,0.1648308804258704,1303.5981967738105,1.1751022307513073,OpenSees 2-D,OpenSees 2-D,1.2333635091781616,9.684296607971191,0.0,0.0,0.0,0.0,1.0,0.11208789178400994
97,57,470,7383255,183.31594799720395,39.0,0.1648308804258704,1303.5981967738105,1.1751022307513073,OpenSees 2-D,GINO,1.1299339532852173,7.338388442993164,-0.10342955589294434,-0.2773864069249487,0.1247369171409821,0.3213536436860066,0.8569331956836339,0.09360126872636489
97,57,470,7383255,183.31594799720395,39.0,0.1648308804258704,1303.5981967738105,1.1751022307513073,OpenSees 2-D,1D Base Case,1.1777987480163574,12.76418399810791,-0.0555647611618042,0.2761374564379467,0.09448372586460141,0.35457691290140314,0.8704622460804338,5.727862201910411e-17
97,57,470,7383255,183.31594799720395,39.0,0.1648308804258704,1303.5981967738105,1.1751022307513073,OpenSees 2-D,Pretell's approach,1.2390621900558472,15.724761962890625,0.005698680877685547,0.4847309977072695,0.049800697581382315,0.3197378605384712,0.943893708680814,0.14663035919483128
97,57,470,7383255,183.31594799720395,39.0,0.1648308804258704,1303.5981967738105,1.1751022307513073,OpenSees 2-D,Toro Vs,1.1403995752334595,5.335873631057048,-0.09296393394470215,-0.596053041272374,0.0926469005961766,0.3929122675196674,0.8238029162586341,
97,57,470,7383255,183.31594799720395,39.0,0.1648308804258704,1303.5981967738105,1.1751022307513073,OpenSees 2-D,Passeri tts,1.1777987480163574,11.896275087796036,-0.0555647611618042,0.2057196660152808,0.09253382223337384,0.33900748052615354,0.8762708907987279,
97,57,470,7383255,183.31594799720395,39.0,0.1648308804258704,1303.5981967738105,1.1751022307513073,OpenSees 2-D,Pretell,1.1777987480163574,9.383206387852262,-0.0555647611618042,-0.031584130269247015,0.10256783098800518,0.3256350942465812,0.8706614655443277,
97,57,470,7383255,183.31594799720395,39.0,0.1648308804258704,1303.5981967738105,1.1751022307513073,OpenSees 2-D,Pretell p84,1.1997177600860596,15.466678080058598,-0.03364574909210205,0.4681822412290209,0.1329157684229929,0.5702982904399193,0.8968349637029803,
98,791,6081,7495150,185.7519503247115,55.0,0.2536833180114627,944.8379616276762,0.8443270469305068,OpenSees 2-D,OpenSees 2-D,0.8033502101898193,30.92937469482422,0.0,0.0,0.0,0.0,1.0,0.20231314109466964
98,791,6081,7495150,185.7519503247115,55.0,0.2536833180114627,944.8379616276762,0.8443270469305068,OpenSees 2-D,GINO,0.7850456237792969,18.111637115478516,-0.01830458641052246,-0.5351517034723796,0.09009086736261901,0.3826375335938242,0.9182424119300282,0.11004786692094892
98,791,6081,7495150,185.7519503247115,55.0,0.2536833180114627,944.8379616276762,0.8443270469305068,OpenSees 2-D,1D Base Case,0.8451366424560547,12.766850471496582,0.04178643226623535,-0.8848543650470934,0.22372601602166292,0.5852651119404262,0.771240419957297,5.977487540496296e-17
98,791,6081,7495150,185.7519503247115,55.0,0.2536833180114627,944.8379616276762,0.8443270469305068,OpenSees 2-D,Pretell's approach,0.7359814643859863,15.981904029846191,-0.06736874580383301,-0.6602492856629805,0.1677519287531164,0.6511934501410859,0.6413976725338039,0.266249999607897
98,791,6081,7495150,185.7519503247115,55.0,0.2536833180114627,944.8379616276762,0.8443270469305068,OpenSees 2-D,Toro Vs,0.8183006644248962,5.336032730186276,0.014950454235076904,-1.7572239272695918,0.22182540895037495,0.6909978637054607,0.7437762077300647,
98,791,6081,7495150,185.7519503247115,55.0,0.2536833180114627,944.8379616276762,0.8443270469305068,OpenSees 2-D,Passeri tts,0.8451366424560547,11.897661386654585,0.04178643226623535,-0.9553645110324949,0.2234551502680655,0.5866448429979056,0.7775021072583742,
98,791,6081,7495150,185.7519503247115,55.0,0.2536833180114627,944.8379616276762,0.8443270469305068,OpenSees 2-D,Pretell,0.8335294127464294,8.016030560866842,0.030179202556610107,-1.3502630128884778,0.1559439841211695,0.5997974763959149,0.837281461898703,
98,791,6081,7495150,185.7519503247115,55.0,0.2536833180114627,944.8379616276762,0.8443270469305068,OpenSees 2-D,Pretell p84,0.8373806476593018,15.490163365633066,0.03403043746948242,-0.6915011688114743,0.25442162763544685,0.50379703609414,0.8114952183510044,
99,535,4145,3291950,205.2167797086878,43.0,0.1709762278944254,1112.8607093618052,1.1931208122598127,OpenSees 2-D,OpenSees 2-D,1.1562801599502563,16.45042610168457,0.0,0.0,0.0,0.0,1.0,0.13138730622794956
99,535,4145,3291950,205.2167797086878,43.0,0.1709762278944254,1112.8607093618052,1.1931208122598127,OpenSees 2-D,GINO,1.1351547241210938,17.824844360351562,-0.021125435829162598,0.08024185501128436,0.08050672918461392,0.2361435206359359,0.9535503285354439,0.117678841861819
99,535,4145,3291950,205.2167797086878,43.0,0.1709762278944254,1112.8607093618052,1.1931208122598127,OpenSees 2-D,1D Base Case,1.194200038909912,12.766765594482422,0.03791987895965576,-0.2535060233103358,0.08951439857472182,0.3165919771431233,0.9112893302380519,5.759891658100856e-17
99,535,4145,3291950,205.2167797086878,43.0,0.1709762278944254,1112.8607093618052,1.1931208122598127,OpenSees 2-D,Pretell's approach,1.1144152879714966,16.498044967651367,-0.041864871978759766,0.002890507363534417,0.07927147372752734,0.3190812857799996,0.9072305857308569,0.16771754020547444
99,535,4145,3291950,205.2167797086878,43.0,0.1709762278944254,1112.8607093618052,1.1931208122598127,OpenSees 2-D,Toro Vs,1.1562801599502563,5.336036442239763,0.0,-1.1258682416186714,0.1078749888185029,0.49412470935826797,0.8488033022469058,
99,535,4145,3291950,205.2167797086878,43.0,0.1709762278944254,1112.8607093618052,1.1931208122598127,OpenSees 2-D,Passeri tts,1.194200038909912,11.897594623644562,0.03791987895965576,-0.3240151324947563,0.08973691619430392,0.3172752100586207,0.9140401079604346,
99,535,4145,3291950,205.2167797086878,43.0,0.1709762278944254,1112.8607093618052,1.1931208122598127,OpenSees 2-D,Pretell,1.166989803314209,11.977073161832086,0.010709643363952637,-0.31735712723981196,0.04833185970749372,0.22366720074004162,0.9608089931542275,
99,535,4145,3291950,205.2167797086878,43.0,0.1709762278944254,1112.8607093618052,1.1931208122598127,OpenSees 2-D,Pretell p84,1.1997177600860596,15.70663747463292,0.04343760013580322,-0.04626798761638409,0.09991243882884435,0.3643798380115102,0.9429454152641698,
100,932,7127,1799007,157.65852605851168,68.0,0.10989516898989678,940.9359438302844,0.5796269340386458,OpenSees 2-D,OpenSees 2-D,0.5530224442481995,11.780224800109863,0.0,0.0,0.0,0.0,1.0,0.08696087934030544
100,932,7127,1799007,157.65852605851168,68.0,0.10989516898989678,940.9359438302844,0.5796269340386458,OpenSees 2-D,GINO,0.5711586475372314,15.629201889038086,0.018136203289031982,0.28271881912562374,0.1163728570270559,0.2895013340757147,0.9449502129969757,0.06733601737377615
100,932,7127,1799007,157.65852605851168,68.0,0.10989516898989678,940.9359438302844,0.5796269340386458,OpenSees 2-D,1D Base Case,0.5791122913360596,12.755538940429688,0.026089847087860107,0.07954334272630864,0.11805528511916333,0.3432577282973881,0.8776645374421429,6.416678821148627e-17
100,932,7127,1799007,157.65852605851168,68.0,0.10989516898989678,940.9359438302844,0.5796269340386458,OpenSees 2-D,Pretell's approach,0.5479472279548645,14.254356384277344,-0.005075216293334961,0.19064030992934108,0.07460742440512988,0.21871271211842006,0.956332872474806,0.09958840944959275
100,932,7127,1799007,157.65852605851168,68.0,0.10989516898989678,940.9359438302844,0.5796269340386458,OpenSees 2-D,Toro Vs,0.5607234835624695,5.336034321935806,0.0077010393142700195,-0.791939520503009,0.1637072873596307,0.44421807504294747,0.8232963791609584,
100,932,7127,1799007,157.65852605851168,68.0,0.10989516898989678,940.9359438302844,0.5796269340386458,OpenSees 2-D,Passeri tts,0.5791122913360596,11.889999438669152,0.026089847087860107,0.009275402249821756,0.11771790796390788,0.33493323299773264,0.881701244282592,
100,932,7127,1799007,157.65852605851168,68.0,0.10989516898989678,940.9359438302844,0.5796269340386458,OpenSees 2-D,Pretell,0.5581446290016174,12.613517952177416,0.005122184753417969,0.06834683096645039,0.0579508089990229,0.22956115739578437,0.9485516963341323,
100,932,7127,1799007,157.65852605851168,68.0,0.10989516898989678,940.9359438302844,0.5796269340386458,OpenSees 2-D,Pretell p84,0.5685318112373352,14.674374791149566,0.015509366989135742,0.21968049989452698,0.07115901041311215,0.3044249203572502,0.9480642188135018,
101,272,2011,3191565,143.7795459684312,87.0,0.20518740378320216,1097.3952426073297,0.4131596148518138,OpenSees 2-D,OpenSees 2-D,1.1616226434707642,14.083821296691895,0.0,0.0,0.0,0.0,1.0,0.16179755659789644
101,272,2011,3191565,143.7795459684312,87.0,0.20518740378320216,1097.3952426073297,0.4131596148518138,OpenSees 2-D,GINO,0.3859993517398834,15.403560638427734,-0.7756232917308807,0.08957198016146928,0.1281599466780324,0.2739758008804332,0.9302426248596749,0.07754008377567427
101,272,2011,3191565,143.7795459684312,87.0,0.20518740378320216,1097.3952426073297,0.4131596148518138,OpenSees 2-D,1D Base Case,0.41363435983657837,12.767026901245117,-0.7479882836341858,-0.09816088889253463,0.2681021366210543,0.5169075669914831,0.7308536335099929,8.366059516668753e-17
101,272,2011,3191565,143.7795459684312,87.0,0.20518740378320216,1097.3952426073297,0.4131596148518138,OpenSees 2-D,Pretell's approach,0.3913745582103729,14.37455940246582,-0.7702480852603912,0.020433223129787702,0.11510203384969424,0.3193944126223343,0.905630383241452,0.17303220245944742
101,272,2011,3191565,143.7795459684312,87.0,0.20518740378320216,1097.3952426073297,0.4131596148518138,OpenSees 2-D,Toro Vs,0.40050008893013,5.336018000667084,-0.7611225545406342,-0.9705470307746585,0.26636531130506397,0.5419122241323534,0.7429920047789894,
101,272,2011,3191565,143.7795459684312,87.0,0.20518740378320216,1097.3952426073297,0.4131596148518138,OpenSees 2-D,Passeri tts,0.41363435983657837,11.897819299075145,-0.7479882836341858,-0.16867158167445778,0.265427652589763,0.5076358449415898,0.7390992840725716,
101,272,2011,3191565,143.7795459684312,87.0,0.20518740378320216,1097.3952426073297,0.4131596148518138,OpenSees 2-D,Pretell,0.3931828737258911,11.324075229825068,-0.768439769744873,-0.2180957021962904,0.12885142579358355,0.3464324016325539,0.8934519039114777,
101,272,2011,3191565,143.7795459684312,87.0,0.20518740378320216,1097.3952426073297,0.4131596148518138,OpenSees 2-D,Pretell p84,0.39682459831237793,15.110164977449754,-0.7647980451583862,0.0703409818325695,0.16814685425338344,0.39736731016166843,0.8831869875786772,
102,15,135,3039501,145.27946717719402,72.0,0.1785500245168805,1345.7170759497278,0.5044425943652571,OpenSees 2-D,OpenSees 2-D,0.550478994846344,6.195905685424805,0.0,0.0,0.0,0.0,1.0,0.169044333363823
102,15,135,3039501,145.27946717719402,72.0,0.1785500245168805,1345.7170759497278,0.5044425943652571,OpenSees 2-D,GINO,0.48830220103263855,5.457385540008545,-0.062176793813705444,-0.12691886433934493,0.12226815290184018,0.22290768829137472,0.9179924161422772,0.1262272659260788
102,15,135,3039501,145.27946717719402,72.0,0.1785500245168805,1345.7170759497278,0.5044425943652571,OpenSees 2-D,1D Base Case,0.504315972328186,12.761402130126953,-0.04616302251815796,0.7225364560959745,0.14596121809266827,0.618973059424067,0.7334291826380427,7.350121384145917e-17
102,15,135,3039501,145.27946717719402,72.0,0.1785500245168805,1345.7170759497278,0.5044425943652571,OpenSees 2-D,Pretell's approach,0.5232614278793335,14.032337188720703,-0.027217566967010498,0.8174757647340944,0.19016048094417382,0.7159048515685282,0.673031241708509,0.2019884985866051
102,15,135,3039501,145.27946717719402,72.0,0.1785500245168805,1345.7170759497278,0.5044425943652571,OpenSees 2-D,Toro Vs,0.48830220103263855,5.3360631728360985,-0.062176793813705444,-0.14940055305944655,0.1338810237821177,0.3292755232721064,0.820736788664522,
102,15,135,3039501,145.27946717719402,72.0,0.1785500245168805,1345.7170759497278,0.5044425943652571,OpenSees 2-D,Passeri tts,0.504315972328186,11.893895953699552,-0.04616302251815796,0.6521366228589296,0.14526000834101743,0.5898219684607291,0.7444195594439347,
102,15,135,3039501,145.27946717719402,72.0,0.1785500245168805,1345.7170759497278,0.5044425943652571,OpenSees 2-D,Pretell,0.4598992168903351,7.645096731443238,-0.09057977795600891,0.2101757916139888,0.14547725295757252,0.3805823223163579,0.8551889989157538,
102,15,135,3039501,145.27946717719402,72.0,0.1785500245168805,1345.7170759497278,0.5044425943652571,OpenSees 2-D,Pretell p84,0.5137013792991638,12.379020815990597,-0.036777615547180176,0.6921144695150124,0.2192050137323331,0.8387946316997466,0.8351810338706342,
103,432,3473,4095349,240.32223215849342,77.0,0.10354241225868464,1017.5154020442847,0.7802669875275761,OpenSees 2-D,OpenSees 2-D,0.7636298537254333,20.776037216186523,0.0,0.0,0.0,0.0,1.0,0.06623325777139467
103,432,3473,4095349,240.32223215849342,77.0,0.10354241225868464,1017.5154020442847,0.7802669875275761,OpenSees 2-D,GINO,0.7671580910682678,16.21234703063965,0.0035282373428344727,-0.24802715134022718,0.08041347097586041,0.17353567313879012,0.9843167913574485,0.07126061554577631
103,432,3473,4095349,240.32223215849342,77.0,0.10354241225868464,1017.5154020442847,0.7802669875275761,OpenSees 2-D,1D Base Case,0.7814350724220276,12.76687240600586,0.01780521869659424,-0.48694654292389283,0.08713883480518349,0.3415020779902778,0.9277101985026941,6.161965209605673e-17
103,432,3473,4095349,240.32223215849342,77.0,0.10354241225868464,1017.5154020442847,0.7802669875275761,OpenSees 2-D,Pretell's approach,0.7850456237792969,17.956680297851562,0.021415770053863525,-0.1458380585258771,0.10345116110029612,0.3311370595023173,0.9029780479369888,0.09423153648431724
103,432,3473,4095349,240.32223215849342,77.0,0.10354241225868464,1017.5154020442847,0.7802669875275761,OpenSees 2-D,Toro Vs,0.7566218376159668,5.335984206964005,-0.007008016109466553,-1.3593269167709212,0.1502968553836741,0.5742491089081511,0.7813266640652666,
103,432,3473,4095349,240.32223215849342,77.0,0.10354241225868464,1017.5154020442847,0.7802669875275761,OpenSees 2-D,Passeri tts,0.7814350724220276,11.89780283147912,0.01780521869659424,-0.5574465186054726,0.08867449199000804,0.35421277636892207,0.9242490588198129,
103,432,3473,4095349,240.32223215849342,77.0,0.10354241225868464,1017.5154020442847,0.7802669875275761,OpenSees 2-D,Pretell,0.7636298537254333,14.723948673801706,0.0,-0.3443249360416442,0.037074302496114146,0.21681302168440109,0.9728963695872977,
103,432,3473,4095349,240.32223215849342,77.0,0.10354241225868464,1017.5154020442847,0.7802669875275761,OpenSees 2-D,Pretell p84,0.7742636799812317,18.92693356305408,0.01063382625579834,-0.0932143017826488,0.08310804624107143,0.23156657551682686,0.9675596315520704,
104,503,3966,9266704,166.9827449821557,41.0,0.27678801529109476,858.6420902239915,1.0181874694033886,OpenSees 2-D,OpenSees 2-D,0.9267593026161194,19.102062225341797,0.0,0.0,0.0,0.0,1.0,0.1578186790232076
104,503,3966,9266704,166.9827449821557,41.0,0.27678801529109476,858.6420902239915,1.0181874694033886,OpenSees 2-D,GINO,0.9310413599014282,14.097285270690918,0.004282057285308838,-0.30381405428391384,0.07481773195441833,0.2561269808734126,0.9551024398004614,0.09518798250874928
104,503,3966,9266704,166.9827449821557,41.0,0.27678801529109476,858.6420902239915,1.0181874694033886,OpenSees 2-D,1D Base Case,1.0209606885910034,12.761395454406738,0.09420138597488403,-0.403371665569717,0.2166735481134394,0.6588408168122073,0.5285071398731713,6.063422971406847e-17
104,503,3966,9266704,166.9827449821557,41.0,0.27678801529109476,858.6420902239915,1.0181874694033886,OpenSees 2-D,Pretell's approach,0.8490415215492249,15.116631507873535,-0.07771778106689453,-0.23400073707685962,0.19417351544598568,0.6105713707384286,0.619709191325902,0.21040833637743167
104,503,3966,9266704,166.9827449821557,41.0,0.27678801529109476,858.6420902239915,1.0181874694033886,OpenSees 2-D,Toro Vs,0.983995258808136,5.335924418132582,0.0572359561920166,-1.2753341551423127,0.1894655751923505,0.6173843977489408,0.6537783437729898,
104,503,3966,9266704,166.9827449821557,41.0,0.27678801529109476,858.6420902239915,1.0181874694033886,OpenSees 2-D,Passeri tts,1.0209606885910034,11.894596095566905,0.09420138597488403,-0.4737121117751757,0.21535769827790208,0.6493370103251113,0.5404276185197369,
104,503,3966,9266704,166.9827449821557,41.0,0.27678801529109476,858.6420902239915,1.0181874694033886,OpenSees 2-D,Pretell,0.9182542562484741,10.157812687425842,-0.008505046367645264,-0.6315531668352865,0.07640151867568486,0.4333324735840896,0.8566477335571328,
104,503,3966,9266704,166.9827449821557,41.0,0.27678801529109476,858.6420902239915,1.0181874694033886,OpenSees 2-D,Pretell p84,0.9140310883522034,14.385047770836819,-0.012728214263916016,-0.28360698126096673,0.14226878507897972,0.40344215281688245,0.8570353311561233,
105,828,6343,1279167,229.33354076870077,35.0,0.16489328518509866,966.832667971848,1.638096719776434,OpenSees 2-D,OpenSees 2-D,1.483102560043335,14.981956481933594,0.0,0.0,0.0,0.0,1.0,0.1274848973560656
105,828,6343,1279167,229.33354076870077,35.0,0.16489328518509866,966.832667971848,1.638096719776434,OpenSees 2-D,GINO,1.5176833868026733,14.447174072265625,0.03458082675933838,-0.0363477463316616,0.08668040254714114,0.25205881309718636,0.9487467709188625,0.14195631973325346
105,828,6343,1279167,229.33354076870077,35.0,0.16489328518509866,966.832667971848,1.638096719776434,OpenSees 2-D,1D Base Case,1.6414029598236084,12.765482902526855,0.15830039978027344,-0.1601016956516455,0.16821390029050637,0.5823670598480952,0.6517280549315442,5.4941182742243655e-17
105,828,6343,1279167,229.33354076870077,35.0,0.16489328518509866,966.832667971848,1.638096719776434,OpenSees 2-D,Pretell's approach,1.6040030717849731,17.546037673950195,0.12090051174163818,0.15798157502567794,0.14194438285814073,0.6012357465566781,0.7129045390242122,0.17697693685789118
105,828,6343,1279167,229.33354076870077,35.0,0.16489328518509866,966.832667971848,1.638096719776434,OpenSees 2-D,Toro Vs,1.5892828702926636,5.335917110612534,0.10618031024932861,-1.0323858013319018,0.14359956717944908,0.48888944963597786,0.7768800485716485,
105,828,6343,1279167,229.33354076870077,35.0,0.16489328518509866,966.832667971848,1.638096719776434,OpenSees 2-D,Passeri tts,1.6414029598236084,11.897039240130923,0.15830039978027344,-0.23055701002096476,0.1671638044823914,0.5660249840755752,0.6636095512730217,
105,828,6343,1279167,229.33354076870077,35.0,0.16489328518509866,966.832667971848,1.638096719776434,OpenSees 2-D,Pretell,1.5246957540512085,10.74429437308288,0.041593194007873535,-0.33247171815085563,0.05229070456677524,0.2652842585623785,0.930922848064035,
105,828,6343,1279167,229.33354076870077,35.0,0.16489328518509866,966.832667971848,1.638096719776434,OpenSees 2-D,Pretell p84,1.560246467590332,16.894875116103673,0.07714390754699707,0.12016375254093907,0.1281454290204146,0.5322282118904926,0.9148530629751438,
106,621,4799,6917489,196.38395899664366,66.0,0.1946417078375816,1022.4274552450873,0.7438786325630442,OpenSees 2-D,OpenSees 2-D,0.7126115560531616,22.893526077270508,0.0,0.0,0.0,0.0,1.0,0.1379831527409458
106,621,4799,6917489,196.38395899664366,66.0,0.1946417078375816,1022.4274552450873,0.7438786325630442,OpenSees 2-D,GINO,0.7126115560531616,20.898235321044922,0.0,-0.0911894455363322,0.11103977711890996,0.27362844114213614,0.9436883786802345,0.08650739233843706
106,621,4799,6917489,196.38395899664366,66.0,0.1946417078375816,1022.4274552450873,0.7438786325630442,OpenSees 2-D,1D Base Case,0.7462303042411804,12.757586479187012,0.0336187481880188,-0.584728053915667,0.19169168983967838,0.5249668136533953,0.7746162639142969,5.972195125583801e-17
106,621,4799,6917489,196.38395899664366,66.0,0.1946417078375816,1022.4274552450873,0.7438786325630442,OpenSees 2-D,Pretell's approach,0.7359814643859863,16.441404342651367,0.023369908332824707,-0.3310513582603971,0.13823124043758792,0.42592762370680987,0.8497387496699246,0.18991384445540602
106,621,4799,6917489,196.38395899664366,66.0,0.1946417078375816,1022.4274552450873,0.7438786325630442,OpenSees 2-D,Toro Vs,0.7192118763923645,5.3359821412265696,0.006600320339202881,-1.4563812047814215,0.19064161414602088,0.6394707497731077,0.7126045750646038,
106,621,4799,6917489,196.38395899664366,66.0,0.1946417078375816,1022.4274552450873,0.7438786325630442,OpenSees 2-D,Passeri tts,0.7462303042411804,11.892265680872015,0.0336187481880188,-0.6549659205133022,0.19141189747115234,0.5261638221429714,0.7784634119882079,
106,621,4799,6917489,196.38395899664366,66.0,0.1946417078375816,1022.4274552450873,0.7438786325630442,OpenSees 2-D,Pretell,0.7028244137763977,10.98224077290952,-0.009787142276763916,-0.734574673603718,0.07008330438631805,0.43151195255815405,0.8911971609014981,
106,621,4799,6917489,196.38395899664366,66.0,0.1946417078375816,1022.4274552450873,0.7438786325630442,OpenSees 2-D,Pretell p84,0.7325965166091919,15.092297993065058,0.019984960556030273,-0.4166696195343656,0.15024313239005646,0.37658371639642196,0.8812919628690513,
107,137,1007,5202751,196.04164465102485,86.0,0.11035616155713797,1463.8155449755632,0.569888501892514,OpenSees 2-D,OpenSees 2-D,0.5633142590522766,16.172832489013672,0.0,0.0,0.0,0.0,1.0,0.09065392464136489
107,137,1007,5202751,196.04164465102485,86.0,0.11035616155713797,1463.8155449755632,0.569888501892514,OpenSees 2-D,GINO,0.5607234835624695,17.91114044189453,-0.002590775489807129,0.10209006267247417,0.07065308656646861,0.17043593628938128,0.9797307042436153,0.0832912195466427
107,137,1007,5202751,196.04164465102485,86.0,0.11035616155713797,1463.8155449755632,0.569888501892514,OpenSees 2-D,1D Base Case,0.5711586475372314,12.76452922821045,0.007844388484954834,-0.23666265751338944,0.11021765923521418,0.33475694629232067,0.9133373872742069,7.023083194108413e-17
107,137,1007,5202751,196.04164465102485,86.0,0.11035616155713797,1463.8155449755632,0.569888501892514,OpenSees 2-D,Pretell's approach,0.5479472279548645,16.09515953063965,-0.01536703109741211,-0.004814251122015446,0.10566665199264952,0.3156437813284596,0.9079704019358216,0.0968503087572715
107,137,1007,5202751,196.04164465102485,86.0,0.11035616155713797,1463.8155449755632,0.569888501892514,OpenSees 2-D,Toro Vs,0.5530224442481995,5.335884488703481,-0.010291814804077148,-1.1088781668025642,0.15578993786406276,0.5487806187401683,0.7666300828515479,
107,137,1007,5202751,196.04164465102485,86.0,0.11035616155713797,1463.8155449755632,0.569888501892514,OpenSees 2-D,Passeri tts,0.5711586475372314,11.896480042855362,0.007844388484954834,-0.3070902659936895,0.11120208726203885,0.3448450610943404,0.909990500860072,
107,137,1007,5202751,196.04164465102485,86.0,0.11035616155713797,1463.8155449755632,0.569888501892514,OpenSees 2-D,Pretell,0.5685318112373352,15.049943327863982,0.005217552185058594,-0.07195860203988838,0.0765229595425005,0.2634597341560146,0.9407833469909544,
107,137,1007,5202751,196.04164465102485,86.0,0.11035616155713797,1463.8155449755632,0.569888501892514,OpenSees 2-D,Pretell p84,0.5737976431846619,16.468803403914205,0.010483384132385254,0.018135060841546504,0.062106855878216294,0.25413184324654964,0.9423028850513518,
108,702,5413,6428037,170.45071328486557,55.0,0.12199070136994124,872.6481219778424,0.7747759694766617,OpenSees 2-D,OpenSees 2-D,0.7496781945228577,13.760491371154785,0.0,0.0,0.0,0.0,1.0,0.06545018648593387
108,702,5413,6428037,170.45071328486557,55.0,0.12199070136994124,872.6481219778424,0.7747759694766617,OpenSees 2-D,GINO,0.7496781945228577,13.975812911987305,0.0,0.0155266443840032,0.06507607710301677,0.1338440002908659,0.9836169619227447,0.0698402574197941
108,702,5413,6428037,170.45071328486557,55.0,0.12199070136994124,872.6481219778424,0.7747759694766617,OpenSees 2-D,1D Base Case,0.7742636799812317,12.757862091064453,0.024585485458374023,-0.07565382582386515,0.0912241474805212,0.314186475650967,0.9034232371662981,6.647484215653136e-17
108,702,5413,6428037,170.45071328486557,55.0,0.12199070136994124,872.6481219778424,0.7747759694766617,OpenSees 2-D,Pretell's approach,0.7886728644371033,15.123493194580078,0.038994669914245605,0.0944478334747171,0.12532448664331386,0.40564293061977513,0.8382627910997154,0.07497965242674945
108,702,5413,6428037,170.45071328486557,55.0,0.12199070136994124,872.6481219778424,0.7747759694766617,OpenSees 2-D,Toro Vs,0.7496781945228577,5.33604820813774,0.0,-0.9473161988995162,0.12715543249401637,0.4879946016326891,0.8098141318677068,
108,702,5413,6428037,170.45071328486557,55.0,0.12199070136994124,872.6481219778424,0.7747759694766617,OpenSees 2-D,Passeri tts,0.7742636799812317,11.89153740506543,0.024585485458374023,-0.145974537276316,0.09119008700155011,0.3150443794525918,0.904420167656849,
108,702,5413,6428037,170.45071328486557,55.0,0.12199070136994124,872.6481219778424,0.7747759694766617,OpenSees 2-D,Pretell,0.7531419992446899,13.7927665289139,0.0034638047218322754,0.0023427481888304135,0.04550715699664588,0.21666557387832702,0.9556245012106307,
108,702,5413,6428037,170.45071328486557,55.0,0.12199070136994124,872.6481219778424,0.7747759694766617,OpenSees 2-D,Pretell p84,0.760117769241333,15.36199645050759,0.010439574718475342,0.11009515453920371,0.053078129915493766,0.24493501786759697,0.955509926876545,
109,287,2123,6254781,165.73674505789162,56.0,0.1906398642808199,1197.379760177833,0.7398961832941591,OpenSees 2-D,OpenSees 2-D,0.6773775815963745,17.816225051879883,0.0,0.0,0.0,0.0,1.0,0.12296187340995574
109,287,2123,6254781,165.73674505789162,56.0,0.1906398642808199,1197.379760177833,0.7398961832941591,OpenSees 2-D,GINO,0.6805073618888855,12.815450668334961,0.0031297802925109863,-0.32945803543498003,0.12819463370444503,0.25485274237813205,0.9564338557623184,0.09693843128359536
109,287,2123,6254781,165.73674505789162,56.0,0.1906398642808199,1197.379760177833,0.7398961832941591,OpenSees 2-D,1D Base Case,0.7393819689750671,12.757532119750977,0.06200438737869263,-0.3339877102167404,0.22815327705199942,0.5594158202679,0.6775295840186759,6.554850984395441e-17
109,287,2123,6254781,165.73674505789162,56.0,0.1906398642808199,1197.379760177833,0.7398961832941591,OpenSees 2-D,Pretell's approach,0.6528521180152893,14.124489784240723,-0.024525463581085205,-0.23219940697428124,0.07380638492156508,0.3144037784604815,0.9185162494786304,0.1351954317745531
109,287,2123,6254781,165.73674505789162,56.0,0.1906398642808199,1197.379760177833,0.7398961832941591,OpenSees 2-D,Toro Vs,0.7159041166305542,5.336046396146629,0.03852653503417969,-1.2056245583791567,0.2503856686898712,0.5659842717786192,0.7409885967743494,
109,287,2123,6254781,165.73674505789162,56.0,0.1906398642808199,1197.379760177833,0.7398961832941591,OpenSees 2-D,Passeri tts,0.7393819689750671,11.891318849810705,0.06200438737869263,-0.4043009364072396,0.22784149099147585,0.5507788385802123,0.6874723266189855,
109,287,2123,6254781,165.73674505789162,56.0,0.1906398642808199,1197.379760177833,0.7398961832941591,OpenSees 2-D,Pretell,0.6805073618888855,11.586500835717755,0.0031297802925109863,-0.43026886248033375,0.07575981461922279,0.2769379548225154,0.9583784361190263,
109,287,2123,6254781,165.73674505789162,56.0,0.1906398642808199,1197.379760177833,0.7398961832941591,OpenSees 2-D,Pretell p84,0.6931717395782471,14.993670145202314,0.01579415798187256,-0.17248144016531383,0.12328471843178554,0.24217081599258056,0.9483582387893276,
110,451,3598,6235464,206.16668648672655,60.0,0.18331621009856464,964.3904823392697,0.8590278603613606,OpenSees 2-D,OpenSees 2-D,0.7996554374694824,26.02718734741211,0.0,0.0,0.0,0.0,1.0,0.10866726766053324
110,451,3598,6235464,206.16668648672655,60.0,0.18331621009856464,964.3904823392697,0.8590278603613606,OpenSees 2-D,GINO,0.7996554374694824,17.39562225341797,0.0,-0.40292307896641083,0.07140470357513401,0.2861882248995343,0.966473292242904,0.06359784620362893
110,451,3598,6235464,206.16668648672655,60.0,0.18331621009856464,964.3904823392697,0.8590278603613606,OpenSees 2-D,1D Base Case,0.8608647584915161,12.76496696472168,0.06120932102203369,-0.712437196167971,0.23832364420378738,0.6366892460106256,0.6519586861354123,5.668072217223305e-17
110,451,3598,6235464,206.16668648672655,60.0,0.18331621009856464,964.3904823392697,0.8590278603613606,OpenSees 2-D,Pretell's approach,0.7850456237792969,16.526416778564453,-0.014609813690185547,-0.45418154137250666,0.06478366159403776,0.36701995013728544,0.9321944457906066,0.1260255611329322
110,451,3598,6235464,206.16668648672655,60.0,0.18331621009856464,964.3904823392697,0.8590278603613606,OpenSees 2-D,Toro Vs,0.8335294127464294,5.335898893084654,0.03387397527694702,-1.5846842985392897,0.21669036862657298,0.6745704107150738,0.7141645905565914,
110,451,3598,6235464,206.16668648672655,60.0,0.18331621009856464,964.3904823392697,0.8590278603613606,OpenSees 2-D,Passeri tts,0.8608647584915161,11.896738009907319,0.06120932102203369,-0.7828774131744126,0.23705359343964266,0.6319337214364027,0.6633527650663867,
110,451,3598,6235464,206.16668648672655,60.0,0.18331621009856464,964.3904823392697,0.8590278603613606,OpenSees 2-D,Pretell,0.7959777116775513,11.746480151013989,-0.0036777257919311523,-0.7955880248037104,0.09218909752579692,0.43474261910421724,0.9127184608623576,
110,451,3598,6235464,206.16668648672655,60.0,0.18331621009856464,964.3904823392697,0.8590278603613606,OpenSees 2-D,Pretell p84,0.8373806476593018,15.952976776254765,0.037725210189819336,-0.48949621534307647,0.1172938338505633,0.38678404287482626,0.8847388435389595,
111,528,4098,162305,156.93329174337424,57.0,0.20968070961534976,1044.7896507387577,0.6883039111551502,OpenSees 2-D,OpenSees 2-D,0.6036438345909119,12.790233612060547,0.0,0.0,0.0,0.0,1.0,0.12983138624667942
111,528,4098,162305,156.93329174337424,57.0,0.20968070961534976,1044.7896507387577,0.6883039111551502,OpenSees 2-D,GINO,0.6120498180389404,12.283071517944336,0.008405983448028564,-0.040459865581468094,0.12166633388869992,0.22344422677585893,0.9574088017144862,0.09091053186507521
111,528,4098,162305,156.93329174337424,57.0,0.20968070961534976,1044.7896507387577,0.6883039111551502,OpenSees 2-D,1D Base Case,0.6899837255477905,12.763340950012207,0.08633989095687866,-0.0021048070524430766,0.26567316438286304,0.6416956519217375,0.6057186704488724,6.608967003134312e-17
111,528,4098,162305,156.93329174337424,57.0,0.20968070961534976,1044.7896507387577,0.6883039111551502,OpenSees 2-D,Pretell's approach,0.6120498180389404,13.942482948303223,0.008405983448028564,0.08625862564356979,0.05296766405107119,0.14245107592526957,0.9829559999080276,0.17202770334038606
111,528,4098,162305,156.93329174337424,57.0,0.20968070961534976,1044.7896507387577,0.6883039111551502,OpenSees 2-D,Toro Vs,0.6650018095970154,5.335878830803838,0.061357975006103516,-0.8742282801507215,0.2694146080581428,0.4915743611069507,0.7617851765932265,
111,528,4098,162305,156.93329174337424,57.0,0.20968070961534976,1044.7896507387577,0.6883039111551502,OpenSees 2-D,Passeri tts,0.6899837255477905,11.895771650849984,0.08633989095687866,-0.0724988671187099,0.26528888177415777,0.6244420384366522,0.6160889122634537,
111,528,4098,162305,156.93329174337424,57.0,0.20968070961534976,1044.7896507387577,0.6883039111551502,OpenSees 2-D,Pretell,0.6064329147338867,10.203669486970147,0.0027890801429748535,-0.22593447141694106,0.04682310810657579,0.15543627260473425,0.9797199173728388,
111,528,4098,162305,156.93329174337424,57.0,0.20968070961534976,1044.7896507387577,0.6883039111551502,OpenSees 2-D,Pretell p84,0.6205728650093079,13.668662463738594,0.016929030418395996,0.06642392067050219,0.1492800852298249,0.35307743427007715,0.9653796204613021,
112,300,2281,8321200,201.82716843861007,48.0,0.25982750616967676,1020.4178397178567,1.0511831689510942,OpenSees 2-D,OpenSees 2-D,3.086664915084839,9.21776294708252,0.0,0.0,0.0,0.0,1.0,0.1932503156908796
112,300,2281,8321200,201.82716843861007,48.0,0.25982750616967676,1020.4178397178567,1.0511831689510942,OpenSees 2-D,GINO,1.0447659492492676,8.599889755249023,-2.0418989658355713,-0.06938299364048933,0.1812527908667954,0.33705133044759594,0.8374658955417704,0.14730474447116418
112,300,2281,8321200,201.82716843861007,48.0,0.25982750616967676,1020.4178397178567,1.0511831689510942,OpenSees 2-D,1D Base Case,1.0544427633285522,12.758171081542969,-2.0322221517562866,0.3250395578154332,0.3136071033401097,0.5445361023147757,0.6781192515451615,6.071821954715891e-17
112,300,2281,8321200,201.82716843861007,48.0,0.25982750616967676,1020.4178397178567,1.0511831689510942,OpenSees 2-D,Pretell's approach,1.0162650346755981,16.778566360473633,-2.0703998804092407,0.5989698823311024,0.1866660959701236,0.6239782973217631,0.7185598969432775,0.2412941633443886
112,300,2281,8321200,201.82716843861007,48.0,0.25982750616967676,1020.4178397178567,1.0511831689510942,OpenSees 2-D,Toro Vs,1.0162650346755981,5.335975077563765,-2.0703998804092407,-0.5466607396797631,0.27300556686761523,0.4265787866894313,0.7195042436809845,
112,300,2281,8321200,201.82716843861007,48.0,0.25982750616967676,1020.4178397178567,1.0511831689510942,OpenSees 2-D,Passeri tts,1.0544427633285522,11.892624821383372,-2.0322221517562866,0.2547860674154082,0.31095987311505485,0.5276898367063602,0.684540914464422,
112,300,2281,8321200,201.82716843861007,48.0,0.25982750616967676,1020.4178397178567,1.0511831689510942,OpenSees 2-D,Pretell,0.9931091666221619,6.750443398169747,-2.093555748462677,-0.3115241863159191,0.2742378687044219,0.3726773948972282,0.7957803829443543,
112,300,2281,8321200,201.82716843861007,48.0,0.25982750616967676,1020.4178397178567,1.0511831689510942,OpenSees 2-D,Pretell p84,1.0209606885910034,12.736974727533488,-2.0657042264938354,0.32337678176763995,0.20547299113506545,0.7003953485986604,0.8025867695380742,
113,752,5806,5929451,208.1984151323765,49.0,0.19699224289506673,1164.1921994601685,1.0622368118998802,OpenSees 2-D,OpenSees 2-D,1.074066162109375,15.59560489654541,0.0,0.0,0.0,0.0,1.0,0.11280990255150544
113,752,5806,5929451,208.1984151323765,49.0,0.19699224289506673,1164.1921994601685,1.0622368118998802,OpenSees 2-D,GINO,1.0691263675689697,9.228675842285156,-0.0049397945404052734,-0.5246735613103745,0.1518215372579226,0.3123214436859068,0.9179896319473483,0.15237089600878737
113,752,5806,5929451,208.1984151323765,49.0,0.19699224289506673,1164.1921994601685,1.0622368118998802,OpenSees 2-D,1D Base Case,1.064209222793579,12.766061782836914,-0.009856939315795898,-0.2001989106975379,0.04588442985797565,0.22232025421936652,0.9582324539688579,6.033337029955325e-17
113,752,5806,5929451,208.1984151323765,49.0,0.19699224289506673,1164.1921994601685,1.0622368118998802,OpenSees 2-D,Pretell's approach,1.079028844833374,16.308380126953125,0.0049626827239990234,0.044689956758089434,0.0459623735882043,0.15620856683569045,0.9776875708837715,0.14136531240264172
113,752,5806,5929451,208.1984151323765,49.0,0.19699224289506673,1164.1921994601685,1.0622368118998802,OpenSees 2-D,Toro Vs,1.0304169654846191,5.335939993735648,-0.04364919662475586,-1.0725240741608177,0.11642898535006789,0.4858866595972896,0.8212258803558723,
113,752,5806,5929451,208.1984151323765,49.0,0.19699224289506673,1164.1921994601685,1.0622368118998802,OpenSees 2-D,Passeri tts,1.064209222793579,11.897370527355045,-0.009856939315795898,-0.2706717255456071,0.046555447529106245,0.23311132891414232,0.9560738162430185,
113,752,5806,5929451,208.1984151323765,49.0,0.19699224289506673,1164.1921994601685,1.0622368118998802,OpenSees 2-D,Pretell,1.079028844833374,14.095088180131631,0.0049626827239990234,-0.10116275648408221,0.048894588593975885,0.1668437124937444,0.9729957004819731,
113,752,5806,5929451,208.1984151323765,49.0,0.19699224289506673,1164.1921994601685,1.0622368118998802,OpenSees 2-D,Pretell p84,1.0940546989440918,17.603250185932108,0.019988536834716797,0.12109441749087906,0.11512415584396704,0.3368128847015139,0.965129331899667,
114,622,4804,8057727,122.11753911182528,48.0,0.29356732629239557,1216.6388992532566,0.6360288495407567,OpenSees 2-D,OpenSees 2-D,0.589889645576477,7.86608362197876,0.0,0.0,0.0,0.0,1.0,0.2296902639039909
114,622,4804,8057727,122.11753911182528,48.0,0.29356732629239557,1216.6388992532566,0.6360288495407567,OpenSees 2-D,GINO,0.5530224442481995,10.255960464477539,-0.03686720132827759,0.2652987405366679,0.13511072595996196,0.3308518445310206,0.8857061732614683,0.14740038979115977
114,622,4804,8057727,122.11753911182528,48.0,0.29356732629239557,1216.6388992532566,0.6360288495407567,OpenSees 2-D,1D Base Case,0.6379767060279846,12.75853157043457,0.04808706045150757,0.48363988584082584,0.22268698211544832,0.6009982659308014,0.7287628202779858,6.95728560330442e-17
114,622,4804,8057727,122.11753911182528,48.0,0.29356732629239557,1216.6388992532566,0.6360288495407567,OpenSees 2-D,Pretell's approach,0.6036438345909119,13.316452980041504,0.013754189014434814,0.5264400320937639,0.16317880010825003,0.47915665137210023,0.8776111355804191,0.24942612658067922
114,622,4804,8057727,122.11753911182528,48.0,0.29356732629239557,1216.6388992532566,0.6360288495407567,OpenSees 2-D,Toro Vs,0.6148777604103088,5.335970443983498,0.024988114833831787,-0.38808953515220174,0.18926059490568256,0.30062371864990967,0.8518864045643876,
114,622,4804,8057727,122.11753911182528,48.0,0.29356732629239557,1216.6388992532566,0.6360288495407567,OpenSees 2-D,Passeri tts,0.6379767060279846,11.892846393030739,0.04808706045150757,0.41337677114894245,0.22083423403282978,0.5715500452770472,0.7411794025556928,
114,622,4804,8057727,122.11753911182528,48.0,0.29356732629239557,1216.6388992532566,0.6360288495407567,OpenSees 2-D,Pretell,0.545427143573761,8.662598221108993,-0.044462502002716064,0.09645439834131866,0.10526948976546412,0.3264932316750103,0.9044926637422908,
114,622,4804,8057727,122.11753911182528,48.0,0.29356732629239557,1216.6388992532566,0.6360288495407567,OpenSees 2-D,Pretell p84,0.550478994846344,12.648365467615053,-0.03941065073013306,0.47496769001211103,0.19993374705134045,0.6892259897939428,0.9280103762938162,
115,943,7238,5606528,167.64043396317638,64.0,0.1769767239689827,990.086273372659,0.6548454451686577,OpenSees 2-D,OpenSees 2-D,0.5953533053398132,8.26237964630127,0.0,0.0,0.0,0.0,1.0,0.1285614061026216
115,943,7238,5606528,167.64043396317638,64.0,0.1769767239689827,990.086273372659,0.6548454451686577,OpenSees 2-D,GINO,0.6234402060508728,13.978471755981445,0.02808690071105957,0.5258057755621003,0.10861712973127205,0.3472701625436998,0.929507101503111,0.06317435887198397
115,943,7238,5606528,167.64043396317638,64.0,0.1769767239689827,990.086273372659,0.6548454451686577,OpenSees 2-D,1D Base Case,0.6558685898780823,12.76677417755127,0.06051528453826904,0.43513338988646416,0.15391775245752432,0.4591849238361477,0.8064294651642028,6.517790192800125e-17
115,943,7238,5606528,167.64043396317638,64.0,0.1769767239689827,990.086273372659,0.6548454451686577,OpenSees 2-D,Pretell's approach,0.6292145848274231,14.36069393157959,0.03386127948760986,0.5527822475639868,0.10401880590162185,0.4258200595948952,0.863297204888293,0.1423216024778383
115,943,7238,5606528,167.64043396317638,64.0,0.1769767239689827,990.086273372659,0.6548454451686577,OpenSees 2-D,Toro Vs,0.6350424885749817,5.335976875646806,0.03968918323516846,-0.43724066386015004,0.16619734821277796,0.3696364632612622,0.846884673236938,
115,943,7238,5606528,167.64043396317638,64.0,0.1769767239689827,990.086273372659,0.6548454451686577,OpenSees 2-D,Passeri tts,0.6558685898780823,11.897755659967352,0.06051528453826904,0.36463714351283993,0.15356507733424646,0.43911043867701544,0.8140138152910645,
115,943,7238,5606528,167.64043396317638,64.0,0.1769767239689827,990.086273372659,0.6548454451686577,OpenSees 2-D,Pretell,0.6092349290847778,11.671715107070266,0.0138816237449646,0.34545576387198884,0.06455375047395388,0.27652230091477886,0.9360773460964451,
115,943,7238,5606528,167.64043396317638,64.0,0.1769767239689827,990.086273372659,0.6548454451686577,OpenSees 2-D,Pretell p84,0.6234402060508728,14.690463008690605,0.02808690071105957,0.5754858695054837,0.11493731302474916,0.5044095564836191,0.9295557484425199,
116,195,1448,2936505,281.2500529528118,23.0,0.2492096997797489,980.2784046669706,3.057065792965346,OpenSees 2-D,OpenSees 2-D,2.5316483974456787,23.208681106567383,0.0,0.0,0.0,0.0,1.0,0.12687207508429849
116,195,1448,2936505,281.2500529528118,23.0,0.2492096997797489,980.2784046669706,3.057065792965346,OpenSees 2-D,GINO,2.520004987716675,10.928317070007324,-0.011643409729003906,-0.7531690774437201,0.11799118631533496,0.44232251771703446,0.8684231041245389,0.17147190252063996
116,195,1448,2936505,281.2500529528118,23.0,0.2492096997797489,980.2784046669706,3.057065792965346,OpenSees 2-D,1D Base Case,3.058337926864624,12.765329360961914,0.5266895294189453,-0.5977935420724436,0.34587748923380246,0.8384307040863898,0.2729212101724007,5.5007785791103086e-17
116,195,1448,2936505,281.2500529528118,23.0,0.2492096997797489,980.2784046669706,3.057065792965346,OpenSees 2-D,Pretell's approach,2.738025188446045,22.12488555908203,0.2063767910003662,-0.04782337590043828,0.1890326599866819,0.712721789369648,0.6057468443793421,0.15243328449355212
116,195,1448,2936505,281.2500529528118,23.0,0.2492096997797489,980.2784046669706,3.057065792965346,OpenSees 2-D,Toro Vs,2.9612255096435547,5.336059998990048,0.429577112197876,-1.4700388415715389,0.2788445535619501,0.7009233776689903,0.5228377875658319,
116,195,1448,2936505,281.2500529528118,23.0,0.2492096997797489,980.2784046669706,3.057065792965346,OpenSees 2-D,Passeri tts,3.058337926864624,11.896562222102975,0.5266895294189453,-0.6682769248280479,0.344546237698619,0.8283867774807564,0.2817461117196772,
116,195,1448,2936505,281.2500529528118,23.0,0.2492096997797489,980.2784046669706,3.057065792965346,OpenSees 2-D,Pretell,2.776153326034546,10.224576861963406,0.2445049285888672,-0.8197320759306729,0.1832782240675754,0.6044366895984646,0.6613159773376684,
116,195,1448,2936505,281.2500529528118,23.0,0.2492096997797489,980.2784046669706,3.057065792965346,OpenSees 2-D,Pretell p84,2.827817916870117,17.809308193166302,0.2961695194244385,-0.2648051414931872,0.19395645481070709,0.7808372418980652,0.6369256823253693,
117,34,303,8961607,221.92468400044476,84.0,0.19287578146904705,983.2750932902787,0.6604901309537047,OpenSees 2-D,OpenSees 2-D,0.6292145848274231,14.82068157196045,0.0,0.0,0.0,0.0,1.0,0.12646323297157894
117,34,303,8961607,221.92468400044476,84.0,0.19287578146904705,983.2750932902787,0.6604901309537047,OpenSees 2-D,GINO,0.6409243941307068,23.931377410888672,0.011709809303283691,0.47916685144621474,0.06641056208429996,0.33956000443274575,0.949268435914558,0.08870958621858241
117,34,303,8961607,221.92468400044476,84.0,0.19287578146904705,983.2750932902787,0.6604901309537047,OpenSees 2-D,1D Base Case,0.6619433164596558,12.76467227935791,0.032728731632232666,-0.14934223183317902,0.13842665463995765,0.4278854264070936,0.8163141401952567,6.818932906355525e-17
117,34,303,8961607,221.92468400044476,84.0,0.19287578146904705,983.2750932902787,0.6604901309537047,OpenSees 2-D,Pretell's approach,0.6528521180152893,17.323917388916016,0.02363753318786621,0.15606444592797186,0.10558796867197574,0.3834172082280938,0.8598450526972512,0.17169549441882762
117,34,303,8961607,221.92468400044476,84.0,0.19287578146904705,983.2750932902787,0.6604901309537047,OpenSees 2-D,Toro Vs,0.6409243941307068,5.335889108275005,0.011709809303283691,-1.0215680822314142,0.1528326651601439,0.531010927126022,0.7638408607744342,
117,34,303,8961607,221.92468400044476,84.0,0.19287578146904705,983.2750932902787,0.6604901309537047,OpenSees 2-D,Passeri tts,0.6619433164596558,11.89656452038284,0.032728731632232666,-0.21977394615056822,0.13766260327282398,0.4240012535501626,0.8211452898622997,
117,34,303,8961607,221.92468400044476,84.0,0.19287578146904705,983.2750932902787,0.6604901309537047,OpenSees 2-D,Pretell,0.6350424885749817,12.86635298965516,0.005827903747558594,-0.14140800035810247,0.04280934824071596,0.2639262807201153,0.9377217988421475,
117,34,303,8961607,221.92468400044476,84.0,0.19287578146904705,983.2750932902787,0.6604901309537047,OpenSees 2-D,Pretell p84,0.6409243941307068,18.2241855658918,0.011709809303283691,0.2067259803323733,0.11523936812511577,0.37512246166564245,0.9320893398027754,
118,286,2121,2551070,165.73674505789162,56.0,0.1906398642808199,1197.379760177833,0.7398961832941591,OpenSees 2-D,OpenSees 2-D,0.7126115560531616,12.842920303344727,0.0,0.0,0.0,0.0,1.0,0.11544124021214293
118,286,2121,2551070,165.73674505789162,56.0,0.1906398642808199,1197.379760177833,0.7398961832941591,OpenSees 2-D,GINO,0.7028244137763977,12.812518119812012,-0.009787142276763916,-0.0023700392300640195,0.0653787106038397,0.15914436255448297,0.9732749122394297,0.08210798603665402
118,286,2121,2551070,165.73674505789162,56.0,0.1906398642808199,1197.379760177833,0.7398961832941591,OpenSees 2-D,1D Base Case,0.7393819689750671,12.757532119750977,0.026770412921905518,-0.006670858688954936,0.09389647480389449,0.3196608245040337,0.8945587344625553,6.554850984395441e-17
118,286,2121,2551070,165.73674505789162,56.0,0.1906398642808199,1197.379760177833,0.7398961832941591,OpenSees 2-D,Pretell's approach,0.7028244137763977,14.60169506072998,-0.009787142276763916,0.1283449116682792,0.05305344204665783,0.18844479001295386,0.9654405600798643,0.1236509963356579
118,286,2121,2551070,165.73674505789162,56.0,0.1906398642808199,1197.379760177833,0.7398961832941591,OpenSees 2-D,Toro Vs,0.7159041166305542,5.336046396146629,0.003292560577392578,-0.8783077068513713,0.13556077470194872,0.4606873711217283,0.822532252674212,
118,286,2121,2551070,165.73674505789162,56.0,0.1906398642808199,1197.379760177833,0.7398961832941591,OpenSees 2-D,Passeri tts,0.7393819689750671,11.891318849810705,0.026770412921905518,-0.07698408487945411,0.09372532485811663,0.3154417491592793,0.8976079700272017,
118,286,2121,2551070,165.73674505789162,56.0,0.1906398642808199,1197.379760177833,0.7398961832941591,OpenSees 2-D,Pretell,0.7159041166305542,12.130693294054666,0.003292560577392578,-0.05705383371236394,0.0307899598379196,0.17101740086803643,0.9709402282690652,
118,286,2121,2551070,165.73674505789162,56.0,0.1906398642808199,1197.379760177833,0.7398961832941591,OpenSees 2-D,Pretell p84,0.6995919942855835,14.540628168144387,-0.013019561767578125,0.1241539635762018,0.08688138706957807,0.282782053141896,0.9648093243805671,
119,314,2405,265778,315.09864889594195,34.0,0.2778384046629071,1225.8340206974456,2.3169018301172204,OpenSees 2-D,OpenSees 2-D,2.3734242916107178,12.290088653564453,0.0,0.0,0.0,0.0,1.0,0.1543888152939901
119,314,2405,265778,315.09864889594195,34.0,0.2778384046629071,1225.8340206974456,2.3169018301172204,OpenSees 2-D,GINO,2.26649808883667,7.2859296798706055,-0.10692620277404785,-0.522848089887586,0.14133860285246605,0.3359736370610625,0.9095498155315727,0.16292508090327612
119,314,2405,265778,315.09864889594195,34.0,0.2778384046629071,1225.8340206974456,2.3169018301172204,OpenSees 2-D,1D Base Case,2.319344997406006,12.766962051391602,-0.054079294204711914,0.03806760741214728,0.08443867561272207,0.2706670861272988,0.9348133421691237,5.4751039092330566e-17
119,314,2405,265778,315.09864889594195,34.0,0.2778384046629071,1225.8340206974456,2.3169018301172204,OpenSees 2-D,Pretell's approach,2.214855194091797,21.236867904663086,-0.1585690975189209,0.546945586361054,0.1403076642967623,0.5189875315937431,0.8104120494182432,0.21025125788982188
119,314,2405,265778,315.09864889594195,34.0,0.2778384046629071,1225.8340206974456,2.3169018301172204,OpenSees 2-D,Toro Vs,2.2456979751586914,5.3360256567023105,-0.12772631645202637,-0.834312020194071,0.09583396239694167,0.45079928967354443,0.8782146489168056,
119,314,2405,265778,315.09864889594195,34.0,0.2778384046629071,1225.8340206974456,2.3169018301172204,OpenSees 2-D,Passeri tts,2.319344997406006,11.897755533661813,-0.054079294204711914,-0.03244336531179342,0.08212667704237878,0.26796135420564493,0.9390179224409323,
119,314,2405,265778,315.09864889594195,34.0,0.2778384046629071,1225.8340206974456,2.3169018301172204,OpenSees 2-D,Pretell,2.1945290565490723,8.805972241231343,-0.1788952350616455,-0.3333629819510734,0.09809990852552775,0.320630487620939,0.9001756508628025,
119,314,2405,265778,315.09864889594195,34.0,0.2778384046629071,1225.8340206974456,2.3169018301172204,OpenSees 2-D,Pretell p84,2.4175941944122314,15.148349395787921,0.04416990280151367,0.20909843822333352,0.19771417829917903,0.6227365348049009,0.9095248323753297,
120,970,7462,7247362,182.334163431289,37.0,0.14598082564771175,953.0458050240453,1.2319875907519526,OpenSees 2-D,OpenSees 2-D,1.1562801599502563,12.746246337890625,0.0,0.0,0.0,0.0,1.0,0.12201786951226336
120,970,7462,7247362,182.334163431289,37.0,0.14598082564771175,953.0458050240453,1.2319875907519526,OpenSees 2-D,GINO,1.1562801599502563,15.723960876464844,0.0,0.20994889602764252,0.06629815951559517,0.16606634964561603,0.9813988126241285,0.11519625413118152
120,970,7462,7247362,182.334163431289,37.0,0.14598082564771175,953.0458050240453,1.2319875907519526,OpenSees 2-D,1D Base Case,1.2333635091781616,12.767009735107422,0.07708334922790527,0.0016276559715753744,0.13179614027784098,0.3995723292313986,0.8347848309950112,6.150594363816248e-17
120,970,7462,7247362,182.334163431289,37.0,0.14598082564771175,953.0458050240453,1.2319875907519526,OpenSees 2-D,Pretell's approach,1.1723817586898804,15.111430168151855,0.016101598739624023,0.1702145988583168,0.04899359721537387,0.19847211432376421,0.9629882817855624,0.14359957159672568
120,970,7462,7247362,182.334163431289,37.0,0.14598082564771175,953.0458050240453,1.2319875907519526,OpenSees 2-D,Toro Vs,1.194200038909912,5.33602068752823,0.03791987895965576,-0.8707566378086261,0.14020875687842002,0.45517172720552795,0.8487843635691444,
120,970,7462,7247362,182.334163431289,37.0,0.14598082564771175,953.0458050240453,1.2319875907519526,OpenSees 2-D,Passeri tts,1.2333635091781616,11.897800840737494,0.07708334922790527,-0.06888324364761018,0.13108287968100898,0.38811003009882294,0.8431093135751376,
120,970,7462,7247362,182.334163431289,37.0,0.14598082564771175,953.0458050240453,1.2319875907519526,OpenSees 2-D,Pretell,1.150962233543396,10.273447358306015,-0.0053179264068603516,-0.21567418310393824,0.05220235842795207,0.24139939277256775,0.9498118630114817,
120,970,7462,7247362,182.334163431289,37.0,0.14598082564771175,953.0458050240453,1.2319875907519526,OpenSees 2-D,Pretell p84,1.1299339532852173,14.53879833530696,-0.026346206665039062,0.1315839998628746,0.10301057361178784,0.3662214370661753,0.9385674796902509,
121,547,4244,3786209,187.79583946249005,97.0,0.29614019449800255,1092.3489382008888,0.48400989552188156,OpenSees 2-D,OpenSees 2-D,0.40983837842941284,13.236403465270996,0.0,0.0,0.0,0.0,1.0,0.21500627617606233
121,547,4244,3786209,187.79583946249005,97.0,0.29614019449800255,1092.3489382008888,0.48400989552188156,OpenSees 2-D,GINO,0.4331483244895935,12.681153297424316,0.023309946060180664,-0.042853973083198826,0.20130801494846823,0.3912795475532399,0.8512552327934523,0.13899400193054492
121,547,4244,3786209,187.79583946249005,97.0,0.29614019449800255,1092.3489382008888,0.48400989552188156,OpenSees 2-D,1D Base Case,0.48382097482681274,12.760294914245605,0.0739825963973999,-0.03663248196050525,0.40425660707556893,0.7641445382029115,0.43079597896947114,7.39204964209345e-17
121,547,4244,3786209,187.79583946249005,97.0,0.29614019449800255,1092.3489382008888,0.48400989552188156,OpenSees 2-D,Pretell's approach,0.3931828737258911,15.101248741149902,-0.01665550470352173,0.13180656647922276,0.1551664336569487,0.38354809151446134,0.8749645726197132,0.2618544347968863
121,547,4244,3786209,187.79583946249005,97.0,0.29614019449800255,1092.3489382008888,0.48400989552188156,OpenSees 2-D,Toro Vs,0.46845799684524536,5.336059547737991,0.05861961841583252,-0.9084834038396377,0.34818030254504684,0.5675273349542486,0.6658979209419268,
121,547,4244,3786209,187.79583946249005,97.0,0.29614019449800255,1092.3489382008888,0.48400989552188156,OpenSees 2-D,Passeri tts,0.48382097482681274,11.893156312621397,0.0739825963973999,-0.10700773710729423,0.40170177254306033,0.747361759648496,0.44259291757577734,
121,547,4244,3786209,187.79583946249005,97.0,0.29614019449800255,1092.3489382008888,0.48400989552188156,OpenSees 2-D,Pretell,0.4117319881916046,12.521603103770211,0.0018936097621917725,-0.05551547110453755,0.07824879840070663,0.23755223001327852,0.9491850414487859,
121,547,4244,3786209,187.79583946249005,97.0,0.29614019449800255,1092.3489382008888,0.48400989552188156,OpenSees 2-D,Pretell p84,0.41746553778648376,15.100024518459994,0.007627159357070923,0.13172549554687793,0.14843895431586546,0.3512565127406073,0.9421772893735904,
122,333,2574,5679342,246.08046267776467,92.0,0.24687292855232953,1118.5697265269964,0.6686969094504475,OpenSees 2-D,OpenSees 2-D,0.6177187561988831,20.966812133789062,0.0,0.0,0.0,0.0,1.0,0.19529104167997752
122,333,2574,5679342,246.08046267776467,92.0,0.24687292855232953,1118.5697265269964,0.6686969094504475,OpenSees 2-D,GINO,0.5953533053398132,9.600837707519531,-0.022365450859069824,-0.7810904571660687,0.1547658602846539,0.4645009948710638,0.8355144400653769,0.09338936465016477
122,333,2574,5679342,246.08046267776467,92.0,0.24687292855232953,1118.5697265269964,0.6686969094504475,OpenSees 2-D,1D Base Case,0.668074369430542,12.755067825317383,0.050355613231658936,-0.4970121439057136,0.2352046714472552,0.5856972141163117,0.6646217986453585,6.80147668608524e-17
122,333,2574,5679342,246.08046267776467,92.0,0.24687292855232953,1118.5697265269964,0.6686969094504475,OpenSees 2-D,Pretell's approach,0.5871766209602356,18.30133819580078,-0.03054213523864746,-0.13596663040533927,0.15874100382134898,0.472715277587034,0.8051281791171772,0.24223034575876395
122,333,2574,5679342,246.08046267776467,92.0,0.24687292855232953,1118.5697265269964,0.6686969094504475,OpenSees 2-D,Toro Vs,0.6468607783317566,5.336031235288298,0.029142022132873535,-1.3684586507468726,0.19058424401339574,0.588706206290461,0.7499751762145392,
122,333,2574,5679342,246.08046267776467,92.0,0.24687292855232953,1118.5697265269964,0.6686969094504475,OpenSees 2-D,Passeri tts,0.668074369430542,11.88968821232425,0.050355613231658936,-0.5672693253547908,0.2335793108269077,0.5765741099903173,0.6765590411832728,
122,333,2574,5679342,246.08046267776467,92.0,0.24687292855232953,1118.5697265269964,0.6686969094504475,OpenSees 2-D,Pretell,0.6120498180389404,12.808222646886565,-0.005668938159942627,-0.49285345406607667,0.06379948569087923,0.31907244919692906,0.9293012952950602,
122,333,2574,5679342,246.08046267776467,92.0,0.24687292855232953,1118.5697265269964,0.6686969094504475,OpenSees 2-D,Pretell p84,0.6234402060508728,17.53167754767945,0.005721449851989746,-0.17893142286075847,0.16690514958845099,0.3679648876009019,0.9214475866573614,
123,182,1361,2019791,302.0608369062366,92.0,0.17767420541495085,1110.855400622187,0.8208174915930343,OpenSees 2-D,OpenSees 2-D,0.7778410911560059,16.421112060546875,0.0,0.0,0.0,0.0,1.0,0.07688217760519818
123,182,1361,2019791,302.0608369062366,92.0,0.17767420541495085,1110.855400622187,0.8208174915930343,OpenSees 2-D,GINO,0.7886728644371033,20.35848617553711,0.010831773281097412,0.21493000833829412,0.06276063638493569,0.2887259836132804,0.9546889716785716,0.08545039193549908
123,182,1361,2019791,302.0608369062366,92.0,0.17767420541495085,1110.855400622187,0.8208174915930343,OpenSees 2-D,1D Base Case,0.8220815658569336,12.766810417175293,0.044240474700927734,-0.2517189604221958,0.13933162926150883,0.4616193418086504,0.7838367719141109,6.384034161650327e-17
123,182,1361,2019791,302.0608369062366,92.0,0.17767420541495085,1110.855400622187,0.8208174915930343,OpenSees 2-D,Pretell's approach,0.7496781945228577,21.168716430664062,-0.028162896633148193,0.253956624077633,0.1032182251985673,0.38398313082885666,0.882837537175239,0.12045457852061117
123,182,1361,2019791,302.0608369062366,92.0,0.17767420541495085,1110.855400622187,0.8208174915930343,OpenSees 2-D,Toro Vs,0.7959777116775513,5.335979412153734,0.01813662052154541,-1.1240953773944073,0.13861032361153675,0.5387833814709184,0.7658725253312212,
123,182,1361,2019791,302.0608369062366,92.0,0.17767420541495085,1110.855400622187,0.8208174915930343,OpenSees 2-D,Passeri tts,0.8220815658569336,11.897773391704073,0.044240474700927734,-0.3222165550388574,0.13848424734721618,0.4558010766060976,0.7910306049171011,
123,182,1361,2019791,302.0608369062366,92.0,0.17767420541495085,1110.855400622187,0.8208174915930343,OpenSees 2-D,Pretell,0.7886728644371033,16.8294955719927,0.010831773281097412,0.024565208090012426,0.03569818730922541,0.23081592347628757,0.9532297733194528,
123,182,1361,2019791,302.0608369062366,92.0,0.17767420541495085,1110.855400622187,0.8208174915930343,OpenSees 2-D,Pretell p84,0.7959777116775513,22.0903899990273,0.01813662052154541,0.29657484457141947,0.07927460011833817,0.41762190055582865,0.9480127252263352,
124,49,407,1438975,203.70707214093707,25.0,0.13651368189603091,972.564830372619,2.037070721409371,OpenSees 2-D,OpenSees 2-D,2.0012497901916504,19.831787109375,0.0,0.0,0.0,0.0,1.0,0.07117404876458987
124,49,407,1438975,203.70707214093707,25.0,0.13651368189603091,972.564830372619,2.037070721409371,OpenSees 2-D,GINO,1.946656346321106,14.478843688964844,-0.054593443870544434,-0.31459753193805967,0.08606098205120712,0.21132541689641235,0.9643658164109022,0.1312451836913362
124,49,407,1438975,203.70707214093707,25.0,0.13651368189603091,972.564830372619,2.037070721409371,OpenSees 2-D,1D Base Case,2.0384933948516846,12.766307830810547,0.03724360466003418,-0.4404765600962601,0.06265195845643709,0.34021121643786906,0.9297673555451708,5.4904131671693835e-17
124,49,407,1438975,203.70707214093707,25.0,0.13651368189603091,972.564830372619,2.037070721409371,OpenSees 2-D,Pretell's approach,1.9737643003463745,16.121736526489258,-0.02748548984527588,-0.20711760372763824,0.0370420352703434,0.21049177969784502,0.9722173273915398,0.11122193263574111
124,49,407,1438975,203.70707214093707,25.0,0.13651368189603091,972.564830372619,2.037070721409371,OpenSees 2-D,Toro Vs,1.9737643003463745,5.336048554207158,-0.02748548984527588,-1.3128006520364353,0.10486621829464428,0.5650042194102401,0.8099965434882866,
124,49,407,1438975,203.70707214093707,25.0,0.13651368189603091,972.564830372619,2.037070721409371,OpenSees 2-D,Passeri tts,2.0384933948516846,11.897253721688363,0.03724360466003418,-0.5109784661788191,0.06421963143719779,0.35179592910340096,0.9273512891253549,
124,49,407,1438975,203.70707214093707,25.0,0.13651368189603091,972.564830372619,2.037070721409371,OpenSees 2-D,Pretell,2.0197856426239014,10.645969113886784,0.018535852432250977,-0.6221047264203394,0.05136791964334631,0.33638587421998223,0.9359445383571727,
124,49,407,1438975,203.70707214093707,25.0,0.13651368189603091,972.564830372619,2.037070721409371,OpenSees 2-D,Pretell p84,2.0956623554229736,15.024643019558226,0.09441256523132324,-0.27759433893112173,0.10551186123908203,0.35339550609407827,0.9119305082201957,
125,518,4037,7597202,241.78790053246294,28.0,0.28760730028152465,1162.1503850759352,2.1588205404684193,OpenSees 2-D,OpenSees 2-D,1.9023011922836304,5.971181869506836,0.0,0.0,0.0,0.0,1.0,0.11989877754109719
125,518,4037,7597202,241.78790053246294,28.0,0.28760730028152465,1162.1503850759352,2.1588205404684193,OpenSees 2-D,GINO,1.964686632156372,5.7651753425598145,0.0623854398727417,-0.035109307629804076,0.11979981631890402,0.26145332559436973,0.9077235849312063,0.13407347712366616
125,518,4037,7597202,241.78790053246294,28.0,0.28760730028152465,1162.1503850759352,2.1588205404684193,OpenSees 2-D,1D Base Case,2.164389133453369,12.76243782043457,0.26208794116973877,0.7595614355237649,0.1337965555878831,0.5743219757515822,0.76119245509796,5.635324098026506e-17
125,518,4037,7597202,241.78790053246294,28.0,0.28760730028152465,1162.1503850759352,2.1588205404684193,OpenSees 2-D,Pretell's approach,1.9920457601547241,16.16469955444336,0.08974456787109375,0.9958849489243238,0.08423308651548017,0.5930439998539988,0.872131042848734,0.16495438982558686
125,518,4037,7597202,241.78790053246294,28.0,0.28760730028152465,1162.1503850759352,2.1588205404684193,OpenSees 2-D,Toro Vs,2.086024045944214,5.335902008468662,0.1837228536605835,-0.11248693168832398,0.09231821555610854,0.29935280729835484,0.8521993256324721,
125,518,4037,7597202,241.78790053246294,28.0,0.28760730028152465,1162.1503850759352,2.1588205404684193,OpenSees 2-D,Passeri tts,2.164389133453369,11.89522744584734,0.26208794116973877,0.6891923887996069,0.1329953055954809,0.5488225797606262,0.7685731019209718,
125,518,4037,7597202,241.78790053246294,28.0,0.28760730028152465,1162.1503850759352,2.1588205404684193,OpenSees 2-D,Pretell,1.8249932527542114,7.098825546309883,-0.07730793952941895,0.17298447844882853,0.1340733290578107,0.3319999604668699,0.8534991977456857,
125,518,4037,7597202,241.78790053246294,28.0,0.28760730028152465,1162.1503850759352,2.1588205404684193,OpenSees 2-D,Pretell p84,1.8675458431243896,12.368715140156768,-0.03475534915924072,0.7282254360813026,0.21707904741484566,0.8140440781419286,0.8839756438141937,
126,102,794,2953590,150.74890620553055,45.0,0.24461066611111162,938.1482708592675,0.8374939233640586,OpenSees 2-D,OpenSees 2-D,0.7671580910682678,13.261046409606934,0.0,0.0,0.0,0.0,1.0,0.13016823770117164
126,102,794,2953590,150.74890620553055,45.0,0.24461066611111162,938.1482708592675,0.8374939233640586,OpenSees 2-D,GINO,0.7566218376159668,16.745025634765625,-0.010536253452301025,0.23327034073998162,0.09939641219564416,0.24959986014777003,0.9661296045824403,0.07710047100209073
126,102,794,2953590,150.74890620553055,45.0,0.24461066611111162,938.1482708592675,0.8374939233640586,OpenSees 2-D,1D Base Case,0.8373806476593018,12.762246131896973,0.07022255659103394,-0.038339604824902895,0.1838043878507103,0.5280769988363848,0.7092431260401121,5.929671106419404e-17
126,102,794,2953590,150.74890620553055,45.0,0.24461066611111162,938.1482708592675,0.8374939233640586,OpenSees 2-D,Pretell's approach,0.7996554374694824,14.516386985778809,0.0324973464012146,0.09044725185699592,0.09776070407314785,0.33325763692602406,0.8958036319198915,0.14847141836044803
126,102,794,2953590,150.74890620553055,45.0,0.24461066611111162,938.1482708592675,0.8374939233640586,OpenSees 2-D,Toro Vs,0.8107909560203552,5.336065052025579,0.0436328649520874,-0.9103423966975379,0.16437217773620127,0.45546372444023353,0.8123760234017597,
126,102,794,2953590,150.74890620553055,45.0,0.24461066611111162,938.1482708592675,0.8374939233640586,OpenSees 2-D,Passeri tts,0.8373806476593018,11.894462509343036,0.07022255659103394,-0.1087579399296992,0.18217334463699922,0.5112032026825304,0.7209838494963459,
126,102,794,2953590,150.74890620553055,45.0,0.24461066611111162,938.1482708592675,0.8374939233640586,OpenSees 2-D,Pretell,0.7636298537254333,12.252107226524723,-0.0035282373428344727,-0.07913295570669947,0.042816530195717725,0.14577618039622037,0.9788292522123766,
126,102,794,2953590,150.74890620553055,45.0,0.24461066611111162,938.1482708592675,0.8374939233640586,OpenSees 2-D,Pretell p84,0.7531419992446899,14.683267283097129,-0.01401609182357788,0.10187766899472012,0.09000801076053419,0.281294486931353,0.9731816652014182,
127,687,5308,4091146,141.97963791483616,19.0,0.2428702974691987,955.0877704479568,1.8681531304583705,OpenSees 2-D,OpenSees 2-D,1.5530705451965332,23.04306983947754,0.0,0.0,0.0,0.0,1.0,0.18303716013721338
127,687,5308,4091146,141.97963791483616,19.0,0.2428702974691987,955.0877704479568,1.8681531304583705,OpenSees 2-D,GINO,1.574697732925415,15.91746997833252,0.021627187728881836,-0.3699478196847949,0.17145032733161852,0.2625065264217755,0.9533947712790022,0.19627557709058782
127,687,5308,4091146,141.97963791483616,19.0,0.2428702974691987,955.0877704479568,1.8681531304583705,OpenSees 2-D,1D Base Case,1.8675458431243896,12.760826110839844,0.31447529792785645,-0.5909850484629616,0.34869437646210083,0.8227319693400669,0.317235108018753,5.684245259488042e-17
127,687,5308,4091146,141.97963791483616,19.0,0.2428702974691987,955.0877704479568,1.8681531304583705,OpenSees 2-D,Pretell's approach,1.4560060501098633,14.03750991821289,-0.09706449508666992,-0.4956320398972037,0.14043307228080615,0.5022157761284748,0.7983267439412399,0.19821659747640705
127,687,5308,4091146,141.97963791483616,19.0,0.2428702974691987,955.0877704479568,1.8681531304583705,OpenSees 2-D,Toro Vs,1.8082449436187744,5.336061433189071,0.2551743984222412,-1.462877244999229,0.302351111053217,0.691006680959351,0.5755707975594859,
127,687,5308,4091146,141.97963791483616,19.0,0.2428702974691987,955.0877704479568,1.8681531304583705,OpenSees 2-D,Passeri tts,1.8675458431243896,11.893510608142028,0.31447529792785645,-0.6613721421870233,0.347828772576851,0.8124300038920396,0.327373029109285,
127,687,5308,4091146,141.97963791483616,19.0,0.2428702974691987,955.0877704479568,1.8681531304583705,OpenSees 2-D,Pretell,1.6414029598236084,7.854777826967114,0.0883324146270752,-1.076243079486886,0.16833001084202998,0.5503389468640271,0.8080167733226925,
127,687,5308,4091146,141.97963791483616,19.0,0.2428702974691987,955.0877704479568,1.8681531304583705,OpenSees 2-D,Pretell p84,1.6489869356155396,13.140328999023358,0.09591639041900635,-0.5616790157923016,0.18096112761627678,0.5353367849632771,0.7736552758007293,
128,651,5038,5633162,214.98341347559776,85.0,0.248399880155921,913.1280400580059,0.6323041572811698,OpenSees 2-D,OpenSees 2-D,0.5659170150756836,13.70090389251709,0.0,0.0,0.0,0.0,1.0,0.17006324420305322
128,651,5038,5633162,214.98341347559776,85.0,0.248399880155921,913.1280400580059,0.6323041572811698,OpenSees 2-D,GINO,0.5817880034446716,17.399967193603516,0.015870988368988037,0.2390065125799727,0.06006193112164805,0.282990217616739,0.938472667975015,0.0732003345963117
128,651,5038,5633162,214.98341347559776,85.0,0.248399880155921,913.1280400580059,0.6323041572811698,OpenSees 2-D,1D Base Case,0.6321218609809875,12.761115074157715,0.06620484590530396,-0.07105914585826117,0.24989568713589075,0.5985116401218586,0.6038954224673495,6.451974548625924e-17
128,651,5038,5633162,214.98341347559776,85.0,0.248399880155921,913.1280400580059,0.6323041572811698,OpenSees 2-D,Pretell's approach,0.5530224442481995,16.785192489624023,-0.01289457082748413,0.2030352901075549,0.0919574851783819,0.26505495287685876,0.9389498284259379,0.1987521433170454
128,651,5038,5633162,214.98341347559776,85.0,0.248399880155921,913.1280400580059,0.6323041572811698,OpenSees 2-D,Toro Vs,0.6120498180389404,5.336062348930626,0.046132802963256836,-0.9429738150863883,0.21493160237461828,0.5121932565769038,0.7437094720407795,
128,651,5038,5633162,214.98341347559776,85.0,0.248399880155921,913.1280400580059,0.6323041572811698,OpenSees 2-D,Passeri tts,0.6321218609809875,11.893704153307443,0.06620484590530396,-0.14145261084651573,0.24773974726130188,0.5844906942941255,0.615880257650932,
128,651,5038,5633162,214.98341347559776,85.0,0.248399880155921,913.1280400580059,0.6323041572811698,OpenSees 2-D,Pretell,0.5711586475372314,13.60088968718457,0.0052416324615478516,-0.007326599435981213,0.06576291920500318,0.27579449000820044,0.9302675895064941,
128,651,5038,5633162,214.98341347559776,85.0,0.248399880155921,913.1280400580059,0.6323041572811698,OpenSees 2-D,Pretell p84,0.5633142590522766,16.938358881332878,-0.0026027560234069824,0.21211899800160255,0.10107744182456263,0.3645038765694608,0.9409642113401254,
129,41,348,1807020,158.22102378729463,32.0,0.2937549220398068,1194.9507193914058,1.2361017483382393,OpenSees 2-D,OpenSees 2-D,1.1562801599502563,15.282591819763184,0.0,0.0,0.0,0.0,1.0,0.14637553835804606
129,41,348,1807020,158.22102378729463,32.0,0.2937549220398068,1194.9507193914058,1.2361017483382393,OpenSees 2-D,GINO,1.0940546989440918,18.714317321777344,-0.06222546100616455,0.20257447202785786,0.31120867190433815,0.5373622394766583,0.761246837959898,0.17688623103438375
129,41,348,1807020,158.22102378729463,32.0,0.2937549220398068,1194.9507193914058,1.2361017483382393,OpenSees 2-D,1D Base Case,1.2390621900558472,12.763615608215332,0.08278203010559082,-0.18011579841144595,0.22884733820780123,0.5473805871880907,0.6915652816978322,6.221564245184813e-17
129,41,348,1807020,158.22102378729463,32.0,0.2937549220398068,1194.9507193914058,1.2361017483382393,OpenSees 2-D,Pretell's approach,1.1723817586898804,15.806970596313477,0.016101598739624023,0.03373662865834722,0.06383645152736088,0.22217528737193146,0.9548284792022315,0.17196338684987802
129,41,348,1807020,158.22102378729463,32.0,0.2937549220398068,1194.9507193914058,1.2361017483382393,OpenSees 2-D,Toro Vs,1.194200038909912,5.335870889760759,0.03791987895965576,-1.0522622788177174,0.19458210540660753,0.551425277618764,0.7587861665562329,
129,41,348,1807020,158.22102378729463,32.0,0.2937549220398068,1194.9507193914058,1.2361017483382393,OpenSees 2-D,Passeri tts,1.2390621900558472,11.895936296522917,0.08278203010559082,-0.2505175369563525,0.22757844092198914,0.5391930033157849,0.7001030169870782,
129,41,348,1807020,158.22102378729463,32.0,0.2937549220398068,1194.9507193914058,1.2361017483382393,OpenSees 2-D,Pretell,1.1616226434707642,12.219519950794018,0.0053424835205078125,-0.22367972199041494,0.07058813204425039,0.2750009819869938,0.9386945329749311,
129,41,348,1807020,158.22102378729463,32.0,0.2937549220398068,1194.9507193914058,1.2361017483382393,OpenSees 2-D,Pretell p84,1.1832406520843506,15.56591210006262,0.02696049213409424,0.01836901053600635,0.09296282197331945,0.30682132233979653,0.9435012116867892,
130,553,4261,3511993,324.9197991445763,18.0,0.19213616643100978,897.6669370546688,4.512774988119116,OpenSees 2-D,OpenSees 2-D,3.9591102600097656,31.288122177124023,0.0,0.0,0.0,0.0,1.0,0.12113737003860656
130,553,4261,3511993,324.9197991445763,18.0,0.19213616643100978,897.6669370546688,4.512774988119116,OpenSees 2-D,GINO,4.281851768493652,16.584869384765625,0.3227415084838867,-0.6347477455012039,0.40562228660031535,0.7088421075714015,0.5827444098504205,0.11653248042213254
130,553,4261,3511993,324.9197991445763,18.0,0.19213616643100978,897.6669370546688,4.512774988119116,OpenSees 2-D,1D Base Case,4.525386333465576,12.760845184326172,0.5662760734558105,-0.8968570296259483,0.42244719284712423,0.7404755405518787,0.5151921669280293,4.961413313336509e-17
130,553,4261,3511993,324.9197991445763,18.0,0.19213616643100978,897.6669370546688,4.512774988119116,OpenSees 2-D,Pretell's approach,3.940901756286621,21.848247528076172,-0.01820850372314453,-0.3591178287048485,0.08797683960596353,0.22815499606637707,0.9924041497282966,0.14870846337940913
130,553,4261,3511993,324.9197991445763,18.0,0.19213616643100978,897.6669370546688,4.512774988119116,OpenSees 2-D,Toro Vs,4.361537933349609,5.335934817082707,0.40242767333984375,-1.7687744495156126,0.35023957267688044,0.7025713123149827,0.7001248436657104,
130,553,4261,3511993,324.9197991445763,18.0,0.19213616643100978,897.6669370546688,4.512774988119116,OpenSees 2-D,Passeri tts,4.525386333465576,11.89426086955269,0.5662760734558105,-0.967182538451555,0.4196523026205375,0.7342649117462147,0.5267955511475675,
130,553,4261,3511993,324.9197991445763,18.0,0.19213616643100978,897.6669370546688,4.512774988119116,OpenSees 2-D,Pretell,4.032790184020996,8.425221801932157,0.07367992401123047,-1.312008739834458,0.2536522919269084,0.5806981308862177,0.8413341919817536,
130,553,4261,3511993,324.9197991445763,18.0,0.19213616643100978,897.6669370546688,4.512774988119116,OpenSees 2-D,Pretell p84,3.977402925491333,17.538692785357597,0.018292665481567383,-0.5788290858291558,0.2614809825835851,0.47038095888280096,0.848740266402148,
131,366,2925,1741982,193.80481861045493,71.0,0.28703931048512454,1109.2007280057576,0.6824113331354047,OpenSees 2-D,OpenSees 2-D,1.8082449436187744,7.70322322845459,0.0,0.0,0.0,0.0,1.0,0.20777886437660506
131,366,2925,1741982,193.80481861045493,71.0,0.28703931048512454,1109.2007280057576,0.6824113331354047,OpenSees 2-D,GINO,0.6008675694465637,16.15399169921875,-1.2073773741722107,0.74052834079834,0.18299868044565545,0.43947976787269877,0.8962805562760658,0.10622640874051968
131,366,2925,1741982,193.80481861045493,71.0,0.28703931048512454,1109.2007280057576,0.6824113331354047,OpenSees 2-D,1D Base Case,0.6836516261100769,12.766181945800781,-1.1245933175086975,0.5051607967372151,0.36159121298481234,0.6308430992733014,0.600716732660043,6.430922235882295e-17
131,366,2925,1741982,193.80481861045493,71.0,0.28703931048512454,1109.2007280057576,0.6824113331354047,OpenSees 2-D,Pretell's approach,0.5817880034446716,15.49716854095459,-1.2264569401741028,0.6990184900923688,0.16303339117343957,0.4243994951958011,0.8780896446107848,0.25879267359899477
131,366,2925,1741982,193.80481861045493,71.0,0.28703931048512454,1109.2007280057576,0.6824113331354047,OpenSees 2-D,Toro Vs,0.6619433164596558,5.3359452917435455,-1.1463016271591187,-0.3671727864796253,0.2781609968464925,0.41625440399295294,0.7881085222468366,
131,366,2925,1741982,193.80481861045493,71.0,0.28703931048512454,1109.2007280057576,0.6824113331354047,OpenSees 2-D,Passeri tts,0.6836516261100769,11.897438334380643,-1.1245933175086975,0.43468426855735576,0.35823543765388577,0.6101194235377166,0.6121944103970116,
131,366,2925,1741982,193.80481861045493,71.0,0.28703931048512454,1109.2007280057576,0.6824113331354047,OpenSees 2-D,Pretell,0.584476113319397,9.630057178071423,-1.2237688302993774,0.22325032091820424,0.17681263861470517,0.30376160618447523,0.8969072915558048,
131,366,2925,1741982,193.80481861045493,71.0,0.28703931048512454,1109.2007280057576,0.6824113331354047,OpenSees 2-D,Pretell p84,0.5737976431846619,14.967138858457254,-1.2344473004341125,0.6642182127766278,0.21526825039810765,0.6112870040452577,0.892051966078506,
132,534,4136,8595308,137.06154337592005,73.0,0.2658001936972141,892.267210316728,0.4693888471778084,OpenSees 2-D,OpenSees 2-D,0.40983837842941284,8.22060489654541,0.0,0.0,0.0,0.0,1.0,0.18756014610506622
132,534,4136,8595308,137.06154337592005,73.0,0.2658001936972141,892.267210316728,0.4693888471778084,OpenSees 2-D,GINO,0.4213321805000305,9.541231155395508,0.011493802070617676,0.1489787343138462,0.13084443152472955,0.20792464705802402,0.9480596624913348,0.09831471936500355
132,534,4136,8595308,137.06154337592005,73.0,0.2658001936972141,892.267210316728,0.4693888471778084,OpenSees 2-D,1D Base Case,0.4706224799156189,12.762097358703613,0.060784101486206055,0.4398358394656506,0.22806512428052655,0.6235746495533976,0.651105961822214,6.901509021686615e-17
132,534,4136,8595308,137.06154337592005,73.0,0.2658001936972141,892.267210316728,0.4693888471778084,OpenSees 2-D,Pretell's approach,0.4473533034324646,13.802621841430664,0.03751492500305176,0.5182147678789807,0.13791108150805378,0.5213622447826529,0.801271653771697,0.20764254088295758
132,534,4136,8595308,137.06154337592005,73.0,0.2658001936972141,892.267210316728,0.4693888471778084,OpenSees 2-D,Toro Vs,0.45358288288116455,5.335909771639251,0.04374450445175171,-0.4321843956407166,0.22140675749761224,0.3870847289212134,0.7921182791880511,
132,534,4136,8595308,137.06154337592005,73.0,0.2658001936972141,892.267210316728,0.4693888471778084,OpenSees 2-D,Passeri tts,0.4706224799156189,11.895021796531601,0.060784101486206055,0.3694761814163584,0.2265725681224523,0.5997196973155314,0.662327298608137,
132,534,4136,8595308,137.06154337592005,73.0,0.2658001936972141,892.267210316728,0.4693888471778084,OpenSees 2-D,Pretell,0.41746553778648376,9.371329433111672,0.007627159357070923,0.13101117330684328,0.11358619643976411,0.27995816439105525,0.9275789609244657,
132,534,4136,8595308,137.06154337592005,73.0,0.2658001936972141,892.267210316728,0.4693888471778084,OpenSees 2-D,Pretell p84,0.4331483244895935,12.969284359966506,0.023309946060180664,0.45594002549407675,0.18365022384337193,0.5748340082660033,0.9268042016017166,
133,275,2038,7464028,143.7795459684312,87.0,0.20518740378320216,1097.3952426073297,0.4131596148518138,OpenSees 2-D,OpenSees 2-D,0.37374258041381836,7.257922649383545,0.0,0.0,0.0,0.0,1.0,0.1474453570386098
133,275,2038,7464028,143.7795459684312,87.0,0.20518740378320216,1097.3952426073297,0.4131596148518138,OpenSees 2-D,GINO,0.3895745575428009,13.206011772155762,0.015831977128982544,0.5985785117534582,0.1365360367435482,0.36430209061021057,0.9353120688024807,0.08505987762080562
133,275,2038,7464028,143.7795459684312,87.0,0.20518740378320216,1097.3952426073297,0.4131596148518138,OpenSees 2-D,1D Base Case,0.41363435983657837,12.767026901245117,0.03989177942276001,0.5647721724848026,0.16571754230851168,0.5016789417980199,0.7881677314199577,8.366059516668753e-17
133,275,2038,7464028,143.7795459684312,87.0,0.20518740378320216,1097.3952426073297,0.4131596148518138,OpenSees 2-D,Pretell's approach,0.4079534411430359,13.832571983337402,0.03421086072921753,0.6449324482615162,0.17977393636493874,0.5121023079930515,0.811628891001941,0.18029456706317507
133,275,2038,7464028,143.7795459684312,87.0,0.20518740378320216,1097.3952426073297,0.4131596148518138,OpenSees 2-D,Toro Vs,0.40050008893013,5.336018000667084,0.026757508516311646,-0.30761396939732116,0.16752977196262142,0.35012828806152657,0.8428470293849462,
133,275,2038,7464028,143.7795459684312,87.0,0.20518740378320216,1097.3952426073297,0.4131596148518138,OpenSees 2-D,Passeri tts,0.41363435983657837,11.897819299075145,0.03989177942276001,0.4942614797028796,0.16453511686641545,0.47980540782332376,0.7957141986962472,
133,275,2038,7464028,143.7795459684312,87.0,0.20518740378320216,1097.3952426073297,0.4131596148518138,OpenSees 2-D,Pretell,0.39499953389167786,11.030205142239662,0.021256953477859497,0.4185437802202858,0.1118756658764353,0.352100143670638,0.8995518581867591,
133,275,2038,7464028,143.7795459684312,87.0,0.20518740378320216,1097.3952426073297,0.4131596148518138,OpenSees 2-D,Pretell p84,0.4023505449295044,14.714518561897723,0.028607964515686035,0.7067410122007929,0.16384092054262975,0.6073262034854969,0.8873783078771038,
134,675,5223,2711379,282.52435517961936,45.0,0.25827857237309215,1245.6735650339538,1.5695797509978853,OpenSees 2-D,OpenSees 2-D,1.4762815237045288,43.73012161254883,0.0,0.0,0.0,0.0,1.0,0.1210323658689772
134,675,5223,2711379,282.52435517961936,45.0,0.25827857237309215,1245.6735650339538,1.5695797509978853,OpenSees 2-D,GINO,1.4762815237045288,18.2269287109375,0.0,-0.8751370463516819,0.13145009207279804,0.4360403582902611,0.9169006181760714,0.11737070845832656
134,675,5223,2711379,282.52435517961936,45.0,0.25827857237309215,1245.6735650339538,1.5695797509978853,OpenSees 2-D,1D Base Case,1.574697732925415,12.756586074829102,0.09841620922088623,-1.2319894532832305,0.16925811761551435,0.67321626122843,0.676664628906068,5.824706034588908e-17
134,675,5223,2711379,282.52435517961936,45.0,0.25827857237309215,1245.6735650339538,1.5695797509978853,OpenSees 2-D,Pretell's approach,1.3524808883666992,19.823638916015625,-0.12380063533782959,-0.7911620361734731,0.18831139691525736,0.7748520350541647,0.4830958214713078,0.20048544380500663
134,675,5223,2711379,282.52435517961936,45.0,0.25827857237309215,1245.6735650339538,1.5695797509978853,OpenSees 2-D,Toro Vs,1.5176833868026733,5.335993119437082,0.04140186309814453,-2.103562127255998,0.1755750960402974,0.7439879660803147,0.6785910783681487,
134,675,5223,2711379,282.52435517961936,45.0,0.25827857237309215,1245.6735650339538,1.5695797509978853,OpenSees 2-D,Passeri tts,1.574697732925415,11.891649826249502,0.09841620922088623,-1.3022006878666945,0.16900440261877492,0.6717508817378546,0.6865402301859753,
134,675,5223,2711379,282.52435517961936,45.0,0.25827857237309215,1245.6735650339538,1.5695797509978853,OpenSees 2-D,Pretell,1.5176833868026733,12.651922215970298,0.04140186309814453,-1.2402279889463128,0.09277736480504808,0.5650671609770136,0.8341550957835566,
134,675,5223,2711379,282.52435517961936,45.0,0.25827857237309215,1245.6735650339538,1.5695797509978853,OpenSees 2-D,Pretell p84,1.5388177633285522,21.604929371386053,0.06253623962402344,-0.7051156461156245,0.1717272070768564,0.5388262693388414,0.7972366390350116,
135,832,6357,8260304,229.33354076870077,35.0,0.16489328518509866,966.832667971848,1.638096719776434,OpenSees 2-D,OpenSees 2-D,1.5176833868026733,10.921895980834961,0.0,0.0,0.0,0.0,1.0,0.10943869941684543
135,832,6357,8260304,229.33354076870077,35.0,0.16489328518509866,966.832667971848,1.638096719776434,OpenSees 2-D,GINO,1.5037553310394287,10.81893539428711,-0.013928055763244629,-0.009471703681755969,0.060559970305432,0.17415468659604932,0.9686133115895477,0.10830486307539025
135,832,6357,8260304,229.33354076870077,35.0,0.16489328518509866,966.832667971848,1.638096719776434,OpenSees 2-D,1D Base Case,1.6414029598236084,12.765482902526855,0.12371957302093506,0.1559753003154364,0.10760044538295885,0.43632654242887303,0.8046214269285559,5.4941182742243655e-17
135,832,6357,8260304,229.33354076870077,35.0,0.16489328518509866,966.832667971848,1.638096719776434,OpenSees 2-D,Pretell's approach,1.5892828702926636,17.189348220825195,0.07159948348999023,0.4535203226292237,0.0626140465764629,0.40977800038199275,0.8907411789759956,0.12989845686981516
135,832,6357,8260304,229.33354076870077,35.0,0.16489328518509866,966.832667971848,1.638096719776434,OpenSees 2-D,Toro Vs,1.5892828702926636,5.335917110612534,0.07159948348999023,-0.71630880536482,0.0921671771835084,0.39701900113317723,0.8638231676182188,
135,832,6357,8260304,229.33354076870077,35.0,0.16489328518509866,966.832667971848,1.638096719776434,OpenSees 2-D,Passeri tts,1.6414029598236084,11.897039240130923,0.12371957302093506,0.08551998594611714,0.10654550937001539,0.41793456960071207,0.814846012242044,
135,832,6357,8260304,229.33354076870077,35.0,0.16489328518509866,966.832667971848,1.638096719776434,OpenSees 2-D,Pretell,1.5819734334945679,10.838607329788246,0.06429004669189453,-0.0076550672182548836,0.02399678888528649,0.1874690787497971,0.9629762156932892,
135,832,6357,8260304,229.33354076870077,35.0,0.16489328518509866,966.832667971848,1.638096719776434,OpenSees 2-D,Pretell p84,1.6040030717849731,17.91463946181213,0.0863196849822998,0.494848645756337,0.12485668084430662,0.5878477711306886,0.9383524107945972,
136,303,2310,2266960,287.64132612708875,82.0,0.1485941756516695,823.0446047551784,0.8769552625825876,OpenSees 2-D,OpenSees 2-D,0.8335294127464294,14.55622386932373,0.0,0.0,0.0,0.0,1.0,0.04827277131166998
136,303,2310,2266960,287.64132612708875,82.0,0.1485941756516695,823.0446047551784,0.8769552625825876,OpenSees 2-D,GINO,0.8373806476593018,16.377431869506836,0.0038512349128723145,0.11788562211230451,0.061832069033817424,0.13742588512752688,0.9831986746024556,0.06816697588990286
136,303,2310,2266960,287.64132612708875,82.0,0.1485941756516695,823.0446047551784,0.8769552625825876,OpenSees 2-D,1D Base Case,0.8768855929374695,12.762628555297852,0.04335618019104004,-0.1314974031641221,0.1153833834645818,0.43342601083241866,0.812912226984198,6.246024478735385e-17
136,303,2310,2266960,287.64132612708875,82.0,0.1485941756516695,823.0446047551784,0.8769552625825876,OpenSees 2-D,Pretell's approach,0.9014776349067688,20.98859977722168,0.06794822216033936,0.3659607630687779,0.15091982977715251,0.6111272709530001,0.7012702151173873,0.08689988584466901
136,303,2310,2266960,287.64132612708875,82.0,0.1485941756516695,823.0446047551784,0.8769552625825876,OpenSees 2-D,Toro Vs,0.8490415215492249,5.33606559158007,0.01551210880279541,-1.0035300586843496,0.1237655846433453,0.5358123828628083,0.7681857122237534,
136,303,2310,2266960,287.64132612708875,82.0,0.1485941756516695,823.0446047551784,0.8769552625825876,OpenSees 2-D,Passeri tts,0.8768855929374695,11.89472007933113,0.04335618019104004,-0.2019240486521683,0.11471887262042565,0.42916330326038515,0.8185435720395111,
136,303,2310,2266960,287.64132612708875,82.0,0.1485941756516695,823.0446047551784,0.8769552625825876,OpenSees 2-D,Pretell,0.8451366424560547,17.922528232827382,0.011607229709625244,0.20803982251923592,0.04934778136014187,0.2901345942389686,0.9271699818161523,
136,303,2310,2266960,287.64132612708875,82.0,0.1485941756516695,823.0446047551784,0.8769552625825876,OpenSees 2-D,Pretell p84,0.8373806476593018,20.870344947105426,0.0038512349128723145,0.36031058982639624,0.05546744485217353,0.40650898829965176,0.9258245686996593,
137,113,867,401513,194.48150890276074,54.0,0.18722940273582933,1222.8837500850434,0.9003773560312998,OpenSees 2-D,OpenSees 2-D,0.8569055199623108,11.248156547546387,0.0,0.0,0.0,0.0,1.0,0.09988739152203625
137,113,867,401513,194.48150890276074,54.0,0.18722940273582933,1222.8837500850434,0.9003773560312998,OpenSees 2-D,GINO,0.8373806476593018,10.23001480102539,-0.019524872303009033,-0.09487822599515161,0.07523670920644913,0.2532086408501366,0.9402888842571844,0.060670086800193375
137,113,867,401513,194.48150890276074,54.0,0.18722940273582933,1222.8837500850434,0.9003773560312998,OpenSees 2-D,1D Base Case,0.9014776349067688,12.767045974731445,0.04457211494445801,0.1266630651084151,0.12394426474046223,0.412183132056545,0.8228660243387966,6.438565060723784e-17
137,113,867,401513,194.48150890276074,54.0,0.18722940273582933,1222.8837500850434,0.9003773560312998,OpenSees 2-D,Pretell's approach,0.852964460849762,16.100553512573242,-0.003941059112548828,0.35864939827919307,0.05887010666791804,0.30410354550738344,0.9210883652451801,0.13263298741710125
137,113,867,401513,194.48150890276074,54.0,0.18722940273582933,1222.8837500850434,0.9003773560312998,OpenSees 2-D,Toro Vs,0.8728526830673218,5.336011649902206,0.015947163105010986,-0.7457257609072211,0.12719346503377318,0.46867355302714875,0.8192675341496188,
137,113,867,401513,194.48150890276074,54.0,0.18722940273582933,1222.8837500850434,0.9003773560312998,OpenSees 2-D,Passeri tts,0.9014776349067688,11.897848566748046,0.04457211494445801,0.05615333827907177,0.12287626425844017,0.40184844528295116,0.8299878192904498,
137,113,867,401513,194.48150890276074,54.0,0.18722940273582933,1222.8837500850434,0.9003773560312998,OpenSees 2-D,Pretell,0.8608647584915161,12.057520801503134,0.003959238529205322,0.06948434536835962,0.040680511608812434,0.24637675012256693,0.9399949942549939,
137,113,867,401513,194.48150890276074,54.0,0.18722940273582933,1222.8837500850434,0.9003773560312998,OpenSees 2-D,Pretell p84,0.8412497043609619,15.477927316296618,-0.015655815601348877,0.319210712117664,0.09738748031843465,0.4055325559204791,0.9353889924427837,
138,749,5786,9745008,144.25120670423362,66.0,0.2896682599559426,963.3242511739768,0.5464060860008849,OpenSees 2-D,OpenSees 2-D,0.49968773126602173,12.988245964050293,0.0,0.0,0.0,0.0,1.0,0.2071410979802274
138,749,5786,9745008,144.25120670423362,66.0,0.2896682599559426,963.3242511739768,0.5464060860008849,OpenSees 2-D,GINO,0.4706224799156189,10.07442855834961,-0.029065251350402832,-0.25404440440393833,0.15967491868012818,0.3816377211629644,0.8441777137893424,0.09773329856850836
138,749,5786,9745008,144.25120670423362,66.0,0.2896682599559426,963.3242511739768,0.5464060860008849,OpenSees 2-D,1D Base Case,0.5479472279548645,12.760637283325195,0.04825949668884277,-0.017679571350127092,0.2519807612125326,0.5652938576891031,0.6576679341189499,7.504544358021443e-17
138,749,5786,9745008,144.25120670423362,66.0,0.2896682599559426,963.3242511739768,0.5464060860008849,OpenSees 2-D,Pretell's approach,0.48830220103263855,14.32821273803711,-0.011385530233383179,0.09818572050766851,0.13098048967686537,0.31720586066122974,0.9120308877728541,0.24125657424982397
138,749,5786,9745008,144.25120670423362,66.0,0.2896682599559426,963.3242511739768,0.5464060860008849,OpenSees 2-D,Toro Vs,0.5281080007553101,5.33593852264658,0.02842026948928833,-0.8895800045500742,0.2256948560751074,0.4971063664882463,0.7567201306918062,
138,749,5786,9745008,144.25120670423362,66.0,0.2896682599559426,963.3242511739768,0.5464060860008849,OpenSees 2-D,Passeri tts,0.5479472279548645,11.89413424653782,0.04825949668884277,-0.08799943372063108,0.24984905133447405,0.5504911571029599,0.6690943484243336,
138,749,5786,9745008,144.25120670423362,66.0,0.2896682599559426,963.3242511739768,0.5464060860008849,OpenSees 2-D,Pretell,0.5019965171813965,10.185545882468247,0.002308785915374756,-0.24307514690363344,0.08965740973738032,0.2949883501963234,0.9197680905894932,
138,749,5786,9745008,144.25120670423362,66.0,0.2896682599559426,963.3242511739768,0.5464060860008849,OpenSees 2-D,Pretell p84,0.5089870095252991,15.641240610194616,0.009299278259277344,0.18586626301985687,0.1893364300795648,0.3954156184344085,0.9273454440096521,
139,908,6948,4421486,356.1113357731149,86.0,0.29150833990424874,1018.355520419634,1.0352073714334735,OpenSees 2-D,OpenSees 2-D,2.675638437271118,11.488051414489746,0.0,0.0,0.0,0.0,1.0,0.14928967799806533
139,908,6948,4421486,356.1113357731149,86.0,0.29150833990424874,1018.355520419634,1.0352073714334735,OpenSees 2-D,GINO,0.9098272919654846,12.410257339477539,-1.7658111453056335,0.07721584767110798,0.31196030632937766,0.3771094592738957,0.8498883161823837,0.11205206877011577
139,908,6948,4421486,356.1113357731149,86.0,0.29150833990424874,1018.355520419634,1.0352073714334735,OpenSees 2-D,1D Base Case,1.0351779460906982,12.762964248657227,-1.64046049118042,0.1052400710347113,0.43742873614529765,0.6960783162582822,0.4774602930526962,6.091240437455702e-17
139,908,6948,4421486,356.1113357731149,86.0,0.29150833990424874,1018.355520419634,1.0352073714334735,OpenSees 2-D,Pretell's approach,0.9182542562484741,24.124271392822266,-1.757384181022644,0.7419109576440572,0.28635022731130033,0.7531228886188459,0.7453875490396271,0.23794055199783076
139,908,6948,4421486,356.1113357731149,86.0,0.29150833990424874,1018.355520419634,1.0352073714334735,OpenSees 2-D,Toro Vs,1.0023075342178345,5.336065876226887,-1.6733309030532837,-0.7668188336342833,0.37177985454189283,0.4992090863887108,0.665750520257656,
139,908,6948,4421486,356.1113357731149,86.0,0.29150833990424874,1018.355520419634,1.0352073714334735,OpenSees 2-D,Passeri tts,1.0351779460906982,11.8949466691539,-1.64046049118042,0.03480617248622369,0.4353700160844034,0.6778141134081571,0.48834436681342497,
139,908,6948,4421486,356.1113357731149,86.0,0.29150833990424874,1018.355520419634,1.0352073714334735,OpenSees 2-D,Pretell,0.9615746140480042,10.809902973991633,-1.714063823223114,-0.06084483175923688,0.2179620065815449,0.41997951616427365,0.8101918175053362,
139,908,6948,4421486,356.1113357731149,86.0,0.29150833990424874,1018.355520419634,1.0352073714334735,OpenSees 2-D,Pretell p84,0.9794696569442749,21.821640496274075,-1.6961687803268433,0.6415946729349824,0.37923199403024116,0.9866919490472751,0.784014188311326,
140,437,3519,2909693,166.317576845069,89.0,0.11787733491510154,1280.6331599162438,0.4671842046209803,OpenSees 2-D,OpenSees 2-D,0.4556786119937897,15.480728149414062,0.0,0.0,0.0,0.0,1.0,0.10679504330336932
140,437,3519,2909693,166.317576845069,89.0,0.11787733491510154,1280.6331599162438,0.4671842046209803,OpenSees 2-D,GINO,0.4556786119937897,12.009175300598145,0.0,-0.2539249391240621,0.1393614897234486,0.26026758262474375,0.9532243151023224,0.10376457942530581
140,437,3519,2909693,166.317576845069,89.0,0.11787733491510154,1280.6331599162438,0.4671842046209803,OpenSees 2-D,1D Base Case,0.46845799684524536,12.761374473571777,0.012779384851455688,-0.19317291565106492,0.1472174608060505,0.3944981254239744,0.863647647771087,6.814609818551119e-17
140,437,3519,2909693,166.317576845069,89.0,0.11787733491510154,1280.6331599162438,0.4671842046209803,OpenSees 2-D,Pretell's approach,0.4598992168903351,14.95712947845459,0.00422060489654541,-0.03440783077856599,0.07871320866189696,0.3214069195381171,0.9096957771113587,0.13868109845103102
140,437,3519,2909693,166.317576845069,89.0,0.11787733491510154,1280.6331599162438,0.4671842046209803,OpenSees 2-D,Toro Vs,0.45149677991867065,5.335924848681935,-0.0041818320751190186,-1.0651336804472469,0.21430891025508256,0.5676056378775759,0.7370901538625587,
140,437,3519,2909693,166.317576845069,89.0,0.11787733491510154,1280.6331599162438,0.4671842046209803,OpenSees 2-D,Passeri tts,0.46845799684524536,11.894582942934807,0.012779384851455688,-0.2635128235348609,0.14874200594896148,0.4005919804370957,0.8613266139411033,
140,437,3519,2909693,166.317576845069,89.0,0.11787733491510154,1280.6331599162438,0.4671842046209803,OpenSees 2-D,Pretell,0.45358288288116455,12.745834250415175,-0.002095729112625122,-0.19439141237075855,0.08140987202669993,0.32599462540323226,0.9133969877627179,
140,437,3519,2909693,166.317576845069,89.0,0.11787733491510154,1280.6331599162438,0.4671842046209803,OpenSees 2-D,Pretell p84,0.45149677991867065,15.776750206642369,-0.0041818320751190186,0.018941445264949383,0.12769874702461456,0.33694333245143704,0.9049847811696842,
141,491,3876,2235903,147.1806658427896,91.0,0.11322924531996251,1011.1066624560915,0.40434248857909233,OpenSees 2-D,OpenSees 2-D,0.38069799542427063,11.615242958068848,0.0,0.0,0.0,0.0,1.0,0.07163955005811386
141,491,3876,2235903,147.1806658427896,91.0,0.11322924531996251,1011.1066624560915,0.40434248857909233,OpenSees 2-D,GINO,0.3931828737258911,15.644060134887695,0.012484878301620483,0.2977730172283656,0.11096223831513263,0.29541940177187836,0.9483698812983715,0.07326637992093937
141,491,3876,2235903,147.1806658427896,91.0,0.11322924531996251,1011.1066624560915,0.40434248857909233,OpenSees 2-D,1D Base Case,0.40420958399772644,12.760796546936035,0.02351158857345581,0.09405941766065903,0.1483654560788231,0.4264756145691089,0.8173361871724005,7.690824586710043e-17
141,491,3876,2235903,147.1806658427896,91.0,0.11322924531996251,1011.1066624560915,0.40434248857909233,OpenSees 2-D,Pretell's approach,0.40050008893013,14.165316581726074,0.019802093505859375,0.19847819899139046,0.11920496070537782,0.3949143103849246,0.8532797792636314,0.0786666845954789
141,491,3876,2235903,147.1806658427896,91.0,0.11322924531996251,1011.1066624560915,0.40434248857909233,OpenSees 2-D,Toro Vs,0.3913745582103729,5.336061337028517,0.010676562786102295,-0.7778304801234425,0.20856831528538838,0.490812286008294,0.7734213472405903,
141,491,3876,2235903,147.1806658427896,91.0,0.11322924531996251,1011.1066624560915,0.40434248857909233,OpenSees 2-D,Passeri tts,0.40420958399772644,11.893491318155384,0.02351158857345581,0.02367301881659168,0.14954376167638644,0.4195655768061384,0.8205268547284191,
141,491,3876,2235903,147.1806658427896,91.0,0.11322924531996251,1011.1066624560915,0.40434248857909233,OpenSees 2-D,Pretell,0.38778284192085266,13.117307137040536,0.007084846496582031,0.12161423013229401,0.08833054855837388,0.29926386407926486,0.9156419204277839,
141,491,3876,2235903,147.1806658427896,91.0,0.11322924531996251,1011.1066624560915,0.40434248857909233,OpenSees 2-D,Pretell p84,0.3931828737258911,14.258631924971853,0.012484878301620483,0.20504418882747552,0.09092109637802812,0.3373290974107582,0.9112903600125096,
142,526,4088,4449378,156.93329174337424,57.0,0.20968070961534976,1044.7896507387577,0.6883039111551502,OpenSees 2-D,OpenSees 2-D,0.6379767060279846,14.280716896057129,0.0,0.0,0.0,0.0,1.0,0.1806174643285974
142,526,4088,4449378,156.93329174337424,57.0,0.20968070961534976,1044.7896507387577,0.6883039111551502,OpenSees 2-D,GINO,0.6528521180152893,11.13739013671875,0.014875411987304688,-0.24860222997584197,0.1605182659854941,0.33365119413122146,0.8968278889186616,0.09685937042727974
142,526,4088,4449378,156.93329174337424,57.0,0.20968070961534976,1044.7896507387577,0.6883039111551502,OpenSees 2-D,1D Base Case,0.6899837255477905,12.763340950012207,0.05200701951980591,-0.11233308487301234,0.24103721647041787,0.5571052526482961,0.6611431085535364,6.608967003134312e-17
142,526,4088,4449378,156.93329174337424,57.0,0.20968070961534976,1044.7896507387577,0.6883039111551502,OpenSees 2-D,Pretell's approach,0.6773775815963745,15.528386116027832,0.03940087556838989,0.08375955289374161,0.16678721930483975,0.46759852013448305,0.7826012538085625,0.19839936968161773
142,526,4088,4449378,156.93329174337424,57.0,0.20968070961534976,1044.7896507387577,0.6883039111551502,OpenSees 2-D,Toro Vs,0.6650018095970154,5.335878830803838,0.02702510356903076,-0.984456557971291,0.20766320068235278,0.5387313112261602,0.7172300817929704,
142,526,4088,4449378,156.93329174337424,57.0,0.20968070961534976,1044.7896507387577,0.6883039111551502,OpenSees 2-D,Passeri tts,0.6899837255477905,11.895771650849984,0.05200701951980591,-0.18272714493927922,0.23942504142805712,0.54586442728007,0.6712436504121045,
142,526,4088,4449378,156.93329174337424,57.0,0.20968070961534976,1044.7896507387577,0.6883039111551502,OpenSees 2-D,Pretell,0.6379767060279846,9.95558319872498,0.0,-0.3607766391579872,0.10961582347833455,0.3485537928142524,0.8898814183759489,
142,526,4088,4449378,156.93329174337424,57.0,0.20968070961534976,1044.7896507387577,0.6883039111551502,OpenSees 2-D,Pretell p84,0.6619433164596558,13.953211203976085,0.023966610431671143,-0.023200482846190227,0.1524145292372042,0.3980393466449845,0.8840398209771793,
143,141,1043,1536129,123.44674799303039,29.0,0.2028368482366204,1051.8362399751636,1.064196103388193,OpenSees 2-D,OpenSees 2-D,1.150962233543396,13.832834243774414,0.0,0.0,0.0,0.0,1.0,0.1598439664139323
143,141,1043,1536129,123.44674799303039,29.0,0.2028368482366204,1051.8362399751636,1.064196103388193,OpenSees 2-D,GINO,1.074066162109375,8.227472305297852,-0.076896071434021,-0.5195662234386051,0.19790467626305108,0.32450190292517056,0.9257844608023253,0.1549835093493711
143,141,1043,1536129,123.44674799303039,29.0,0.2028368482366204,1051.8362399751636,1.064196103388193,OpenSees 2-D,1D Base Case,1.064209222793579,12.763222694396973,-0.0867530107498169,-0.0804772508694111,0.12568404537392627,0.416431434024287,0.8295972015778988,6.063988180766433e-17
143,141,1043,1536129,123.44674799303039,29.0,0.2028368482366204,1051.8362399751636,1.064196103388193,OpenSees 2-D,Pretell's approach,1.104188084602356,13.625700950622559,-0.04677414894104004,-0.015087274011129395,0.08332933155044336,0.28043844356675546,0.9281632552053107,0.16917832720203413
143,141,1043,1536129,123.44674799303039,29.0,0.2028368482366204,1051.8362399751636,1.064196103388193,OpenSees 2-D,Toro Vs,1.0304169654846191,5.336065961227585,-0.12054526805877686,-0.9525563890680765,0.17231125386704657,0.5007453365488913,0.8153848809090168,
143,141,1043,1536129,123.44674799303039,29.0,0.2028368482366204,1051.8362399751636,1.064196103388193,OpenSees 2-D,Passeri tts,1.064209222793579,11.895121569310014,-0.0867530107498169,-0.15091669524909096,0.1252154912046944,0.40587978751541676,0.8388048916018768,
143,141,1043,1536129,123.44674799303039,29.0,0.2028368482366204,1051.8362399751636,1.064196103388193,OpenSees 2-D,Pretell,1.079028844833374,8.346632982977273,-0.07193338871002197,-0.5051868371845382,0.1311507950525156,0.36135283451347777,0.8996609984086781,
143,141,1043,1536129,123.44674799303039,29.0,0.2028368482366204,1051.8362399751636,1.064196103388193,OpenSees 2-D,Pretell p84,1.0840144157409668,13.16219195233662,-0.0669478178024292,-0.049696585399379975,0.19040699064996439,0.4056207689062835,0.9139772435205249,
144,706,5465,4600375,234.17739021656638,21.0,0.11117903161793947,1116.358373901244,2.7878260740067424,OpenSees 2-D,OpenSees 2-D,2.5084149837493896,23.37026596069336,0.0,0.0,0.0,0.0,1.0,0.0475242119656077
144,706,5465,4600375,234.17739021656638,21.0,0.11117903161793947,1116.358373901244,2.7878260740067424,OpenSees 2-D,GINO,2.5787627696990967,22.46411895751953,0.07034778594970703,-0.03954520561489829,0.12310455115064665,0.3048390380444781,0.929723750717877,0.10038537622141681
144,706,5465,4600375,234.17739021656638,21.0,0.11117903161793947,1116.358373901244,2.7878260740067424,OpenSees 2-D,1D Base Case,2.78898024559021,12.765320777893066,0.2805652618408203,-0.6047323490538619,0.2463573222780803,0.6808457283792255,0.5553916415840806,5.3433087518319987e-17
144,706,5465,4600375,234.17739021656638,21.0,0.11117903161793947,1116.358373901244,2.7878260740067424,OpenSees 2-D,Pretell's approach,2.520004987716675,16.93172836303711,0.011590003967285156,-0.3222752492040544,0.04108892823967787,0.2202517988716949,0.971793201497272,0.049354166393519555
144,706,5465,4600375,234.17739021656638,21.0,0.11117903161793947,1116.358373901244,2.7878260740067424,OpenSees 2-D,Toro Vs,2.700420618057251,5.3360600649173735,0.19200563430786133,-1.4769769638242,0.20834858800528294,0.6210365290298264,0.7232515875484296,
144,706,5465,4600375,234.17739021656638,21.0,0.11117903161793947,1116.358373901244,2.7878260740067424,OpenSees 2-D,Passeri tts,2.78898024559021,11.896556031560054,0.2805652618408203,-0.6752155797999198,0.2449907327869928,0.6701257057971988,0.5685014120863457,
144,706,5465,4600375,234.17739021656638,21.0,0.11117903161793947,1116.358373901244,2.7878260740067424,OpenSees 2-D,Pretell,2.62675404548645,13.477590960587056,0.11833906173706055,-0.550436151527279,0.13522117392542307,0.44276068633773663,0.8383457231994578,
144,706,5465,4600375,234.17739021656638,21.0,0.11117903161793947,1116.358373901244,2.7878260740067424,OpenSees 2-D,Pretell p84,2.700420618057251,17.01053177750804,0.19200563430786133,-0.3176318603587033,0.14464274117273457,0.48376714592845255,0.8349424481644869,
145,548,4249,3416869,187.79583946249005,97.0,0.29614019449800255,1092.3489382008888,0.48400989552188156,OpenSees 2-D,OpenSees 2-D,0.431156188249588,18.190156936645508,0.0,0.0,0.0,0.0,1.0,0.2074087696270626
145,548,4249,3416869,187.79583946249005,97.0,0.29614019449800255,1092.3489382008888,0.48400989552188156,OpenSees 2-D,GINO,0.4331483244895935,19.156944274902344,0.001992136240005493,0.0517846550893736,0.09371533331228002,0.18878685267300874,0.9692388220894622,0.14129875692385804
145,548,4249,3416869,187.79583946249005,97.0,0.29614019449800255,1092.3489382008888,0.48400989552188156,OpenSees 2-D,1D Base Case,0.48382097482681274,12.760294914245605,0.05266478657722473,-0.35454223007463154,0.3932732003544537,0.6971341441188335,0.4913984839491916,7.39204964209345e-17
145,548,4249,3416869,187.79583946249005,97.0,0.29614019449800255,1092.3489382008888,0.48400989552188156,OpenSees 2-D,Pretell's approach,0.38778284192085266,15.655710220336914,-0.04337334632873535,-0.15004489937963483,0.28382646005459355,0.6461942067373108,0.5930494986712727,0.30285000409073176
145,548,4249,3416869,187.79583946249005,97.0,0.29614019449800255,1092.3489382008888,0.48400989552188156,OpenSees 2-D,Toro Vs,0.46845799684524536,5.336059547737991,0.03730180859565735,-1.226393151953764,0.31917993863290905,0.6215238791779011,0.6745388540872546,
145,548,4249,3416869,187.79583946249005,97.0,0.29614019449800255,1092.3489382008888,0.48400989552188156,OpenSees 2-D,Passeri tts,0.48382097482681274,11.893156312621397,0.05266478657722473,-0.4249174852214205,0.39019333680128343,0.6868674725007005,0.5038331376357437,
145,548,4249,3416869,187.79583946249005,97.0,0.29614019449800255,1092.3489382008888,0.48400989552188156,OpenSees 2-D,Pretell,0.4351496398448944,9.071917765195453,0.0039934515953063965,-0.6956969378646103,0.14433921966254254,0.4548558508097881,0.8591512265887015,
145,548,4249,3416869,187.79583946249005,97.0,0.29614019449800255,1092.3489382008888,0.48400989552188156,OpenSees 2-D,Pretell p84,0.44324785470962524,14.889944367348741,0.012091666460037231,-0.20019450967947242,0.21916762105927923,0.43479556577438644,0.8473577210002893,
146,609,4713,4010353,176.7226450134401,84.0,0.10420899577438832,1086.0182527087534,0.5259602530161908,OpenSees 2-D,OpenSees 2-D,0.5184593796730042,12.048243522644043,0.0,0.0,0.0,0.0,1.0,0.09864822729125183
146,609,4713,4010353,176.7226450134401,84.0,0.10420899577438832,1086.0182527087534,0.5259602530161908,OpenSees 2-D,GINO,0.5208548307418823,12.571574211120605,0.002395451068878174,0.042519366775167815,0.0835616853697786,0.15722473396222575,0.9747934638371798,0.0926136507523187
146,609,4713,4010353,176.7226450134401,84.0,0.10420899577438832,1086.0182527087534,0.5259602530161908,OpenSees 2-D,1D Base Case,0.5256791114807129,12.75904655456543,0.00721973180770874,0.05732167013969447,0.07909474816251158,0.29450633654232194,0.9135439873091971,7.400270869141988e-17
146,609,4713,4010353,176.7226450134401,84.0,0.10420899577438832,1086.0182527087534,0.5259602530161908,OpenSees 2-D,Pretell's approach,0.5208548307418823,15.143428802490234,0.002395451068878174,0.22864781189592176,0.0613898351882782,0.2719387138037518,0.9337699377306282,0.11808704279015288
146,609,4713,4010353,176.7226450134401,84.0,0.10420899577438832,1086.0182527087534,0.5259602530161908,OpenSees 2-D,Toro Vs,0.5089870095252991,5.336054218901754,-0.009472370147705078,-0.8144324140308251,0.15437423573360404,0.47748230230168487,0.786364214436396,
146,609,4713,4010353,176.7226450134401,84.0,0.10420899577438832,1086.0182527087534,0.5259602530161908,OpenSees 2-D,Passeri tts,0.5256791114807129,11.892324184862254,0.00721973180770874,-0.013025718039883531,0.07830409365364224,0.29840795588158125,0.9108967616607421,
146,609,4713,4010353,176.7226450134401,84.0,0.10420899577438832,1086.0182527087534,0.5259602530161908,OpenSees 2-D,Pretell,0.5232614278793335,13.235746728598096,0.004802048206329346,0.0940023712792241,0.05585484757268993,0.2731704167213435,0.9249875478981787,
146,609,4713,4010353,176.7226450134401,84.0,0.10420899577438832,1086.0182527087534,0.5259602530161908,OpenSees 2-D,Pretell p84,0.5232614278793335,15.862653575790599,0.004802048206329346,0.2750486311264428,0.08719908795497316,0.36862474076274326,0.9220373739533936,
147,961,7404,4390351,190.93246261753734,22.0,0.15516961738467216,1255.0909764050814,2.169687075199288,OpenSees 2-D,OpenSees 2-D,2.184436082839966,9.258862495422363,0.0,0.0,0.0,0.0,1.0,0.09758512203314235
147,961,7404,4390351,190.93246261753734,22.0,0.15516961738467216,1255.0909764050814,2.169687075199288,OpenSees 2-D,GINO,2.164389133453369,7.777430534362793,-0.02004694938659668,-0.1743551823108546,0.08818749754759618,0.2143912088079706,0.9469947865982681,0.1446142166386968
147,961,7404,4390351,190.93246261753734,22.0,0.15516961738467216,1255.0909764050814,2.169687075199288,OpenSees 2-D,1D Base Case,2.174389362335205,12.76483154296875,-0.010046720504760742,0.32111265337040434,0.047299296596146526,0.2360632937668522,0.973784084940203,5.976373786426546e-17
147,961,7404,4390351,190.93246261753734,22.0,0.15516961738467216,1255.0909764050814,2.169687075199288,OpenSees 2-D,Pretell's approach,2.276970148086548,15.095377922058105,0.09253406524658203,0.48880739864099065,0.06815542806425745,0.39878674048863233,0.9201775249262985,0.11866726515273217
147,961,7404,4390351,190.93246261753734,22.0,0.15516961738467216,1255.0909764050814,2.169687075199288,OpenSees 2-D,Toro Vs,2.1053452491760254,5.335894345842846,-0.07909083366394043,-0.5511246922824682,0.0833109534818815,0.29525171555062474,0.9140613929758927,
147,961,7404,4390351,190.93246261753734,22.0,0.15516961738467216,1255.0909764050814,2.169687075199288,OpenSees 2-D,Passeri tts,2.174389362335205,11.89665839660831,-0.010046720504760742,0.25067635323068455,0.04588664840471326,0.20952688640484926,0.9774188623536734,
147,961,7404,4390351,190.93246261753734,22.0,0.15516961738467216,1255.0909764050814,2.169687075199288,OpenSees 2-D,Pretell,2.0384933948516846,7.289951455088466,-0.14594268798828125,-0.2390843135569789,0.16024386759140308,0.33718385665418266,0.860408460754146,
147,961,7404,4390351,190.93246261753734,22.0,0.15516961738467216,1255.0909764050814,2.169687075199288,OpenSees 2-D,Pretell p84,2.086024045944214,12.665957011801936,-0.09841203689575195,0.31333664365931396,0.1973304994652982,0.6617880307044989,0.9007546772938958,
148,973,7501,2823621,264.14721504428144,37.0,0.2812460053712129,989.6374036043122,1.7847784800289286,OpenSees 2-D,OpenSees 2-D,1.4899550676345825,13.547163963317871,0.0,0.0,0.0,0.0,1.0,0.20476595278921558
148,973,7501,2823621,264.14721504428144,37.0,0.2812460053712129,989.6374036043122,1.7847784800289286,OpenSees 2-D,GINO,1.5037553310394287,10.11884593963623,0.013800263404846191,-0.29177760404772907,0.15608018796280237,0.242205644657841,0.9416052913309436,0.24156307496477192
148,973,7501,2823621,264.14721504428144,37.0,0.2812460053712129,989.6374036043122,1.7847784800289286,OpenSees 2-D,1D Base Case,1.7834101915359497,12.756814002990723,0.2934551239013672,-0.060111663365076215,0.23616640784383758,0.689009997089613,0.4855940272370086,6.007517238756016e-17
148,973,7501,2823621,264.14721504428144,37.0,0.2812460053712129,989.6374036043122,1.7847784800289286,OpenSees 2-D,Pretell's approach,1.4294044971466064,18.83692741394043,-0.060550570487976074,0.3296419435968998,0.1343930420541592,0.41825922362721846,0.8744921749216639,0.27361048201251836
148,973,7501,2823621,264.14721504428144,37.0,0.2812460053712129,989.6374036043122,1.7847784800289286,OpenSees 2-D,Toro Vs,1.726780891418457,5.336042251162231,0.2368258237838745,-0.9316929971030903,0.18578772096509474,0.5073547997193226,0.7311877483502897,
148,973,7501,2823621,264.14721504428144,37.0,0.2812460053712129,989.6374036043122,1.7847784800289286,OpenSees 2-D,Passeri tts,1.7834101915359497,11.890842815915597,0.2934551239013672,-0.13040863119480048,0.23514340768728584,0.6738036611164022,0.4962466021044967,
148,973,7501,2823621,264.14721504428144,37.0,0.2812460053712129,989.6374036043122,1.7847784800289286,OpenSees 2-D,Pretell,1.4968392848968506,6.569039256423552,0.006884217262268066,-0.7238096339143263,0.06536523044737572,0.35009096502242465,0.9111379067513923,
148,973,7501,2823621,264.14721504428144,37.0,0.2812460053712129,989.6374036043122,1.7847784800289286,OpenSees 2-D,Pretell p84,1.4694918394088745,12.751368255711082,-0.020463228225708008,-0.060538643798816696,0.17558086349410001,0.5416822677062546,0.8936493655861485,
149,648,5025,3171377,214.98341347559776,85.0,0.248399880155921,913.1280400580059,0.6323041572811698,OpenSees 2-D,OpenSees 2-D,0.5737976431846619,10.841355323791504,0.0,0.0,0.0,0.0,1.0,0.13231569804313023
149,648,5025,3171377,214.98341347559776,85.0,0.248399880155921,913.1280400580059,0.6323041572811698,OpenSees 2-D,GINO,0.5926151871681213,16.452106475830078,0.018817543983459473,0.417085504189232,0.0927121848400434,0.33836723497885596,0.9287317645076558,0.06598211976419649
149,648,5025,3171377,214.98341347559776,85.0,0.248399880155921,913.1280400580059,0.6323041572811698,OpenSees 2-D,1D Base Case,0.6321218609809875,12.761115074157715,0.058324217796325684,0.16303464428940448,0.18751222777196605,0.5229582486866184,0.7098127407159521,6.451974548625924e-17
149,648,5025,3171377,214.98341347559776,85.0,0.248399880155921,913.1280400580059,0.6323041572811698,OpenSees 2-D,Pretell's approach,0.5817880034446716,16.400041580200195,0.007990360260009766,0.41391585213901705,0.07272563827433327,0.3093098255390918,0.9494473597266483,0.17033600461941645
149,648,5025,3171377,214.98341347559776,85.0,0.248399880155921,913.1280400580059,0.6323041572811698,OpenSees 2-D,Toro Vs,0.6120498180389404,5.336062348930626,0.038252174854278564,-0.7088800249387227,0.17096201312227916,0.41801669006758824,0.8105030648413214,
149,648,5025,3171377,214.98341347559776,85.0,0.248399880155921,913.1280400580059,0.6323041572811698,OpenSees 2-D,Passeri tts,0.6321218609809875,11.893704153307443,0.058324217796325684,0.09264117930114991,0.18492324072500804,0.504532331341479,0.7208850525625085,
149,648,5025,3171377,214.98341347559776,85.0,0.248399880155921,913.1280400580059,0.6323041572811698,OpenSees 2-D,Pretell,0.589889645576477,13.225707471247564,0.016092002391815186,0.1987944532379388,0.053167824178010664,0.2539719226832928,0.948829582953476,
149,648,5025,3171377,214.98341347559776,85.0,0.248399880155921,913.1280400580059,0.6323041572811698,OpenSees 2-D,Pretell p84,0.5981041193008423,17.427746057394565,0.02430647611618042,0.4746955191279586,0.11546392128359215,0.5044292352769363,0.9473651861781822,
