sample,local_idx,sample_idx,method,reference,Vs1,H,CoV,Vs2,rel_l2_low,rel_l2_low_central,pearson_low,pearson_low_central,gof_low,gof_low_central,rel_l2_mid,rel_l2_mid_central,pearson_mid,pearson_mid_central,gof_mid,gof_mid_central,rel_l2_high,rel_l2_high_central,pearson_high,pearson_high_central,gof_high,gof_high_central,rel_l2_all,rel_l2_all_central,pearson_all,pearson_all_central,gof_all,gof_all_central
0,39,333,GINO,OpenSees 2-D,158.22102378729463,32.0,0.2937549220398068,1194.9507193914058,0.1251905275685659,0.08804039971174668,0.665473603692972,0.6334588003688174,0.0957816785765705,0.0669479832871514,0.3143201710739482,0.306369117660321,0.8919755290285101,0.8512597238796829,0.17926623408268028,0.18086975236721653,0.5357099961775469,0.3212291747414523,0.652983743903464,0.5773901788697443,0.420574919911845,0.33202606540785107,0.38509491975554444,0.29979182082497446,0.8423272873483929,0.8534836884025713,0.23450467969574948,0.19390184275341582
0,39,333,1D Base Case,OpenSees 2-D,158.22102378729463,32.0,0.2937549220398068,1194.9507193914058,0.009714477859717156,0.013147250138910839,0.9999236250719951,0.9999738895256151,0.005987282478158031,0.009362575455677324,0.39292865543732414,0.5805832659619392,0.8808667447151286,0.8372948278689349,0.19153557831967186,0.2576701926794422,0.5030892183473297,0.3273262142245309,0.7189201390340046,0.7836561580803894,0.394814747873247,0.31648141324518053,0.416527724517593,0.487440806097625,0.8331757548235117,0.8349386053539374,0.19774138411889333,0.1913464538491329
0,39,333,Toro Vs,OpenSees 2-D,158.22102378729463,32.0,0.2937549220398068,1194.9507193914058,0.01857466547889717,0.01857466547889717,0.9999279121531067,0.9999279121531067,0.012918203291599761,0.012918203291599761,0.24854306840166027,0.24854306840166027,0.8530809388727161,0.8530809388727161,0.2175678612037743,0.2175678612037743,0.41999603945213854,0.41999603945213854,0.6235099719455608,0.6235099719455608,0.3780630052657173,0.3780630052657173,0.30483206860542506,0.30483206860542506,0.8348728554806093,0.8348728554806093,0.20211378135619326,0.20211378135619326
0,39,333,Passeri tts,OpenSees 2-D,158.22102378729463,32.0,0.2937549220398068,1194.9507193914058,0.013169566417401865,0.013169566417401865,0.9999735586492969,0.9999735586492969,0.009376216516156876,0.009376216516156876,0.545235570885147,0.545235570885147,0.8472140526733077,0.8472140526733077,0.25468301106117125,0.25468301106117125,0.3239256295582195,0.3239256295582195,0.7936012091370735,0.7936012091370735,0.31249810481044654,0.31249810481044654,0.46134008286403294,0.46134008286403294,0.8424815760414844,0.8424815760414844,0.1890609157826626,0.1890609157826626
0,39,333,Pretell median,OpenSees 2-D,158.22102378729463,32.0,0.2937549220398068,1194.9507193914058,0.019848772139620316,0.019848772139620316,0.9999386860715548,0.9999386860715548,0.013835314266356525,0.013835314266356525,0.38366707126382177,0.38366707126382177,0.8078384487496267,0.8078384487496267,0.25969017161308705,0.25969017161308705,0.3914899567270029,0.3914899567270029,0.6444525598028338,0.6444525598028338,0.33913744541497326,0.33913744541497326,0.3705491601583152,0.3705491601583152,0.8159516801145359,0.8159516801145359,0.20144751737239155,0.20144751737239155
0,39,333,Pretell percentile,OpenSees 2-D,158.22102378729463,32.0,0.2937549220398068,1194.9507193914058,0.0384794484696417,0.0384794484696417,0.9998027592123433,0.9998027592123433,0.026047419167422467,0.026047419167422467,1.013212820811014,1.013212820811014,0.8471150872143918,0.8471150872143918,0.40867632483769767,0.40867632483769767,0.38771674228498676,0.38771674228498676,0.6704231422622527,0.6704231422622527,0.3345650641992568,0.3345650641992568,0.8174950415941572,0.8174950415941572,0.8553120120145817,0.8553120120145817,0.2488172666296471,0.2488172666296471
0,39,333,Dmult,OpenSees 2-D,158.22102378729463,32.0,0.2937549220398068,1194.9507193914058,0.0008927617281503203,0.0008927617281503203,0.9999939721709029,0.9999939721709029,0.0008799536383566765,0.0008799536383566765,0.3712783654833621,0.3712783654833621,0.906430347173306,0.906430347173306,0.2532722176324897,0.2532722176324897,0.6765970169775523,0.6765970169775523,0.6342356068557089,0.6342356068557089,1.0445481360849191,1.0445481360849191,0.4769622227870456,0.4769622227870456,0.7268231990601487,0.7268231990601487,0.44188149669289345,0.44188149669289345
0,39,333,Dmult p84,OpenSees 2-D,158.22102378729463,32.0,0.2937549220398068,1194.9507193914058,0.0056039106617638435,0.0056039106617638435,0.9999962447047922,0.9999962447047922,0.004280971571796416,0.004280971571796416,0.2936887342085945,0.2936887342085945,0.9055809978275693,0.9055809978275693,0.19444452731616052,0.19444452731616052,0.6126667511807062,0.6126667511807062,0.7469261673903337,0.7469261673903337,0.840275910868419,0.840275910868419,0.41272630568522534,0.41272630568522534,0.7916943573962856,0.7916943573962856,0.3539282670489236,0.3539282670489236
1,339,2655,GINO,OpenSees 2-D,228.34419907752724,53.0,0.1308274684473872,1106.143249038946,0.07647063931472887,0.08278594210984767,0.7627783195513208,0.341975673605702,0.055752951687333366,0.06272085731189878,0.17631432417297668,0.13249131013993676,0.9831774500128525,0.9868539493832353,0.07295435493174623,0.06427848805377039,0.27992885664306694,0.17419486860790984,0.912166971265118,0.9545270774555542,0.17797901789805345,0.1421020596429038,0.20229500162119612,0.14154712787227658,0.9736367636805086,0.9839883243823492,0.10369249583440925,0.090971567350312
1,339,2655,1D Base Case,OpenSees 2-D,228.34419907752724,53.0,0.1308274684473872,1106.143249038946,0.0063536910739222475,0.003218070284855779,0.9999769093092252,0.9999811473366271,0.003964250069158476,0.002428012657448921,0.2091714103028968,0.1762994079490162,0.9718799470157826,0.971203761746225,0.08319771348750059,0.08788917921879337,0.5338757020150869,0.4501060542595639,0.6349766556472815,0.7264042474324082,0.3677507725093223,0.3503002373152774,0.31243104944201044,0.2639751999015866,0.924008494577911,0.9377017276044884,0.15505957194871844,0.14982164125609226
1,339,2655,Toro Vs,OpenSees 2-D,228.34419907752724,53.0,0.1308274684473872,1106.143249038946,0.004776282458090931,0.004776282458090931,0.9999916846379396,0.9999916846379396,0.002873693055448708,0.002873693055448708,0.48011609043130105,0.48011609043130105,0.8422679102249784,0.8422679102249784,0.15762202237868153,0.15762202237868153,0.5603070099339889,0.5603070099339889,0.6138628591408235,0.6138628591408235,0.3343177982122288,0.3343177982122288,0.4889710950811863,0.4889710950811863,0.8138374833355734,0.8138374833355734,0.16530362865729156,0.16530362865729156
1,339,2655,Passeri tts,OpenSees 2-D,228.34419907752724,53.0,0.1308274684473872,1106.143249038946,0.0031829059094433797,0.0031829059094433797,0.9999815211565463,0.9999815211565463,0.0024073462898816338,0.0024073462898816338,0.18959134901839522,0.18959134901839522,0.969078676206085,0.969078676206085,0.08898572551608439,0.08898572551608439,0.4518311395894599,0.4518311395894599,0.7375358701876532,0.7375358701876532,0.3443812233344189,0.3443812233344189,0.2711886666605851,0.2711886666605851,0.936277747969272,0.936277747969272,0.1480717170233305,0.1480717170233305
1,339,2655,Pretell median,OpenSees 2-D,228.34419907752724,53.0,0.1308274684473872,1106.143249038946,0.0024350799071024367,0.0024350799071024367,0.9999919049012242,0.9999919049012242,0.001623062934593924,0.001623062934593924,0.07596487444828892,0.07596487444828892,0.99451714821758,0.99451714821758,0.0573453918465566,0.0573453918465566,0.3249016714616514,0.3249016714616514,0.9027326644208885,0.9027326644208885,0.23204572916993177,0.23204572916993177,0.16974307212244996,0.16974307212244996,0.9726319706363098,0.9726319706363098,0.09898769479055099,0.09898769479055099
1,339,2655,Pretell percentile,OpenSees 2-D,228.34419907752724,53.0,0.1308274684473872,1106.143249038946,0.010759396859055637,0.010759396859055637,0.9999925003146287,0.9999925003146287,0.00667241363385857,0.00667241363385857,0.3674745947931258,0.3674745947931258,0.9852223105869446,0.9852223105869446,0.1454246734443923,0.1454246734443923,0.24735243407568333,0.24735243407568333,0.8946307554484352,0.8946307554484352,0.20309083886783197,0.20309083886783197,0.33375861086885045,0.33375861086885045,0.97124659611332,0.97124659611332,0.11704454040890937,0.11704454040890937
1,339,2655,Dmult,OpenSees 2-D,228.34419907752724,53.0,0.1308274684473872,1106.143249038946,0.015762103445664494,0.015762103445664494,0.9998873748439279,0.9998873748439279,0.010674279301016916,0.010674279301016916,0.5858589357720054,0.5858589357720054,0.8676697318403684,0.8676697318403684,0.265563607806533,0.265563607806533,0.73959001980792,0.73959001980792,0.4764203385765028,0.4764203385765028,1.0143589521415228,1.0143589521415228,0.6120458615830807,0.6120458615830807,0.733195762721577,0.733195762721577,0.4384307133468488,0.4384307133468488
1,339,2655,Dmult p84,OpenSees 2-D,228.34419907752724,53.0,0.1308274684473872,1106.143249038946,0.010416706285327402,0.010416706285327402,0.9999371186796213,0.9999371186796213,0.007133912677092539,0.007133912677092539,0.5168989774474534,0.5168989774474534,0.8970534108970953,0.8970534108970953,0.20141097154637624,0.20141097154637624,0.681620547881097,0.681620547881097,0.5849382765837761,0.5849382765837761,0.7965159075310317,0.7965159075310317,0.5483303092522781,0.5483303092522781,0.8051100216783342,0.8051100216783342,0.34170072853675637,0.34170072853675637
2,188,1399,GINO,OpenSees 2-D,189.7341404244504,24.0,0.28558460790663953,895.9073790000466,0.13853703862699768,0.11507625933624482,0.05014354975856618,-0.22958442055857872,0.10773530489083771,0.08067091156530816,0.2303200715950222,0.19872577973967098,0.974832707786843,0.9904408944399745,0.08631412022612442,0.05049708755246861,0.438792733352829,0.4352085184726802,0.7112396434508348,0.7359968341073315,0.32418940308615574,0.33395225621512015,0.2954952398718919,0.2626755861629335,0.9146493770213786,0.9441875983229394,0.17706788385978506,0.1602672349888905
2,188,1399,1D Base Case,OpenSees 2-D,189.7341404244504,24.0,0.28558460790663953,895.9073790000466,0.005428152373767802,0.005927874799427136,0.9998721667098871,0.9999611554829312,0.00378363727730608,0.00427668841063263,0.46300800560425404,0.4307121358272908,0.7963113978383564,0.8500079604098602,0.15752889508293008,0.16398282541822617,0.664911754268089,0.5994948539017197,0.6345348819447626,0.7637477791497538,0.35958079726276576,0.4320992452602859,0.5123445994853971,0.46132859567036344,0.7371535297042073,0.7873798054226947,0.17443622061390415,0.20192642441028935
2,188,1399,Toro Vs,OpenSees 2-D,189.7341404244504,24.0,0.28558460790663953,895.9073790000466,0.004185402194251206,0.004185402194251206,0.9999608313773583,0.9999608313773583,0.0030325167693007965,0.0030325167693007965,0.5179557424129305,0.5179557424129305,0.9311034506062323,0.9311034506062323,0.1498989990719903,0.1498989990719903,0.40393623566185466,0.40393623566185466,0.6600786276689112,0.6600786276689112,0.43147362059173977,0.43147362059173977,0.484569486687756,0.484569486687756,0.8403110054160263,0.8403110054160263,0.19704684779796125,0.19704684779796125
2,188,1399,Passeri tts,OpenSees 2-D,189.7341404244504,24.0,0.28558460790663953,895.9073790000466,0.0059220643422991165,0.0059220643422991165,0.9999611628860775,0.9999611628860775,0.004272659585427963,0.004272659585427963,0.4214472782599871,0.4214472782599871,0.8680232022773559,0.8680232022773559,0.16184360950537433,0.16184360950537433,0.5810902551311005,0.5810902551311005,0.7646088040737138,0.7646088040737138,0.4276299308998188,0.4276299308998188,0.44994478602560634,0.44994478602560634,0.7971238995151302,0.7971238995151302,0.19971898952144868,0.19971898952144868
2,188,1399,Pretell median,OpenSees 2-D,189.7341404244504,24.0,0.28558460790663953,895.9073790000466,0.0008225496715575595,0.0008225496715575595,0.9999582833357458,0.9999582833357458,0.0006322600999657798,0.0006322600999657798,0.2380676442820034,0.2380676442820034,0.9772904796052175,0.9772904796052175,0.035352839842913215,0.035352839842913215,0.23659586555851012,0.23659586555851012,0.8929890617843658,0.8929890617843658,0.21376753869215437,0.21376753869215437,0.23239234266333983,0.23239234266333983,0.9704267285300195,0.9704267285300195,0.08564578153011601,0.08564578153011601
2,188,1399,Pretell percentile,OpenSees 2-D,189.7341404244504,24.0,0.28558460790663953,895.9073790000466,0.003908345644901917,0.003908345644901917,0.9999501052827432,0.9999501052827432,0.0028706864143062377,0.0028706864143062377,0.292996411200512,0.292996411200512,0.9660895995966342,0.9660895995966342,0.1031348737776833,0.1031348737776833,0.5402342476478799,0.5402342476478799,0.8809793353188666,0.8809793353188666,0.4114741390723483,0.4114741390723483,0.3523844138086572,0.3523844138086572,0.9541501981607596,0.9541501981607596,0.17596115105363408,0.17596115105363408
2,188,1399,Dmult,OpenSees 2-D,189.7341404244504,24.0,0.28558460790663953,895.9073790000466,0.00962476845283653,0.00962476845283653,0.9999559598284057,0.9999559598284057,0.006954424361452039,0.006954424361452039,0.6701676445432261,0.6701676445432261,0.9259832928462065,0.9259832928462065,0.31069503239147284,0.31069503239147284,0.5409327038258996,0.5409327038258996,0.49375997179037945,0.49375997179037945,0.5854206066133634,0.5854206066133634,0.6301391437726893,0.6301391437726893,0.7374190686649817,0.7374190686649817,0.3005397705586272,0.3005397705586272
2,188,1399,Dmult p84,OpenSees 2-D,189.7341404244504,24.0,0.28558460790663953,895.9073790000466,0.00809283463352209,0.00809283463352209,0.9999589329570235,0.9999589329570235,0.005839947112411881,0.005839947112411881,0.6194120683162418,0.6194120683162418,0.9331971148109934,0.9331971148109934,0.2642919970994966,0.2642919970994966,0.48360840071931427,0.48360840071931427,0.5825201617952716,0.5825201617952716,0.5091097222386162,0.5091097222386162,0.5795815518913736,0.5795815518913736,0.7814750771236301,0.7814750771236301,0.2595199834027088,0.2595199834027088
3,403,3229,GINO,OpenSees 2-D,130.42607289849633,83.0,0.29766776598989964,943.9792966622842,0.26072156041465705,0.2229765425586326,0.9718858219148007,0.9817907155296168,0.09684600684061369,0.08982316758226908,0.3552967957287104,0.37902092635116885,0.7784547757601988,0.8819726674742905,0.2676009327362291,0.2576144297547859,0.4735796525052296,0.5155910213251669,0.7026820967060684,0.6951001201944047,2.0371990747709243,1.564416738201519,0.2927974240384395,0.28158032422562473,0.9484986294585854,0.9575019075645563,0.8271960583849071,0.6562682959507616
3,403,3229,1D Base Case,OpenSees 2-D,130.42607289849633,83.0,0.29766776598989964,943.9792966622842,0.6254306102499142,0.6295407720698598,0.5854129987751847,0.5824442755474682,0.29596350514908887,0.3038484555778977,0.701239615717206,0.7325567479693652,0.12327611587220512,0.09043229656575012,0.5192430517407739,0.5950699114266662,0.5585131355266285,0.6643831306844825,0.5793845985590205,0.3955951983482665,0.4756417556903317,0.5726626179241868,0.6347465964150136,0.6528554561132771,0.6155732330249212,0.5924177899294133,0.4258347568160294,0.48529984915372953
3,403,3229,Toro Vs,OpenSees 2-D,130.42607289849633,83.0,0.29766776598989964,943.9792966622842,0.6081834245436836,0.6081834245436836,0.7538633844835616,0.7538633844835616,0.2508843232012765,0.2508843232012765,0.6983822826596011,0.6983822826596011,0.21121423723528848,0.21121423723528848,0.5524455994956042,0.5524455994956042,0.6135658492429672,0.6135658492429672,0.6028320754758338,0.6028320754758338,0.5535585180985867,0.5535585180985867,0.6272088715394544,0.6272088715394544,0.7282428556256907,0.7282428556256907,0.4472886743036334,0.4472886743036334
3,403,3229,Passeri tts,OpenSees 2-D,130.42607289849633,83.0,0.29766776598989964,943.9792966622842,0.6199903850810201,0.6199903850810201,0.5963070596894284,0.5963070596894284,0.3018824335269923,0.3018824335269923,0.7297637141649506,0.7297637141649506,0.09100527580076571,0.09100527580076571,0.5902788663422036,0.5902788663422036,0.6607756493290277,0.6607756493290277,0.40835226082823955,0.40835226082823955,0.5701193887151257,0.5701193887151257,0.6451334482931926,0.6451334482931926,0.603863626795502,0.603863626795502,0.4822842976874024,0.4822842976874024
3,403,3229,Pretell median,OpenSees 2-D,130.42607289849633,83.0,0.29766776598989964,943.9792966622842,0.4166334288738787,0.4166334288738787,0.922153928335328,0.922153928335328,0.08232800363938272,0.08232800363938272,0.6494212047615797,0.6494212047615797,0.7907446983812613,0.7907446983812613,0.44874564024553065,0.44874564024553065,0.6679563782902552,0.6679563782902552,0.5794391756187479,0.5794391756187479,0.6324825079875619,0.6324825079875619,0.4861788173684972,0.4861788173684972,0.8681654972463945,0.8681654972463945,0.38480737114308977,0.38480737114308977
3,403,3229,Pretell percentile,OpenSees 2-D,130.42607289849633,83.0,0.29766776598989964,943.9792966622842,0.3312333382896655,0.3312333382896655,0.9036767662285947,0.9036767662285947,0.1460247654493201,0.1460247654493201,0.5119688292937893,0.5119688292937893,0.7770005376811331,0.7770005376811331,0.38601255156046155,0.38601255156046155,0.5853840683009626,0.5853840683009626,0.5990735238354885,0.5990735238354885,0.575479313132542,0.575479313132542,0.38941112475863227,0.38941112475863227,0.8719534251348087,0.8719534251348087,0.36833019297179015,0.36833019297179015
3,403,3229,Dmult,OpenSees 2-D,130.42607289849633,83.0,0.29766776598989964,943.9792966622842,0.7429996582951447,0.7429996582951447,0.6694960239031812,0.6694960239031812,0.37917521529847553,0.37917521529847553,0.816242430162397,0.816242430162397,-0.10099982562826253,-0.10099982562826253,0.7859216779898777,0.7859216779898777,0.8953143878520413,0.8953143878520413,0.6271743445834647,0.6271743445834647,2.579371913189967,2.579371913189967,0.7663668441159185,0.7663668441159185,0.5868930692239135,0.5868930692239135,1.2712679983679183,1.2712679983679183
3,403,3229,Dmult p84,OpenSees 2-D,130.42607289849633,83.0,0.29766776598989964,943.9792966622842,0.7083829969623023,0.7083829969623023,0.6749483941996436,0.6749483941996436,0.33888539952051067,0.33888539952051067,0.7918405455761318,0.7918405455761318,-0.05329852884589639,-0.05329852884589639,0.7119088731480563,0.7119088731480563,0.8519034322106999,0.8519034322106999,0.6129792302962959,0.6129792302962959,1.928619999295035,1.928619999295035,0.7334324542582216,0.7334324542582216,0.6224248094540262,0.6224248094540262,1.0071995515298582,1.0071995515298582
4,525,4086,GINO,OpenSees 2-D,156.93329174337424,57.0,0.20968070961534976,1044.7896507387577,0.0685964251810869,0.054477304577030636,0.985848522754524,0.978817159905318,0.053432727854785866,0.048233095412019984,0.39070108644262147,0.3761405572769134,0.932234886926903,0.9093716718577046,0.19958365332167316,0.18227299457698748,0.485994110360623,0.35983639316528676,0.6964260662417736,0.8404333562927707,0.40373379133638665,0.37747130940457424,0.39197555675895274,0.35614290793023123,0.8997061096995138,0.9054160457001208,0.21988337771341235,0.20367844005890423
4,525,4086,1D Base Case,OpenSees 2-D,156.93329174337424,57.0,0.20968070961534976,1044.7896507387577,0.0654499816443293,0.04273106367993827,0.9994689714173062,0.9995661584517302,0.027476858948774396,0.01894152196402132,0.44607573325381367,0.40949631158585686,0.8237379993493512,0.8253898181551155,0.24661505394536132,0.23169477045746265,0.4824087332969995,0.20045044987427704,0.640480424074879,0.9266736203866401,0.38982191855654896,0.20242026980228756,0.43485116585870603,0.3689844991550098,0.8340549175013692,0.8657542730330148,0.22003908831047161,0.1469850582554469
4,525,4086,Toro Vs,OpenSees 2-D,156.93329174337424,57.0,0.20968070961534976,1044.7896507387577,0.009188639144939642,0.009188639144939642,0.9997978343617092,0.9997978343617092,0.0023864383177259188,0.0023864383177259188,0.4663604223771391,0.4663604223771391,0.8188402573649395,0.8188402573649395,0.24703399868034442,0.24703399868034442,0.45576159977428127,0.45576159977428127,0.5665074381675808,0.5665074381675808,0.3508472625322762,0.3508472625322762,0.44229933340234856,0.44229933340234856,0.8316876893386269,0.8316876893386269,0.19774199490160405,0.19774199490160405
4,525,4086,Passeri tts,OpenSees 2-D,156.93329174337424,57.0,0.20968070961534976,1044.7896507387577,0.04237041107502679,0.04237041107502679,0.9995808983067864,0.9995808983067864,0.01881658399994395,0.01881658399994395,0.39538131636546436,0.39538131636546436,0.8326654580736368,0.8326654580736368,0.2294216850796437,0.2294216850796437,0.2114242172985867,0.2114242172985867,0.920279211889444,0.920279211889444,0.20610106075881401,0.20610106075881401,0.3575339782090076,0.3575339782090076,0.8708736604392159,0.8708736604392159,0.14754768118945838,0.14754768118945838
4,525,4086,Pretell median,OpenSees 2-D,156.93329174337424,57.0,0.20968070961534976,1044.7896507387577,0.03169636802466247,0.03169636802466247,0.9998960410046001,0.9998960410046001,0.014132520187018596,0.014132520187018596,0.226166071200121,0.226166071200121,0.9529414918887348,0.9529414918887348,0.13200791640622797,0.13200791640622797,0.3483024775422449,0.3483024775422449,0.8141290824889662,0.8141290824889662,0.2570527481473955,0.2570527481473955,0.23467197595901468,0.23467197595901468,0.9484840462223078,0.9484840462223078,0.1345172188389133,0.1345172188389133
4,525,4086,Pretell percentile,OpenSees 2-D,156.93329174337424,57.0,0.20968070961534976,1044.7896507387577,0.13667816483086204,0.13667816483086204,0.9980461679089079,0.9980461679089079,0.05456580870260194,0.05456580870260194,0.512407281179602,0.512407281179602,0.9178884390428711,0.9178884390428711,0.3237755885865424,0.3237755885865424,0.47675743625143946,0.47675743625143946,0.7745346729380735,0.7745346729380735,0.449068224055079,0.449068224055079,0.48479706229078023,0.48479706229078023,0.9217602264820539,0.9217602264820539,0.273404588041151,0.273404588041151
4,525,4086,Dmult,OpenSees 2-D,156.93329174337424,57.0,0.20968070961534976,1044.7896507387577,0.11733309944817936,0.11733309944817936,0.9959796586193079,0.9959796586193079,0.05643771226944713,0.05643771226944713,0.6315049482793489,0.6315049482793489,0.7409736709501775,0.7409736709501775,0.4290478842533596,0.4290478842533596,0.7519203658233236,0.7519203658233236,0.5594484760945221,0.5594484760945221,1.4460058071987614,1.4460058071987614,0.6187389559942107,0.6187389559942107,0.6926729373459349,0.6926729373459349,0.6545695970898808,0.6545695970898808
4,525,4086,Dmult p84,OpenSees 2-D,156.93329174337424,57.0,0.20968070961534976,1044.7896507387577,0.0910949311523841,0.0910949311523841,0.9975758309867494,0.9975758309867494,0.04214425916385225,0.04214425916385225,0.573027892165061,0.573027892165061,0.7782707116815619,0.7782707116815619,0.3630791016455469,0.3630791016455469,0.676057096130609,0.676057096130609,0.6122377138981753,0.6122377138981753,1.0627012100940125,1.0627012100940125,0.5602521978390177,0.5602521978390177,0.756264867887584,0.756264867887584,0.4956196447339168,0.4956196447339168
5,189,1405,GINO,OpenSees 2-D,189.7341404244504,24.0,0.28558460790663953,895.9073790000466,0.13076253750930691,0.1054674798757338,0.31464588101920193,0.15770237551498476,0.10109247050610434,0.07097738300018738,0.3838852730440063,0.36359092842850954,0.8747286558238385,0.9397567176312717,0.14771394068407054,0.13895436137056433,0.39758955042468697,0.5235352593281858,0.7655295412124377,0.6691609050796221,0.3361233074641834,0.4627415571229796,0.37763766722834513,0.37589445902142987,0.8715708110649244,0.9232288294207254,0.19733970449482183,0.22848793745427776
5,189,1405,1D Base Case,OpenSees 2-D,189.7341404244504,24.0,0.28558460790663953,895.9073790000466,0.012564044849988267,0.01520082874631944,0.9998723500212202,0.9999771939154865,0.008729346750714325,0.010744243514473773,0.7240474462083925,0.7240292614072942,0.4398322164421665,0.4465967319201106,0.3135622546329964,0.3747679885130518,0.9660099094844409,1.1231913833073695,0.38304469283884884,0.39331380606679606,0.5219345028390082,0.6240201774990424,0.7608111914979274,0.7582643434048605,0.45239969761022014,0.4311804850760533,0.2798010237463019,0.3345979439086462
5,189,1405,Toro Vs,OpenSees 2-D,189.7341404244504,24.0,0.28558460790663953,895.9073790000466,0.013468876349864047,0.013468876349864047,0.999982310424925,0.999982310424925,0.009480812760302918,0.009480812760302918,0.6575437554436987,0.6575437554436987,0.7790449490984434,0.7790449490984434,0.3077529765886529,0.3077529765886529,0.7694105009051936,0.7694105009051936,0.23059243600059132,0.23059243600059132,0.5860162100948951,0.5860162100948951,0.6579088208484917,0.6579088208484917,0.6507621973517179,0.6507621973517179,0.30074985097591517,0.30074985097591517
5,189,1405,Passeri tts,OpenSees 2-D,189.7341404244504,24.0,0.28558460790663953,895.9073790000466,0.015195051331850989,0.015195051331850989,0.9999772525882956,0.9999772525882956,0.010740164453225724,0.010740164453225724,0.7160770338789688,0.7160770338789688,0.46464650323241036,0.46464650323241036,0.3720949070798655,0.3720949070798655,1.1013557761825108,1.1013557761825108,0.3905316961289942,0.3905316961289942,0.6211153556355697,0.6211153556355697,0.748642641474963,0.748642641474963,0.441510715956282,0.441510715956282,0.33277790415503805,0.33277790415503805
5,189,1405,Pretell median,OpenSees 2-D,189.7341404244504,24.0,0.28558460790663953,895.9073790000466,0.003840459857409284,0.003840459857409284,0.9999817133212896,0.9999817133212896,0.0026111340024215957,0.0026111340024215957,0.48666459626895436,0.48666459626895436,0.917826929650376,0.917826929650376,0.12078620248511822,0.12078620248511822,0.4119387918450725,0.4119387918450725,0.7164895115581263,0.7164895115581263,0.32813656539542324,0.32813656539542324,0.4720615821730458,0.4720615821730458,0.9138399286478418,0.9138399286478418,0.15199755553478117,0.15199755553478117
5,189,1405,Pretell percentile,OpenSees 2-D,189.7341404244504,24.0,0.28558460790663953,895.9073790000466,0.0038029207801726713,0.0038029207801726713,0.9999620291554191,0.9999620291554191,0.0029487275689087065,0.0029487275689087065,0.35272955849848275,0.35272955849848275,0.8890543258364855,0.8890543258364855,0.14556895324543284,0.14556895324543284,0.7903667621225996,0.7903667621225996,0.6820198296782443,0.6820198296782443,0.5975316129706346,0.5975316129706346,0.40800162029123543,0.40800162029123543,0.8799417925411245,0.8799417925411245,0.25383880516247004,0.25383880516247004
5,189,1405,Dmult,OpenSees 2-D,189.7341404244504,24.0,0.28558460790663953,895.9073790000466,0.018872926026436105,0.018872926026436105,0.9999627107752176,0.9999627107752176,0.01344977767948494,0.01344977767948494,0.7667672782795224,0.7667672782795224,0.7060281187871317,0.7060281187871317,0.45593495935684675,0.45593495935684675,0.7127671436647258,0.7127671436647258,0.08948179812067258,0.08948179812067258,0.6231466117596408,0.6231466117596408,0.7491295314556151,0.7491295314556151,0.5442856585852247,0.5442856585852247,0.35958922411074806,0.35958922411074806
5,189,1405,Dmult p84,OpenSees 2-D,189.7341404244504,24.0,0.28558460790663953,895.9073790000466,0.017351444423689317,0.017351444423689317,0.9999694371610655,0.9999694371610655,0.012325687802921195,0.012325687802921195,0.7420165564343293,0.7420165564343293,0.6774899088515324,0.6774899088515324,0.41386548714093185,0.41386548714093185,0.7219951521780172,0.7219951521780172,0.168078555879071,0.168078555879071,0.5843140119858752,0.5843140119858752,0.7278370643072748,0.7278370643072748,0.5488342757121769,0.5488342757121769,0.33298354106835826,0.33298354106835826
6,812,6209,GINO,OpenSees 2-D,134.14269923349184,26.0,0.2839863210916519,1130.6444920753804,0.2275816097520882,0.12749087584077415,0.4688081287968543,0.6914820762872698,0.1696272494131672,0.108916845593222,0.3430653627122686,0.4537480366369089,0.7846072795775793,0.41843455470703306,0.2537818389589862,0.31643083230784635,0.8501292836317496,0.7713224844246824,0.17185998106851547,-0.24043649530876146,0.9479126420588349,0.5230114124565508,0.43409121162142056,0.5173736207669828,0.7749674757874345,0.4906232437979074,0.46727351370289666,0.31610414000977444
6,812,6209,1D Base Case,OpenSees 2-D,134.14269923349184,26.0,0.2839863210916519,1130.6444920753804,0.032818007461227205,0.005385862015558451,0.9998438310240519,0.9999947145134449,0.016235957143025274,0.004235176949740643,0.6661696988033575,1.131081552153029,0.5981437849317816,0.7553848836759672,0.33780923257670187,0.2660819189529417,0.7542932858209764,0.6848345092425188,0.03470819241090664,-0.1512668221269106,0.5337233574616459,0.44028406416781174,0.6573417778485484,0.9427989087109955,0.6662785626378553,0.7347776826473897,0.2938285298846455,0.2354063100770259
6,812,6209,Toro Vs,OpenSees 2-D,134.14269923349184,26.0,0.2839863210916519,1130.6444920753804,0.01018119528384561,0.01018119528384561,0.9999887116154629,0.9999887116154629,0.007456436800673122,0.007456436800673122,0.45069705072034116,0.45069705072034116,0.8986235063548617,0.8986235063548617,0.20162571213801544,0.20162571213801544,0.3124349202453495,0.3124349202453495,0.1789995579800798,0.1789995579800798,0.26497881672960744,0.26497881672960744,0.38286629459599636,0.38286629459599636,0.8968054966311616,0.8968054966311616,0.15584005237700282,0.15584005237700282
6,812,6209,Passeri tts,OpenSees 2-D,134.14269923349184,26.0,0.2839863210916519,1130.6444920753804,0.005404763944648797,0.005404763944648797,0.9999947516073399,0.9999947516073399,0.004247265504651188,0.004247265504651188,1.0865428809388415,1.0865428809388415,0.7626812018795989,0.7626812018795989,0.2646706727935231,0.2646706727935231,0.6561843861650843,0.6561843861650843,-0.1463738924999066,-0.1463738924999066,0.43302111937244603,0.43302111937244603,0.9053874068913333,0.9053874068913333,0.7441731705663954,0.7441731705663954,0.23244513654504093,0.23244513654504093
6,812,6209,Pretell median,OpenSees 2-D,134.14269923349184,26.0,0.2839863210916519,1130.6444920753804,0.03255638453445021,0.03255638453445021,0.999865791512664,0.999865791512664,0.02225790494712813,0.02225790494712813,0.47371808280713856,0.47371808280713856,0.9048400352503277,0.9048400352503277,0.26374665206680337,0.26374665206680337,0.3894173543295063,0.3894173543295063,-0.1888344807598084,-0.1888344807598084,0.3283505777865738,0.3283505777865738,0.4151948616497514,0.4151948616497514,0.8767334703084908,0.8767334703084908,0.20183696457683667,0.20183696457683667
6,812,6209,Pretell percentile,OpenSees 2-D,134.14269923349184,26.0,0.2839863210916519,1130.6444920753804,0.07140596126553025,0.07140596126553025,0.9994023498755902,0.9994023498755902,0.04659947295141796,0.04659947295141796,1.5616845352021613,1.5616845352021613,0.9167160893458888,0.9167160893458888,0.6384947071365717,0.6384947071365717,0.7056808007881736,0.7056808007881736,-0.12511383620583622,-0.12511383620583622,0.4011463768678674,0.4011463768678674,1.2657727052067014,1.2657727052067014,0.8865481376592285,0.8865481376592285,0.34825945957772136,0.34825945957772136
6,812,6209,Dmult,OpenSees 2-D,134.14269923349184,26.0,0.2839863210916519,1130.6444920753804,0.006999104594069237,0.006999104594069237,0.9999467549911351,0.9999467549911351,0.004270052313778622,0.004270052313778622,0.18954814296166933,0.18954814296166933,0.8461231495566619,0.8461231495566619,0.14294355923062263,0.14294355923062263,0.532903963903828,0.532903963903828,0.17248103198430087,0.17248103198430087,0.6720243021175116,0.6720243021175116,0.29768955447181533,0.29768955447181533,0.8129679617164941,0.8129679617164941,0.27958609182013844,0.27958609182013844
6,812,6209,Dmult p84,OpenSees 2-D,134.14269923349184,26.0,0.2839863210916519,1130.6444920753804,0.002339024605621631,0.002339024605621631,0.9999742751536506,0.9999742751536506,0.0013920170878426365,0.0013920170878426365,0.21790988336360073,0.21790988336360073,0.8409110102409502,0.8409110102409502,0.1331788729844801,0.1331788729844801,0.45955991788043,0.45955991788043,0.16270676021343378,0.16270676021343378,0.5045783073280881,0.5045783073280881,0.2802458052598551,0.2802458052598551,0.8417136344457954,0.8417136344457954,0.2170432754409198,0.2170432754409198
7,87,700,GINO,OpenSees 2-D,164.11181541402712,95.0,0.1591707941144705,1049.1750357007936,0.13681307215754626,0.15414356507135973,0.9830457638510004,0.9761328104105748,0.05429905294051098,0.059551022011219534,0.2803367789646096,0.29696682916346834,0.9097234357883556,0.8955036589035897,0.15795648738994802,0.1220590701739138,0.3383700834010738,0.3853374826285544,0.8685321041816356,0.8243540865675593,0.3003585353012772,0.4102705817523966,0.21427733315503777,0.24489958739805126,0.9553821098394711,0.9373377290377165,0.17151710210161028,0.20105528236943981
7,87,700,1D Base Case,OpenSees 2-D,164.11181541402712,95.0,0.1591707941144705,1049.1750357007936,0.29110221873301,0.2900967201168915,0.9187898519203576,0.920286562670357,0.0910003881485511,0.08767579331072214,0.5233531897253948,0.5082132177618347,0.5876348207040595,0.5800793600504043,0.2229965983986111,0.20643177235377663,0.5447125825616113,0.5708876592514215,0.7043321477202211,0.7654491752442384,0.3958199745444934,0.43634771092063673,0.39753873135418943,0.4062337413042093,0.8407643082037426,0.8298135155179717,0.23728610646214893,0.24533775818710862
7,87,700,Toro Vs,OpenSees 2-D,164.11181541402712,95.0,0.1591707941144705,1049.1750357007936,0.38131740123345637,0.38131740123345637,0.9114123495054087,0.9114123495054087,0.07823948695536397,0.07823948695536397,0.5688123439290294,0.5688123439290294,0.3970666530544812,0.3970666530544812,0.22635115564541064,0.22635115564541064,0.6641361108170566,0.6641361108170566,0.5187819401195632,0.5187819401195632,0.5171416777504503,0.5171416777504503,0.4865829497252036,0.4865829497252036,0.7653860761855973,0.7653860761855973,0.2762887543406582,0.2762887543406582
7,87,700,Passeri tts,OpenSees 2-D,164.11181541402712,95.0,0.1591707941144705,1049.1750357007936,0.2724229338314457,0.2724229338314457,0.9256959722159751,0.9256959722159751,0.0858392924649359,0.0858392924649359,0.5044480150517754,0.5044480150517754,0.5903957263486358,0.5903957263486358,0.2037448590264876,0.2037448590264876,0.579058006270754,0.579058006270754,0.7570836342501692,0.7570836342501692,0.4399314127943512,0.4399314127943512,0.39982774020911777,0.39982774020911777,0.832855671421046,0.832855671421046,0.24514320454869679,0.24514320454869679
7,87,700,Pretell median,OpenSees 2-D,164.11181541402712,95.0,0.1591707941144705,1049.1750357007936,0.11709343652287922,0.11709343652287922,0.988904063919977,0.988904063919977,0.024088293132947122,0.024088293132947122,0.33493875162157943,0.33493875162157943,0.9126902950885931,0.9126902950885931,0.09054039518213897,0.09054039518213897,0.5700995336113208,0.5700995336113208,0.8453843748408454,0.8453843748408454,0.4437671202545127,0.4437671202545127,0.30098362284671787,0.30098362284671787,0.9096360348326546,0.9096360348326546,0.19091151324025263,0.19091151324025263
7,87,700,Pretell percentile,OpenSees 2-D,164.11181541402712,95.0,0.1591707941144705,1049.1750357007936,0.44248682461573074,0.44248682461573074,0.975301687638142,0.975301687638142,0.11663444877440504,0.11663444877440504,0.30063982139958606,0.30063982139958606,0.8798870781552398,0.8798870781552398,0.11268916115831497,0.11268916115831497,0.4835393393356475,0.4835393393356475,0.8535248226719343,0.8535248226719343,0.28765419490539906,0.28765419490539906,0.4239458771825832,0.4239458771825832,0.8974538268280086,0.8974538268280086,0.17530777363542593,0.17530777363542593
7,87,700,Dmult,OpenSees 2-D,164.11181541402712,95.0,0.1591707941144705,1049.1750357007936,0.5684472143058111,0.5684472143058111,0.8950803226065963,0.8950803226065963,0.2314336117510347,0.2314336117510347,0.6906404690365562,0.6906404690365562,0.22146408654153163,0.22146408654153163,0.4931873124051006,0.4931873124051006,0.906611087398658,0.906611087398658,0.5578889188941346,0.5578889188941346,2.7045078729104928,2.7045078729104928,0.667433446042789,0.667433446042789,0.620659640749192,0.620659640749192,1.1755357133530646,1.1755357133530646
7,87,700,Dmult p84,OpenSees 2-D,164.11181541402712,95.0,0.1591707941144705,1049.1750357007936,0.49986449241817654,0.49986449241817654,0.9088658824808772,0.9088658824808772,0.17536180855681377,0.17536180855681377,0.6521076096433963,0.6521076096433963,0.30874674684456566,0.30874674684456566,0.38243394560978905,0.38243394560978905,0.8674741422477437,0.8674741422477437,0.5699274217194571,0.5699274217194571,2.0999772461337605,2.0999772461337605,0.6144508630699678,0.6144508630699678,0.683368493985326,0.683368493985326,0.9110988528246378,0.9110988528246378
8,732,5674,GINO,OpenSees 2-D,276.0262964964348,25.0,0.2678596438840032,1108.5087479781032,0.1328229465155696,0.09067477042618391,0.24369218033768827,0.6033680154278028,0.09665562302596224,0.08220543361161065,0.13486379647083135,0.07689143488504892,0.9721302617180798,0.9924256452435709,0.06770045425830848,0.06269456260830006,0.6264287573638141,0.3269132477379269,0.6766746849836774,0.8786410691361757,0.3970263385145347,0.25936940637586614,0.6014218264262633,0.3020055954160049,0.7642518149876357,0.9095444404777288,0.1930988228166665,0.1383595627781069
8,732,5674,1D Base Case,OpenSees 2-D,276.0262964964348,25.0,0.2678596438840032,1108.5087479781032,0.006165265788873066,0.005971919824312864,0.9996904613075296,0.9999727555151441,0.004089611557411244,0.004424186727734093,0.2503393209834084,0.24497759694154847,0.991588652451054,0.9900266375497645,0.10793163434018054,0.12010019729323632,0.8604862582441206,0.7923481236521381,0.33789858480623064,0.25817786476154053,0.5998021112141744,0.591766050194698,0.8266024212942006,0.7323042939106191,0.4770917053477474,0.44154184399232016,0.24374159327210915,0.2446966421108221
8,732,5674,Toro Vs,OpenSees 2-D,276.0262964964348,25.0,0.2678596438840032,1108.5087479781032,0.005122828879014976,0.005122828879014976,0.9999742483038786,0.9999742483038786,0.0037940348289977246,0.0037940348289977246,0.20243874260843325,0.20243874260843325,0.9956042630247196,0.9956042630247196,0.09812804308124567,0.09812804308124567,0.5767640962458382,0.5767640962458382,0.5662566683428819,0.5662566683428819,0.4457904763780052,0.4457904763780052,0.5339955200027551,0.5339955200027551,0.6996545759838086,0.6996545759838086,0.1867929918468247,0.1867929918468247
8,732,5674,Passeri tts,OpenSees 2-D,276.0262964964348,25.0,0.2678596438840032,1108.5087479781032,0.005969288391433025,0.005969288391433025,0.9999727712142338,0.9999727712142338,0.004422268152209204,0.004422268152209204,0.24467353415886217,0.24467353415886217,0.9900953329801088,0.9900953329801088,0.11995989396869795,0.11995989396869795,0.7747445821444255,0.7747445821444255,0.26956068330359584,0.26956068330359584,0.586694668605894,0.586694668605894,0.7162241677517377,0.7162241677517377,0.4530922770996565,0.4530922770996565,0.24287889605594554,0.24287889605594554
8,732,5674,Pretell median,OpenSees 2-D,276.0262964964348,25.0,0.2678596438840032,1108.5087479781032,0.0013875238245598944,0.0013875238245598944,0.9999754007460322,0.9999754007460322,0.0010224202339671903,0.0010224202339671903,0.046969230636784286,0.046969230636784286,0.9999815309768406,0.9999815309768406,0.02296171012938707,0.02296171012938707,0.4187700682072237,0.4187700682072237,0.8083755037222315,0.8083755037222315,0.324555507019976,0.324555507019976,0.3849797648283276,0.3849797648283276,0.8610829475112324,0.8610829475112324,0.12084078757769624,0.12084078757769624
8,732,5674,Pretell percentile,OpenSees 2-D,276.0262964964348,25.0,0.2678596438840032,1108.5087479781032,0.0030414036027064354,0.0030414036027064354,0.999972198297621,0.999972198297621,0.002232801616932667,0.002232801616932667,0.2370024345071373,0.2370024345071373,0.9945700801502279,0.9945700801502279,0.071345891997657,0.071345891997657,0.767960123696943,0.767960123696943,0.7370645359171475,0.7370645359171475,0.430849445387676,0.430849445387676,0.7097477548701181,0.7097477548701181,0.8116729798831123,0.8116729798831123,0.17298255405091015,0.17298255405091015
8,732,5674,Dmult,OpenSees 2-D,276.0262964964348,25.0,0.2678596438840032,1108.5087479781032,0.007091034250617277,0.007091034250617277,0.9999705171188505,0.9999705171188505,0.005258024788221585,0.005258024788221585,0.2812982960150514,0.2812982960150514,0.9847517372407512,0.9847517372407512,0.14320849168714428,0.14320849168714428,0.6685657120223765,0.6685657120223765,0.43438108152746296,0.43438108152746296,0.545587889776337,0.545587889776337,0.6211056606493532,0.6211056606493532,0.5868438329558273,0.5868438329558273,0.23575861760373878,0.23575861760373878
8,732,5674,Dmult p84,OpenSees 2-D,276.0262964964348,25.0,0.2678596438840032,1108.5087479781032,0.006579002727868801,0.006579002727868801,0.999971607834254,0.999971607834254,0.004876223447031556,0.004876223447031556,0.26588319889668066,0.26588319889668066,0.9870442829029689,0.9870442829029689,0.13296649241717468,0.13296649241717468,0.6570804188301582,0.6570804188301582,0.4048115126206017,0.4048115126206017,0.5347027299822464,0.5347027299822464,0.6099227885351042,0.6099227885351042,0.5677248817375007,0.5677248817375007,0.22874258142539966,0.22874258142539966
9,483,3823,GINO,OpenSees 2-D,189.73753870077095,82.0,0.25494276024401186,1125.5531570163857,0.11191245763224464,0.14906433097399696,0.9979629397904963,0.9988151590386208,0.05613320493948836,0.054901265471522194,0.31389237039964224,0.34916166739297505,0.9655080855207041,0.9579833908671149,0.1792444976628591,0.2102350571641725,0.37918732634833874,0.3607201663186919,0.8348378490635194,0.9145847843735481,0.3495618356059138,0.33237539904714875,0.2869916804937896,0.3126210333704366,0.9473207493010671,0.9276987887684691,0.1957666134897485,0.1986173497307866
9,483,3823,1D Base Case,OpenSees 2-D,189.73753870077095,82.0,0.25494276024401186,1125.5531570163857,0.3198898484781159,0.29981206714407155,0.9885198350899184,0.9897765460693673,0.09562527039335263,0.09114595738814175,0.6100976420606117,0.5875091733802115,0.7156760429747753,0.7419611047453422,0.31124446395702493,0.23455790577252147,0.5873791199968813,0.6182507699973174,0.47351265481812743,0.48094938465797865,0.42365454436464106,0.4557350499789428,0.5430087336927566,0.535242958047456,0.7170971901060795,0.7090526459990258,0.27512127435240524,0.26177572431023605
9,483,3823,Toro Vs,OpenSees 2-D,189.73753870077095,82.0,0.25494276024401186,1125.5531570163857,0.2282113435217334,0.2282113435217334,0.9842521570479211,0.9842521570479211,0.05538181647621577,0.05538181647621577,0.36938401728129705,0.36938401728129705,0.8321124688912999,0.8321124688912999,0.2537301322340187,0.2537301322340187,0.626409749193992,0.626409749193992,0.5108114168882002,0.5108114168882002,0.4036120559915432,0.4036120559915432,0.40769544945132696,0.40769544945132696,0.8108167192329387,0.8108167192329387,0.23676689503392126,0.23676689503392126
9,483,3823,Passeri tts,OpenSees 2-D,189.73753870077095,82.0,0.25494276024401186,1125.5531570163857,0.29829686481671674,0.29829686481671674,0.990044547841964,0.990044547841964,0.09075530468623924,0.09075530468623924,0.5555026436163999,0.5555026436163999,0.7539871437696812,0.7539871437696812,0.22937081287413968,0.22937081287413968,0.6151411154121413,0.6151411154121413,0.5073422215455424,0.5073422215455424,0.44697272388869536,0.44697272388869536,0.5155137684703813,0.5155137684703813,0.7198475344338571,0.7198475344338571,0.25701605386346904,0.25701605386346904
9,483,3823,Pretell median,OpenSees 2-D,189.73753870077095,82.0,0.25494276024401186,1125.5531570163857,0.025217635928406187,0.025217635928406187,0.9990638612876436,0.9990638612876436,0.005487870372405054,0.005487870372405054,0.1850211514707652,0.1850211514707652,0.9640384103156651,0.9640384103156651,0.14333763120499532,0.14333763120499532,0.5574754347510877,0.5574754347510877,0.8435813268073887,0.8435813268073887,0.4032638970817531,0.4032638970817531,0.2851618198859232,0.2851618198859232,0.908788096582122,0.908788096582122,0.18606440797045393,0.18606440797045393
9,483,3823,Pretell percentile,OpenSees 2-D,189.73753870077095,82.0,0.25494276024401186,1125.5531570163857,0.4333775875795898,0.4333775875795898,0.9951190382468065,0.9951190382468065,0.09407331333212676,0.09407331333212676,0.7004965261280847,0.7004965261280847,0.9452383963156439,0.9452383963156439,0.3082469222575755,0.3082469222575755,0.444538925391303,0.444538925391303,0.8580330934947368,0.8580330934947368,0.367082345306316,0.367082345306316,0.5941983837967317,0.5941983837967317,0.8963845254943671,0.8963845254943671,0.2538785572007276,0.2538785572007276
9,483,3823,Dmult,OpenSees 2-D,189.73753870077095,82.0,0.25494276024401186,1125.5531570163857,0.4366388479135237,0.4366388479135237,0.9592401562311009,0.9592401562311009,0.1534969981608136,0.1534969981608136,0.54241105125898,0.54241105125898,0.7293352635070256,0.7293352635070256,0.40044234501637327,0.40044234501637327,0.8435915860533049,0.8435915860533049,0.5289247472180447,0.5289247472180447,1.6793969591705638,1.6793969591705638,0.5929477319894166,0.5929477319894166,0.6688561675188327,0.6688561675188327,0.761645588570894,0.761645588570894
9,483,3823,Dmult p84,OpenSees 2-D,189.73753870077095,82.0,0.25494276024401186,1125.5531570163857,0.39674164639426507,0.39674164639426507,0.9697011191475267,0.9697011191475267,0.13070580713891172,0.13070580713891172,0.4768276423268287,0.4768276423268287,0.7620496933921711,0.7620496933921711,0.32507287752177266,0.32507287752177266,0.7972929192188278,0.7972929192188278,0.5535541989579867,0.5535541989579867,1.2481518634727586,1.2481518634727586,0.5400071196778192,0.5400071196778192,0.7156436029572872,0.7156436029572872,0.5801220479706164,0.5801220479706164
10,5,40,GINO,OpenSees 2-D,265.7281021271786,30.0,0.15044256392866373,1021.9334664726358,0.1498035981783139,0.16208917417258073,-0.27061037119519,-0.4480903108991212,0.09423201327918099,0.10007892671897409,0.15170842682179492,0.1395226020173943,0.9935312857311683,0.9908502139131656,0.04943202715068294,0.04373925422834439,0.4138299176021721,0.2901738908865107,0.9287514897780399,0.9619079349142416,0.2836005966147106,0.27791212143757354,0.3758149569127156,0.26569579396006066,0.9383443986216152,0.9657867766288928,0.14707102160806693,0.145418643123295
10,5,40,1D Base Case,OpenSees 2-D,265.7281021271786,30.0,0.15044256392866373,1021.9334664726358,0.0037238921265051643,0.005651427014702197,0.9999010956524254,0.9997470695268682,0.002442071283770649,0.004699244357381446,0.4335779257085102,0.4823362880073008,0.9711513758587136,0.9585523229856193,0.09419380195098721,0.1360996118464926,0.6763896867094096,0.6821912996617073,0.6733376107728921,0.6061377582933909,0.36681612431867494,0.4202803503700897,0.6308776798209604,0.64083562529048,0.7300832028600888,0.6733079285474023,0.15749850904615212,0.1895727417085627
10,5,40,Toro Vs,OpenSees 2-D,265.7281021271786,30.0,0.15044256392866373,1021.9334664726358,0.004320849329834378,0.004320849329834378,0.9997675691010494,0.9997675691010494,0.003704415528657223,0.003704415528657223,0.4730710013799336,0.4730710013799336,0.9036890402028244,0.9036890402028244,0.0957403906181217,0.0957403906181217,0.7436631711655761,0.7436631711655761,0.663125905834101,0.663125905834101,0.42108213371793507,0.42108213371793507,0.6913803669805328,0.6913803669805328,0.7206919292329951,0.7206919292329951,0.1773974094217438,0.1773974094217438
10,5,40,Passeri tts,OpenSees 2-D,265.7281021271786,30.0,0.15044256392866373,1021.9334664726358,0.005647113755502877,0.005647113755502877,0.9997472668811195,0.9997472668811195,0.004696106763528005,0.004696106763528005,0.48033714476446543,0.48033714476446543,0.9592504524298547,0.9592504524298547,0.13546661953490613,0.13546661953490613,0.6778764115185045,0.6778764115185045,0.6178016617009879,0.6178016617009879,0.4175068579184812,0.4175068579184812,0.6369328763846284,0.6369328763846284,0.6845854986873234,0.6845854986873234,0.18841102349917507,0.18841102349917507
10,5,40,Pretell median,OpenSees 2-D,265.7281021271786,30.0,0.15044256392866373,1021.9334664726358,0.00429547665659647,0.00429547665659647,0.9997620850383373,0.9997620850383373,0.0036816147270963277,0.0036816147270963277,0.36563536866870944,0.36563536866870944,0.9783088737627418,0.9783088737627418,0.09075178454374729,0.09075178454374729,0.5984067489297699,0.5984067489297699,0.7366888206538105,0.7366888206538105,0.35438656341012537,0.35438656341012537,0.5544169714749098,0.5544169714749098,0.7891570410327802,0.7891570410327802,0.15254939771115178,0.15254939771115178
10,5,40,Pretell percentile,OpenSees 2-D,265.7281021271786,30.0,0.15044256392866373,1021.9334664726358,0.0017791231899084905,0.0017791231899084905,0.9997857290940034,0.9997857290940034,0.0017009154400570814,0.0017009154400570814,0.1322201005591196,0.1322201005591196,0.9885164984853557,0.9885164984853557,0.013565698955228574,0.013565698955228574,0.6312970737718261,0.6312970737718261,0.7133247375450547,0.7133247375450547,0.44261713763614896,0.44261713763614896,0.5631557463565695,0.5631557463565695,0.7704859232460528,0.7704859232460528,0.15958102826324067,0.15958102826324067
10,5,40,Dmult,OpenSees 2-D,265.7281021271786,30.0,0.15044256392866373,1021.9334664726358,0.007526248420904499,0.007526248420904499,0.9997220507560338,0.9997220507560338,0.00609679494705776,0.00609679494705776,0.5962976149896648,0.5962976149896648,0.9076273203605677,0.9076273203605677,0.19706488100656,0.19706488100656,0.7946112373893363,0.7946112373893363,0.593030810581248,0.593030810581248,0.5400981008176136,0.5400981008176136,0.7515055831924777,0.7515055831924777,0.6720583753935423,0.6720583753935423,0.250287677819603,0.250287677819603
10,5,40,Dmult p84,OpenSees 2-D,265.7281021271786,30.0,0.15044256392866373,1021.9334664726358,0.006678586878549143,0.006678586878549143,0.9997334002218868,0.9997334002218868,0.005465258524667525,0.005465258524667525,0.5612379564703919,0.5612379564703919,0.9245234334174481,0.9245234334174481,0.1729498928709104,0.1729498928709104,0.7617610068730849,0.7617610068730849,0.6163515710549999,0.6163515710549999,0.47335534562377846,0.47335534562377846,0.7188806195505982,0.7188806195505982,0.6938732178531398,0.6938732178531398,0.2194721793132292,0.2194721793132292
11,597,4520,GINO,OpenSees 2-D,226.63654236612797,36.0,0.23845424707978963,1014.0811699534811,0.0823480358070438,0.04587156772424108,0.4843919843806927,0.6069651451917959,0.06289739014978524,0.03903156829412367,0.26659978737071816,0.20201918589080042,0.9527114878346397,0.9673241567659493,0.10293215968580557,0.08848536097403675,0.40224976846281685,0.22261775523497707,0.8051111226802308,0.943444354284749,0.24293254950880253,0.1916832480369971,0.2983773824826222,0.20004948265151745,0.9274699013842804,0.9628813894501753,0.1379201267862474,0.1072957940081033
11,597,4520,1D Base Case,OpenSees 2-D,226.63654236612797,36.0,0.23845424707978963,1014.0811699534811,0.005899670616556569,0.001988327900290161,0.9999268181683185,0.9999417824590571,0.0033386680052098195,0.0016653437594739647,0.3279447337995909,0.18164415210915888,0.9149960503897258,0.9758013882548677,0.11123204945997384,0.05150029239786867,0.5534798554336965,0.19891754187632574,0.5632466703200366,0.8908034659548627,0.3187565675423829,0.11887145404311623,0.38528508407024575,0.17932302619723908,0.8775773594859538,0.9745357303164016,0.14610294727964956,0.05763796695026717
11,597,4520,Toro Vs,OpenSees 2-D,226.63654236612797,36.0,0.23845424707978963,1014.0811699534811,0.0011885645358775624,0.0011885645358775624,0.9999563790829482,0.9999563790829482,0.0008779218621321265,0.0008779218621321265,0.3211974008158311,0.3211974008158311,0.9369298574872885,0.9369298574872885,0.10099227075506552,0.10099227075506552,0.3404205986386465,0.3404205986386465,0.5945800324245506,0.5945800324245506,0.22952032321584231,0.22952032321584231,0.3148006887540657,0.3148006887540657,0.9295419837163891,0.9295419837163891,0.11093706700381072,0.11093706700381072
11,597,4520,Passeri tts,OpenSees 2-D,226.63654236612797,36.0,0.23845424707978963,1014.0811699534811,0.001978198907878472,0.001978198907878472,0.9999419551448024,0.9999419551448024,0.0016582338818929739,0.0016582338818929739,0.15091828675348312,0.15091828675348312,0.9813782676824893,0.9813782676824893,0.048775096043029015,0.048775096043029015,0.18750210319693025,0.18750210319693025,0.9010207038828861,0.9010207038828861,0.11307383905267965,0.11307383905267965,0.1537762677963252,0.1537762677963252,0.9794224399785726,0.9794224399785726,0.05478875434000912,0.05478875434000912
11,597,4520,Pretell median,OpenSees 2-D,226.63654236612797,36.0,0.23845424707978963,1014.0811699534811,0.0033254468778727863,0.0033254468778727863,0.9999566120691838,0.9999566120691838,0.0023267238860135843,0.0023267238860135843,0.13152138160458193,0.13152138160458193,0.987860421542544,0.987860421542544,0.061409362168571,0.061409362168571,0.19749838179696783,0.19749838179696783,0.8747454123344398,0.8747454123344398,0.14407871028716915,0.14407871028716915,0.14224373123283335,0.14224373123283335,0.9828467128687766,0.9828467128687766,0.06966471061118525,0.06966471061118525
11,597,4520,Pretell percentile,OpenSees 2-D,226.63654236612797,36.0,0.23845424707978963,1014.0811699534811,0.010552187352129537,0.010552187352129537,0.9999648910354324,0.9999648910354324,0.007168829284166682,0.007168829284166682,0.662648509653526,0.662648509653526,0.980329108249322,0.980329108249322,0.22451687667782635,0.22451687667782635,0.51496800546197,0.51496800546197,0.8385919264294152,0.8385919264294152,0.34018308343828185,0.34018308343828185,0.6161650649459262,0.6161650649459262,0.9743891095685308,0.9743891095685308,0.18892823245620488,0.18892823245620488
11,597,4520,Dmult,OpenSees 2-D,226.63654236612797,36.0,0.23845424707978963,1014.0811699534811,0.006987279949819605,0.006987279949819605,0.9999094331293034,0.9999094331293034,0.005264660761072093,0.005264660761072093,0.4715990219994725,0.4715990219994725,0.9569504920567882,0.9569504920567882,0.23046930490038872,0.23046930490038872,0.5397752866087003,0.5397752866087003,0.35707362210820276,0.35707362210820276,0.5245992381180515,0.5245992381180515,0.47043834475792945,0.47043834475792945,0.8839412481969846,0.8839412481969846,0.2545931560778099,0.2545931560778099
11,597,4520,Dmult p84,OpenSees 2-D,226.63654236612797,36.0,0.23845424707978963,1014.0811699534811,0.004825036444650972,0.004825036444650972,0.999924731950063,0.999924731950063,0.003713014367673455,0.003713014367673455,0.38368772520928235,0.38368772520928235,0.9727318267756794,0.9727318267756794,0.16693921057936933,0.16693921057936933,0.46083116675469327,0.46083116675469327,0.5558225578030128,0.5558225578030128,0.3889740212418842,0.3889740212418842,0.3874227627716493,0.3874227627716493,0.9334642993920246,0.9334642993920246,0.18752222563715598,0.18752222563715598
12,699,5396,GINO,OpenSees 2-D,238.81110316876217,61.0,0.21466670501977203,1104.0173947608328,0.056580955700751556,0.042248089861444134,0.9267531874927395,0.9490303799225174,0.04300540204132998,0.0345521714405136,0.34485807648274297,0.33086771541860494,0.9332318728858515,0.9191476066587361,0.15426116172931656,0.14698411566099787,0.40235616698985877,0.35685794079107647,0.7225840480152345,0.898583131797611,0.3577836527504764,0.4344096814481624,0.3483353391860859,0.33293127474871864,0.9248861904423251,0.9237027263086943,0.1865545176959272,0.20823188320933594
12,699,5396,1D Base Case,OpenSees 2-D,238.81110316876217,61.0,0.21466670501977203,1104.0173947608328,0.029054487010763567,0.04184443166100084,0.999890469381991,0.9995894379185271,0.017550962205456527,0.028853846839481768,0.6031306441723069,0.6654560598495313,0.7619236946093013,0.7125531684259655,0.2547568688471953,0.29300894264398053,0.6937310299747258,0.8240159912385447,0.28772854234618,0.10372146312226714,0.5139344426634244,0.751328769578285,0.6075702608965569,0.6913705189159444,0.7627253864628889,0.6800646548135615,0.2624469523582669,0.3609665985394125
12,699,5396,Toro Vs,OpenSees 2-D,238.81110316876217,61.0,0.21466670501977203,1104.0173947608328,0.03165799887328043,0.03165799887328043,0.9997964993620643,0.9997964993620643,0.022532120872673127,0.022532120872673127,0.7647103044490845,0.7647103044490845,0.6935710801051346,0.6935710801051346,0.3243060560901619,0.3243060560901619,0.7984670538187207,0.7984670538187207,0.46176311701475203,0.46176311701475203,0.6508006373632871,0.6508006373632871,0.7643332892818131,0.7643332892818131,0.6745872343680256,0.6745872343680256,0.33295828220963464,0.33295828220963464
12,699,5396,Passeri tts,OpenSees 2-D,238.81110316876217,61.0,0.21466670501977203,1104.0173947608328,0.04179380562745671,0.04179380562745671,0.9995920415678962,0.9995920415678962,0.028825523642957325,0.028825523642957325,0.6669101216794971,0.6669101216794971,0.7218569829276539,0.7218569829276539,0.29401898661146386,0.29401898661146386,0.8216613904433994,0.8216613904433994,0.11268245644530649,0.11268245644530649,0.746560437114826,0.746560437114826,0.6919846887840613,0.6919846887840613,0.6879161001791181,0.6879161001791181,0.35959078224866337,0.35959078224866337
12,699,5396,Pretell median,OpenSees 2-D,238.81110316876217,61.0,0.21466670501977203,1104.0173947608328,0.02267387182817025,0.02267387182817025,0.9998224045785337,0.9998224045785337,0.01655677270659959,0.01655677270659959,0.6601539647367577,0.6601539647367577,0.7705516396101295,0.7705516396101295,0.18692515608807875,0.18692515608807875,0.7627917370551689,0.7627917370551689,0.4859576817533639,0.4859576817533639,0.6327865746887579,0.6327865746887579,0.6743312520697176,0.6743312520697176,0.7520060207688803,0.7520060207688803,0.2833477184147988,0.2833477184147988
12,699,5396,Pretell percentile,OpenSees 2-D,238.81110316876217,61.0,0.21466670501977203,1104.0173947608328,0.011076785932010075,0.011076785932010075,0.9999222155628394,0.9999222155628394,0.006697411428920765,0.006697411428920765,0.6180119723654417,0.6180119723654417,0.6742307044294344,0.6742307044294344,0.30051227345743103,0.30051227345743103,0.7401941833086377,0.7401941833086377,0.352307427603028,0.352307427603028,0.7543092752352017,0.7543092752352017,0.6367073286989553,0.6367073286989553,0.6778968435814854,0.6778968435814854,0.35650602236967216,0.35650602236967216
12,699,5396,Dmult,OpenSees 2-D,238.81110316876217,61.0,0.21466670501977203,1104.0173947608328,0.056796324943360454,0.056796324943360454,0.9992152884853183,0.9992152884853183,0.03860151274755133,0.03860151274755133,0.8188138733191755,0.8188138733191755,0.6716598446272545,0.6716598446272545,0.41729687481406363,0.41729687481406363,0.8734345080452628,0.8734345080452628,0.385769911392325,0.385769911392325,1.0133041862867431,1.0133041862867431,0.8219622960665028,0.8219622960665028,0.5983898989300125,0.5983898989300125,0.49335605710622205,0.49335605710622205
12,699,5396,Dmult p84,OpenSees 2-D,238.81110316876217,61.0,0.21466670501977203,1104.0173947608328,0.05039444994273141,0.05039444994273141,0.9993882391812534,0.9993882391812534,0.03437747047640906,0.03437747047640906,0.7887517511948631,0.7887517511948631,0.6955420057631947,0.6955420057631947,0.3687570945383778,0.3687570945383778,0.8545328586815251,0.8545328586815251,0.3479974583740184,0.3479974583740184,0.833161058702148,0.833161058702148,0.7943323308153647,0.7943323308153647,0.6434164363456436,0.6434164363456436,0.41426561357400826,0.41426561357400826
13,953,7343,GINO,OpenSees 2-D,146.29610715353328,34.0,0.21259970292448999,882.3956287443269,0.06768704167226194,0.0790044545414769,0.8986091577742036,0.9477118825630457,0.05292436873147129,0.07383475624564034,0.1962947287975794,0.09603143559177332,0.9705375906285661,0.9954863096354288,0.1363218990415659,0.09288443791554415,0.3596347266123699,0.3584661892925099,0.8420629510573767,0.6868526579781992,0.314084870762792,0.34171933298216345,0.23224329259144216,0.16770938179554598,0.9504823390886511,0.9779317657138888,0.16934980353546195,0.17330926260439458
13,953,7343,1D Base Case,OpenSees 2-D,146.29610715353328,34.0,0.21259970292448999,882.3956287443269,0.02396958136900085,0.0242768709696518,0.9998883781230458,0.9999235307177746,0.01426277243810989,0.015661311450255,0.559200892135444,0.5587481307917638,0.7100433159639257,0.6601125835577546,0.2989654212993964,0.3718085046311966,0.5646643042866182,0.5479024255462632,0.43793648663003426,0.25459624897176847,0.4342036935436262,0.4788578565499833,0.5460188138912009,0.5432927022447072,0.7222802145756277,0.6976093912055735,0.2466528894834265,0.28462426018944237
13,953,7343,Toro Vs,OpenSees 2-D,146.29610715353328,34.0,0.21259970292448999,882.3956287443269,0.01649243450681968,0.01649243450681968,0.9999856807220284,0.9999856807220284,0.010694023799310686,0.010694023799310686,0.5553820666843324,0.5553820666843324,0.7706973400980379,0.7706973400980379,0.34575759266200606,0.34575759266200606,0.48028973540840253,0.48028973540840253,0.4838912120148873,0.4838912120148873,0.3627831332348007,0.3627831332348007,0.5301694759222436,0.5301694759222436,0.777954884536684,0.777954884536684,0.23444428276054083,0.23444428276054083
13,953,7343,Passeri tts,OpenSees 2-D,146.29610715353328,34.0,0.21259970292448999,882.3956287443269,0.024241164107103003,0.024241164107103003,0.9999244259632446,0.9999244259632446,0.015640557624446536,0.015640557624446536,0.5464199362703952,0.5464199362703952,0.6729302981153432,0.6729302981153432,0.3702162311950188,0.3702162311950188,0.5341243964044808,0.5341243964044808,0.27739595785209126,0.27739595785209126,0.46779076423404076,0.46779076423404076,0.5310349185790956,0.5310349185790956,0.70941255526338,0.70941255526338,0.2802658320089762,0.2802658320089762
13,953,7343,Pretell median,OpenSees 2-D,146.29610715353328,34.0,0.21259970292448999,882.3956287443269,0.007122108372099315,0.007122108372099315,0.9999952772023021,0.9999952772023021,0.004522323681986747,0.004522323681986747,0.41216079650179765,0.41216079650179765,0.8798392333189745,0.8798392333189745,0.22364965162163827,0.22364965162163827,0.39056600838250494,0.39056600838250494,0.715153412243129,0.715153412243129,0.32961701255471576,0.32961701255471576,0.3985851535242823,0.3985851535242823,0.8790092583645274,0.8790092583645274,0.18404366316933737,0.18404366316933737
13,953,7343,Pretell percentile,OpenSees 2-D,146.29610715353328,34.0,0.21259970292448999,882.3956287443269,0.019299326840139096,0.019299326840139096,0.999916988947369,0.999916988947369,0.012042063452543274,0.012042063452543274,0.5143770351478197,0.5143770351478197,0.826200191645546,0.826200191645546,0.3987972715559449,0.3987972715559449,0.3878372376437355,0.3878372376437355,0.6792523075063388,0.6792523075063388,0.32411392776514325,0.32411392776514325,0.48325398769248046,0.48325398769248046,0.8447377762174116,0.8447377762174116,0.23729377839297378,0.23729377839297378
13,953,7343,Dmult,OpenSees 2-D,146.29610715353328,34.0,0.21259970292448999,882.3956287443269,0.04242007144126096,0.04242007144126096,0.9996618944848402,0.9996618944848402,0.027814335314763097,0.027814335314763097,0.6973328728716863,0.6973328728716863,0.6873049964787641,0.6873049964787641,0.44223044378168347,0.44223044378168347,0.7412049100676499,0.7412049100676499,0.2971400946721405,0.2971400946721405,1.0890686263911675,1.0890686263911675,0.6876419049538633,0.6876419049538633,0.6082548392973495,0.6082548392973495,0.5235781697315808,0.5235781697315808
13,953,7343,Dmult p84,OpenSees 2-D,146.29610715353328,34.0,0.21259970292448999,882.3956287443269,0.03536012643178846,0.03536012643178846,0.9997822482856741,0.9997822482856741,0.02301181420759091,0.02301181420759091,0.6546559581187171,0.6546559581187171,0.7042145304714912,0.7042145304714912,0.40591226785883183,0.40591226785883183,0.6858916991413649,0.6858916991413649,0.34381070393927887,0.34381070393927887,0.873682109609639,0.873682109609639,0.6438423696944072,0.6438423696944072,0.668485737067148,0.668485737067148,0.43561655369368,0.43561655369368
14,442,3540,GINO,OpenSees 2-D,232.90156909952378,27.0,0.21875646505504848,1028.941478887828,0.14531868032395373,0.15078930686665115,-0.11803488765572347,-0.2537139584632904,0.09721695316065833,0.11327091178639037,0.3574967679695766,0.42636116972995003,0.9790489387897109,0.9749381641201724,0.09894589861272281,0.121121557522127,0.3757305694899923,0.37984553038180224,0.8651729532973201,0.8761229643470133,0.32301074521605655,0.41374492157588905,0.3602807012976905,0.39736184598927454,0.8939188755827054,0.8761100378099347,0.17676346401566706,0.2207920089334359
14,442,3540,1D Base Case,OpenSees 2-D,232.90156909952378,27.0,0.21875646505504848,1028.941478887828,0.005459608902911755,0.005662345343402596,0.999892194459934,0.9999555090144329,0.003929485744318533,0.004032562542553399,0.5037390453923358,0.5142418777665916,0.9805798574273761,0.9786139916622811,0.1523783944323593,0.1596190495887233,0.6045935979502892,0.5895608659441683,0.6860841555983508,0.7014368431700069,0.45864572898631134,0.4629685933012928,0.5448770511848451,0.5407433951222584,0.706497111406831,0.7123467271184071,0.2076148434854282,0.21133611942196318
14,442,3540,Toro Vs,OpenSees 2-D,232.90156909952378,27.0,0.21875646505504848,1028.941478887828,0.004223671179830998,0.004223671179830998,0.9999551988821151,0.9999551988821151,0.0030078698307217035,0.0030078698307217035,0.5381253995335304,0.5381253995335304,0.9076861812208187,0.9076861812208187,0.12344824804852213,0.12344824804852213,0.5375483995522117,0.5375483995522117,0.7197033652225463,0.7197033652225463,0.44030910259692463,0.44030910259692463,0.5268384565822819,0.5268384565822819,0.810981569195681,0.810981569195681,0.19219541476423288,0.19219541476423288
14,442,3540,Passeri tts,OpenSees 2-D,232.90156909952378,27.0,0.21875646505504848,1028.941478887828,0.0056576574343015825,0.0056576574343015825,0.9999555138695839,0.9999555138695839,0.004029286894477236,0.004029286894477236,0.5119041977149293,0.5119041977149293,0.9791336807564269,0.9791336807564269,0.15884959521514427,0.15884959521514427,0.5690254051159834,0.5690254051159834,0.7090446548552531,0.7090446548552531,0.4598602999941401,0.4598602999941401,0.5292926504130249,0.5292926504130249,0.7238427587833003,0.7238427587833003,0.21001623397555935,0.21001623397555935
14,442,3540,Pretell median,OpenSees 2-D,232.90156909952378,27.0,0.21875646505504848,1028.941478887828,0.0012429067521293495,0.0012429067521293495,0.9999535994578272,0.9999535994578272,0.0009110701931267908,0.0009110701931267908,0.26228002114739446,0.26228002114739446,0.9796124763913628,0.9796124763913628,0.03491471245347624,0.03491471245347624,0.270648728500766,0.270648728500766,0.9375817585997641,0.9375817585997641,0.22320146084115103,0.22320146084115103,0.26091831292052087,0.26091831292052087,0.9593916406773182,0.9593916406773182,0.0889137995980401,0.0889137995980401
14,442,3540,Pretell percentile,OpenSees 2-D,232.90156909952378,27.0,0.21875646505504848,1028.941478887828,0.0026043031959443333,0.0026043031959443333,0.9999477998267586,0.9999477998267586,0.002001709705291712,0.002001709705291712,0.24941634592697912,0.24941634592697912,0.9712108531181405,0.9712108531181405,0.07822937385767685,0.07822937385767685,0.5249296053346111,0.5249296053346111,0.9062504115927653,0.9062504115927653,0.3770433831657046,0.3770433831657046,0.3986536273306823,0.3986536273306823,0.9374111402663786,0.9374111402663786,0.1561345946621518,0.1561345946621518
14,442,3540,Dmult,OpenSees 2-D,232.90156909952378,27.0,0.21875646505504848,1028.941478887828,0.008101935916092987,0.008101935916092987,0.9999532023960002,0.9999532023960002,0.0058201559164201225,0.0058201559164201225,0.6636933002996432,0.6636933002996432,0.9148131297976135,0.9148131297976135,0.24292752984339344,0.24292752984339344,0.6313175742450305,0.6313175742450305,0.6510423270325811,0.6510423270325811,0.4577334016142008,0.4577334016142008,0.6349353329298664,0.6349353329298664,0.7405877974517391,0.7405877974517391,0.23512200408873532,0.23512200408873532
14,442,3540,Dmult p84,OpenSees 2-D,232.90156909952378,27.0,0.21875646505504848,1028.941478887828,0.007042572189840285,0.007042572189840285,0.9999545703650429,0.9999545703650429,0.005039227042847996,0.005039227042847996,0.6259881158172899,0.6259881158172899,0.9345745703418111,0.9345745703418111,0.2128744282194788,0.2128744282194788,0.5814149765296454,0.5814149765296454,0.6810945194862303,0.6810945194862303,0.43536122213142886,0.43536122213142886,0.5924134276093881,0.5924134276093881,0.759870136865119,0.759870136865119,0.21800248567684052,0.21800248567684052
15,893,6755,GINO,OpenSees 2-D,172.4728690775164,98.0,0.12782023753970861,1133.7607909616702,0.08612550495530158,0.07244585957993542,0.99567771900236,0.9959101747980327,0.04615344644682217,0.03771075524769786,0.1421858267079783,0.15253625459640782,0.9854548128965448,0.9830057969530632,0.11465091250670836,0.13098448863602413,0.2848469360931942,0.22582398058994813,0.9057965900366249,0.9443226030061544,0.2416263055599916,0.21058911807797148,0.136992314365622,0.12270121925485675,0.9846395899041147,0.9880768708408447,0.1351181869543973,0.1262003022547915
15,893,6755,1D Base Case,OpenSees 2-D,172.4728690775164,98.0,0.12782023753970861,1133.7607909616702,0.22628221541284352,0.23182650062819127,0.9626635940951301,0.960068881698816,0.06301505985261291,0.06513440504703615,0.5082724901654282,0.5345899174879559,0.7899396212251888,0.7704208176630529,0.14161804375704146,0.15606804263735113,0.5259135497285429,0.557101937386689,0.7701398607538407,0.7574094818231929,0.3835726880194465,0.360611306183796,0.35412960873290733,0.37559083575942864,0.9005625304875755,0.887638530481349,0.19879112488233328,0.1958314117219966
15,893,6755,Toro Vs,OpenSees 2-D,172.4728690775164,98.0,0.12782023753970861,1133.7607909616702,0.5089981700763002,0.5089981700763002,0.8673940197604108,0.8673940197604108,0.09952624101602378,0.09952624101602378,0.688654556030813,0.688654556030813,0.3172541535111235,0.3172541535111235,0.2759326879103263,0.2759326879103263,0.6461448390963146,0.6461448390963146,0.5762380749653384,0.5762380749653384,0.40633431367040085,0.40633431367040085,0.5750930679346327,0.5750930679346327,0.7399207672622291,0.7399207672622291,0.25983100051334657,0.25983100051334657
15,893,6755,Passeri tts,OpenSees 2-D,172.4728690775164,98.0,0.12782023753970861,1133.7607909616702,0.243392977525469,0.243392977525469,0.958878304287269,0.958878304287269,0.06593549025677509,0.06593549025677509,0.5467377646040255,0.5467377646040255,0.7490178687505831,0.7490178687505831,0.15886396416447396,0.15886396416447396,0.5635509321774248,0.5635509321774248,0.7567532974632212,0.7567532974632212,0.3628359359252147,0.3628359359252147,0.3855549889629272,0.3855549889629272,0.8833868098004614,0.8833868098004614,0.1977291884130386,0.1977291884130386
15,893,6755,Pretell median,OpenSees 2-D,172.4728690775164,98.0,0.12782023753970861,1133.7607909616702,0.1212037134083949,0.1212037134083949,0.9924178539749027,0.9924178539749027,0.014898276210810978,0.014898276210810978,0.4858282834679527,0.4858282834679527,0.8723464304143858,0.8723464304143858,0.10365325761800448,0.10365325761800448,0.4875792040848525,0.4875792040848525,0.8942597979330332,0.8942597979330332,0.2944850439922456,0.2944850439922456,0.3089326318064225,0.3089326318064225,0.9277294211320345,0.9277294211320345,0.13938013935647114,0.13938013935647114
15,893,6755,Pretell percentile,OpenSees 2-D,172.4728690775164,98.0,0.12782023753970861,1133.7607909616702,0.202955199277175,0.202955199277175,0.9819964093888415,0.9819964093888415,0.06388330252908424,0.06388330252908424,0.4465803666782985,0.4465803666782985,0.8488256648021325,0.8488256648021325,0.10527548500179,0.10527548500179,0.43177429474612244,0.43177429474612244,0.8628305118260309,0.8628305118260309,0.27939789312673136,0.27939789312673136,0.31185622750995945,0.31185622750995945,0.9156292649865329,0.9156292649865329,0.15173106398007247,0.15173106398007247
15,893,6755,Dmult,OpenSees 2-D,172.4728690775164,98.0,0.12782023753970861,1133.7607909616702,0.6522057113372237,0.6522057113372237,0.8747173826253924,0.8747173826253924,0.24466823919861924,0.24466823919861924,0.7748868490068437,0.7748868490068437,0.17472957880055046,0.17472957880055046,0.47399871990414594,0.47399871990414594,0.8900441161414769,0.8900441161414769,0.6290448540064546,0.6290448540064546,2.464887695789281,2.464887695789281,0.7152315830860265,0.7152315830860265,0.6206254988461736,0.6206254988461736,1.090544193217009,1.090544193217009
15,893,6755,Dmult p84,OpenSees 2-D,172.4728690775164,98.0,0.12782023753970861,1133.7607909616702,0.5928985059842329,0.5928985059842329,0.8939738700934889,0.8939738700934889,0.19029692137042664,0.19029692137042664,0.7427102868693126,0.7427102868693126,0.2724318581254146,0.2724318581254146,0.3691673095846027,0.3691673095846027,0.8464092384262131,0.8464092384262131,0.6357334707438231,0.6357334707438231,1.8772088675469294,1.8772088675469294,0.6660765414960073,0.6660765414960073,0.6874740750171029,0.6874740750171029,0.8343772189964556,0.8343772189964556
16,861,6535,GINO,OpenSees 2-D,176.01347809939273,20.0,0.2044354684650898,1185.2351935758222,0.15815090802808154,0.1559428497472766,0.27072018788845914,-0.017413098680175574,0.15414448343445392,0.11491905097013715,0.19229452143335432,0.08592761974006323,0.9908277075963563,0.9938311238132155,0.07141898876176744,0.04578213189517557,0.3331497559690546,0.25529263242497163,0.9503560967679819,0.9564598562184163,0.2190315778599326,0.2515327934762903,0.2923312098743032,0.21878538159387534,0.9384175535095106,0.9548321645498382,0.1520373180815655,0.14199278512480226
16,861,6535,1D Base Case,OpenSees 2-D,176.01347809939273,20.0,0.2044354684650898,1185.2351935758222,0.003859261427469992,0.00224209340944942,0.9996871285538343,0.9998080344340232,0.002569920388592666,0.0016841364389354311,0.3798438846656736,0.18595450356185664,0.9888341317000502,0.9978207030735271,0.08915246445377878,0.05930911617724601,0.46617662864961884,0.3931986224589199,0.8332223581633429,0.8657289608303036,0.30063224486810763,0.2640144369219253,0.4311607674323006,0.3385590706904564,0.8490492729339688,0.8881402485159857,0.13286649717597876,0.11078723552947507
16,861,6535,Toro Vs,OpenSees 2-D,176.01347809939273,20.0,0.2044354684650898,1185.2351935758222,0.0009361937456396395,0.0009361937456396395,0.9997971729117529,0.9997971729117529,0.0007449462976088137,0.0007449462976088137,0.17794695312839015,0.17794695312839015,0.9740269114984595,0.9740269114984595,0.023027594074126856,0.023027594074126856,0.3989829330414977,0.3989829330414977,0.8800256108445652,0.8800256108445652,0.31017719994098025,0.31017719994098025,0.3420537689023215,0.3420537689023215,0.9127734409938862,0.9127734409938862,0.11573102940574423,0.11573102940574423
16,861,6535,Passeri tts,OpenSees 2-D,176.01347809939273,20.0,0.2044354684650898,1185.2351935758222,0.0022377049892235846,0.0022377049892235846,0.999807940189024,0.999807940189024,0.0016811436083863534,0.0016811436083863534,0.18297413584937292,0.18297413584937292,0.9979804444112442,0.9979804444112442,0.05864268474625045,0.05864268474625045,0.3684717045583177,0.3684717045583177,0.8735680169532921,0.8735680169532921,0.26091508632070715,0.26091508632070715,0.31853417838734405,0.31853417838734405,0.8964463159078325,0.8964463159078325,0.10950148589905784,0.10950148589905784
16,861,6535,Pretell median,OpenSees 2-D,176.01347809939273,20.0,0.2044354684650898,1185.2351935758222,0.0009649319819451153,0.0009649319819451153,0.9997917988349362,0.9997917988349362,0.0008138765819563357,0.0008138765819563357,0.11999267946820273,0.11999267946820273,0.9991494870069673,0.9991494870069673,0.029117998208206163,0.029117998208206163,0.25516508283093375,0.25516508283093375,0.9315049311727973,0.9315049311727973,0.2097038203170932,0.2097038203170932,0.21961015769200898,0.21961015769200898,0.9462862091523548,0.9462862091523548,0.08241659337712917,0.08241659337712917
16,861,6535,Pretell percentile,OpenSees 2-D,176.01347809939273,20.0,0.2044354684650898,1185.2351935758222,0.004419311459121142,0.004419311459121142,0.9997718839439773,0.9997718839439773,0.0034003190885969806,0.0034003190885969806,0.6090965604466835,0.6090965604466835,0.993826126601159,0.993826126601159,0.12795628050658303,0.12795628050658303,0.4787565478303859,0.4787565478303859,0.925282188437632,0.925282188437632,0.2717238102485071,0.2717238102485071,0.5025955530716271,0.5025955530716271,0.9448827347043651,0.9448827347043651,0.13468032941996136,0.13468032941996136
16,861,6535,Dmult,OpenSees 2-D,176.01347809939273,20.0,0.2044354684650898,1185.2351935758222,0.005355893401608821,0.005355893401608821,0.9998240083458733,0.9998240083458733,0.003873085066289715,0.003873085066289715,0.41540565119643424,0.41540565119643424,0.9621833787235897,0.9621833787235897,0.15414535029270626,0.15414535029270626,0.5809556460144705,0.5809556460144705,0.8160685605219535,0.8160685605219535,0.5128955614513223,0.5128955614513223,0.5247146982881608,0.5247146982881608,0.8443882741266324,0.8443882741266324,0.2271126313689761,0.2271126313689761
16,861,6535,Dmult p84,OpenSees 2-D,176.01347809939273,20.0,0.2044354684650898,1185.2351935758222,0.004075852139700263,0.004075852139700263,0.9998182457371307,0.9998182457371307,0.0029655625678401396,0.0029655625678401396,0.3600545736051931,0.3600545736051931,0.9743799845933069,0.9743799845933069,0.12189574695139307,0.12189574695139307,0.5096645961589943,0.5096645961589943,0.8495518006343272,0.8495518006343272,0.4204947456669993,0.4204947456669993,0.45943374676574966,0.45943374676574966,0.8841784540697418,0.8841784540697418,0.1847798319676117,0.1847798319676117
17,385,3063,GINO,OpenSees 2-D,162.8854639149095,31.0,0.2589456051588058,961.1735787268042,0.08377087453240319,0.07374944227669106,0.7178999658745621,0.6452389512728631,0.06750852523106536,0.05817281402526267,0.31402912008051526,0.09518991166748202,0.9336604222624187,0.9968341173744548,0.16339092420950516,0.14425832819616427,0.4656741712465615,0.5038970403041622,0.7048437546802553,0.8002202715023207,0.36307008293591136,0.37200290650504925,0.3316551268725093,0.2279708016464407,0.923268740745763,0.9612223886734589,0.19971979012129346,0.19383900064445847
17,385,3063,1D Base Case,OpenSees 2-D,162.8854639149095,31.0,0.2589456051588058,961.1735787268042,0.023940165119635006,0.030619205392427174,0.9998982503470107,0.9995311800050962,0.014577817074806699,0.02224887534298068,0.7136381503295292,0.7442239457002661,0.5413432879416078,0.3725273590650722,0.3764410436477724,0.4869503095447871,0.651803743474281,0.8072744379002041,0.22500703260929447,-0.1394356572327113,0.45527999218869414,0.6155284768980254,0.6921414949484631,0.7448326762842041,0.6095671765350624,0.4396389473978451,0.2773825463365571,0.36930716614778825
17,385,3063,Toro Vs,OpenSees 2-D,162.8854639149095,31.0,0.2589456051588058,961.1735787268042,0.026151242151550767,0.026151242151550767,0.9996350277721288,0.9996350277721288,0.01915993266792309,0.01915993266792309,0.6815651763369632,0.6815651763369632,0.616257163974525,0.616257163974525,0.42544857939978686,0.42544857939978686,0.7167490551879088,0.7167490551879088,0.21576754979951746,0.21576754979951746,0.46100891181700415,0.46100891181700415,0.6778774360887935,0.6778774360887935,0.6449213880629316,0.6449213880629316,0.2956936693896606,0.2956936693896606
17,385,3063,Passeri tts,OpenSees 2-D,162.8854639149095,31.0,0.2589456051588058,961.1735787268042,0.03060145785413965,0.03060145785413965,0.9995322736326868,0.9995322736326868,0.022237390944613043,0.022237390944613043,0.7355991721449463,0.7355991721449463,0.3848508865191948,0.3848508865191948,0.48490530850550073,0.48490530850550073,0.8007829217150612,0.8007829217150612,-0.136608969177522,-0.136608969177522,0.609158423111323,0.609158423111323,0.736747361792523,0.736747361792523,0.4511317741396243,0.4511317741396243,0.3664601274712278,0.3664601274712278
17,385,3063,Pretell median,OpenSees 2-D,162.8854639149095,31.0,0.2589456051588058,961.1735787268042,0.016341037603097977,0.016341037603097977,0.9997257662780689,0.9997257662780689,0.012288984334086324,0.012288984334086324,0.5946321065258322,0.5946321065258322,0.730826066374349,0.730826066374349,0.2843454104429329,0.2843454104429329,0.6745968194015375,0.6745968194015375,0.44997595568225524,0.44997595568225524,0.4479179773627289,0.4479179773627289,0.6008457502087372,0.6008457502087372,0.7391483297238453,0.7391483297238453,0.24637605972676518,0.24637605972676518
17,385,3063,Pretell percentile,OpenSees 2-D,162.8854639149095,31.0,0.2589456051588058,961.1735787268042,0.0030660636223976967,0.0030660636223976967,0.9998531420687528,0.9998531420687528,0.0023347775651629153,0.0023347775651629153,0.6381432093439019,0.6381432093439019,0.6218130708212927,0.6218130708212927,0.36817354825604104,0.36817354825604104,0.6779058244613038,0.6779058244613038,0.3340243314351719,0.3340243314351719,0.5201143880989307,0.5201143880989307,0.6359488309343385,0.6359488309343385,0.6615985663719361,0.6615985663719361,0.2933092724592451,0.2933092724592451
17,385,3063,Dmult,OpenSees 2-D,162.8854639149095,31.0,0.2589456051588058,961.1735787268042,0.04087598373140647,0.04087598373140647,0.9992922199288338,0.9992922199288338,0.029527599308705514,0.029527599308705514,0.7823655234326553,0.7823655234326553,0.4956806355339294,0.4956806355339294,0.5054970500278563,0.5054970500278563,0.8225509323801002,0.8225509323801002,0.15084340154826037,0.15084340154826037,0.8783984884118448,0.8783984884118448,0.778109425726092,0.778109425726092,0.5101371101903135,0.5101371101903135,0.4694232457105495,0.4694232457105495
17,385,3063,Dmult p84,OpenSees 2-D,162.8854639149095,31.0,0.2589456051588058,961.1735787268042,0.03677387199357378,0.03677387199357378,0.9993921540672519,0.9993921540672519,0.026593199078692294,0.026593199078692294,0.7575992766424392,0.7575992766424392,0.4934169586792437,0.4934169586792437,0.4829437270526802,0.4829437270526802,0.8009475375078741,0.8009475375078741,0.12295188783638288,0.12295188783638288,0.7420660114422251,0.7420660114422251,0.7542992101379083,0.7542992101379083,0.5343021515642454,0.5343021515642454,0.4139138417981252,0.4139138417981252
18,332,2569,GINO,OpenSees 2-D,246.08046267776467,92.0,0.24687292855232953,1118.5697265269964,0.0674548561414555,0.053337036804135665,0.9952861087178609,0.9958131614978781,0.04463113302771301,0.046618302597395314,0.27429345860447896,0.29473087843491214,0.924001368979277,0.9196002985315576,0.2112887241442872,0.21230162700283906,0.4892752381404862,0.32379511658350546,0.5482271445102815,0.7996137814393541,0.3875364634044858,0.2953922884407289,0.30783962996259434,0.2817111308396918,0.9044926168107766,0.926138983849272,0.21464527599455574,0.18339419496419518
18,332,2569,1D Base Case,OpenSees 2-D,246.08046267776467,92.0,0.24687292855232953,1118.5697265269964,0.19302268294146288,0.19157746305876178,0.9935974374820699,0.9936173006056792,0.08118357006149059,0.07933422854033972,0.696136886414866,0.6959105779746101,0.4631459360035001,0.457392792458698,0.44341704048742453,0.41127513051445397,0.6267123605685828,0.621751561082833,0.2520586617180896,0.15285367062644303,0.4626220164665141,0.4447218297782071,0.6469457412915091,0.6458913257579229,0.5530944431630026,0.5556460333731986,0.323357067431029,0.3068021595658276
18,332,2569,Toro Vs,OpenSees 2-D,246.08046267776467,92.0,0.24687292855232953,1118.5697265269964,0.13711410969436985,0.13711410969436985,0.9984488999505948,0.9984488999505948,0.05719321423926559,0.05719321423926559,0.5159292052569084,0.5159292052569084,0.665557776763408,0.665557776763408,0.3838557886699976,0.3838557886699976,0.5101990823413741,0.5101990823413741,0.4427321829727672,0.4427321829727672,0.32183961802121713,0.32183961802121713,0.48563140914062347,0.48563140914062347,0.738481084658059,0.738481084658059,0.24781822789216823,0.24781822789216823
18,332,2569,Passeri tts,OpenSees 2-D,246.08046267776467,92.0,0.24687292855232953,1118.5697265269964,0.19117533494503552,0.19117533494503552,0.993685756616456,0.993685756616456,0.07918757039927436,0.07918757039927436,0.6761726269658481,0.6761726269658481,0.46977224487723496,0.46977224487723496,0.4080166685668537,0.4080166685668537,0.6093732895559549,0.6093732895559549,0.16521811379090268,0.16521811379090268,0.4301201234536106,0.4301201234536106,0.628464647011725,0.628464647011725,0.567696042148693,0.567696042148693,0.30066269341856583,0.30066269341856583
18,332,2569,Pretell median,OpenSees 2-D,246.08046267776467,92.0,0.24687292855232953,1118.5697265269964,0.001830949957043542,0.001830949957043542,0.9999901880378249,0.9999901880378249,0.0013643523126264567,0.0013643523126264567,0.22013496371423966,0.22013496371423966,0.9474603626117688,0.9474603626117688,0.1366653516204198,0.1366653516204198,0.5280867218254942,0.5280867218254942,0.4135234489188539,0.4135234489188539,0.3904915583692098,0.3904915583692098,0.27384769793385827,0.27384769793385827,0.922442476380216,0.922442476380216,0.17814917422476864,0.17814917422476864
18,332,2569,Pretell percentile,OpenSees 2-D,246.08046267776467,92.0,0.24687292855232953,1118.5697265269964,0.13723866443248006,0.13723866443248006,0.9975414721586436,0.9975414721586436,0.04119802997049017,0.04119802997049017,0.6415713689604633,0.6415713689604633,0.9179853766370336,0.9179853766370336,0.24969710579240817,0.24969710579240817,0.4830558039718942,0.4830558039718942,0.5071630069618327,0.5071630069618327,0.42607731077644306,0.42607731077644306,0.5828729239128044,0.5828729239128044,0.9056729721435534,0.9056729721435534,0.23845550099914906,0.23845550099914906
18,332,2569,Dmult,OpenSees 2-D,246.08046267776467,92.0,0.24687292855232953,1118.5697265269964,0.24285415818504413,0.24285415818504413,0.9871989395548482,0.9871989395548482,0.1062653694748402,0.1062653694748402,0.6311835494362922,0.6311835494362922,0.5359883489700923,0.5359883489700923,0.4637546123865981,0.4637546123865981,0.7494066068245293,0.7494066068245293,0.38160478859669916,0.38160478859669916,1.2137805168669848,1.2137805168669848,0.6170745129655185,0.6170745129655185,0.6106252259966845,0.6106252259966845,0.6011424439356181,0.6011424439356181
18,332,2569,Dmult p84,OpenSees 2-D,246.08046267776467,92.0,0.24687292855232953,1118.5697265269964,0.2225191998301777,0.2225191998301777,0.9898984327838881,0.9898984327838881,0.09488719946442897,0.09488719946442897,0.5991509054829397,0.5991509054829397,0.5422529722341415,0.5422529722341415,0.43164824464438106,0.43164824464438106,0.6911809044434226,0.6911809044434226,0.365788418944486,0.365788418944486,0.8753595097981426,0.8753595097981426,0.5819855228303158,0.5819855228303158,0.6316046529417507,0.6316046529417507,0.46908082163521436,0.46908082163521436
19,790,6073,GINO,OpenSees 2-D,185.7519503247115,55.0,0.2536833180114627,944.8379616276762,0.07688879260542766,0.094916912855392,0.940815345653599,0.8837858567568411,0.062629241557048,0.07848097236041383,0.26948961526469095,0.27504711173842666,0.9337036837922351,0.9237408122516966,0.14911038141340116,0.15653771746993056,0.40214964944202336,0.40567533390633037,0.7910397595929443,0.7469862219773141,0.35317449196104816,0.34040745352623714,0.30412268826612415,0.30996286500302106,0.9144950463947853,0.9002470902367469,0.190264421155354,0.19357226430130697
19,790,6073,1D Base Case,OpenSees 2-D,185.7519503247115,55.0,0.2536833180114627,944.8379616276762,0.03447655151747026,0.029845048349266705,0.9998211771911101,0.9998327978414957,0.01979936601050021,0.01714124087621383,0.4324602755478189,0.4282414278873065,0.8084482761988541,0.8032617739898043,0.23103962575037854,0.21259485421818797,0.5477817458208143,0.5266025591011525,0.5665378727801476,0.5225532799995382,0.49272259351469333,0.4629558326987872,0.45462958461263586,0.4457629943559227,0.7884096230679232,0.7854393077412164,0.24869457355893135,0.23181243201670673
19,790,6073,Toro Vs,OpenSees 2-D,185.7519503247115,55.0,0.2536833180114627,944.8379616276762,0.012226101599778274,0.012226101599778274,0.9999979110433188,0.9999979110433188,0.007589515360797052,0.007589515360797052,0.48449200041028506,0.48449200041028506,0.839141248647108,0.839141248647108,0.2436953249994077,0.2436953249994077,0.5837982389494332,0.5837982389494332,0.4322815316968534,0.4322815316968534,0.48350049197577355,0.48350049197577355,0.5004423809094418,0.5004423809094418,0.7741938828371988,0.7741938828371988,0.244990100067622,0.244990100067622
19,790,6073,Passeri tts,OpenSees 2-D,185.7519503247115,55.0,0.2536833180114627,944.8379616276762,0.029742568411429374,0.029742568411429374,0.9998360483497668,0.9998360483497668,0.017092413900446392,0.017092413900446392,0.4157482463249152,0.4157482463249152,0.8126554161838992,0.8126554161838992,0.21166045250409762,0.21166045250409762,0.5256385612915283,0.5256385612915283,0.5333823162794963,0.5333823162794963,0.462529622975425,0.462529622975425,0.4374206541257436,0.4374206541257436,0.7926095109060576,0.7926095109060576,0.23136584865778426,0.23136584865778426
19,790,6073,Pretell median,OpenSees 2-D,185.7519503247115,55.0,0.2536833180114627,944.8379616276762,0.006054922740496575,0.006054922740496575,0.99999889816442,0.99999889816442,0.003532695835846414,0.003532695835846414,0.1262431401892613,0.1262431401892613,0.9875273815092903,0.9875273815092903,0.07280936874419441,0.07280936874419441,0.42156576791723926,0.42156576791723926,0.7012636013065668,0.7012636013065668,0.33769716607201844,0.33769716607201844,0.2428621011034474,0.2428621011034474,0.9425674975612128,0.9425674975612128,0.14127326229101103,0.14127326229101103
19,790,6073,Pretell percentile,OpenSees 2-D,185.7519503247115,55.0,0.2536833180114627,944.8379616276762,0.032283915727864376,0.032283915727864376,0.9998950461599985,0.9998950461599985,0.017690156357444795,0.017690156357444795,0.35896353447946616,0.35896353447946616,0.9743266751574761,0.9743266751574761,0.23006319573194783,0.23006319573194783,0.3699968387397258,0.3699968387397258,0.6797152127813135,0.6797152127813135,0.23698967577283148,0.23698967577283148,0.3519971965252918,0.3519971965252918,0.9402684442213265,0.9402684442213265,0.15815689996518104,0.15815689996518104
19,790,6073,Dmult,OpenSees 2-D,185.7519503247115,55.0,0.2536833180114627,944.8379616276762,0.06100539257048803,0.06100539257048803,0.9990905456012034,0.9990905456012034,0.03575555783315995,0.03575555783315995,0.6291307111189748,0.6291307111189748,0.7825460140832842,0.7825460140832842,0.2984286920574568,0.2984286920574568,0.8084132317264877,0.8084132317264877,0.41719798630575866,0.41719798630575866,1.5760866296995768,1.5760866296995768,0.6662577443485925,0.6662577443485925,0.5908461487667832,0.5908461487667832,0.6536733732536949,0.6536733732536949
19,790,6073,Dmult p84,OpenSees 2-D,185.7519503247115,55.0,0.2536833180114627,944.8379616276762,0.04874780123968366,0.04874780123968366,0.9994412483108938,0.9994412483108938,0.028219718722439217,0.028219718722439217,0.5734884905037512,0.5734884905037512,0.8060433579926581,0.8060433579926581,0.25843732034118533,0.25843732034118533,0.7579093239123695,0.7579093239123695,0.4559709575143692,0.4559709575143692,1.2705363909055956,1.2705363909055956,0.6142754864904378,0.6142754864904378,0.6672132262336086,0.6672132262336086,0.5320958344721678,0.5320958344721678
20,359,2865,GINO,OpenSees 2-D,177.79504469842436,99.0,0.21498431377112864,999.5990701320469,0.16579678549268118,0.16434372647773568,0.983018191999367,0.9835779669748211,0.049844314816686996,0.04782425246832736,0.39878045123722655,0.33505815956879015,0.9215452014356725,0.9149713955876082,0.20064715682382378,0.18367413947866107,0.38143175771347004,0.3084246603293027,0.8713387497267194,0.8599795234658176,0.31929283545068443,0.27103828634677757,0.25241519235818366,0.22023640510611614,0.9556773850194166,0.9668476769701705,0.18939214964072718,0.16670413042888502
20,359,2865,1D Base Case,OpenSees 2-D,177.79504469842436,99.0,0.21498431377112864,999.5990701320469,0.5106194187344584,0.5168934437059851,0.7672640518236462,0.7655758574688057,0.17226735269177887,0.17758849390774828,0.6463448078847588,0.6502721408203043,0.5395000013918569,0.5101775275642293,0.30594395083256526,0.31075489176355314,0.623244238761941,0.44796776099306396,0.5725493066988716,0.7582668942421569,0.4300817583714827,0.3208312655502158,0.5502487601875065,0.5420381996937366,0.7352917558002187,0.7492794141815695,0.30260537412191113,0.26767338333935337
20,359,2865,Toro Vs,OpenSees 2-D,177.79504469842436,99.0,0.21498431377112864,999.5990701320469,0.6010651454374422,0.6010651454374422,0.8240589336669509,0.8240589336669509,0.14790433644980433,0.14790433644980433,0.7287476313736363,0.7287476313736363,0.25899004912973833,0.25899004912973833,0.4016924594141009,0.4016924594141009,0.5239661272081082,0.5239661272081082,0.6814034597218608,0.6814034597218608,0.3112517880027077,0.3112517880027077,0.6240043665885996,0.6240043665885996,0.7346486054959395,0.7346486054959395,0.28121238138260946,0.28121238138260946
20,359,2865,Passeri tts,OpenSees 2-D,177.79504469842436,99.0,0.21498431377112864,999.5990701320469,0.511732318505269,0.511732318505269,0.7761710831309974,0.7761710831309974,0.1759623673690881,0.1759623673690881,0.6511672527421518,0.6511672527421518,0.5093293728982533,0.5093293728982533,0.311782761843945,0.311782761843945,0.4493292289737164,0.4493292289737164,0.7698396688452326,0.7698396688452326,0.3133980537064408,0.3133980537064408,0.5387193919139055,0.5387193919139055,0.7570552587822051,0.7570552587822051,0.26481097592961866,0.26481097592961866
20,359,2865,Pretell median,OpenSees 2-D,177.79504469842436,99.0,0.21498431377112864,999.5990701320469,0.33961442986259444,0.33961442986259444,0.9512036354727144,0.9512036354727144,0.04610968273658288,0.04610968273658288,0.5627999382670199,0.5627999382670199,0.8409109730294662,0.8409109730294662,0.1311797689001567,0.1311797689001567,0.3671854971536594,0.3671854971536594,0.9201492105786042,0.9201492105786042,0.32584325963803334,0.32584325963803334,0.39593555394201585,0.39593555394201585,0.9178084445219603,0.9178084445219603,0.1695374605011627,0.1695374605011627
20,359,2865,Pretell percentile,OpenSees 2-D,177.79504469842436,99.0,0.21498431377112864,999.5990701320469,0.25715823173603525,0.25715823173603525,0.9493406337824359,0.9493406337824359,0.10491064569725575,0.10491064569725575,0.5123086359759351,0.5123086359759351,0.7884775887931104,0.7884775887931104,0.22549763774954312,0.22549763774954312,0.26116964430480466,0.26116964430480466,0.911211688765946,0.911211688765946,0.18715415517782139,0.18715415517782139,0.3246452472812799,0.3246452472812799,0.9148348639201563,0.9148348639201563,0.16987197163113993,0.16987197163113993
20,359,2865,Dmult,OpenSees 2-D,177.79504469842436,99.0,0.21498431377112864,999.5990701320469,0.724090564409181,0.724090564409181,0.7906290196358052,0.7906290196358052,0.2969358724545435,0.2969358724545435,0.7948037283346533,0.7948037283346533,0.12509230344388197,0.12509230344388197,0.42110002813510167,0.42110002813510167,0.8462023949384267,0.8462023949384267,0.7635856233543399,0.7635856233543399,2.3142526089388498,2.3142526089388498,0.7472569281374818,0.7472569281374818,0.6084977456949152,0.6084977456949152,1.0402459769282184,1.0402459769282184
20,359,2865,Dmult p84,OpenSees 2-D,177.79504469842436,99.0,0.21498431377112864,999.5990701320469,0.6810856960771129,0.6810856960771129,0.7985784512583964,0.7985784512583964,0.25015809357057994,0.25015809357057994,0.7689614279058812,0.7689614279058812,0.19965062463105462,0.19965062463105462,0.3665946519188422,0.3665946519188422,0.7870073087270959,0.7870073087270959,0.761493126580379,0.761493126580379,1.742228427289637,1.742228427289637,0.7067925791551742,0.7067925791551742,0.6617007794141236,0.6617007794141236,0.8073136778767286,0.8073136778767286
21,590,4494,GINO,OpenSees 2-D,162.81304167035267,78.0,0.14987990651279687,1201.8775771934456,0.13878251249123813,0.18011480778261058,0.9929023841124691,0.9915001364410609,0.04123384672499005,0.04032901982063006,0.3051465694741054,0.3295916086964045,0.9306265475408105,0.9318213699145061,0.15998951510419696,0.14200124828075128,0.4233512656926145,0.4040554666441572,0.7793876775347004,0.8224765940825283,0.3112060562296775,0.27939821189602604,0.27293828242739926,0.28949941173383464,0.940573815139693,0.9513978951896453,0.17135082056539272,0.154504905585055
21,590,4494,1D Base Case,OpenSees 2-D,162.81304167035267,78.0,0.14987990651279687,1201.8775771934456,0.2151452696723655,0.1918434652045445,0.9916780892710042,0.9915111231175608,0.05803070838869924,0.05260595009941874,0.5044065318796863,0.5193502284517227,0.7995860465736148,0.7685563244483117,0.18761432053335245,0.198962350254816,0.4625613636697269,0.34279845213355503,0.8274324685319856,0.8740501313496698,0.2931376192340359,0.235226355094088,0.4055891275189874,0.40078526453175783,0.8324141792739974,0.8371481203139635,0.17919321082796305,0.16043001189417216
21,590,4494,Toro Vs,OpenSees 2-D,162.81304167035267,78.0,0.14987990651279687,1201.8775771934456,0.31561881163382016,0.31561881163382016,0.9492787557498571,0.9492787557498571,0.03892428912727797,0.03892428912727797,0.5200891060727838,0.5200891060727838,0.6379057993168954,0.6379057993168954,0.25569002149346254,0.25569002149346254,0.49380996357279205,0.49380996357279205,0.5253920727642233,0.5253920727642233,0.323138034125098,0.323138034125098,0.4464343251180831,0.4464343251180831,0.7959358202065475,0.7959358202065475,0.20342881958637038,0.20342881958637038
21,590,4494,Passeri tts,OpenSees 2-D,162.81304167035267,78.0,0.14987990651279687,1201.8775771934456,0.18878741837922564,0.18878741837922564,0.9923786111953277,0.9923786111953277,0.051952118932386895,0.051952118932386895,0.5036544814887911,0.5036544814887911,0.7647645043822004,0.7647645043822004,0.19972892314823762,0.19972892314823762,0.35307487941663873,0.35307487941663873,0.8711909920761854,0.8711909920761854,0.23541742149841388,0.23541742149841388,0.3910881862539316,0.3910881862539316,0.8401702736301264,0.8401702736301264,0.16049801609525155,0.16049801609525155
21,590,4494,Pretell median,OpenSees 2-D,162.81304167035267,78.0,0.14987990651279687,1201.8775771934456,0.07442672474955309,0.07442672474955309,0.9967437118556437,0.9967437118556437,0.007294568713998997,0.007294568713998997,0.38779151397265654,0.38779151397265654,0.8299859824646443,0.8299859824646443,0.182644660552572,0.182644660552572,0.34655082511918966,0.34655082511918966,0.8961080567301417,0.8961080567301417,0.2368926565594148,0.2368926565594148,0.2987276789876175,0.2987276789876175,0.9090574313056955,0.9090574313056955,0.14025892701146644,0.14025892701146644
21,590,4494,Pretell percentile,OpenSees 2-D,162.81304167035267,78.0,0.14987990651279687,1201.8775771934456,0.36048571054074324,0.36048571054074324,0.9947915062179895,0.9947915062179895,0.05455655090842466,0.05455655090842466,0.564217586589695,0.564217586589695,0.7968379326816103,0.7968379326816103,0.1593653606116328,0.1593653606116328,0.27668691986471805,0.27668691986471805,0.8887116698113162,0.8887116698113162,0.2358489639345897,0.2358489639345897,0.46664167600041956,0.46664167600041956,0.8929530562529869,0.8929530562529869,0.1494515383785449,0.1494515383785449
21,590,4494,Dmult,OpenSees 2-D,162.81304167035267,78.0,0.14987990651279687,1201.8775771934456,0.529542548596429,0.529542548596429,0.9481792657942565,0.9481792657942565,0.1688158428966397,0.1688158428966397,0.6470276724852569,0.6470276724852569,0.543800810226959,0.543800810226959,0.45683549544701657,0.45683549544701657,0.8293500218644428,0.8293500218644428,0.514410528329061,0.514410528329061,1.9733944300727122,1.9733944300727122,0.6255460155481296,0.6255460155481296,0.666755936928996,0.666755936928996,0.8868242441733782,0.8868242441733782
21,590,4494,Dmult p84,OpenSees 2-D,162.81304167035267,78.0,0.14987990651279687,1201.8775771934456,0.46909685030730874,0.46909685030730874,0.9652485078214696,0.9652485078214696,0.13357014252890176,0.13357014252890176,0.5932977624680086,0.5932977624680086,0.604276603983608,0.604276603983608,0.34910147454587226,0.34910147454587226,0.7656152436083898,0.7656152436083898,0.5674940863132703,0.5674940863132703,1.4760005303510946,1.4760005303510946,0.5688024869106454,0.5688024869106454,0.7263045920608708,0.7263045920608708,0.6680801778717604,0.6680801778717604
22,504,3974,GINO,OpenSees 2-D,166.9827449821557,41.0,0.27678801529109476,858.6420902239915,0.061345345017385554,0.03965285149626524,0.9070545254618995,0.9609087742805009,0.04972900204410934,0.03437881544745727,0.10470578466517663,0.06942492721006503,0.9940771598892508,0.9962358787724017,0.08886709622300268,0.077817125030907,0.38971345256798917,0.3529845304213833,0.7952082785186388,0.8735830299491518,0.31523851134395037,0.3982041331771905,0.20425909551321572,0.17633098942403203,0.957674601182181,0.9724034234693195,0.1543987585527217,0.17474916952789885
22,504,3974,1D Base Case,OpenSees 2-D,166.9827449821557,41.0,0.27678801529109476,858.6420902239915,0.04376595415779321,0.053141554264587616,0.9996930378192368,0.999749056595863,0.027612242250987268,0.033247529547027505,0.6746657328841412,0.6440899593178738,0.4974504657494527,0.5251556470214396,0.41191233427298457,0.4729109305470618,0.6407696909487566,0.7120183326267414,0.22916608240172184,0.12052123494207867,0.5059518705230155,0.6464761196012273,0.6475788513347654,0.6452261352782702,0.5583096858302616,0.5623779633084836,0.31032113975279635,0.3797765563660078
22,504,3974,Toro Vs,OpenSees 2-D,166.9827449821557,41.0,0.27678801529109476,858.6420902239915,0.044147189584688516,0.044147189584688516,0.9999057941273648,0.9999057941273648,0.027541929576828324,0.027541929576828324,0.5617784853769558,0.5617784853769558,0.7496051650559306,0.7496051650559306,0.43613346123566155,0.43613346123566155,0.6484687198690918,0.6484687198690918,0.532833098240597,0.532833098240597,0.5108647801757068,0.5108647801757068,0.5695482588602998,0.5695482588602998,0.7402288848056818,0.7402288848056818,0.31928238678408577,0.31928238678408577
22,504,3974,Passeri tts,OpenSees 2-D,166.9827449821557,41.0,0.27678801529109476,858.6420902239915,0.05309828342372634,0.05309828342372634,0.9997510293639857,0.9997510293639857,0.03322273761772646,0.03322273761772646,0.6306025141241697,0.6306025141241697,0.5389291215420156,0.5389291215420156,0.47126028698837213,0.47126028698837213,0.7039557331640559,0.7039557331640559,0.13821861024199564,0.13821861024199564,0.6377495247217615,0.6377495247217615,0.6333917012617463,0.6333917012617463,0.5751865939262744,0.5751865939262744,0.37621837791533247,0.37621837791533247
22,504,3974,Pretell median,OpenSees 2-D,166.9827449821557,41.0,0.27678801529109476,858.6420902239915,0.013275028376344682,0.013275028376344682,0.9999953395618086,0.9999953395618086,0.008029547753099553,0.008029547753099553,0.3028107692785264,0.3028107692785264,0.9642864743221613,0.9642864743221613,0.14073255688269942,0.14073255688269942,0.5094104654720727,0.5094104654720727,0.8133494134933037,0.8133494134933037,0.39100680599842885,0.39100680599842885,0.35287631569198225,0.35287631569198225,0.9314293016520964,0.9314293016520964,0.1818824908778448,0.1818824908778448
22,504,3974,Pretell percentile,OpenSees 2-D,166.9827449821557,41.0,0.27678801529109476,858.6420902239915,0.012903652270606532,0.012903652270606532,0.9998985865770194,0.9998985865770194,0.007929875785409924,0.007929875785409924,0.33954426266252835,0.33954426266252835,0.9290011156680815,0.9290011156680815,0.2966274309917569,0.2966274309917569,0.4349253376378929,0.4349253376378929,0.7912334075942338,0.7912334075942338,0.4891430604867308,0.4891430604867308,0.35541057201777215,0.35541057201777215,0.9060588431846259,0.9060588431846259,0.26296375699277635,0.26296375699277635
22,504,3974,Dmult,OpenSees 2-D,166.9827449821557,41.0,0.27678801529109476,858.6420902239915,0.07214499319840094,0.07214499319840094,0.9993097632462292,0.9993097632462292,0.045990201358256,0.045990201358256,0.6974468462421526,0.6974468462421526,0.6451175374778875,0.6451175374778875,0.48973827710495643,0.48973827710495643,0.8110720267746537,0.8110720267746537,0.38321620450503274,0.38321620450503274,1.010447831011855,1.010447831011855,0.7086748369474234,0.7086748369474234,0.5791598272633001,0.5791598272633001,0.5166747944610257,0.5166747944610257
22,504,3974,Dmult p84,OpenSees 2-D,166.9827449821557,41.0,0.27678801529109476,858.6420902239915,0.06463865338995438,0.06463865338995438,0.9995030104169171,0.9995030104169171,0.04087208516148353,0.04087208516148353,0.6605547296848147,0.6605547296848147,0.6457362437451288,0.6457362437451288,0.4638541604211386,0.4638541604211386,0.7748514750094051,0.7748514750094051,0.38904226391481495,0.38904226391481495,0.784094121474322,0.784094121474322,0.6728642218017725,0.6728642218017725,0.6204470366233119,0.6204470366233119,0.42789442044887355,0.42789442044887355
23,962,7407,GINO,OpenSees 2-D,190.93246261753734,22.0,0.15516961738467216,1255.0909764050814,0.1758620648079053,0.15301562326685508,0.20983875189920415,0.13345245094087377,0.17968681043509535,0.12432632817492834,0.3057875670294819,0.2663255732721335,0.9620700918091022,0.9365533041650739,0.10494692605695906,0.0822933258798315,0.3975898963254089,0.5005355196155169,0.853156752298915,0.914375361052451,0.29873479364324396,0.23659281288202558,0.3310114052304884,0.3366869928033009,0.91666978016103,0.9141871480581653,0.19893163924450652,0.1510096971338833
23,962,7407,1D Base Case,OpenSees 2-D,190.93246261753734,22.0,0.15516961738467216,1255.0909764050814,0.007704234146162727,0.0077727594695722385,0.9995621059383126,0.9999676679504618,0.005083621108633498,0.005905056018895193,0.665591487580203,0.5394736140586507,0.9286194724158886,0.9290653783675777,0.1870388321541464,0.21733727737023883,0.7269821783096253,0.9611671368738453,0.7424389635411631,0.7877569087405943,0.4279104369231342,0.4135429323362443,0.6703784188869271,0.6585270758172244,0.64853381069177,0.5740719428159176,0.20765956995736262,0.21200797913537042
23,962,7407,Toro Vs,OpenSees 2-D,190.93246261753734,22.0,0.15516961738467216,1255.0909764050814,0.006355778161814636,0.006355778161814636,0.9999765091019086,0.9999765091019086,0.004866847323160615,0.004866847323160615,0.5146851108086914,0.5146851108086914,0.9588572046030979,0.9588572046030979,0.17990501730371264,0.17990501730371264,0.3952299911775389,0.3952299911775389,0.780354298948229,0.780354298948229,0.3641346988187043,0.3641346988187043,0.47213626028559014,0.47213626028559014,0.7785847547210721,0.7785847547210721,0.18312204634076648,0.18312204634076648
23,962,7407,Passeri tts,OpenSees 2-D,190.93246261753734,22.0,0.15516961738467216,1255.0909764050814,0.007768155963048631,0.007768155963048631,0.9999677573387512,0.9999677573387512,0.0059017688865239774,0.0059017688865239774,0.5378326993924044,0.5378326993924044,0.9287603489282531,0.9287603489282531,0.21659780118178024,0.21659780118178024,0.9129705862548262,0.9129705862548262,0.7959305327009075,0.7959305327009075,0.40998930591977817,0.40998930591977817,0.6401299036759673,0.6401299036759673,0.5859896817068705,0.5859896817068705,0.21054121653673985,0.21054121653673985
23,962,7407,Pretell median,OpenSees 2-D,190.93246261753734,22.0,0.15516961738467216,1255.0909764050814,0.003166835207466197,0.003166835207466197,0.9999853667593872,0.9999853667593872,0.0025220813101081993,0.0025220813101081993,0.3071377970733056,0.3071377970733056,0.98142977230735,0.98142977230735,0.085144512854671,0.085144512854671,0.3126784544258401,0.3126784544258401,0.9123448590252016,0.9123448590252016,0.23808387082938917,0.23808387082938917,0.29992573816618356,0.29992573816618356,0.9171352103783049,0.9171352103783049,0.1097554371052254,0.1097554371052254
23,962,7407,Pretell percentile,OpenSees 2-D,190.93246261753734,22.0,0.15516961738467216,1255.0909764050814,0.00189055456357422,0.00189055456357422,0.9999939514397825,0.9999939514397825,0.0012638884333285685,0.0012638884333285685,0.1931593199886845,0.1931593199886845,0.9843739730958988,0.9843739730958988,0.05776737304415789,0.05776737304415789,1.018255068803402,1.018255068803402,0.8949104590769894,0.8949104590769894,0.46444567460230723,0.46444567460230723,0.534835984355697,0.534835984355697,0.8981782063109189,0.8981782063109189,0.1803285589757199,0.1803285589757199
23,962,7407,Dmult,OpenSees 2-D,190.93246261753734,22.0,0.15516961738467216,1255.0909764050814,0.010776349235567617,0.010776349235567617,0.9999487287160673,0.9999487287160673,0.008122040457714058,0.008122040457714058,0.671199346823072,0.671199346823072,0.9330339010317524,0.9330339010317524,0.3137149397053627,0.3137149397053627,0.45295606724156684,0.45295606724156684,0.655962583509872,0.655962583509872,0.48425343362449264,0.48425343362449264,0.6032623225631081,0.6032623225631081,0.670851260862208,0.670851260862208,0.26644589784038114,0.26644589784038114
23,962,7407,Dmult p84,OpenSees 2-D,190.93246261753734,22.0,0.15516961738467216,1255.0909764050814,0.00952889427272935,0.00952889427272935,0.9999569879725532,0.9999569879725532,0.0071993526066036415,0.0071993526066036415,0.6369192057597299,0.6369192057597299,0.9401680271570386,0.9401680271570386,0.2808966722920103,0.2808966722920103,0.41080118887268413,0.41080118887268413,0.7152805320036751,0.7152805320036751,0.4249124318717191,0.4249124318717191,0.5689360285301911,0.5689360285301911,0.6831717222603392,0.6831717222603392,0.23550812625501605,0.23550812625501605
24,375,2989,GINO,OpenSees 2-D,152.1637712597265,59.0,0.1451793171465397,1042.8236518036717,0.04138172382319334,0.032981256560928277,0.9951697417144659,0.994895728865184,0.03447938070771893,0.029651564565337643,0.15900210790753558,0.1605357409323323,0.9808136032131293,0.9822145346543324,0.11008050445632471,0.13940679854243282,0.40550816910485155,0.29193595443801396,0.6923809232083517,0.784475106889154,0.322837866205563,0.2464890362363898,0.2024147751002199,0.18079135806643507,0.9628366486112777,0.9696304575223462,0.15808518775654606,0.13847124984333448
24,375,2989,1D Base Case,OpenSees 2-D,152.1637712597265,59.0,0.1451793171465397,1042.8236518036717,0.04500891209959888,0.03995729267412647,0.9997232031188843,0.9997149399066626,0.018760189581354704,0.01719022932581507,0.2906871382174848,0.24593904958352059,0.9235636773893348,0.94006828341205,0.16227710041029647,0.12839407739316086,0.46241817786231515,0.39226998334119717,0.6356061530121488,0.8366595008564032,0.3491642239495435,0.3361971760078416,0.30673716848658467,0.2638358429876479,0.9190452708697346,0.934718030009792,0.17745667485890332,0.1622038150847281
24,375,2989,Toro Vs,OpenSees 2-D,152.1637712597265,59.0,0.1451793171465397,1042.8236518036717,0.039231640507468184,0.039231640507468184,0.9992170638816997,0.9992170638816997,0.009688243131239574,0.009688243131239574,0.5007290811224664,0.5007290811224664,0.8285871721220659,0.8285871721220659,0.2874359622421555,0.2874359622421555,0.5066916472859045,0.5066916472859045,0.47507518287363715,0.47507518287363715,0.37869045959865655,0.37869045959865655,0.479720264842378,0.479720264842378,0.8134792957288729,0.8134792957288729,0.22216333462811028,0.22216333462811028
24,375,2989,Passeri tts,OpenSees 2-D,152.1637712597265,59.0,0.1451793171465397,1042.8236518036717,0.039344325389101584,0.039344325389101584,0.9997332195985132,0.9997332195985132,0.01700818081578436,0.01700818081578436,0.25072685535587774,0.25072685535587774,0.9402598302626978,0.9402598302626978,0.13103040132125116,0.13103040132125116,0.39884176574872926,0.39884176574872926,0.8275705387694711,0.8275705387694711,0.3317320675982283,0.3317320675982283,0.26871355815056086,0.26871355815056086,0.9338029058161901,0.9338029058161901,0.1613682073412798,0.1613682073412798
24,375,2989,Pretell median,OpenSees 2-D,152.1637712597265,59.0,0.1451793171465397,1042.8236518036717,0.00909734491141224,0.00909734491141224,0.999995011468977,0.999995011468977,0.0038152889997959184,0.0038152889997959184,0.08750755371103373,0.08750755371103373,0.9945511540360578,0.9945511540360578,0.06692518268484979,0.06692518268484979,0.41723314410275086,0.41723314410275086,0.8644792032728863,0.8644792032728863,0.3251503349913445,0.3251503349913445,0.17978185619545883,0.17978185619545883,0.972596392732724,0.972596392732724,0.13521552320235405,0.13521552320235405
24,375,2989,Pretell percentile,OpenSees 2-D,152.1637712597265,59.0,0.1451793171465397,1042.8236518036717,0.046866604090411705,0.046866604090411705,0.9997944547753923,0.9997944547753923,0.018102471159343984,0.018102471159343984,0.17245263743844355,0.17245263743844355,0.9884714955366002,0.9884714955366002,0.14268857951624236,0.14268857951624236,0.2678325982798495,0.2678325982798495,0.8511641401986687,0.8511641401986687,0.17550789786678211,0.17550789786678211,0.1837134831077274,0.1837134831077274,0.9769404193690602,0.9769404193690602,0.11057020301401685,0.11057020301401685
24,375,2989,Dmult,OpenSees 2-D,152.1637712597265,59.0,0.1451793171465397,1042.8236518036717,0.14327777685317286,0.14327777685317286,0.9941897781885563,0.9941897781885563,0.06448805888852269,0.06448805888852269,0.6633158834279208,0.6633158834279208,0.7698095422261448,0.7698095422261448,0.4459140206232446,0.4459140206232446,0.8261367358318756,0.8261367358318756,0.4245068748918636,0.4245068748918636,1.8945315440919694,1.8945315440919694,0.6638299149555548,0.6638299149555548,0.6444887586731269,0.6444887586731269,0.8194310672301457,0.8194310672301457
24,375,2989,Dmult p84,OpenSees 2-D,152.1637712597265,59.0,0.1451793171465397,1042.8236518036717,0.10912892828779093,0.10912892828779093,0.9966635868172524,0.9966635868172524,0.0469109533892351,0.0469109533892351,0.6027374827985542,0.6027374827985542,0.8186232551533361,0.8186232551533361,0.35613630801143425,0.35613630801143425,0.76908416319343,0.76908416319343,0.4819651155112414,0.4819651155112414,1.4866052732299524,1.4866052732299524,0.6063609749470834,0.6063609749470834,0.7246492625047013,0.7246492625047013,0.643571571720146,0.643571571720146
25,114,882,GINO,OpenSees 2-D,253.5532033615742,89.0,0.22265706919133663,1071.4956690352062,0.04007441623575567,0.03950745552498191,0.9924308779145803,0.9883678098014701,0.03269116213476301,0.03456332356176789,0.5141686599044467,0.5940682029309238,0.9296549477223885,0.9355776691283816,0.1710311045280091,0.1776262719952462,0.43217204445666124,0.4951452420347192,0.772026577883489,0.7916141373674274,0.35397249243690115,0.3798614395394414,0.4670219947497803,0.5370435740945664,0.901877252600943,0.898170183551855,0.18664161045848518,0.1983365486839971
25,114,882,1D Base Case,OpenSees 2-D,253.5532033615742,89.0,0.22265706919133663,1071.4956690352062,0.07767834947761111,0.07045640214970461,0.9987785679157419,0.998709373183155,0.03652869948251998,0.03346093672065874,0.5182567051079264,0.5319162510980039,0.7545246455932174,0.7508594496089982,0.26842611363413227,0.28407838862529977,0.5041307797277498,0.5429375914033033,0.6233558121374235,0.6068422481307136,0.40553211837930825,0.4443158869942105,0.48753118373202503,0.506697418969242,0.7630851905082802,0.7438627736125155,0.23524912034187956,0.25244540488779416
25,114,882,Toro Vs,OpenSees 2-D,253.5532033615742,89.0,0.22265706919133663,1071.4956690352062,0.030956636969413587,0.030956636969413587,0.9999300091299883,0.9999300091299883,0.01644416835810711,0.01644416835810711,0.28992445337929595,0.28992445337929595,0.8809948794708482,0.8809948794708482,0.19476879735444874,0.19476879735444874,0.6020075162704123,0.6020075162704123,0.666572689800394,0.666572689800394,0.4166808944154107,0.4166808944154107,0.3827882860593636,0.3827882860593636,0.825219092404918,0.825219092404918,0.21002441117706583,0.21002441117706583
25,114,882,Passeri tts,OpenSees 2-D,253.5532033615742,89.0,0.22265706919133663,1071.4956690352062,0.07018073395396122,0.07018073395396122,0.9987301720278479,0.9987301720278479,0.0333564364869369,0.0333564364869369,0.5029728269437556,0.5029728269437556,0.7625709846313078,0.7625709846313078,0.280414602105007,0.280414602105007,0.5416172942440569,0.5416172942440569,0.6159205605273106,0.6159205605273106,0.4396529458175138,0.4396529458175138,0.4870626333384692,0.4870626333384692,0.7528575909550629,0.7528575909550629,0.24967766443805986,0.24967766443805986
25,114,882,Pretell median,OpenSees 2-D,253.5532033615742,89.0,0.22265706919133663,1071.4956690352062,0.006698263656252578,0.006698263656252578,0.9999207322283441,0.9999207322283441,0.00260216569756509,0.00260216569756509,0.265491144525892,0.265491144525892,0.9603191764923287,0.9603191764923287,0.13121357395739525,0.13121357395739525,0.49307842095135834,0.49307842095135834,0.7906607497465195,0.7906607497465195,0.42241642658029116,0.42241642658029116,0.327480597067567,0.327480597067567,0.8866614180002655,0.8866614180002655,0.18812057948446825,0.18812057948446825
25,114,882,Pretell percentile,OpenSees 2-D,253.5532033615742,89.0,0.22265706919133663,1071.4956690352062,0.075432065453621,0.075432065453621,0.999644717577348,0.999644717577348,0.032582696022748596,0.032582696022748596,0.9271982212274192,0.9271982212274192,0.9322223875174369,0.9322223875174369,0.28081733969478573,0.28081733969478573,0.48127742286146014,0.48127742286146014,0.772474457408459,0.772474457408459,0.5627017672941191,0.5627017672941191,0.7805434224183974,0.7805434224183974,0.8682837750866516,0.8682837750866516,0.2925947640693394,0.2925947640693394
25,114,882,Dmult,OpenSees 2-D,253.5532033615742,89.0,0.22265706919133663,1071.4956690352062,0.1111209095659861,0.1111209095659861,0.9964384869820202,0.9964384869820202,0.054491139715446724,0.054491139715446724,0.44519750312046186,0.44519750312046186,0.8041862845549913,0.8041862845549913,0.365579374101599,0.365579374101599,0.7495563128326567,0.7495563128326567,0.6663494061858853,0.6663494061858853,1.022741784412685,1.022741784412685,0.5212328281690631,0.5212328281690631,0.7366761663315634,0.7366761663315634,0.4867053356753257,0.4867053356753257
25,114,882,Dmult p84,OpenSees 2-D,253.5532033615742,89.0,0.22265706919133663,1071.4956690352062,0.09429528067440873,0.09429528067440873,0.9974805208483671,0.9974805208483671,0.04541483667648777,0.04541483667648777,0.3864665200673109,0.3864665200673109,0.8141686635780663,0.8141686635780663,0.3137414385485573,0.3137414385485573,0.6925764698458705,0.6925764698458705,0.6717912667053304,0.6717912667053304,0.7049945690339283,0.7049945690339283,0.4680653673241293,0.4680653673241293,0.7701562415660744,0.7701562415660744,0.3567657235632128,0.3567657235632128
26,170,1245,GINO,OpenSees 2-D,215.59339641087303,67.0,0.25748934838920834,1161.3110622775987,0.07124857469811234,0.059047603761134194,0.967848474244817,0.9709834019190178,0.05535326091820213,0.053074748259495236,0.47548856083943986,0.48195836797479363,0.8726549705495094,0.8750345827035014,0.2734210033701607,0.3568411351528925,0.4769714698975137,0.46175348710383596,0.7170453372416852,0.7888372529574321,0.44613320878914786,0.3777767096371215,0.4680875365913853,0.4732862187144316,0.8734308535274874,0.8770938874109899,0.2575465654086207,0.2578503508096836
26,170,1245,1D Base Case,OpenSees 2-D,215.59339641087303,67.0,0.25748934838920834,1161.3110622775987,0.0749522670883577,0.08360469118494347,0.9994229564165691,0.9992549643214328,0.04101516335428825,0.04735202297675189,0.6841008918614168,0.7166879116307905,0.5965977295798233,0.5708330220274003,0.41873806427428695,0.501929089864303,0.6692014125454588,0.6982923865254864,0.31395183107117425,0.22194572054433967,0.5724209349549599,0.6119287068292445,0.6712744328924403,0.705152802055432,0.6353216597639639,0.5997531503340856,0.340324053690523,0.3813269823913897
26,170,1245,Toro Vs,OpenSees 2-D,215.59339641087303,67.0,0.25748934838920834,1161.3110622775987,0.06289030692021555,0.06289030692021555,0.9998478613856353,0.9998478613856353,0.03626221504762062,0.03626221504762062,0.7567763728731738,0.7567763728731738,0.6792951873782461,0.6792951873782461,0.5052359334072356,0.5052359334072356,0.6713577962568298,0.6713577962568298,0.5114819559811978,0.5114819559811978,0.5343157028240577,0.5343157028240577,0.7369989673126079,0.7369989673126079,0.6828495016123712,0.6828495016123712,0.3512730512772581,0.3512730512772581
26,170,1245,Passeri tts,OpenSees 2-D,215.59339641087303,67.0,0.25748934838920834,1161.3110622775987,0.08347805004099339,0.08347805004099339,0.9992634878006382,0.9992634878006382,0.04729246577655736,0.04729246577655736,0.7135036791166466,0.7135036791166466,0.5847835700626616,0.5847835700626616,0.5010568315152175,0.5010568315152175,0.6929597211143146,0.6929597211143146,0.2375826706861595,0.2375826706861595,0.6032018801423035,0.6032018801423035,0.7017559598640329,0.7017559598640329,0.6122282595760562,0.6122282595760562,0.3779900705261665,0.3779900705261665
26,170,1245,Pretell median,OpenSees 2-D,215.59339641087303,67.0,0.25748934838920834,1161.3110622775987,0.018184976131180617,0.018184976131180617,0.9999948198682009,0.9999948198682009,0.01122278076406877,0.01122278076406877,0.6471399562409648,0.6471399562409648,0.8109930251752695,0.8109930251752695,0.2643987972857258,0.2643987972857258,0.6198861245138695,0.6198861245138695,0.7643739715972072,0.7643739715972072,0.4595787950541168,0.4595787950541168,0.6353582596165462,0.6353582596165462,0.8078513090549695,0.8078513090549695,0.24410019072208272,0.24410019072208272
26,170,1245,Pretell percentile,OpenSees 2-D,215.59339641087303,67.0,0.25748934838920834,1161.3110622775987,0.05928678442044838,0.05928678442044838,0.999228425125524,0.999228425125524,0.026395558236251362,0.026395558236251362,0.5633393294677056,0.5633393294677056,0.7572907419209473,0.7572907419209473,0.4983690501288328,0.4983690501288328,0.49671158365543466,0.49671158365543466,0.7056380148930473,0.7056380148930473,0.44798559868923005,0.44798559868923005,0.5483171126123881,0.5483171126123881,0.771239677685707,0.771239677685707,0.3155441199625683,0.3155441199625683
26,170,1245,Dmult,OpenSees 2-D,215.59339641087303,67.0,0.25748934838920834,1161.3110622775987,0.11410805260578202,0.11410805260578202,0.9979717992456374,0.9979717992456374,0.0656089054126382,0.0656089054126382,0.8246391982941323,0.8246391982941323,0.6054878038416431,0.6054878038416431,0.5650782074586913,0.5650782074586913,0.8221759502334212,0.8221759502334212,0.4725674006767808,0.4725674006767808,1.3064828573781642,1.3064828573781642,0.8136724108884111,0.8136724108884111,0.5613629588827485,0.5613629588827485,0.6497555792143882,0.6497555792143882
26,170,1245,Dmult p84,OpenSees 2-D,215.59339641087303,67.0,0.25748934838920834,1161.3110622775987,0.10175891794577747,0.10175891794577747,0.9985473624372967,0.9985473624372967,0.05799608387553881,0.05799608387553881,0.7982510273931667,0.7982510273931667,0.6208928382584769,0.6208928382584769,0.5330087886429087,0.5330087886429087,0.7846055108954318,0.7846055108954318,0.45081783535096104,0.45081783535096104,1.0335093851528185,1.0335093851528185,0.7862475463713391,0.7862475463713391,0.6042572317303573,0.6042572317303573,0.5419295507527977,0.5419295507527977
27,851,6477,GINO,OpenSees 2-D,195.64024453812885,39.0,0.2952466946095228,905.3399911988491,0.10785718439174474,0.11327175208590679,0.5249106330493525,0.5189243546078232,0.08643529821043512,0.08251483708641363,0.43610700053955,0.49473817008625715,0.778278226872604,0.7460270159578917,0.2387649690931126,0.28184053188717484,0.4249069234549147,0.3944991004012775,0.7097994065541512,0.7122049863433063,0.36287083140404636,0.45004360863578163,0.4243972705758634,0.4696044953966978,0.8145223946460599,0.7902910116523528,0.22888663609300228,0.2709476155689208
27,851,6477,1D Base Case,OpenSees 2-D,195.64024453812885,39.0,0.2952466946095228,905.3399911988491,0.024293547198674395,0.016456423123513232,0.9998861730139061,0.9998377443878106,0.015535539801159352,0.011687271769913452,0.6732465237477305,0.7259467025316805,0.5008827279251422,0.43267037678822473,0.3721003910114452,0.41256511874059476,0.6439865561447542,0.3082989271442732,0.39312691474230266,0.8803473505035427,0.4410000340247038,0.24805930628183293,0.6520709531426272,0.6686879889827388,0.5851779695551129,0.5834534778779609,0.27141756814248563,0.21468083794028964
27,851,6477,Toro Vs,OpenSees 2-D,195.64024453812885,39.0,0.2952466946095228,905.3399911988491,0.011357226539921701,0.011357226539921701,0.9999066047301616,0.9999066047301616,0.008249541288754167,0.008249541288754167,0.540812295078581,0.540812295078581,0.6701424425800508,0.6701424425800508,0.3426295033161331,0.3426295033161331,0.42217670170038696,0.42217670170038696,0.656723602095268,0.656723602095268,0.3703650387277855,0.3703650387277855,0.5115885164199245,0.5115885164199245,0.7453950040978522,0.7453950040978522,0.2353039540006288,0.2353039540006288
27,851,6477,Passeri tts,OpenSees 2-D,195.64024453812885,39.0,0.2952466946095228,905.3399911988491,0.016435542143650693,0.016435542143650693,0.9998385288605175,0.9998385288605175,0.01167418522349977,0.01167418522349977,0.7061821524952239,0.7061821524952239,0.4462280563458203,0.4462280563458203,0.41061343185288113,0.41061343185288113,0.2918205543303975,0.2918205543303975,0.8883141267852246,0.8883141267852246,0.24691051729631078,0.24691051729631078,0.6500854001580941,0.6500854001580941,0.5954012231973926,0.5954012231973926,0.21368867543779801,0.21368867543779801
27,851,6477,Pretell median,OpenSees 2-D,195.64024453812885,39.0,0.2952466946095228,905.3399911988491,0.006054823917871578,0.006054823917871578,0.9999716192579755,0.9999716192579755,0.003979981829212073,0.003979981829212073,0.2791107919727293,0.2791107919727293,0.9309326553777435,0.9309326553777435,0.13765224621902158,0.13765224621902158,0.3764760698156031,0.3764760698156031,0.7007357710489972,0.7007357710489972,0.30507648866061043,0.30507648866061043,0.2826674959721551,0.2826674959721551,0.9319448232545776,0.9319448232545776,0.14946543853714434,0.14946543853714434
27,851,6477,Pretell percentile,OpenSees 2-D,195.64024453812885,39.0,0.2952466946095228,905.3399911988491,0.023881580031481737,0.023881580031481737,0.9999677895921804,0.9999677895921804,0.015178067536937774,0.015178067536937774,0.5825133143213501,0.5825133143213501,0.8946624389233252,0.8946624389233252,0.36810041339348165,0.36810041339348165,0.8650250145231846,0.8650250145231846,0.6714467786473588,0.6714467786473588,0.6694956500342062,0.6694956500342062,0.6018328458191199,0.6018328458191199,0.8981315094721715,0.8981315094721715,0.3500659251679448,0.3500659251679448
27,851,6477,Dmult,OpenSees 2-D,195.64024453812885,39.0,0.2952466946095228,905.3399911988491,0.026478269906526405,0.026478269906526405,0.9996822988548297,0.9996822988548297,0.018631318245796735,0.018631318245796735,0.6533640139697618,0.6533640139697618,0.5545369177232008,0.5545369177232008,0.39698865777034065,0.39698865777034065,0.5568332798168109,0.5568332798168109,0.49271495032862916,0.49271495032862916,0.4891721386211138,0.4891721386211138,0.6224348844097544,0.6224348844097544,0.6471481870143472,0.6471481870143472,0.29682780723452085,0.29682780723452085
27,851,6477,Dmult p84,OpenSees 2-D,195.64024453812885,39.0,0.2952466946095228,905.3399911988491,0.022343529392785767,0.022343529392785767,0.9997515191506021,0.9997515191506021,0.01574421438664196,0.01574421438664196,0.6229983589964588,0.6229983589964588,0.5508717723010472,0.5508717723010472,0.3852641754085962,0.3852641754085962,0.46736486295926816,0.46736486295926816,0.6629819632639992,0.6629819632639992,0.331161355665607,0.331161355665607,0.5876895449831152,0.5876895449831152,0.6689385457531661,0.6689385457531661,0.23699620214086603,0.23699620214086603
28,123,914,GINO,OpenSees 2-D,178.44511897406224,26.0,0.11552831381559373,851.3991839099931,0.1729033237862292,0.19109816612414512,0.36582102610358025,0.6259338741320197,0.13769537530987916,0.1729671412001503,0.3498086548614439,0.389588147720295,0.9359125442400063,0.8744681199780798,0.14547075166597323,0.1747532012987248,0.4708995768532052,0.7290556607114745,0.5904242639436982,0.11259078023196445,0.3798358315288233,0.5110080128405933,0.37200618181808803,0.45383079245676883,0.906308397810379,0.8344590806961236,0.2247771478933378,0.2918172643038777
28,123,914,1D Base Case,OpenSees 2-D,178.44511897406224,26.0,0.11552831381559373,851.3991839099931,0.005023728159964565,0.00624235030988645,0.9998647196442741,0.9999118457744703,0.00340896336512407,0.004836719268397131,0.489721498817465,0.49592726340745646,0.8593153516266581,0.8490078806525649,0.12789251065171603,0.1639247410890334,0.5748938799583233,0.7342114348245384,0.3575998598068811,-0.011106649625101446,0.42976691349228335,0.495348566458619,0.49947398292462514,0.5327043618556091,0.8286389146395949,0.8013645808817867,0.1899793100956074,0.22424227233116567
28,123,914,Toro Vs,OpenSees 2-D,178.44511897406224,26.0,0.11552831381559373,851.3991839099931,0.0038672879899959395,0.0038672879899959395,0.9999310745627905,0.9999310745627905,0.003128019061906632,0.003128019061906632,0.6709598215668321,0.6709598215668321,0.7667620720139927,0.7667620720139927,0.16695694140111128,0.16695694140111128,0.6673476765975388,0.6673476765975388,0.13524677345676617,0.13524677345676617,0.37837370499591044,0.37837370499591044,0.6618181562469792,0.6618181562469792,0.7367022650268608,0.7367022650268608,0.18361268584056942,0.18361268584056942
28,123,914,Passeri tts,OpenSees 2-D,178.44511897406224,26.0,0.11552831381559373,851.3991839099931,0.0062340371542071015,0.0062340371542071015,0.9999120495947307,0.9999120495947307,0.004830989657566891,0.004830989657566891,0.502857975019612,0.502857975019612,0.8504448517223907,0.8504448517223907,0.16484670439813906,0.16484670439813906,0.7274530119016528,0.7274530119016528,-0.0032116281047383966,-0.0032116281047383966,0.4903356535386712,0.4903356535386712,0.5366498485811839,0.5366498485811839,0.8033026716874087,0.8033026716874087,0.222762336438125,0.222762336438125
28,123,914,Pretell median,OpenSees 2-D,178.44511897406224,26.0,0.11552831381559373,851.3991839099931,0.00803540585901579,0.00803540585901579,0.9999002443647005,0.9999002443647005,0.006136486155707201,0.006136486155707201,0.5985199388587287,0.5985199388587287,0.7308432090149646,0.7308432090149646,0.22671236350625912,0.22671236350625912,0.6602288411221495,0.6602288411221495,0.25179503475699533,0.25179503475699533,0.4334954392598472,0.4334954392598472,0.6006614787657956,0.6006614787657956,0.7183736397247674,0.7183736397247674,0.22188488294732178,0.22188488294732178
28,123,914,Pretell percentile,OpenSees 2-D,178.44511897406224,26.0,0.11552831381559373,851.3991839099931,0.0021096611795154555,0.0021096611795154555,0.9999288861309453,0.9999288861309453,0.0018096058819664438,0.0018096058819664438,0.5466899406290673,0.5466899406290673,0.7365655127789422,0.7365655127789422,0.15295803711033756,0.15295803711033756,0.8933364573837264,0.8933364573837264,0.23352034087194828,0.23352034087194828,0.5863234912932682,0.5863234912932682,0.6052644554040516,0.6052644554040516,0.7094775955352886,0.7094775955352886,0.2517339951444334,0.2517339951444334
28,123,914,Dmult,OpenSees 2-D,178.44511897406224,26.0,0.11552831381559373,851.3991839099931,0.011535233819442856,0.011535233819442856,0.9998655113519784,0.9998655113519784,0.008672207464676892,0.008672207464676892,0.7691632660802487,0.7691632660802487,0.7580545517560873,0.7580545517560873,0.3441508854845634,0.3441508854845634,0.7648991625970302,0.7648991625970302,0.02167876536136597,0.02167876536136597,0.6037046539086129,0.6037046539086129,0.7586668093327159,0.7586668093327159,0.6591471587441826,0.6591471587441826,0.3175771671260205,0.3175771671260205
28,123,914,Dmult p84,OpenSees 2-D,178.44511897406224,26.0,0.11552831381559373,851.3991839099931,0.009368923406355787,0.009368923406355787,0.9998858013712785,0.9998858013712785,0.007097687318013323,0.007097687318013323,0.7293947416612429,0.7293947416612429,0.7794245448542411,0.7794245448542411,0.2860869137581436,0.2860869137581436,0.7409424123443986,0.7409424123443986,0.03768480088119931,0.03768480088119931,0.511960497547014,0.511960497547014,0.7218262192597501,0.7218262192597501,0.7114761844108232,0.7114761844108232,0.26749643883020263,0.26749643883020263
29,301,2287,GINO,OpenSees 2-D,201.82716843861007,48.0,0.25982750616967676,1020.4178397178567,0.1359335428522764,0.10669771586138381,0.5993596779809741,0.7144495677915279,0.0952479927420474,0.08455281122973346,0.5049772661311428,0.38103199865250975,0.821899066541026,0.7781436851335747,0.18509747886672356,0.2075714035594934,0.4193092502634173,0.2507741427013238,0.6400212677858427,0.8307537442699952,0.3644800945390117,0.2283191944415452,0.4766006269526017,0.3389654050615405,0.8111264914712395,0.8378353957338263,0.21643407420838776,0.17177662305279554
29,301,2287,1D Base Case,OpenSees 2-D,201.82716843861007,48.0,0.25982750616967676,1020.4178397178567,0.03335176361721609,0.019033207933194577,0.9998650408148247,0.9998858301889374,0.015990481160667612,0.012401959441585392,0.6961728808174826,0.6904304412123108,0.6153188767987929,0.5587136373482098,0.3198281305481069,0.2722666758488334,0.5180062822395222,0.2954066630654916,0.42518063845162013,0.7865327273130556,0.41841908236471576,0.2642440861050755,0.6460688006911876,0.5882162716577805,0.648326129864145,0.6736158664863819,0.24799178639831623,0.17850611869598132
29,301,2287,Toro Vs,OpenSees 2-D,201.82716843861007,48.0,0.25982750616967676,1020.4178397178567,0.010664153854777146,0.010664153854777146,0.9999733940469565,0.9999733940469565,0.007139992622535839,0.007139992622535839,0.367458749477877,0.367458749477877,0.7968482212457562,0.7968482212457562,0.21064776608269573,0.21064776608269573,0.4136183407421747,0.4136183407421747,0.43612550890864815,0.43612550890864815,0.31998827537728713,0.31998827537728713,0.36429863653413086,0.36429863653413086,0.8099796517919247,0.8099796517919247,0.17768922362474676,0.17768922362474676
29,301,2287,Passeri tts,OpenSees 2-D,201.82716843861007,48.0,0.25982750616967676,1020.4178397178567,0.01899403172459096,0.01899403172459096,0.9998870253424553,0.9998870253424553,0.012379617284168852,0.012379617284168852,0.6610430622826694,0.6610430622826694,0.5732209413145335,0.5732209413145335,0.2703855902729613,0.2703855902729613,0.29383407397252614,0.29383407397252614,0.7864383688193269,0.7864383688193269,0.2607082101157755,0.2607082101157755,0.5645155692859404,0.5645155692859404,0.6846953238897451,0.6846953238897451,0.17669641667186892,0.17669641667186892
29,301,2287,Pretell median,OpenSees 2-D,201.82716843861007,48.0,0.25982750616967676,1020.4178397178567,0.009108836506948487,0.009108836506948487,0.9999959535132132,0.9999959535132132,0.005519385647688605,0.005519385647688605,0.2436560662725055,0.2436560662725055,0.9145252919590139,0.9145252919590139,0.1298670879960852,0.1298670879960852,0.4058784964313354,0.4058784964313354,0.34994750221267523,0.34994750221267523,0.3461227659167554,0.3461227659167554,0.28210169401517815,0.28210169401517815,0.8870361002396162,0.8870361002396162,0.16203487944638095,0.16203487944638095
29,301,2287,Pretell percentile,OpenSees 2-D,201.82716843861007,48.0,0.25982750616967676,1020.4178397178567,0.04942417258859849,0.04942417258859849,0.9997706973168538,0.9997706973168538,0.02972653907477985,0.02972653907477985,0.8521823199634863,0.8521823199634863,0.8657445991684838,0.8657445991684838,0.43263582767748204,0.43263582767748204,0.4999036535627641,0.4999036535627641,0.5245176362035471,0.5245176362035471,0.3906907223240873,0.3906907223240873,0.7449796891441282,0.7449796891441282,0.8718256067656384,0.8718256067656384,0.2769367897928481,0.2769367897928481
29,301,2287,Dmult,OpenSees 2-D,201.82716843861007,48.0,0.25982750616967676,1020.4178397178567,0.03429451510703512,0.03429451510703512,0.9996439028018606,0.9996439028018606,0.02245606492072086,0.02245606492072086,0.5072769424868344,0.5072769424868344,0.6971966981087393,0.6971966981087393,0.25037416803314233,0.25037416803314233,0.6965984246750082,0.6965984246750082,0.21094347562485596,0.21094347562485596,1.032008970580958,1.032008970580958,0.5392154046873174,0.5392154046873174,0.6426987341131045,0.6426987341131045,0.4441750128355304,0.4441750128355304
29,301,2287,Dmult p84,OpenSees 2-D,201.82716843861007,48.0,0.25982750616967676,1020.4178397178567,0.028017012551115203,0.028017012551115203,0.9997566408431208,0.9997566408431208,0.01826755030800816,0.01826755030800816,0.4669815731350581,0.4669815731350581,0.6898057627502944,0.6898057627502944,0.23759880678967954,0.23759880678967954,0.6213710684604395,0.6213710684604395,0.36151699866366516,0.36151699866366516,0.8089234839918494,0.8089234839918494,0.4903292825299312,0.4903292825299312,0.6909207177233863,0.6909207177233863,0.36079650404185404,0.36079650404185404
30,615,4746,GINO,OpenSees 2-D,258.854824998878,32.0,0.20899393483996392,810.0918046414628,0.20956847523443045,0.20429032255574028,-0.24554951839598357,-0.17504641850373648,0.11969814665804175,0.10743825702159143,0.1839127189125165,0.20125648658506182,0.9777751038145501,0.9648548772119182,0.06372677781072753,0.06864890691044649,0.4130897207186283,0.3244463823466431,0.7993389818222523,0.897013763738949,0.31319344645369346,0.2940726734745773,0.2796210245881284,0.25818690839607916,0.9256007010561864,0.9413635955416014,0.17063009093232562,0.161123497746793
30,615,4746,1D Base Case,OpenSees 2-D,258.854824998878,32.0,0.20899393483996392,810.0918046414628,0.004412078649356794,0.006681398578238181,0.9999080641072086,0.9999722924471564,0.003063581972169473,0.004716967351368279,0.3873397128235225,0.3922062309151138,0.9203842955547866,0.9708557210675279,0.12532553391012927,0.16128860093642677,0.6240199553991186,0.540380082684897,0.7422712493575583,0.6764414401352907,0.3456552369611193,0.36290432702633585,0.4688908387875735,0.4521736045146923,0.7882483832752146,0.8208130486360146,0.1596492467996899,0.1770540333131245
30,615,4746,Toro Vs,OpenSees 2-D,258.854824998878,32.0,0.20899393483996392,810.0918046414628,0.005025426632613766,0.005025426632613766,0.9999763870420948,0.9999763870420948,0.0035351474547227523,0.0035351474547227523,0.5454578122086235,0.5454578122086235,0.9248326493702838,0.9248326493702838,0.1520583966648919,0.1520583966648919,0.5776826177938601,0.5776826177938601,0.626923611698483,0.626923611698483,0.3478374902242329,0.3478374902242329,0.549794678131802,0.549794678131802,0.826435696661201,0.826435696661201,0.16859794218710203,0.16859794218710203
30,615,4746,Passeri tts,OpenSees 2-D,258.854824998878,32.0,0.20899393483996392,810.0918046414628,0.0066759077154313964,0.0066759077154313964,0.9999723419627127,0.9999723419627127,0.004713139575467597,0.004713139575467597,0.3938082178923978,0.3938082178923978,0.976653519593431,0.976653519593431,0.1612633883132455,0.1612633883132455,0.5336342453938115,0.5336342453938115,0.67634599666596,0.67634599666596,0.3589016359533147,0.3589016359533147,0.44972106704487064,0.44972106704487064,0.8273829849994385,0.8273829849994385,0.17564418792904746,0.17564418792904746
30,615,4746,Pretell median,OpenSees 2-D,258.854824998878,32.0,0.20899393483996392,810.0918046414628,0.0023304518629571683,0.0023304518629571683,0.9999779939066297,0.9999779939066297,0.0016235941464523666,0.0016235941464523666,0.341651195135995,0.341651195135995,0.938515910362688,0.938515910362688,0.05746982664447359,0.05746982664447359,0.5161235750427345,0.5161235750427345,0.7698208677189796,0.7698208677189796,0.32178753553809386,0.32178753553809386,0.4161897172884968,0.4161897172884968,0.888587592104678,0.888587592104678,0.13043484338293326,0.13043484338293326
30,615,4746,Pretell percentile,OpenSees 2-D,258.854824998878,32.0,0.20899393483996392,810.0918046414628,0.003383702981790766,0.003383702981790766,0.9999762715774035,0.9999762715774035,0.002578736735514571,0.002578736735514571,0.41659830191634933,0.41659830191634933,0.9211664994880295,0.9211664994880295,0.12404819856458417,0.12404819856458417,0.47122849238156794,0.47122849238156794,0.7578209264912983,0.7578209264912983,0.3574687430635781,0.3574687430635781,0.43286256915278615,0.43286256915278615,0.8801508546819086,0.8801508546819086,0.1632310774990577,0.1632310774990577
30,615,4746,Dmult,OpenSees 2-D,258.854824998878,32.0,0.20899393483996392,810.0918046414628,0.009082713486357832,0.009082713486357832,0.9999646358031417,0.9999646358031417,0.006471471348259258,0.006471471348259258,0.6479082493652261,0.6479082493652261,0.9580535650223152,0.9580535650223152,0.2727929132796898,0.2727929132796898,0.6573814630313405,0.6573814630313405,0.5771756854458415,0.5771756854458415,0.5027718382167226,0.5027718382167226,0.6410009468913993,0.6410009468913993,0.7762305557772653,0.7762305557772653,0.2600730323316505,0.2600730323316505
30,615,4746,Dmult p84,OpenSees 2-D,258.854824998878,32.0,0.20899393483996392,810.0918046414628,0.008008646454387312,0.008008646454387312,0.9999683816710023,0.9999683816710023,0.005683304963486763,0.005683304963486763,0.5943453887412704,0.5943453887412704,0.9728702053433393,0.9728702053433393,0.23588960527064154,0.23588960527064154,0.6103968557983814,0.6103968557983814,0.618865890732585,0.618865890732585,0.42702029310081596,0.42702029310081596,0.5910640303004222,0.5910640303004222,0.8096249961907002,0.8096249961907002,0.2222131409036984,0.2222131409036984
31,602,4626,GINO,OpenSees 2-D,194.11367715125328,35.0,0.12168851513415575,1061.9289309034427,0.1662241409703163,0.1316996059331786,0.3892164642902864,0.12894242476992426,0.13416655305390698,0.11664453186391607,0.21479264508759838,0.29268809167800924,0.9788973874608189,0.9932114976893771,0.11786773004583302,0.11593120931143411,0.4235307356538728,0.3764070116179721,0.6435755164608251,0.7686644828225476,0.339640570644977,0.3299262898303941,0.2733134996009902,0.3097071126134186,0.9429950971272894,0.9480757066847739,0.20119281230835928,0.1910791503864388
31,602,4626,1D Base Case,OpenSees 2-D,194.11367715125328,35.0,0.12168851513415575,1061.9289309034427,0.0048055774857605794,0.004576615577098231,0.9999304830652876,0.9997679935316056,0.0031212199659561074,0.004099120106521994,0.24770722649590882,0.23590266011129904,0.9670273927793651,0.953317789315418,0.09986258987164628,0.10677295123862528,0.35855507313379015,0.37524305311731754,0.7980325736097788,0.8307233612609702,0.24459667696631596,0.23681121958885187,0.2700861570781312,0.27210093816148484,0.9401063579358948,0.9253189913064253,0.11666004088778907,0.11635050426496843
31,602,4626,Toro Vs,OpenSees 2-D,194.11367715125328,35.0,0.12168851513415575,1061.9289309034427,0.00840331690905274,0.00840331690905274,0.9997014377198976,0.9997014377198976,0.00683100410418936,0.00683100410418936,0.32872497976376763,0.32872497976376763,0.9037206157002572,0.9037206157002572,0.15891641073026525,0.15891641073026525,0.5561735135643799,0.5561735135643799,0.5062662373919239,0.5062662373919239,0.35921618791377585,0.35921618791377585,0.39100788447134716,0.39100788447134716,0.8514732110327836,0.8514732110327836,0.1757914404253674,0.1757914404253674
31,602,4626,Passeri tts,OpenSees 2-D,194.11367715125328,35.0,0.12168851513415575,1061.9289309034427,0.00459050555183979,0.00459050555183979,0.9997674190837439,0.9997674190837439,0.004109030467891784,0.004109030467891784,0.20756347866488337,0.20756347866488337,0.9600249299261098,0.9600249299261098,0.10321630216243464,0.10321630216243464,0.3816982073459689,0.3816982073459689,0.8349284269180417,0.8349284269180417,0.2393555521657018,0.2393555521657018,0.25813432972216466,0.25813432972216466,0.9295317967192557,0.9295317967192557,0.11617749457048814,0.11617749457048814
31,602,4626,Pretell median,OpenSees 2-D,194.11367715125328,35.0,0.12168851513415575,1061.9289309034427,0.0040408930842999805,0.0040408930842999805,0.9997649716841902,0.9997649716841902,0.0036744624612952497,0.0036744624612952497,0.17335989842775212,0.17335989842775212,0.9672266465879763,0.9672266465879763,0.09256143537238884,0.09256143537238884,0.3128371720183548,0.3128371720183548,0.9448443223970374,0.9448443223970374,0.151815628373262,0.151815628373262,0.21336845048384182,0.21336845048384182,0.9489113511095413,0.9489113511095413,0.0821899624038117,0.0821899624038117
31,602,4626,Pretell percentile,OpenSees 2-D,194.11367715125328,35.0,0.12168851513415575,1061.9289309034427,0.011368779821577867,0.011368779821577867,0.9996935605149248,0.9996935605149248,0.008941543198854953,0.008941543198854953,0.575801093160605,0.575801093160605,0.9712776609058461,0.9712776609058461,0.18650621549120336,0.18650621549120336,0.2767834605682465,0.2767834605682465,0.8980783040425193,0.8980783040425193,0.2191823316459472,0.2191823316459472,0.4975515371639059,0.4975515371639059,0.9463860835880719,0.9463860835880719,0.13579522084304177,0.13579522084304177
31,602,4626,Dmult,OpenSees 2-D,194.11367715125328,35.0,0.12168851513415575,1061.9289309034427,0.0043372280946764015,0.0043372280946764015,0.9998479795956268,0.9998479795956268,0.0032132567823592428,0.0032132567823592428,0.48612132141074166,0.48612132141074166,0.9588851386072911,0.9588851386072911,0.2608554549183354,0.2608554549183354,0.7243905745972344,0.7243905745972344,0.18217240331421838,0.18217240331421838,0.7160451372672605,0.7160451372672605,0.5438883676656725,0.5438883676656725,0.7772410066242232,0.7772410066242232,0.3299970743928675,0.3299970743928675
31,602,4626,Dmult p84,OpenSees 2-D,194.11367715125328,35.0,0.12168851513415575,1061.9289309034427,0.001967439383534745,0.001967439383534745,0.9998199099286309,0.9998199099286309,0.0015775665724328519,0.0015775665724328519,0.4038467997057983,0.4038467997057983,0.9692988194248219,0.9692988194248219,0.1913874452228026,0.1913874452228026,0.6667013994282036,0.6667013994282036,0.39205749734025697,0.39205749734025697,0.5468709347117187,0.5468709347117187,0.4744074533587193,0.4744074533587193,0.8434197491209308,0.8434197491209308,0.24937320901629378,0.24937320901629378
32,711,5498,GINO,OpenSees 2-D,209.5948098689007,77.0,0.29758364204317334,1393.7879918175431,0.09546910048637691,0.08272666825102998,0.9928568202877246,0.992224027313829,0.05741515600477396,0.05205604303042819,0.3037841121393298,0.3041458540666872,0.9073374959392617,0.9062951372363537,0.20472539646746554,0.19328155140839715,0.39209471314552996,0.4779302683616289,0.7529375269528007,0.821918423506645,0.40887908751462404,0.4761343466607914,0.2970155207779191,0.3006400354919636,0.9194914999195163,0.9202296555658278,0.224620604172029,0.242851101814446
32,711,5498,1D Base Case,OpenSees 2-D,209.5948098689007,77.0,0.29758364204317334,1393.7879918175431,0.23862348002402503,0.23644260259262184,0.9909359000449404,0.9908494633772783,0.10423670172344833,0.10296145054552326,0.7940957842577883,0.7951561058113156,0.2926542316345107,0.30896215224085183,0.5865718438395409,0.575101919513574,0.7380310881704166,0.8077063475826236,0.0459736706485957,0.1829455172899462,0.5901089865013598,0.6076332856407973,0.7473342594566554,0.7507892953327189,0.42722455225906775,0.4492192661514576,0.4189925440305452,0.4212387335192844
32,711,5498,Toro Vs,OpenSees 2-D,209.5948098689007,77.0,0.29758364204317334,1393.7879918175431,0.19016182638743118,0.19016182638743118,0.9965712186067254,0.9965712186067254,0.08243263051115654,0.08243263051115654,0.6022188342058037,0.6022188342058037,0.5777713889977257,0.5777713889977257,0.49881166166764623,0.49881166166764623,0.5532515641436273,0.5532515641436273,0.36331950829676257,0.36331950829676257,0.5200219452460395,0.5200219452460395,0.5654061196565434,0.5654061196565434,0.6866639569705486,0.6866639569705486,0.36050260001531254,0.36050260001531254
32,711,5498,Passeri tts,OpenSees 2-D,209.5948098689007,77.0,0.29758364204317334,1393.7879918175431,0.23610714200778207,0.23610714200778207,0.9909226274087517,0.9909226274087517,0.10282850422209865,0.10282850422209865,0.7783531477578898,0.7783531477578898,0.3201431128920448,0.3201431128920448,0.5724786239727716,0.5724786239727716,0.7777668770298926,0.7777668770298926,0.19421806056312815,0.19421806056312815,0.6010548423354325,0.6010548423354325,0.7342689657428165,0.7342689657428165,0.46140657444628586,0.46140657444628586,0.4181027584869674,0.4181027584869674
32,711,5498,Pretell median,OpenSees 2-D,209.5948098689007,77.0,0.29758364204317334,1393.7879918175431,0.030076521103500464,0.030076521103500464,0.999815652006326,0.999815652006326,0.008738937763687997,0.008738937763687997,0.1851482068294536,0.1851482068294536,0.9688094644267247,0.9688094644267247,0.08827014503640188,0.08827014503640188,0.4143633722139679,0.4143633722139679,0.6865263247882326,0.6865263247882326,0.3057752606013589,0.3057752606013589,0.19642782448664942,0.19642782448664942,0.9674927757827003,0.9674927757827003,0.136561012938687,0.136561012938687
32,711,5498,Pretell percentile,OpenSees 2-D,209.5948098689007,77.0,0.29758364204317334,1393.7879918175431,0.15779206634741108,0.15779206634741108,0.9971631591485223,0.9971631591485223,0.04420473424624998,0.04420473424624998,0.3844637766917157,0.3844637766917157,0.9593523047674584,0.9593523047674584,0.27432377711764167,0.27432377711764167,0.61272605315984,0.61272605315984,0.5987873651264224,0.5987873651264224,0.5924667486948385,0.5924667486948385,0.38307986989038817,0.38307986989038817,0.9557813992302372,0.9557813992302372,0.3051321521646735,0.3051321521646735
32,711,5498,Dmult,OpenSees 2-D,209.5948098689007,77.0,0.29758364204317334,1393.7879918175431,0.29022629242074516,0.29022629242074516,0.9826024962483227,0.9826024962483227,0.13381383143262243,0.13381383143262243,0.7087246237327933,0.7087246237327933,0.4380738996905919,0.4380738996905919,0.5687691040447698,0.5687691040447698,0.6992670505936075,0.6992670505936075,0.30582610862961573,0.30582610862961573,0.978231425697756,0.978231425697756,0.6714505750921341,0.6714505750921341,0.5811543399378695,0.5811543399378695,0.5598465712090634,0.5598465712090634
32,711,5498,Dmult p84,OpenSees 2-D,209.5948098689007,77.0,0.29758364204317334,1393.7879918175431,0.2699603907196207,0.2699603907196207,0.9858655949964844,0.9858655949964844,0.12134470242165636,0.12134470242165636,0.6857726352682999,0.6857726352682999,0.4349419568373117,0.4349419568373117,0.5479193431223748,0.5479193431223748,0.6359350035699574,0.6359350035699574,0.3127824056819548,0.3127824056819548,0.6964338174786603,0.6964338174786603,0.6466443591461797,0.6466443591461797,0.587310010640037,0.587310010640037,0.4505982849018233,0.4505982849018233
33,786,6053,GINO,OpenSees 2-D,279.15730034799924,59.0,0.1580777021124959,1121.1243372507952,0.07217287774468101,0.09393518061303066,0.7804881293951205,0.6553414152400752,0.05342807641396622,0.0651268196844463,0.17791426825687076,0.2679074208104874,0.9887581284792792,0.9818822806667857,0.06659384028438274,0.08275447728921675,0.23593896776136533,0.2663886394604419,0.9475818938504464,0.8993339956670906,0.18348850571404962,0.18456306665515476,0.1898689512915034,0.2621281862444794,0.9804884414569912,0.9740442608086486,0.10289895583012038,0.1122178034056254
33,786,6053,1D Base Case,OpenSees 2-D,279.15730034799924,59.0,0.1580777021124959,1121.1243372507952,0.010460566703102227,0.008952208377064086,0.9999648398702975,0.9999900404654279,0.006763121784406815,0.005706379213508126,0.33082993159655605,0.2923110691232019,0.8969144969542542,0.9101259490641704,0.14510411720338096,0.138915264908134,0.576196738086022,0.5049354815356883,0.5854839599571937,0.49489581368725155,0.35749407742046535,0.3635815634185643,0.3948213848564238,0.3376848343396754,0.8683231050088016,0.8899537351643193,0.17102125488271955,0.17092535939366554
33,786,6053,Toro Vs,OpenSees 2-D,279.15730034799924,59.0,0.1580777021124959,1121.1243372507952,0.0030038125170899687,0.0030038125170899687,0.9999765434201522,0.9999765434201522,0.002131121581415056,0.002131121581415056,0.48676999565402684,0.48676999565402684,0.8585883833110662,0.8585883833110662,0.17499905833488133,0.17499905833488133,0.530601594185103,0.530601594185103,0.5640516196269469,0.5640516196269469,0.30417541557609706,0.30417541557609706,0.48431257049808063,0.48431257049808063,0.8390694597144265,0.8390694597144265,0.15970700550559364,0.15970700550559364
33,786,6053,Passeri tts,OpenSees 2-D,279.15730034799924,59.0,0.1580777021124959,1121.1243372507952,0.008926583480627363,0.008926583480627363,0.9999900627515893,0.9999900627515893,0.005691761470685154,0.005691761470685154,0.2909693797841495,0.2909693797841495,0.9142064972238378,0.9142064972238378,0.13927815503802982,0.13927815503802982,0.49808755326510196,0.49808755326510196,0.512413763444774,0.512413763444774,0.35530871298015587,0.35530871298015587,0.3348383763385455,0.3348383763385455,0.894186800415857,0.894186800415857,0.16813361256920328,0.16813361256920328
33,786,6053,Pretell median,OpenSees 2-D,279.15730034799924,59.0,0.1580777021124959,1121.1243372507952,0.0013009419378840694,0.0013009419378840694,0.9999822196160362,0.9999822196160362,0.0010312666674157911,0.0010312666674157911,0.08015226286846013,0.08015226286846013,0.995229196088409,0.995229196088409,0.029720673074536085,0.029720673074536085,0.3254345522179723,0.3254345522179723,0.8159337343954334,0.8159337343954334,0.21314117028857976,0.21314117028857976,0.1588004459041518,0.1588004459041518,0.9771282070063845,0.9771282070063845,0.08387655485695929,0.08387655485695929
33,786,6053,Pretell percentile,OpenSees 2-D,279.15730034799924,59.0,0.1580777021124959,1121.1243372507952,0.005969622351803872,0.005969622351803872,0.9999619168115055,0.9999619168115055,0.004474232599012152,0.004474232599012152,0.4026464524171871,0.4026464524171871,0.9878052942923629,0.9878052942923629,0.1355608354170119,0.1355608354170119,0.40637346024178456,0.40637346024178456,0.801948852472651,0.801948852472651,0.24486755324175496,0.24486755324175496,0.39397513363341774,0.39397513363341774,0.9718141334164049,0.9718141334164049,0.12793787566937204,0.12793787566937204
33,786,6053,Dmult,OpenSees 2-D,279.15730034799924,59.0,0.1580777021124959,1121.1243372507952,0.016220070351396228,0.016220070351396228,0.9999732096291349,0.9999732096291349,0.010409063011668577,0.010409063011668577,0.5605186415098579,0.5605186415098579,0.8742538903940285,0.8742538903940285,0.23195977351556102,0.23195977351556102,0.6823773954450622,0.6823773954450622,0.3781524499061981,0.3781524499061981,0.7276542175179544,0.7276542175179544,0.573363324012168,0.573363324012168,0.7940691017930845,0.7940691017930845,0.3279100802400364,0.3279100802400364
33,786,6053,Dmult p84,OpenSees 2-D,279.15730034799924,59.0,0.1580777021124959,1121.1243372507952,0.012911626433778571,0.012911626433778571,0.9999843883995372,0.9999843883995372,0.008208505213716032,0.008208505213716032,0.49162729016486795,0.49162729016486795,0.8931484317530803,0.8931484317530803,0.19139400883037208,0.19139400883037208,0.624584344526141,0.624584344526141,0.47211304509919055,0.47211304509919055,0.5564046300097968,0.5564046300097968,0.5089399859796598,0.5089399859796598,0.8429276071273745,0.8429276071273745,0.2550327999773411,0.2550327999773411
34,918,7046,GINO,OpenSees 2-D,300.83484458804236,28.0,0.1317877247929573,1067.9494670873023,0.13472801201518314,0.1802384526488122,0.04848095662545832,-0.2940693518905283,0.09510778365650659,0.11895084909741194,0.0559919742995983,0.03836651924765203,0.9881142577981795,0.9935560193313312,0.044015886081368714,0.03415496312804824,0.21444022984881606,0.2265012599930419,0.9653242374200048,0.9554545748324402,0.16211031306393503,0.15689907005884543,0.2052865289441239,0.21866358563863794,0.9705192524075583,0.962433622608251,0.10323109967656519,0.10679396064310456
34,918,7046,1D Base Case,OpenSees 2-D,300.83484458804236,28.0,0.1317877247929573,1067.9494670873023,0.0024152071937882094,0.0025429141607048226,0.9997159381583358,0.9999574174314657,0.0018262555088423517,0.001985306374796273,0.09535925671876057,0.09658691401309241,0.9987025083107032,0.9987778456484631,0.0457411382078699,0.04790373026971025,0.517952197734146,0.5198710635304951,0.726920432429236,0.7527746118350909,0.3362031580149446,0.35667827494810733,0.49137915679139704,0.4966136325005182,0.7855751637800139,0.8009292220070765,0.13203263619568636,0.13990337254392934
34,918,7046,Toro Vs,OpenSees 2-D,300.83484458804236,28.0,0.1317877247929573,1067.9494670873023,0.001645591062979329,0.001645591062979329,0.9999589404105013,0.9999589404105013,0.0013187758154272265,0.0013187758154272265,0.03928710416002634,0.03928710416002634,0.9999746202197066,0.9999746202197066,0.023208905444602,0.023208905444602,0.6236816278627869,0.6236816278627869,0.7633273597314308,0.7633273597314308,0.37006727274819684,0.37006727274819684,0.5951990690883566,0.5951990690883566,0.7987007150694069,0.7987007150694069,0.13694778863064902,0.13694778863064902
34,918,7046,Passeri tts,OpenSees 2-D,300.83484458804236,28.0,0.1317877247929573,1067.9494670873023,0.002540119604671632,0.002540119604671632,0.9999574361401109,0.9999574361401109,0.0019832673825647615,0.0019832673825647615,0.09616436336583492,0.09616436336583492,0.9988063485560815,0.9988063485560815,0.047740758390077145,0.047740758390077145,0.5164946156498796,0.5164946156498796,0.7628182267930116,0.7628182267930116,0.3550232853335868,0.3550232853335868,0.49339055927038,0.49339055927038,0.8090640935323814,0.8090640935323814,0.13927452096767617,0.13927452096767617
34,918,7046,Pretell median,OpenSees 2-D,300.83484458804236,28.0,0.1317877247929573,1067.9494670873023,0.0009802100394901427,0.0009802100394901427,0.9999590606917659,0.9999590606917659,0.0008178058178219612,0.0008178058178219612,0.03516636921530704,0.03516636921530704,0.9998981739705785,0.9998981739705785,0.01699129397275577,0.01699129397275577,0.25804201680807043,0.25804201680807043,0.9532397672593621,0.9532397672593621,0.20276273963568056,0.20276273963568056,0.24637257993420866,0.24637257993420866,0.9611685813588362,0.9611685813588362,0.07635057910055262,0.07635057910055262
34,918,7046,Pretell percentile,OpenSees 2-D,300.83484458804236,28.0,0.1317877247929573,1067.9494670873023,0.0002233478232575169,0.0002233478232575169,0.9999596884431625,0.9999596884431625,0.0001765383644045584,0.0001765383644045584,0.01052283821044034,0.01052283821044034,0.9999686210454443,0.9999686210454443,0.004028716910857719,0.004028716910857719,0.34190613110010315,0.34190613110010315,0.9409632654895238,0.9409632654895238,0.2718111598323209,0.2718111598323209,0.32626027962429077,0.32626027962429077,0.9507035318187635,0.9507035318187635,0.0964043094421112,0.0964043094421112
34,918,7046,Dmult,OpenSees 2-D,300.83484458804236,28.0,0.1317877247929573,1067.9494670873023,0.0035531768989875315,0.0035531768989875315,0.9999554689373621,0.9999554689373621,0.002736664345711722,0.002736664345711722,0.13778549512732008,0.13778549512732008,0.9965580585105558,0.9965580585105558,0.06962318449198945,0.06962318449198945,0.6765060383565867,0.6765060383565867,0.7405370811315904,0.7405370811315904,0.4062971504494718,0.4062971504494718,0.6463848106511808,0.6463848106511808,0.78811730898032,0.78811730898032,0.16404879052591104,0.16404879052591104
34,918,7046,Dmult p84,OpenSees 2-D,300.83484458804236,28.0,0.1317877247929573,1067.9494670873023,0.0030756635464326745,0.0030756635464326745,0.999956445537249,0.999956445537249,0.0023814183689375387,0.0023814183689375387,0.11968191993159671,0.11968191993159671,0.997638425205962,0.997638425205962,0.05967692906632398,0.05967692906632398,0.6277815589719707,0.6277815589719707,0.7621973458071123,0.7621973458071123,0.36759410569391815,0.36759410569391815,0.5997314819733102,0.5997314819733102,0.8070086447228767,0.8070086447228767,0.14739451214189667,0.14739451214189667
35,508,3998,GINO,OpenSees 2-D,168.9719802826556,86.0,0.1990333180874586,958.4849171516607,0.19825249630679098,0.1632930816636916,0.9540026819999033,0.9646594269051886,0.08542532463371018,0.07566144809689955,0.4293675387114487,0.4322173917550734,0.8426595973313912,0.8871606413626149,0.2485114753436615,0.25231428305780557,0.40901323188055155,0.467582193296163,0.7108860853246461,0.6594383669236132,0.32616181864168636,0.3356144461895075,0.3156522261740891,0.33234987407144684,0.8677268795695192,0.8527550242488323,0.2186089427494873,0.21964084791758415
35,508,3998,1D Base Case,OpenSees 2-D,168.9719802826556,86.0,0.1990333180874586,958.4849171516607,0.5411199738722323,0.5833684932409683,0.7719188247794109,0.7734046939274714,0.11300554718273229,0.095791725914947,0.7187553023940285,0.7780771383833165,0.7856390490980247,0.7829164311314765,0.2188751195726197,0.2495245888033433,0.46929049902746395,0.5340150529660393,0.8014171056345506,0.7093201103636649,0.38616424922585924,0.3479672521488969,0.5731241347523057,0.6213480871241924,0.7294157838516845,0.6970664506970536,0.2403719646147929,0.23017301896334835
35,508,3998,Toro Vs,OpenSees 2-D,168.9719802826556,86.0,0.1990333180874586,958.4849171516607,0.16782782541821548,0.16782782541821548,0.9708748610877339,0.9708748610877339,0.031614661865593814,0.031614661865593814,0.38896631498080086,0.38896631498080086,0.7467614159565489,0.7467614159565489,0.26910401384069027,0.26910401384069027,0.611376913296535,0.611376913296535,0.5149797226844504,0.5149797226844504,0.3951378338335054,0.3951378338335054,0.3767544969961774,0.3767544969961774,0.7771996690211537,0.7771996690211537,0.23009457764689184,0.23009457764689184
35,508,3998,Passeri tts,OpenSees 2-D,168.9719802826556,86.0,0.1990333180874586,958.4849171516607,0.538889824642445,0.538889824642445,0.7924041667031604,0.7924041667031604,0.0932744947513267,0.0932744947513267,0.7607122689112045,0.7607122689112045,0.7879624659914622,0.7879624659914622,0.24730267987970522,0.24730267987970522,0.5362852166892315,0.5362852166892315,0.7210772231086942,0.7210772231086942,0.3469416199076067,0.3469416199076067,0.5953234604935604,0.5953234604935604,0.7068141583630502,0.7068141583630502,0.22826644409453828,0.22826644409453828
35,508,3998,Pretell median,OpenSees 2-D,168.9719802826556,86.0,0.1990333180874586,958.4849171516607,0.21123088942184806,0.21123088942184806,0.9855779043303864,0.9855779043303864,0.05753968407761756,0.05753968407761756,0.3231656860179955,0.3231656860179955,0.8385699741776883,0.8385699741776883,0.17727529031696743,0.17727529031696743,0.5419832315307725,0.5419832315307725,0.6734830638283194,0.6734830638283194,0.3286928785010413,0.3286928785010413,0.3466080928263025,0.3466080928263025,0.8562227081030112,0.8562227081030112,0.18836398399762083,0.18836398399762083
35,508,3998,Pretell percentile,OpenSees 2-D,168.9719802826556,86.0,0.1990333180874586,958.4849171516607,0.8366291436792903,0.8366291436792903,0.9670462627661593,0.9670462627661593,0.2006016691170241,0.2006016691170241,0.9948848887705019,0.9948848887705019,0.8191376637393234,0.8191376637393234,0.30267450830849235,0.30267450830849235,0.4573642486572295,0.4573642486572295,0.7011757234796476,0.7011757234796476,0.34256275494409205,0.34256275494409205,0.801677826824992,0.801677826824992,0.8348081606835148,0.8348081606835148,0.2809099009139383,0.2809099009139383
35,508,3998,Dmult,OpenSees 2-D,168.9719802826556,86.0,0.1990333180874586,958.4849171516607,0.41896420041106885,0.41896420041106885,0.9423975900030533,0.9423975900030533,0.16985494246925534,0.16985494246925534,0.39728961148084846,0.39728961148084846,0.6514741297110935,0.6514741297110935,0.3227292903947931,0.3227292903947931,0.8758613167658575,0.8758613167658575,0.5154807826553998,0.5154807826553998,2.224960047517624,2.224960047517624,0.5648102624779966,0.5648102624779966,0.6283455511748481,0.6283455511748481,0.9350040336138455,0.9350040336138455
35,508,3998,Dmult p84,OpenSees 2-D,168.9719802826556,86.0,0.1990333180874586,958.4849171516607,0.3496702000418175,0.3496702000418175,0.9342396358979441,0.9342396358979441,0.12984457242875466,0.12984457242875466,0.36010183400180357,0.36010183400180357,0.7147047633605613,0.7147047633605613,0.25223117886731894,0.25223117886731894,0.8276893063478511,0.8276893063478511,0.5569017455155036,0.5569017455155036,1.698260475366731,1.698260475366731,0.514007060428103,0.514007060428103,0.6778464030503055,0.6778464030503055,0.7155061203886155,0.7155061203886155
36,718,5545,GINO,OpenSees 2-D,142.5768747917249,38.0,0.18908730652183292,1050.9310518285752,0.0513177162141436,0.07926579502961892,0.9580603047617512,0.9536394410203253,0.04131632204809276,0.07219023441138947,0.362187687969033,0.4269629643879093,0.9030369172089013,0.8855260104500022,0.2615095090815022,0.40961629052538095,0.4918886256553872,0.557628442072325,0.567344602107344,0.30462042915117976,0.35365733902908625,0.3796736294130411,0.3752054625132205,0.4325839556296296,0.8823988947012676,0.8545937269388084,0.21669363410146336,0.281037239496165
36,718,5545,1D Base Case,OpenSees 2-D,142.5768747917249,38.0,0.18908730652183292,1050.9310518285752,0.03315210110756678,0.035680197817075134,0.9998212130674673,0.9997919922461674,0.02012631019113324,0.021847791092742132,0.5678029375126419,0.6171785928898023,0.6756539628685785,0.6223419595001244,0.3725845166516805,0.49816366905745313,0.3814576664651633,0.4778660620347685,0.7069231236758218,0.37704346382867404,0.31187355028727215,0.3452893879841588,0.5280459081582798,0.5892376329927306,0.7311837593514625,0.6701621334337541,0.22797530616294598,0.2779471133941513
36,718,5545,Toro Vs,OpenSees 2-D,142.5768747917249,38.0,0.18908730652183292,1050.9310518285752,0.023774556478326547,0.023774556478326547,0.9999603542477781,0.9999603542477781,0.01476641561078607,0.01476641561078607,0.624264289394368,0.624264289394368,0.7369766408879145,0.7369766408879145,0.49382981942803417,0.49382981942803417,0.4350966055128232,0.4350966055128232,0.14948038938518923,0.14948038938518923,0.317513693741573,0.317513693741573,0.5921451892624482,0.5921451892624482,0.7408222149612207,0.7408222149612207,0.26444698410173595,0.26444698410173595
36,718,5545,Passeri tts,OpenSees 2-D,142.5768747917249,38.0,0.18908730652183292,1050.9310518285752,0.03561830333537363,0.03561830333537363,0.9997943970519183,0.9997943970519183,0.021814931592423484,0.021814931592423484,0.6077202376001237,0.6077202376001237,0.6351715067261094,0.6351715067261094,0.4969915371575052,0.4969915371575052,0.4658108718635094,0.4658108718635094,0.37599697726791353,0.37599697726791353,0.3407120328052764,0.3407120328052764,0.5798169413067282,0.5798169413067282,0.680935504020752,0.680935504020752,0.2759818986864465,0.2759818986864465
36,718,5545,Pretell median,OpenSees 2-D,142.5768747917249,38.0,0.18908730652183292,1050.9310518285752,0.008868638817732418,0.008868638817732418,0.9999903368890035,0.9999903368890035,0.005399832385372074,0.005399832385372074,0.37319146942581755,0.37319146942581755,0.9433860104465546,0.9433860104465546,0.2534570525328136,0.2534570525328136,0.45684902790864207,0.45684902790864207,0.24113183226202936,0.24113183226202936,0.3290623090353882,0.3290623090353882,0.3738691512465761,0.3738691512465761,0.9210860831113893,0.9210860831113893,0.19309886525711017,0.19309886525711017
36,718,5545,Pretell percentile,OpenSees 2-D,142.5768747917249,38.0,0.18908730652183292,1050.9310518285752,0.01084158961411312,0.01084158961411312,0.9999743980959248,0.9999743980959248,0.006134821042682356,0.006134821042682356,0.34453465840356307,0.34453465840356307,0.9158649078697649,0.9158649078697649,0.39274771860131913,0.39274771860131913,0.6462777089757858,0.6462777089757858,0.2127698327548896,0.2127698327548896,0.37572466808492655,0.37572466808492655,0.37913625545247504,0.37913625545247504,0.8926914645882954,0.8926914645882954,0.25147513677505884,0.25147513677505884
36,718,5545,Dmult,OpenSees 2-D,142.5768747917249,38.0,0.18908730652183292,1050.9310518285752,0.06226094176668337,0.06226094176668337,0.9991601692343262,0.9991601692343262,0.03887909993121071,0.03887909993121071,0.7472196059730445,0.7472196059730445,0.6476250863683279,0.6476250863683279,0.5310424997824329,0.5310424997824329,0.7472165243488238,0.7472165243488238,0.007771711808556963,0.007771711808556963,1.210116498840672,1.210116498840672,0.7293620683480475,0.7293620683480475,0.5738095860151476,0.5738095860151476,0.5964612095048888,0.5964612095048888
36,718,5545,Dmult p84,OpenSees 2-D,142.5768747917249,38.0,0.18908730652183292,1050.9310518285752,0.052105310025842934,0.052105310025842934,0.9994411010895129,0.9994411010895129,0.032214495488850935,0.032214495488850935,0.7111189087052656,0.7111189087052656,0.6655956561217862,0.6655956561217862,0.5116646970531636,0.5116646970531636,0.6810811836831118,0.6810811836831118,0.08293282990389281,0.08293282990389281,0.9372300675002857,0.9372300675002857,0.6909989676865663,0.6909989676865663,0.630600601010426,0.630600601010426,0.49280500616214684,0.49280500616214684
37,599,4547,GINO,OpenSees 2-D,210.6887704355034,93.0,0.1528308881446719,787.9885233298637,0.051247050796128,0.042237075591821265,0.9961110105599745,0.9961500254317623,0.038593602403659596,0.04454730842063803,0.22261039308946637,0.217473424947571,0.974661215778766,0.9776711756595667,0.10518498165714381,0.09360996286369266,0.3088297361509328,0.35362942543243586,0.8496282671145805,0.7772619624313272,0.2597678317989026,0.310738652734665,0.22128604701980542,0.22365038235150084,0.9585402261109129,0.9621017036763893,0.1359819964680399,0.15243307526346386
37,599,4547,1D Base Case,OpenSees 2-D,210.6887704355034,93.0,0.1528308881446719,787.9885233298637,0.10475435726421188,0.05606240068437232,0.9986159794440096,0.9992251241825513,0.023631730002287774,0.010403350449711165,0.34501283718682935,0.3699315287056222,0.9157174991561353,0.938999317058082,0.17666709910159487,0.1408394720487592,0.4974057724641675,0.37792823263312275,0.7118369871663831,0.7679191371126726,0.3714859183948748,0.293500123688872,0.34894547951191274,0.331391748439756,0.8897997123819928,0.9243696879454111,0.1912913066694854,0.14861805756313187
37,599,4547,Toro Vs,OpenSees 2-D,210.6887704355034,93.0,0.1528308881446719,787.9885233298637,0.07679914509016082,0.07679914509016082,0.9908867346877644,0.9908867346877644,0.02920865042903785,0.02920865042903785,0.29903671026324624,0.29903671026324624,0.910853882931478,0.910853882931478,0.18315496436178486,0.18315496436178486,0.5000987363784882,0.5000987363784882,0.27021696047904953,0.27021696047904953,0.39678822223772653,0.39678822223772653,0.3118541700989582,0.3118541700989582,0.8763319613635442,0.8763319613635442,0.204045394741903,0.204045394741903
37,599,4547,Passeri tts,OpenSees 2-D,210.6887704355034,93.0,0.1528308881446719,787.9885233298637,0.053571715141329225,0.053571715141329225,0.9993102467202358,0.9993102467202358,0.009972071440077786,0.009972071440077786,0.3376287443078133,0.3376287443078133,0.9439296425762652,0.9439296425762652,0.13536388157042678,0.13536388157042678,0.38613314237852203,0.38613314237852203,0.7573926314301088,0.7573926314301088,0.2913795595286015,0.2913795595286015,0.3102824291498648,0.3102824291498648,0.9280671527921083,0.9280671527921083,0.1460822353101658,0.1460822353101658
37,599,4547,Pretell median,OpenSees 2-D,210.6887704355034,93.0,0.1528308881446719,787.9885233298637,0.033521106801821146,0.033521106801821146,0.9997753517807857,0.9997753517807857,0.011808066832424078,0.011808066832424078,0.24539575367822436,0.24539575367822436,0.9842889576853191,0.9842889576853191,0.09339851759651517,0.09339851759651517,0.4118601958882648,0.4118601958882648,0.5642016679163938,0.5642016679163938,0.32206057872327265,0.32206057872327265,0.25512024686122736,0.25512024686122736,0.9535497046106529,0.9535497046106529,0.1448735812234484,0.1448735812234484
37,599,4547,Pretell percentile,OpenSees 2-D,210.6887704355034,93.0,0.1528308881446719,787.9885233298637,0.2975049115668711,0.2975049115668711,0.9938362643086479,0.9938362643086479,0.07118271375111922,0.07118271375111922,0.8578316773076764,0.8578316773076764,0.968623132632834,0.968623132632834,0.30314277905765685,0.30314277905765685,0.40746131102036964,0.40746131102036964,0.5960725685806751,0.5960725685806751,0.3031978917412496,0.3031978917412496,0.7146401095765019,0.7146401095765019,0.9426662678483164,0.9426662678483164,0.2219760456396262,0.2219760456396262
37,599,4547,Dmult,OpenSees 2-D,210.6887704355034,93.0,0.1528308881446719,787.9885233298637,0.24482948545620442,0.24482948545620442,0.9808770790161102,0.9808770790161102,0.0725315816998299,0.0725315816998299,0.4809533534984451,0.4809533534984451,0.8560428727415003,0.8560428727415003,0.4176361775649242,0.4176361775649242,0.8132734273121698,0.8132734273121698,0.2716077422588727,0.2716077422588727,1.743080811351062,1.743080811351062,0.5130269739586264,0.5130269739586264,0.7617576441927539,0.7617576441927539,0.7607551908372896,0.7607551908372896
37,599,4547,Dmult p84,OpenSees 2-D,210.6887704355034,93.0,0.1528308881446719,787.9885233298637,0.19041051876705062,0.19041051876705062,0.9883635220738485,0.9883635220738485,0.049340913901434295,0.049340913901434295,0.39109110191666874,0.39109110191666874,0.8951058109922528,0.8951058109922528,0.3125619151510375,0.3125619151510375,0.7473532255552257,0.7473532255552257,0.34463067792146274,0.34463067792146274,1.316502830356013,1.316502830356013,0.438646768826096,0.438646768826096,0.8254635145607293,0.8254635145607293,0.5718138850354177,0.5718138850354177
38,221,1652,GINO,OpenSees 2-D,165.0096656917946,69.0,0.291242990642786,1082.6185914667983,0.08444419179177177,0.08998863273913812,0.9969595958240857,0.9964648253748972,0.05111008356403294,0.05188708572336159,0.2837545088723264,0.24937161008557884,0.9474092100076192,0.9526972093639384,0.187068393366097,0.1513923738246036,0.5069341418853391,0.5227576626436712,0.524596495828001,0.4071250652648472,0.5104058715895441,0.6026193368596056,0.2776988963972353,0.26796325057914955,0.9353745526551756,0.9265638975834842,0.252651102313581,0.27449496005141955
38,221,1652,1D Base Case,OpenSees 2-D,165.0096656917946,69.0,0.291242990642786,1082.6185914667983,0.33712138118707896,0.3199248047218148,0.9835337091740083,0.9837224698189214,0.11391210721197757,0.10559423002200356,0.6919557763590775,0.7014719641962767,0.5164412830980875,0.5376236763949743,0.48519612860671896,0.4455898664805604,0.6271986969108533,0.5516194317509813,0.0976486357397411,0.21808095019994217,0.544433022557959,0.604510407563037,0.6264062524859269,0.6203072132994393,0.6109595595976578,0.6153493920766577,0.3759796340014934,0.3822135830989323
38,221,1652,Toro Vs,OpenSees 2-D,165.0096656917946,69.0,0.291242990642786,1082.6185914667983,0.24087337906000492,0.24087337906000492,0.9865312664883202,0.9865312664883202,0.07175416602329623,0.07175416602329623,0.5063330898727308,0.5063330898727308,0.7161275359573355,0.7161275359573355,0.3510990072504476,0.3510990072504476,0.4962927871415686,0.4962927871415686,0.37408763218719054,0.37408763218719054,0.589913926737461,0.589913926737461,0.4589183172638182,0.4589183172638182,0.781349497772419,0.781349497772419,0.33691353464139934,0.33691353464139934
38,221,1652,Passeri tts,OpenSees 2-D,165.0096656917946,69.0,0.291242990642786,1082.6185914667983,0.31890037828935025,0.31890037828935025,0.9839782605938695,0.9839782605938695,0.10529102336320065,0.10529102336320065,0.6775252395742404,0.6775252395742404,0.5508470559302467,0.5508470559302467,0.4405462156560741,0.4405462156560741,0.5446332022480875,0.5446332022480875,0.22795212657071384,0.22795212657071384,0.6027570117672597,0.6027570117672597,0.6013970670747465,0.6013970670747465,0.6274012982484632,0.6274012982484632,0.37998067699248333,0.37998067699248333
38,221,1652,Pretell median,OpenSees 2-D,165.0096656917946,69.0,0.291242990642786,1082.6185914667983,0.12563178836567138,0.12563178836567138,0.9993602897074217,0.9993602897074217,0.030011546013680036,0.030011546013680036,0.13421752598340464,0.13421752598340464,0.9812861842182532,0.9812861842182532,0.1468698761164831,0.1468698761164831,0.5092766464044924,0.5092766464044924,0.7713225977122827,0.7713225977122827,0.49704567833117186,0.49704567833117186,0.20604084682554638,0.20604084682554638,0.9609286136586755,0.9609286136586755,0.2285309913556431,0.2285309913556431
38,221,1652,Pretell percentile,OpenSees 2-D,165.0096656917946,69.0,0.291242990642786,1082.6185914667983,0.4619028312033334,0.4619028312033334,0.9933953891959785,0.9933953891959785,0.08695570765998702,0.08695570765998702,0.41965868237673865,0.41965868237673865,0.9665597189235112,0.9665597189235112,0.27574375475377455,0.27574375475377455,0.35156544684811963,0.35156544684811963,0.7855468429303822,0.7855468429303822,0.4135025263518544,0.4135025263518544,0.4231829726946643,0.4231829726946643,0.9558837977902443,0.9558837977902443,0.25788350833027684,0.25788350833027684
38,221,1652,Dmult,OpenSees 2-D,165.0096656917946,69.0,0.291242990642786,1082.6185914667983,0.43620081419812695,0.43620081419812695,0.9542255451530947,0.9542255451530947,0.16539817048087405,0.16539817048087405,0.6527021032732833,0.6527021032732833,0.5934105679327248,0.5934105679327248,0.5150139670326859,0.5150139670326859,0.8111436846799297,0.8111436846799297,0.2670998972492176,0.2670998972492176,1.5297771270014668,1.5297771270014668,0.6299440011570213,0.6299440011570213,0.637252584557916,0.637252584557916,0.7478155442286251,0.7478155442286251
38,221,1652,Dmult p84,OpenSees 2-D,165.0096656917946,69.0,0.291242990642786,1082.6185914667983,0.4014659488896102,0.4014659488896102,0.9639822672345303,0.9639822672345303,0.1437000829140966,0.1437000829140966,0.6093512598347435,0.6093512598347435,0.612909811006273,0.612909811006273,0.45285812977571827,0.45285812977571827,0.75290988050989,0.75290988050989,0.28414162868726767,0.28414162868726767,1.1647613111859627,1.1647613111859627,0.5866308399209772,0.5866308399209772,0.6721792000645674,0.6721792000645674,0.5938189268677361,0.5938189268677361
39,654,5056,GINO,OpenSees 2-D,155.85309161955587,30.0,0.13990394920110702,1100.9499837906333,0.11577638760011477,0.076880894064557,0.3966551556090107,0.10892722555932967,0.09018745711641929,0.0636592820399157,0.188560737094975,0.16506788333144834,0.9757555365182271,0.9704317212638632,0.10488478139551749,0.11821907522315317,0.3183779571592943,0.17812939371741457,0.8609292307770666,0.9442703420760427,0.22945260067415976,0.18907035237861275,0.21913968907707093,0.16398774912752487,0.9615171898630763,0.9735909465148543,0.1433394546453579,0.12392109461343091
39,654,5056,1D Base Case,OpenSees 2-D,155.85309161955587,30.0,0.13990394920110702,1100.9499837906333,0.005844903071074276,0.003691917176820562,0.9999224561636182,0.9999430526348617,0.0038335279075595594,0.0025433586306856165,0.21497824806899735,0.17999545776950432,0.9543916509634018,0.9654284459538615,0.0939850629347152,0.07265129138711748,0.46796915733807043,0.25265517507254354,0.6684272476520002,0.9099500610988193,0.2831273671618862,0.18319901125967925,0.2820649269978073,0.19160357832840197,0.9285760944900268,0.9627384483140586,0.12863183215472063,0.08680521687776295
39,654,5056,Toro Vs,OpenSees 2-D,155.85309161955587,30.0,0.13990394920110702,1100.9499837906333,0.0013489651358105513,0.0013489651358105513,0.9999203422757779,0.9999203422757779,0.0010470681913746483,0.0010470681913746483,0.3684834292473717,0.3684834292473717,0.9055423517279592,0.9055423517279592,0.11357292996090136,0.11357292996090136,0.46171189088189646,0.46171189088189646,0.7049663796797565,0.7049663796797565,0.2979930008506788,0.2979930008506788,0.378347557705122,0.378347557705122,0.8904238287504096,0.8904238287504096,0.13873590315298912,0.13873590315298912
39,654,5056,Passeri tts,OpenSees 2-D,155.85309161955587,30.0,0.13990394920110702,1100.9499837906333,0.00367338324310529,0.00367338324310529,0.9999429240331329,0.9999429240331329,0.0025318811296683973,0.0025318811296683973,0.16250311466073283,0.16250311466073283,0.9690798123268403,0.9690798123268403,0.07032419840640802,0.07032419840640802,0.25708798150440587,0.25708798150440587,0.9172795694885503,0.9172795694885503,0.18265647484563333,0.18265647484563333,0.18081518344242214,0.18081518344242214,0.9655079168504359,0.9655079168504359,0.08591318411327802,0.08591318411327802
39,654,5056,Pretell median,OpenSees 2-D,155.85309161955587,30.0,0.13990394920110702,1100.9499837906333,0.0016899341372816675,0.0016899341372816675,0.9999304388279586,0.9999304388279586,0.0013809582065204985,0.0013809582065204985,0.0572416856712836,0.0572416856712836,0.9980677822454417,0.9980677822454417,0.043258201132195195,0.043258201132195195,0.2558503563598861,0.2558503563598861,0.9417011060138777,0.9417011060138777,0.1342941565804637,0.1342941565804637,0.12384526809003013,0.12384526809003013,0.9841757227247876,0.9841757227247876,0.06046375051510304,0.06046375051510304
39,654,5056,Pretell percentile,OpenSees 2-D,155.85309161955587,30.0,0.13990394920110702,1100.9499837906333,0.008448458337816218,0.008448458337816218,0.9999045054172159,0.9999045054172159,0.0060834232364750124,0.0060834232364750124,0.363229203407913,0.363229203407913,0.9960592672679416,0.9960592672679416,0.13351449486596953,0.13351449486596953,0.23938860867897938,0.23938860867897938,0.9246083115654667,0.9246083115654667,0.20570575454781007,0.20570575454781007,0.3310252158887306,0.3310252158887306,0.9848432248878997,0.9848432248878997,0.11418056068429064,0.11418056068429064
39,654,5056,Dmult,OpenSees 2-D,155.85309161955587,30.0,0.13990394920110702,1100.9499837906333,0.014727130286668715,0.014727130286668715,0.9999350257823806,0.9999350257823806,0.00998503866014326,0.00998503866014326,0.5592049002970084,0.5592049002970084,0.9033452333900595,0.9033452333900595,0.30441575058203285,0.30441575058203285,0.7003092155456245,0.7003092155456245,0.26784479557273644,0.26784479557273644,0.8176297677253708,0.8176297677253708,0.574094491919135,0.574094491919135,0.7661284197517698,0.7661284197517698,0.38098990740953975,0.38098990740953975
39,654,5056,Dmult p84,OpenSees 2-D,155.85309161955587,30.0,0.13990394920110702,1100.9499837906333,0.010330213672236023,0.010330213672236023,0.9999459896093917,0.9999459896093917,0.006988637876355514,0.006988637876355514,0.4876881774597283,0.4876881774597283,0.9251693221432267,0.9251693221432267,0.2305478147418609,0.2305478147418609,0.6343241461783088,0.6343241461783088,0.4649469806243564,0.4649469806243564,0.6279767475851554,0.6279767475851554,0.5064130501814109,0.5064130501814109,0.8410378021000011,0.8410378021000011,0.29140222933408705,0.29140222933408705
40,111,862,GINO,OpenSees 2-D,194.48150890276074,54.0,0.18722940273582933,1222.8837500850434,0.05849988018915682,0.059776125615970226,0.9444645949586989,0.926676112989174,0.04707331662883386,0.04746675336312463,0.11968748148943967,0.1509217552221553,0.9919866322849994,0.989280987470202,0.10067972293637377,0.07740431085318847,0.39836328918347136,0.2828278372282467,0.7875977887702593,0.876057732369699,0.2697021343781538,0.19336811120506972,0.2421366721389596,0.1956877398365589,0.9371369220695518,0.9601470551733835,0.14107532473335785,0.10751349585482456
40,111,862,1D Base Case,OpenSees 2-D,194.48150890276074,54.0,0.18722940273582933,1222.8837500850434,0.024126244301821136,0.015902403734155107,0.9998853873488835,0.9999564203265592,0.014254500808719402,0.008858051382082942,0.3835721342326497,0.38952450834037544,0.8460700548811962,0.8549026396604639,0.1951904300315255,0.158801008289344,0.5282535176244707,0.43441542335533845,0.6785111344343819,0.7738484025365456,0.42388987063962735,0.35466075506074524,0.423631197143512,0.3902184836517747,0.8059310887265868,0.838809480460823,0.211907659016379,0.17487188474179305
40,111,862,Toro Vs,OpenSees 2-D,194.48150890276074,54.0,0.18722940273582933,1222.8837500850434,0.0021335565280880086,0.0021335565280880086,0.9999859226616601,0.9999859226616601,0.0016133662209170151,0.0016133662209170151,0.3401021843760738,0.3401021843760738,0.8959898831480307,0.8959898831480307,0.133129173630111,0.133129173630111,0.5636680773535545,0.5636680773535545,0.6202108957008873,0.6202108957008873,0.35731847646596426,0.35731847646596426,0.40890145065096767,0.40890145065096767,0.8234275377882967,0.8234275377882967,0.16556489702944174,0.16556489702944174
40,111,862,Passeri tts,OpenSees 2-D,194.48150890276074,54.0,0.18722940273582933,1222.8837500850434,0.01582638064429227,0.01582638064429227,0.9999576453782331,0.9999576453782331,0.008821165806089,0.008821165806089,0.36518167402262697,0.36518167402262697,0.8637298966585637,0.8637298966585637,0.15587906735908283,0.15587906735908283,0.43847198731038506,0.43847198731038506,0.7810759820957534,0.7810759820957534,0.3469913030976819,0.3469913030976819,0.37629360089774183,0.37629360089774183,0.8446195569709584,0.8446195569709584,0.17129808432404467,0.17129808432404467
40,111,862,Pretell median,OpenSees 2-D,194.48150890276074,54.0,0.18722940273582933,1222.8837500850434,0.011504742102162336,0.011504742102162336,0.9999747246099733,0.9999747246099733,0.007694818690140459,0.007694818690140459,0.11788659602147374,0.11788659602147374,0.9975721101462955,0.9975721101462955,0.0944268534141865,0.0944268534141865,0.2810294016052616,0.2810294016052616,0.952706485368083,0.952706485368083,0.17356085595141696,0.17356085595141696,0.1791596471133889,0.1791596471133889,0.9658169991538409,0.9658169991538409,0.09176754214880106,0.09176754214880106
40,111,862,Pretell percentile,OpenSees 2-D,194.48150890276074,54.0,0.18722940273582933,1222.8837500850434,0.034473179794738594,0.034473179794738594,0.9998333886450824,0.9998333886450824,0.02077311609841995,0.02077311609841995,0.5653367983830292,0.5653367983830292,0.9912867007400173,0.9912867007400173,0.19980060582699677,0.19980060582699677,0.2302771022304087,0.2302771022304087,0.9291113074525097,0.9291113074525097,0.22869904114522116,0.22869904114522116,0.4684817804010316,0.4684817804010316,0.9562770208181945,0.9562770208181945,0.14725543678337344,0.14725543678337344
40,111,862,Dmult,OpenSees 2-D,194.48150890276074,54.0,0.18722940273582933,1222.8837500850434,0.04059230416981936,0.04059230416981936,0.9996085174495113,0.9996085174495113,0.02367829042838787,0.02367829042838787,0.5139020908078944,0.5139020908078944,0.8496040166606976,0.8496040166606976,0.27131258444035233,0.27131258444035233,0.7702463945366812,0.7702463945366812,0.5708133711718285,0.5708133711718285,1.2705521382416451,1.2705521382416451,0.5856615176192249,0.5856615176192249,0.6762497447195694,0.6762497447195694,0.5343744253666172,0.5343744253666172
40,111,862,Dmult p84,OpenSees 2-D,194.48150890276074,54.0,0.18722940273582933,1222.8837500850434,0.030673370998703705,0.030673370998703705,0.9997859394737343,0.9997859394737343,0.01747323831772438,0.01747323831772438,0.44367470133599696,0.44367470133599696,0.869373886417285,0.869373886417285,0.2146723454919014,0.2146723454919014,0.7128789920495157,0.7128789920495157,0.6331380119448217,0.6331380119448217,0.9886800888436492,0.9886800888436492,0.524449107038125,0.524449107038125,0.7461835913620253,0.7461835913620253,0.41655536815405114,0.41655536815405114
41,475,3757,GINO,OpenSees 2-D,181.19113888748745,67.0,0.24537545442581177,1053.7421121028358,0.04080612807175992,0.038048255341926386,0.9955098082430295,0.9969282939774776,0.03290738407149749,0.027871988460599934,0.18608103019369876,0.15102911886546408,0.9737837252884989,0.981437175186994,0.11911479336813893,0.13028078033393345,0.3633115895976582,0.5027208277271089,0.7433619335321158,0.2970844360838671,0.3432269825225686,0.40192974648529084,0.20348310525657398,0.20191581499494568,0.9678366665038755,0.9642130799425188,0.16738146631836484,0.1895148413312418
41,475,3757,1D Base Case,OpenSees 2-D,181.19113888748745,67.0,0.24537545442581177,1053.7421121028358,0.10810775209791287,0.10402133726159586,0.9985225768617024,0.9984380232871953,0.04886686410524573,0.0470468966137798,0.5514538735756327,0.5466591626835471,0.6798081928759048,0.6836906321322936,0.36634757316321404,0.4019763813342689,0.565961889048281,0.5165669655825509,0.3859898819541915,0.30609512476983236,0.44891616208872387,0.4317174505721808,0.5330914174285113,0.5238752736556714,0.7303161962798432,0.7306997677964071,0.28412833111685354,0.28816043591536683
41,475,3757,Toro Vs,OpenSees 2-D,181.19113888748745,67.0,0.24537545442581177,1053.7421121028358,0.050435006990519664,0.050435006990519664,0.9999894358094507,0.9999894358094507,0.025935138496153993,0.025935138496153993,0.5868268730043517,0.5868268730043517,0.7464040939989416,0.7464040939989416,0.4134465413316296,0.4134465413316296,0.4803316430224384,0.4803316430224384,0.005559193531026423,0.005559193531026423,0.4629328600127417,0.4629328600127417,0.5558577278336146,0.5558577278336146,0.7689102401086159,0.7689102401086159,0.29513776187760243,0.29513776187760243
41,475,3757,Passeri tts,OpenSees 2-D,181.19113888748745,67.0,0.24537545442581177,1053.7421121028358,0.10362915429844162,0.10362915429844162,0.99846945779398,0.99846945779398,0.04690906078606838,0.04690906078606838,0.5373919034768144,0.5373919034768144,0.6956733202214241,0.6956733202214241,0.39965833781042404,0.39965833781042404,0.5063419885650746,0.5063419885650746,0.29465288997860145,0.29465288997860145,0.43014724375970304,0.43014724375970304,0.5148918682624918,0.5148918682624918,0.7408389371535237,0.7408389371535237,0.2868672079341472,0.2868672079341472
41,475,3757,Pretell median,OpenSees 2-D,181.19113888748745,67.0,0.24537545442581177,1053.7421121028358,0.020530861170544614,0.020530861170544614,0.9998825519987639,0.9998825519987639,0.00704216978133963,0.00704216978133963,0.2965380380123588,0.2965380380123588,0.9563675138443318,0.9563675138443318,0.12771888024256145,0.12771888024256145,0.43657114346408027,0.43657114346408027,0.4097906514314425,0.4097906514314425,0.4111760221363262,0.4111760221363262,0.30014646097495523,0.30014646097495523,0.9453129446454469,0.9453129446454469,0.18469203124395148,0.18469203124395148
41,475,3757,Pretell percentile,OpenSees 2-D,181.19113888748745,67.0,0.24537545442581177,1053.7421121028358,0.12381574802935796,0.12381574802935796,0.9980093284914914,0.9980093284914914,0.043303526843073314,0.043303526843073314,0.30460693438201475,0.30460693438201475,0.9422591623524318,0.9422591623524318,0.25648333077356517,0.25648333077356517,0.4301026395484097,0.4301026395484097,0.4600760962218679,0.4600760962218679,0.3982271031225605,0.3982271031225605,0.30790462420308534,0.30790462420308534,0.9402913989802771,0.9402913989802771,0.23148071972004142,0.23148071972004142
41,475,3757,Dmult,OpenSees 2-D,181.19113888748745,67.0,0.24537545442581177,1053.7421121028358,0.17451027162824106,0.17451027162824106,0.9932883891434184,0.9932883891434184,0.08304179066175578,0.08304179066175578,0.7165046760560985,0.7165046760560985,0.6455980494088249,0.6455980494088249,0.5536252006043434,0.5536252006043434,0.8003972670726306,0.8003972670726306,-0.06471547282279362,-0.06471547282279362,1.5121055312504916,1.5121055312504916,0.6984824851685638,0.6984824851685638,0.6180556287954103,0.6180556287954103,0.7243891228505895,0.7243891228505895
41,475,3757,Dmult p84,OpenSees 2-D,181.19113888748745,67.0,0.24537545442581177,1053.7421121028358,0.14915632093559522,0.14915632093559522,0.9954485169120009,0.9954485169120009,0.06901218279566093,0.06901218279566093,0.6720089160112435,0.6720089160112435,0.6805179602177599,0.6805179602177599,0.4990693302672188,0.4990693302672188,0.7383816708450569,0.7383816708450569,-0.016466014143213765,-0.016466014143213765,1.1680877478534804,1.1680877478534804,0.6536528883494261,0.6536528883494261,0.6742860318790314,0.6742860318790314,0.5827057748073652,0.5827057748073652
42,484,3832,GINO,OpenSees 2-D,189.73753870077095,82.0,0.25494276024401186,1125.5531570163857,0.10487879440058967,0.09656297674635045,0.9909697366301073,0.9958599038558582,0.06471924336630759,0.06204087258543974,0.24997838098673197,0.2032274314493333,0.9780893909118772,0.9844964239708174,0.17315913378831646,0.15657721629148746,0.4033770037418831,0.4538630206309519,0.7768177525502482,0.7513186318096389,0.37082816828937953,0.343790070629023,0.24409836942742688,0.24784712202631554,0.9476831226354517,0.9361826826903211,0.20438933421598543,0.18901399501250818
42,484,3832,1D Base Case,OpenSees 2-D,189.73753870077095,82.0,0.25494276024401186,1125.5531570163857,0.42891614542228873,0.41447030071515895,0.9762586931635087,0.9772202243873065,0.13033085014594217,0.12550897408699213,0.738021193788576,0.7505541935468711,0.5504720492656855,0.5559730362140267,0.40677978115672947,0.41914512564797946,0.5593261994838127,0.6344438545507358,0.44017502381087037,0.3767294534246462,0.45917209531659997,0.4562582712250294,0.6300475560263493,0.6408391977539923,0.593464416908413,0.5727609637598853,0.3283599652589086,0.32936207355360136
42,484,3832,Toro Vs,OpenSees 2-D,189.73753870077095,82.0,0.25494276024401186,1125.5531570163857,0.35331135115276113,0.35331135115276113,0.9691435464480296,0.9691435464480296,0.08961612678149629,0.08961612678149629,0.4877097646651824,0.4877097646651824,0.6859207565674856,0.6859207565674856,0.3822152661383287,0.3822152661383287,0.647075165404418,0.647075165404418,0.3330634938528138,0.3330634938528138,0.4403356964915532,0.4403356964915532,0.4852307013247806,0.4852307013247806,0.7239406975478773,0.7239406975478773,0.3001477179870659,0.3001477179870659
42,484,3832,Passeri tts,OpenSees 2-D,189.73753870077095,82.0,0.25494276024401186,1125.5531570163857,0.41313884358547315,0.41313884358547315,0.9776222326395109,0.9776222326395109,0.1251181737912417,0.1251181737912417,0.7209341728094117,0.7209341728094117,0.5684380968098383,0.5684380968098383,0.4156172466393817,0.4156172466393817,0.6310329305009483,0.6310329305009483,0.39903252131877665,0.39903252131877665,0.4452349690983467,0.4452349690983467,0.6226174845109952,0.6226174845109952,0.5845059287845068,0.5845059287845068,0.32430877400317043,0.32430877400317043
42,484,3832,Pretell median,OpenSees 2-D,189.73753870077095,82.0,0.25494276024401186,1125.5531570163857,0.05093835530994561,0.05093835530994561,0.9995587246372498,0.9995587246372498,0.014719068277083096,0.014719068277083096,0.18257123313475696,0.18257123313475696,0.9733547370631445,0.9733547370631445,0.10430815773585927,0.10430815773585927,0.5390989451066636,0.5390989451066636,0.7695813738285466,0.7695813738285466,0.3588356771312301,0.3588356771312301,0.26612589882765564,0.26612589882765564,0.9283480049904922,0.9283480049904922,0.16203660821366742,0.16203660821366742
42,484,3832,Pretell percentile,OpenSees 2-D,189.73753870077095,82.0,0.25494276024401186,1125.5531570163857,0.37041974179320963,0.37041974179320963,0.9966437653856552,0.9966437653856552,0.07348400127887424,0.07348400127887424,0.5058504937098318,0.5058504937098318,0.9653203984694415,0.9653203984694415,0.1711704983645501,0.1711704983645501,0.45660969931367795,0.45660969931367795,0.7861489493440419,0.7861489493440419,0.3657517909820462,0.3657517909820462,0.45810813469748946,0.45810813469748946,0.9254662455505114,0.9254662455505114,0.20508367680068718,0.20508367680068718
42,484,3832,Dmult,OpenSees 2-D,189.73753870077095,82.0,0.25494276024401186,1125.5531570163857,0.533187831511196,0.533187831511196,0.9370587880757116,0.9370587880757116,0.18786269185601262,0.18786269185601262,0.6133108866813556,0.6133108866813556,0.560236339435791,0.560236339435791,0.4514498100280438,0.4514498100280438,0.8620000030249002,0.8620000030249002,0.3086047938846778,0.3086047938846778,1.7228796239983026,1.7228796239983026,0.6438169415280607,0.6438169415280607,0.5737802136964951,0.5737802136964951,0.8041947535574234,0.8041947535574234
42,484,3832,Dmult p84,OpenSees 2-D,189.73753870077095,82.0,0.25494276024401186,1125.5531570163857,0.49877377717813043,0.49877377717813043,0.9500531752821264,0.9500531752821264,0.16507150083411065,0.16507150083411065,0.570139229458042,0.570139229458042,0.5903051548072845,0.5903051548072845,0.40521555517694247,0.40521555517694247,0.817766749168849,0.817766749168849,0.3456780501391654,0.3456780501391654,1.3006007918776246,1.3006007918776246,0.6033698549033936,0.6033698549033936,0.6111637359675796,0.6111637359675796,0.6345499690021901,0.6345499690021901
43,329,2547,GINO,OpenSees 2-D,214.7478680468775,37.0,0.1573005935177207,1374.5599606957485,0.1241933348188944,0.08145071173600063,0.5133612526428926,0.43710636603858194,0.08905136805471346,0.0718363496212659,0.17233448373752522,0.2201611427349326,0.9868333098400529,0.982208470712446,0.07151157456126091,0.12525532000607206,0.45623874136580544,0.4026056009953831,0.7171568664211398,0.734128623522392,0.29242456807290423,0.19552209488186026,0.24701603957625387,0.24422986718371895,0.9517367441567395,0.9600143929608712,0.15497005001304448,0.13115205157791576
43,329,2547,1D Base Case,OpenSees 2-D,214.7478680468775,37.0,0.1573005935177207,1374.5599606957485,0.007540926832161862,0.007213610539901131,0.9999228799497223,0.9999470449222495,0.005328455396942518,0.005500939560910546,0.3908394528645021,0.4025399022122849,0.8613228892447135,0.8453080431086587,0.1624362950806985,0.1834490884560022,0.5939115836213454,0.4579394485796153,0.40814805060075754,0.4270663879936168,0.3632098574490839,0.2858847248785633,0.4271293223633671,0.40098225192850967,0.8418680279441605,0.8572647445858559,0.17771929802031883,0.15701970909061652
43,329,2547,Toro Vs,OpenSees 2-D,214.7478680468775,37.0,0.1573005935177207,1374.5599606957485,0.003694390775902667,0.003694390775902667,0.9999700647569788,0.9999700647569788,0.003033823015652721,0.003033823015652721,0.5596549015234021,0.5596549015234021,0.7993584457534119,0.7993584457534119,0.18458034983298285,0.18458034983298285,0.401015511245138,0.401015511245138,0.4477974220216687,0.4477974220216687,0.25751286036851834,0.25751286036851834,0.5320056019521716,0.5320056019521716,0.8200123651822088,0.8200123651822088,0.1465654441343547,0.1465654441343547
43,329,2547,Passeri tts,OpenSees 2-D,214.7478680468775,37.0,0.1573005935177207,1374.5599606957485,0.007200335700587941,0.007200335700587941,0.9999473156032991,0.9999473156032991,0.005492163178621499,0.005492163178621499,0.4020091099901416,0.4020091099901416,0.8505446445957805,0.8505446445957805,0.18338318906020729,0.18338318906020729,0.44176366022087443,0.44176366022087443,0.4434925823594422,0.4434925823594422,0.2809640358589989,0.2809640358589989,0.39846411228115985,0.39846411228115985,0.862483936166409,0.862483936166409,0.15527462638122932,0.15527462638122932
43,329,2547,Pretell median,OpenSees 2-D,214.7478680468775,37.0,0.1573005935177207,1374.5599606957485,0.002039799838185115,0.002039799838185115,0.9999674100067022,0.9999674100067022,0.001794989985414654,0.001794989985414654,0.2219498407835144,0.2219498407835144,0.9677217350832751,0.9677217350832751,0.07580164438266518,0.07580164438266518,0.27664685105574643,0.27664685105574643,0.7930989023036433,0.7930989023036433,0.1583321480200162,0.1583321480200162,0.22434676177177354,0.22434676177177354,0.9649274578793459,0.9649274578793459,0.07878499161670034,0.07878499161670034
43,329,2547,Pretell percentile,OpenSees 2-D,214.7478680468775,37.0,0.1573005935177207,1374.5599606957485,0.0033073295559509445,0.0033073295559509445,0.9999798735383133,0.9999798735383133,0.002206064590090189,0.002206064590090189,0.29603764573529245,0.29603764573529245,0.9519603703529302,0.9519603703529302,0.1431278788925859,0.1431278788925859,0.45129895872603526,0.45129895872603526,0.8139346940042287,0.8139346940042287,0.24675254642868957,0.24675254642868957,0.31177854724593335,0.31177854724593335,0.9527994053119544,0.9527994053119544,0.13007387752434868,0.13007387752434868
43,329,2547,Dmult,OpenSees 2-D,214.7478680468775,37.0,0.1573005935177207,1374.5599606957485,0.013671811166130482,0.013671811166130482,0.9998937717881118,0.9998937717881118,0.01007445616958614,0.01007445616958614,0.6664790349692448,0.6664790349692448,0.7861015801070824,0.7861015801070824,0.3027122902828315,0.3027122902828315,0.6119069831693369,0.6119069831693369,0.059342834682042635,0.059342834682042635,0.6038435192884777,0.6038435192884777,0.6465376187355281,0.6465376187355281,0.7498855893516825,0.7498855893516825,0.30568497849517184,0.30568497849517184
43,329,2547,Dmult p84,OpenSees 2-D,214.7478680468775,37.0,0.1573005935177207,1374.5599606957485,0.010936671039840837,0.010936671039840837,0.9999185857114878,0.9999185857114878,0.008129896803182463,0.008129896803182463,0.6136045845978183,0.6136045845978183,0.809825081457293,0.809825081457293,0.2552380723029105,0.2552380723029105,0.5473715732918428,0.5473715732918428,0.20691059958066,0.20691059958066,0.4574470810099032,0.4574470810099032,0.5935478189905782,0.5935478189905782,0.8006501291201772,0.8006501291201772,0.23952336392545318,0.23952336392545318
44,279,2081,GINO,OpenSees 2-D,233.90475631375514,58.0,0.2960107229650021,987.6378811194869,0.06859298069718273,0.042921342631292395,0.9312393179996162,0.9670960846182164,0.0543977316137651,0.035638993678485914,0.35070447234986013,0.38901435666000567,0.9044206968705844,0.9050168448907308,0.20161562912989653,0.21564420490511166,0.5271112283333608,0.5083130110251927,0.6588919698997066,0.6449047908984302,0.4126040057274941,0.4220227481370781,0.3843094107102765,0.40654587600591396,0.8795547411684209,0.8867313242204633,0.22393529680840968,0.2248748711069809
44,279,2081,1D Base Case,OpenSees 2-D,233.90475631375514,58.0,0.2960107229650021,987.6378811194869,0.03334685559291207,0.03608961271807644,0.9998308202677922,0.9998541995766899,0.02077830751234965,0.02303646419827486,0.5527843822639599,0.5214917490732688,0.6740133593191954,0.6845027965700815,0.31877218720011097,0.3023788684899199,0.629389450513511,0.6100327815088447,0.2117687482666945,0.24458052548829234,0.5286476596654565,0.5541935609812909,0.5548706518536337,0.5272779901960619,0.6803688810698728,0.7035457154759948,0.2879307446722654,0.29274416935982395
44,279,2081,Toro Vs,OpenSees 2-D,233.90475631375514,58.0,0.2960107229650021,987.6378811194869,0.026700209497065114,0.026700209497065114,0.9999675060075298,0.9999675060075298,0.01718462498953113,0.01718462498953113,0.48232634515239803,0.48232634515239803,0.8286809933729,0.8286809933729,0.28698061633016614,0.28698061633016614,0.5615687894622851,0.5615687894622851,0.5213684590116118,0.5213684590116118,0.46452671018666436,0.46452671018666436,0.487029170733963,0.487029170733963,0.8124940114693854,0.8124940114693854,0.25469315221071825,0.25469315221071825
44,279,2081,Passeri tts,OpenSees 2-D,233.90475631375514,58.0,0.2960107229650021,987.6378811194869,0.036044096532018094,0.036044096532018094,0.999855760327552,0.999855760327552,0.0230108477564415,0.0230108477564415,0.5060639079100752,0.5060639079100752,0.6974507178898093,0.6974507178898093,0.3008725184607493,0.3008725184607493,0.601061871762658,0.601061871762658,0.2611256708721154,0.2611256708721154,0.545651406679141,0.545651406679141,0.513846176893194,0.513846176893194,0.715170224159386,0.715170224159386,0.2892935445906787,0.2892935445906787
44,279,2081,Pretell median,OpenSees 2-D,233.90475631375514,58.0,0.2960107229650021,987.6378811194869,0.004991893460411427,0.004991893460411427,0.9999990793103066,0.9999990793103066,0.0032488688660809338,0.0032488688660809338,0.1603294970003359,0.1603294970003359,0.9846733531919564,0.9846733531919564,0.0698167734376801,0.0698167734376801,0.38168568901026,0.38168568901026,0.8556264733683243,0.8556264733683243,0.3244753641732647,0.3244753641732647,0.22116953878706494,0.22116953878706494,0.9628584160159223,0.9628584160159223,0.13564851359507502,0.13564851359507502
44,279,2081,Pretell percentile,OpenSees 2-D,233.90475631375514,58.0,0.2960107229650021,987.6378811194869,0.01846759728455647,0.01846759728455647,0.9999228408783009,0.9999228408783009,0.010876222173154636,0.010876222173154636,0.47547604880307087,0.47547604880307087,0.9634267924543455,0.9634267924543455,0.30574369453807215,0.30574369453807215,0.33876881573342105,0.33876881573342105,0.8603639172618709,0.8603639172618709,0.37228236079447674,0.37228236079447674,0.4372771402407994,0.4372771402407994,0.9523840304804101,0.9523840304804101,0.22582861240009264,0.22582861240009264
44,279,2081,Dmult,OpenSees 2-D,233.90475631375514,58.0,0.2960107229650021,987.6378811194869,0.050349713040086536,0.050349713040086536,0.9996049889762992,0.9996049889762992,0.03237220822591023,0.03237220822591023,0.6055955406763601,0.6055955406763601,0.7552450718561049,0.7552450718561049,0.3291909470125819,0.3291909470125819,0.7392170709054856,0.7392170709054856,0.38518097527802686,0.38518097527802686,0.9320645268195136,0.9320645268195136,0.619763614221011,0.619763614221011,0.6920656446625981,0.6920656446625981,0.4363101413696729,0.4363101413696729
44,279,2081,Dmult p84,OpenSees 2-D,233.90475631375514,58.0,0.2960107229650021,987.6378811194869,0.04427278535018567,0.04427278535018567,0.9997231590354185,0.9997231590354185,0.028346008361909918,0.028346008361909918,0.55627382747481,0.55627382747481,0.7592161550174517,0.7592161550174517,0.3041304060716916,0.3041304060716916,0.6908808738298684,0.6908808738298684,0.3941160096744615,0.3941160096744615,0.7574304597911978,0.7574304597911978,0.572197848454136,0.572197848454136,0.7309514273768171,0.7309514273768171,0.3662608856750952,0.3662608856750952
45,277,2053,GINO,OpenSees 2-D,208.7308069285918,30.0,0.10645707994699478,909.3311175461351,0.07919196831244235,0.06704561568416773,0.5495467505690149,0.626076300189635,0.060947619616802964,0.055972820623860206,0.2714378426129918,0.2817671039471928,0.9440620357192057,0.9473841697129507,0.09357932979621336,0.09803446288549503,0.29343612363009225,0.2784759611871329,0.8715790301803885,0.9149034284299575,0.19314492999112765,0.1775036851668606,0.27061504137609954,0.27676974204458055,0.9445011676034556,0.9485082038255367,0.11700619130163974,0.1111271158924008
45,277,2053,1D Base Case,OpenSees 2-D,208.7308069285918,30.0,0.10645707994699478,909.3311175461351,0.005566404666077132,0.0071949669055924705,0.9999284881939429,0.9998308303566172,0.0037307918496895984,0.0058001153105355086,0.5072481700684833,0.5423832282799369,0.7944929962237004,0.7206129897290882,0.16364713418361698,0.20908255394869868,0.47461195872080514,0.543239827691001,0.5698816869678232,0.48596936025888626,0.28893849662477994,0.34057519958942967,0.49229686056488514,0.5332788673234135,0.8052185279306795,0.7483319826231457,0.15152839122114944,0.1839561263995974
45,277,2053,Toro Vs,OpenSees 2-D,208.7308069285918,30.0,0.10645707994699478,909.3311175461351,0.0049163166149626914,0.0049163166149626914,0.9998575745882781,0.9998575745882781,0.0041409925742936825,0.0041409925742936825,0.6108386650943237,0.6108386650943237,0.7880561098054086,0.7880561098054086,0.16719815300076699,0.16719815300076699,0.5888858781827586,0.5888858781827586,0.30907318571489056,0.30907318571489056,0.3843546963352211,0.3843546963352211,0.597300231069474,0.597300231069474,0.7721663690499252,0.7721663690499252,0.1861329370185603,0.1861329370185603
45,277,2053,Passeri tts,OpenSees 2-D,208.7308069285918,30.0,0.10645707994699478,909.3311175461351,0.007187029120270566,0.007187029120270566,0.9998311026709862,0.9998311026709862,0.005794575682363701,0.005794575682363701,0.5361191437932751,0.5361191437932751,0.7323374429619941,0.7323374429619941,0.20712788323964082,0.20712788323964082,0.5373928325557822,0.5373928325557822,0.4955190968206499,0.4955190968206499,0.33849695971408217,0.33849695971408217,0.5271821653059646,0.5271821653059646,0.7583615814205907,0.7583615814205907,0.18264040236064827,0.18264040236064827
45,277,2053,Pretell median,OpenSees 2-D,208.7308069285918,30.0,0.10645707994699478,909.3311175461351,0.004724458475954732,0.004724458475954732,0.9998506779556744,0.9998506779556744,0.003987030658154561,0.003987030658154561,0.41641042046685417,0.41641042046685417,0.8654023287054032,0.8654023287054032,0.1353926070917215,0.1353926070917215,0.4743313264591982,0.4743313264591982,0.6357248939725418,0.6357248939725418,0.29442898299354414,0.29442898299354414,0.4182367572440889,0.4182367572440889,0.8695523528113458,0.8695523528113458,0.145063386905611,0.145063386905611
45,277,2053,Pretell percentile,OpenSees 2-D,208.7308069285918,30.0,0.10645707994699478,909.3311175461351,0.0012463174832925401,0.0012463174832925401,0.9998744886867224,0.9998744886867224,0.0011053658185424709,0.0011053658185424709,0.44682451190198924,0.44682451190198924,0.8433070286424009,0.8433070286424009,0.11131811111163116,0.11131811111163116,0.55049687226507,0.55049687226507,0.6385224693768782,0.6385224693768782,0.3861827036862461,0.3861827036862461,0.45573576551931394,0.45573576551931394,0.8516738113807367,0.8516738113807367,0.16894625766016533,0.16894625766016533
45,277,2053,Dmult,OpenSees 2-D,208.7308069285918,30.0,0.10645707994699478,909.3311175461351,0.011597846736631497,0.011597846736631497,0.9997806416797177,0.9997806416797177,0.00900997804241006,0.00900997804241006,0.7164164845745853,0.7164164845745853,0.7480526151943149,0.7480526151943149,0.31375217511694614,0.31375217511694614,0.686115971610762,0.686115971610762,0.16219755397003927,0.16219755397003927,0.49292437622959173,0.49292437622959173,0.6999005653099771,0.6999005653099771,0.6965772688841013,0.6965772688841013,0.2698026765302845,0.2698026765302845
45,277,2053,Dmult p84,OpenSees 2-D,208.7308069285918,30.0,0.10645707994699478,909.3311175461351,0.009736870516328693,0.009736870516328693,0.9998026388403667,0.9998026388403667,0.007651529268931714,0.007651529268931714,0.673581989172265,0.673581989172265,0.756033008955851,0.756033008955851,0.26682762832498647,0.26682762832498647,0.6452425899759491,0.6452425899759491,0.24677507090434586,0.24677507090434586,0.41773463257327126,0.41773463257327126,0.6580738832649983,0.6580738832649983,0.7368272277519864,0.7368272277519864,0.22893344514226702,0.22893344514226702
46,349,2789,GINO,OpenSees 2-D,197.28912232287496,19.0,0.21059532109647988,1155.8100464383233,0.10057900875523065,0.07347829966066395,0.16885307964127763,0.1680918142657511,0.0702574180306662,0.057329467926158936,0.06880572738260456,0.032990203588254,0.9942953380766258,0.9967512722443354,0.046074472174931776,0.032034454442148856,0.36595057647566,0.5038206497536966,0.9231453039675954,0.8515067463465815,0.3076996021677026,0.2881871312459858,0.3418442938065991,0.44195271495031,0.9310714886768148,0.8856105201893096,0.1461072987219086,0.13054114604289532
46,349,2789,1D Base Case,OpenSees 2-D,197.28912232287496,19.0,0.21059532109647988,1155.8100464383233,0.005055196917316988,0.0034019738998221066,0.9993283253384746,0.9998883969534986,0.0036243985171263795,0.0024848028173331932,0.23793395683448976,0.17498721917876178,0.9924997669506078,0.9941209441546885,0.0978250191434815,0.07570390536325,0.7115207983463875,0.6638897062948245,0.5372027465962381,0.6176632140396804,0.502732107470364,0.4019696709486036,0.6663370741494224,0.585772760268941,0.6203694752505118,0.7038754083141016,0.20657228283866605,0.16427023742705288
46,349,2789,Toro Vs,OpenSees 2-D,197.28912232287496,19.0,0.21059532109647988,1155.8100464383233,0.002437002865028414,0.002437002865028414,0.9998836850378958,0.9998836850378958,0.0018016203061387978,0.0018016203061387978,0.10643995600311827,0.10643995600311827,0.9988622728695559,0.9988622728695559,0.04706265817084029,0.04706265817084029,0.3664737479502693,0.3664737479502693,0.8320540575977294,0.8320540575977294,0.33798160391594,0.33798160391594,0.3238520291111951,0.3238520291111951,0.8785234300104614,0.8785234300104614,0.13304292592897968,0.13304292592897968
46,349,2789,Passeri tts,OpenSees 2-D,197.28912232287496,19.0,0.21059532109647988,1155.8100464383233,0.0033989464511988755,0.0033989464511988755,0.9998883538976273,0.9998883538976273,0.002482688111552141,0.002482688111552141,0.17445638205677783,0.17445638205677783,0.9941999964084919,0.9941999964084919,0.07550498047004635,0.07550498047004635,0.6343999291855044,0.6343999291855044,0.6318856419519931,0.6318856419519931,0.39906147700593897,0.39906147700593897,0.560110210979679,0.560110210979679,0.7163571542081959,0.7163571542081959,0.16319195193213576,0.16319195193213576
46,349,2789,Pretell median,OpenSees 2-D,197.28912232287496,19.0,0.21059532109647988,1155.8100464383233,0.00027859729090568626,0.00027859729090568626,0.9998769800696978,0.9998769800696978,0.00019581135722870693,0.00019581135722870693,0.01684045214261348,0.01684045214261348,0.9999252697064936,0.9999252697064936,0.004805407843603044,0.004805407843603044,0.27274482583285997,0.27274482583285997,0.9265195519590081,0.9265195519590081,0.1631020835170199,0.1631020835170199,0.2390054555969576,0.2390054555969576,0.9443076433878721,0.9443076433878721,0.05859588555906794,0.05859588555906794
46,349,2789,Pretell percentile,OpenSees 2-D,197.28912232287496,19.0,0.21059532109647988,1155.8100464383233,0.0028057786984720776,0.0028057786984720776,0.9998656830413309,0.9998656830413309,0.0021420713731396365,0.0021420713731396365,0.16847629717048668,0.16847629717048668,0.99797244527275,0.99797244527275,0.058153752667251375,0.058153752667251375,0.7901955352794537,0.7901955352794537,0.9134844429248264,0.9134844429248264,0.3271277738184197,0.3271277738184197,0.6954754515068771,0.6954754515068771,0.9327423104196687,0.9327423104196687,0.13269057161722117,0.13269057161722117
46,349,2789,Dmult,OpenSees 2-D,197.28912232287496,19.0,0.21059532109647988,1155.8100464383233,0.005400908510343358,0.005400908510343358,0.9998945883183614,0.9998945883183614,0.003923150972667234,0.003923150972667234,0.2525059750351036,0.2525059750351036,0.9845671110133172,0.9845671110133172,0.1193272267425957,0.1193272267425957,0.531630256826377,0.531630256826377,0.7428881894869419,0.7428881894869419,0.3721778112464717,0.3721778112464717,0.47662079671784624,0.47662079671784624,0.8055177557814004,0.8055177557814004,0.16743350479947736,0.16743350479947736
46,349,2789,Dmult p84,OpenSees 2-D,197.28912232287496,19.0,0.21059532109647988,1155.8100464383233,0.004563913332867734,0.004563913332867734,0.9998923061308357,0.9998923061308357,0.0033168934745966944,0.0033168934745966944,0.2248002494538456,0.2248002494538456,0.9882995469208915,0.9882995469208915,0.102191944219133,0.102191944219133,0.47991112877902253,0.47991112877902253,0.746582458351726,0.746582458351726,0.32278530548737466,0.32278530548737466,0.42998570405937264,0.42998570405937264,0.8134554900301002,0.8134554900301002,0.14479335290242987,0.14479335290242987
47,956,7360,GINO,OpenSees 2-D,114.2589674732085,92.0,0.25663432069122794,1038.1516395347062,0.25181495801338727,0.2239987804654272,0.9464179708687199,0.9516044057981569,0.11441293718471769,0.10497099917876648,0.5802329891812129,0.5241513091047507,0.5931767641071882,0.644619385446067,0.34664224859823584,0.30289088660444075,0.5606036204461317,0.5814136377663209,0.6639899327482753,0.696776966291453,4.017727100020571,3.4755933787366082,0.4017577780144563,0.3858785231844591,0.8574407299288017,0.8534869794476786,1.5502416876013214,1.3440647982517135
47,956,7360,1D Base Case,OpenSees 2-D,114.2589674732085,92.0,0.25663432069122794,1038.1516395347062,0.6591701169447918,0.6708780114685038,0.5500396644359542,0.5381519391339613,0.3012883634376737,0.30430444682442614,0.6493981657356317,0.6509602095159405,0.40525191541930117,0.3079819574106092,0.42923097395231646,0.482410496900751,0.5810477529402938,0.660269853469408,0.6334545992039073,0.5924496921567872,0.6149906200056874,0.7562817639556279,0.6515079737412897,0.6635375908919103,0.5936084350541873,0.5513300132825606,0.4494669363908713,0.5159283228432442
47,956,7360,Toro Vs,OpenSees 2-D,114.2589674732085,92.0,0.25663432069122794,1038.1516395347062,0.43833945072575387,0.43833945072575387,0.7701375571324337,0.7701375571324337,0.24555992502105417,0.24555992502105417,0.6587110741980021,0.6587110741980021,0.4435894874202505,0.4435894874202505,0.4054369905445612,0.4054369905445612,0.6327397087092335,0.6327397087092335,0.7731462410872258,0.7731462410872258,0.7275481337331453,0.7275481337331453,0.5377812202436294,0.5377812202436294,0.698791452516548,0.698791452516548,0.46221891772733825,0.46221891772733825
47,956,7360,Passeri tts,OpenSees 2-D,114.2589674732085,92.0,0.25663432069122794,1038.1516395347062,0.6468406085483648,0.6468406085483648,0.5527397781780413,0.5527397781780413,0.3026288581579685,0.3026288581579685,0.6465185053673237,0.6465185053673237,0.3253186731418367,0.3253186731418367,0.4751946235710844,0.4751946235710844,0.6547904431591558,0.6547904431591558,0.621260762935595,0.621260762935595,0.7508502098616567,0.7508502098616567,0.6474614492474602,0.6474614492474602,0.5638358668988822,0.5638358668988822,0.5112760608781941,0.5112760608781941
47,956,7360,Pretell median,OpenSees 2-D,114.2589674732085,92.0,0.25663432069122794,1038.1516395347062,0.202061005451104,0.202061005451104,0.9593632605490817,0.9593632605490817,0.07093779308129802,0.07093779308129802,0.5634998261755697,0.5634998261755697,0.7854313952059915,0.7854313952059915,0.34400512130724764,0.34400512130724764,0.6465717052696731,0.6465717052696731,0.768733463054605,0.768733463054605,0.5687576971603798,0.5687576971603798,0.4056132251354844,0.4056132251354844,0.849161179955631,0.849161179955631,0.3270949579767616,0.3270949579767616
47,956,7360,Pretell percentile,OpenSees 2-D,114.2589674732085,92.0,0.25663432069122794,1038.1516395347062,0.5039708342358771,0.5039708342358771,0.9315988434670416,0.9315988434670416,0.2546772342475638,0.2546772342475638,0.4446091334038181,0.4446091334038181,0.771168618622889,0.771168618622889,0.23914361415913957,0.23914361415913957,0.5316078605564315,0.5316078605564315,0.7601048197489566,0.7601048197489566,0.6019281871885825,0.6019281871885825,0.4882323519764079,0.4882323519764079,0.8346505870451729,0.8346505870451729,0.37155498175039314,0.37155498175039314
47,956,7360,Dmult,OpenSees 2-D,114.2589674732085,92.0,0.25663432069122794,1038.1516395347062,0.6058840899830521,0.6058840899830521,0.6748986573127068,0.6748986573127068,0.31442559465503916,0.31442559465503916,0.8311980903468491,0.8311980903468491,-0.08751467395582424,-0.08751467395582424,1.042059625169459,1.042059625169459,0.9360896755812509,0.9360896755812509,0.784642938494488,0.784642938494488,3.272551068166183,3.272551068166183,0.7197100859933315,0.7197100859933315,0.5439490780169004,0.5439490780169004,1.5680597195382655,1.5680597195382655
47,956,7360,Dmult p84,OpenSees 2-D,114.2589674732085,92.0,0.25663432069122794,1038.1516395347062,0.5636124149413196,0.5636124149413196,0.6744757578270574,0.6744757578270574,0.2919165791323954,0.2919165791323954,0.7965149469546897,0.7965149469546897,0.03837969356993397,0.03837969356993397,0.8654584724827857,0.8654584724827857,0.9002104153940066,0.9002104153940066,0.7942686579271259,0.7942686579271259,2.3975744899418836,2.3975744899418836,0.6817514169010578,0.6817514169010578,0.5805133697763152,0.5805133697763152,1.2009594159208334,1.2009594159208334
48,187,1395,GINO,OpenSees 2-D,189.7341404244504,24.0,0.28558460790663953,895.9073790000466,0.16017701975576695,0.17742829372735752,0.11507992104728604,-0.031117668037574844,0.12144177340944105,0.13314714844029912,0.2771069339637469,0.31864136544576505,0.9070999526118418,0.8761347882949186,0.11546202365251171,0.11109799381353086,0.38196098647790744,0.3749778132951398,0.7761592541036324,0.8073220658117527,0.2710852937777268,0.23030945814099688,0.3146373435035983,0.3382241746343596,0.8890338339981332,0.866718382104036,0.17202308061126229,0.16053921044751288
48,187,1395,1D Base Case,OpenSees 2-D,189.7341404244504,24.0,0.28558460790663953,895.9073790000466,0.009127570652152472,0.002949638521532192,0.9998315730570881,0.9999624530439003,0.005587211859345136,0.002051697059444393,0.45821596794002983,0.2209619336033029,0.8396022819442166,0.967376422026484,0.15640618588316263,0.06748103191711477,0.6142053463806741,0.3775241852375225,0.5651875995954236,0.8479529416797146,0.4739858715200653,0.3124286191338862,0.5090496482946666,0.2951939769186564,0.7590223726805464,0.9243470966585582,0.2147724349477425,0.13031242024280015
48,187,1395,Toro Vs,OpenSees 2-D,189.7341404244504,24.0,0.28558460790663953,895.9073790000466,0.0012305798462856133,0.0012305798462856133,0.9999564813605792,0.9999564813605792,0.0009295303526503654,0.0009295303526503654,0.25709977763704345,0.25709977763704345,0.9671630605860017,0.9671630605860017,0.04789860511183703,0.04789860511183703,0.35046022303621954,0.35046022303621954,0.855471748642318,0.855471748642318,0.281172954381245,0.281172954381245,0.2949634087692285,0.2949634087692285,0.9324268569226313,0.9324268569226313,0.11310545119041451,0.11310545119041451
48,187,1395,Passeri tts,OpenSees 2-D,189.7341404244504,24.0,0.28558460790663953,895.9073790000466,0.002943839083729423,0.002943839083729423,0.9999624079961787,0.9999624079961787,0.0020479285896282473,0.0020479285896282473,0.18508438781320288,0.18508438781320288,0.9748848563484126,0.9748848563484126,0.06484950609872138,0.06484950609872138,0.35928505549923434,0.35928505549923434,0.856117798711854,0.856117798711854,0.30695430892034903,0.30695430892034903,0.27199900363397594,0.27199900363397594,0.9312972586772819,0.9312972586772819,0.12760563495810845,0.12760563495810845
48,187,1395,Pretell median,OpenSees 2-D,189.7341404244504,24.0,0.28558460790663953,895.9073790000466,0.006978670757625392,0.006978670757625392,0.9999332607104934,0.9999332607104934,0.005219904136250278,0.005219904136250278,0.3470130462055777,0.3470130462055777,0.8774933125242791,0.8774933125242791,0.1504241101833687,0.1504241101833687,0.3633803766082871,0.3633803766082871,0.8858247832119773,0.8858247832119773,0.2561666065701513,0.2561666065701513,0.3435201379075055,0.3435201379075055,0.8496337122915577,0.8496337122915577,0.13661251180225117,0.13661251180225117
48,187,1395,Pretell percentile,OpenSees 2-D,189.7341404244504,24.0,0.28558460790663953,895.9073790000466,0.014469646647476768,0.014469646647476768,0.9998961695121255,0.9998961695121255,0.01054947358547776,0.01054947358547776,0.9024297445073682,0.9024297445073682,0.8866890942315238,0.8866890942315238,0.31063957927356844,0.31063957927356844,0.3649098388195124,0.3649098388195124,0.8951060085054027,0.8951060085054027,0.31988614258952175,0.31988614258952175,0.6800937920400705,0.6800937920400705,0.8766829310774069,0.8766829310774069,0.20884433944332037,0.20884433944332037
48,187,1395,Dmult,OpenSees 2-D,189.7341404244504,24.0,0.28558460790663953,895.9073790000466,0.006645246652926151,0.006645246652926151,0.9999669402225706,0.9999669402225706,0.004654917096449023,0.004654917096449023,0.47245237644102167,0.47245237644102167,0.9831505487152934,0.9831505487152934,0.20684853344830215,0.20684853344830215,0.5287474586256712,0.5287474586256712,0.7830153440754892,0.7830153440754892,0.5296751299362393,0.5296751299362393,0.48384773265228986,0.48384773265228986,0.8682443479175112,0.8682443479175112,0.2490700764959316,0.2490700764959316
48,187,1395,Dmult p84,OpenSees 2-D,189.7341404244504,24.0,0.28558460790663953,895.9073790000466,0.0051120027579767595,0.0051120027579767595,0.9999659955480895,0.9999659955480895,0.0035586080159944636,0.0035586080159944636,0.39108883808906886,0.39108883808906886,0.9929218415261845,0.9929218415261845,0.16044549815632592,0.16044549815632592,0.4570127269958702,0.4570127269958702,0.8295432231728218,0.8295432231728218,0.4146876064683633,0.4146876064683633,0.4099411620252855,0.4099411620252855,0.912534897316228,0.912534897316228,0.194519824516423,0.194519824516423
49,65,551,GINO,OpenSees 2-D,131.82879545966745,22.0,0.19828367456793783,1036.0135123697632,0.11432784637658804,0.07718901218698773,0.26895249167829227,0.613320966041098,0.08975024528828454,0.06792890517981517,0.2460311053903605,0.22179959712853442,0.9533826691823932,0.9607454864866544,0.14821345730885155,0.13800599903758531,0.41944085659565117,0.41002499835788137,0.6561320772780783,0.4477896757200978,0.330090426947726,0.33725344889371833,0.27051661049192943,0.26331304445035925,0.9386270425494521,0.9344500573688558,0.1914082724752592,0.18321562363701233
49,65,551,1D Base Case,OpenSees 2-D,131.82879545966745,22.0,0.19828367456793783,1036.0135123697632,0.017692431949705784,0.012339824285967454,0.9999072166580651,0.9999685228785307,0.011348086975377602,0.008778758034659268,0.6533893561112001,0.8353979514915135,0.5579200172249946,0.3169474497737567,0.36700471358818315,0.4027838993020295,0.6210407816282096,0.5638006352537844,0.24553142696347116,0.14582611526987052,0.409457689599192,0.41264624870186234,0.6332365247738351,0.7585485219605874,0.6321978530880653,0.45614284729413956,0.2573834358775543,0.2683339221483914
49,65,551,Toro Vs,OpenSees 2-D,131.82879545966745,22.0,0.19828367456793783,1036.0135123697632,0.009056257159459985,0.009056257159459985,0.9999860626670968,0.9999860626670968,0.006480531173211029,0.006480531173211029,0.5051590617393358,0.5051590617393358,0.629732919009926,0.629732919009926,0.30378662701636017,0.30378662701636017,0.4587739765435001,0.4587739765435001,0.11233357001484598,0.11233357001484598,0.3508694781376983,0.3508694781376983,0.4782671171340904,0.4782671171340904,0.6968253390880518,0.6968253390880518,0.2162084913637263,0.2162084913637263
49,65,551,Passeri tts,OpenSees 2-D,131.82879545966745,22.0,0.19828367456793783,1036.0135123697632,0.012327666151854884,0.012327666151854884,0.9999687339451401,0.9999687339451401,0.008770688601008039,0.008770688601008039,0.8087997973377808,0.8087997973377808,0.3322758049420803,0.3322758049420803,0.40055448538664973,0.40055448538664973,0.5501779219880777,0.5501779219880777,0.14987409505720317,0.14987409505720317,0.4077858563773725,0.4077858563773725,0.735025915417809,0.735025915417809,0.4700738316361442,0.4700738316361442,0.26596113635842816,0.26596113635842816
49,65,551,Pretell median,OpenSees 2-D,131.82879545966745,22.0,0.19828367456793783,1036.0135123697632,0.0007222657199237888,0.0007222657199237888,0.9999951516697833,0.9999951516697833,0.0006104514715675201,0.0006104514715675201,0.3937590450851432,0.3937590450851432,0.7957932780588697,0.7957932780588697,0.17272232936629703,0.17272232936629703,0.3902323359240806,0.3902323359240806,0.6122577548962898,0.6122577548962898,0.28037416026884965,0.28037416026884965,0.37910903668456075,0.37910903668456075,0.8225106629904472,0.8225106629904472,0.15016131291903512,0.15016131291903512
49,65,551,Pretell percentile,OpenSees 2-D,131.82879545966745,22.0,0.19828367456793783,1036.0135123697632,0.013721416940878159,0.013721416940878159,0.9999708115642397,0.9999708115642397,0.009303325488972948,0.009303325488972948,0.7979802504592434,0.7979802504592434,0.7127369767239361,0.7127369767239361,0.38453489662613305,0.38453489662613305,0.4425885562465234,0.4425885562465234,0.5593427276364755,0.5593427276364755,0.32216056251604475,0.32216056251604475,0.7118183720869211,0.7118183720869211,0.7703610846661011,0.7703610846661011,0.2313728297895961,0.2313728297895961
49,65,551,Dmult,OpenSees 2-D,131.82879545966745,22.0,0.19828367456793783,1036.0135123697632,0.02092395594206721,0.02092395594206721,0.9999020491156831,0.9999020491156831,0.014912669419704797,0.014912669419704797,0.6243429809161002,0.6243429809161002,0.5105723126366494,0.5105723126366494,0.37660929425264145,0.37660929425264145,0.6711157737085466,0.6711157737085466,-0.13879645555953346,-0.13879645555953346,0.7247594060656477,0.7247594060656477,0.6119756269243617,0.6119756269243617,0.540805741068656,0.540805741068656,0.3718680146956658,0.3718680146956658
49,65,551,Dmult p84,OpenSees 2-D,131.82879545966745,22.0,0.19828367456793783,1036.0135123697632,0.017564651776040212,0.017564651776040212,0.9999319507101234,0.9999319507101234,0.012495921165054283,0.012495921165054283,0.5969614803808934,0.5969614803808934,0.4997177814950705,0.4997177814950705,0.3650911957908239,0.3650911957908239,0.6205115382991332,0.6205115382991332,-0.09157940947078207,-0.09157940947078207,0.5806635761900609,0.5806635761900609,0.5806698249608325,0.5806698249608325,0.5706611994082887,0.5706611994082887,0.31713318281153746,0.31713318281153746
50,974,7514,GINO,OpenSees 2-D,264.14721504428144,37.0,0.2812460053712129,989.6374036043122,0.14339904694470293,0.12456311441313457,-0.03507457626507856,-0.07144098032394632,0.10456938539772295,0.10615265264773467,0.780063686828114,0.8349538980856509,0.7460510898850465,0.5518886260481985,0.1926210858041404,0.22329881045035413,0.417964193444629,0.49477317121416403,0.7160429463237364,0.6853955331300218,0.35753242318705364,0.5102296937808855,0.7632269810624163,0.8291595172111612,0.7611484049829995,0.5789312605546248,0.21952195874591385,0.28272346438512325
50,974,7514,1D Base Case,OpenSees 2-D,264.14721504428144,37.0,0.2812460053712129,989.6374036043122,0.019247878457236724,0.0273527335750111,0.9998891414871551,0.9999500108874815,0.012769502904201282,0.01982911634590546,0.9408616988574058,0.961417216225311,0.30603156201668985,0.0968578193727652,0.4323121303437951,0.5877007326074024,0.7068431824242248,0.8435092192174786,0.15564223215644274,-0.2978440545039339,0.5241216528729773,0.7638975844667777,0.9268597231466135,0.9581973818358771,0.38610349388165605,0.16204109127558022,0.31760554362515103,0.45061456506665987
50,974,7514,Toro Vs,OpenSees 2-D,264.14721504428144,37.0,0.2812460053712129,989.6374036043122,0.02519598775198101,0.02519598775198101,0.9999663408689843,0.9999663408689843,0.01825924832678239,0.01825924832678239,0.9512153119438913,0.9512153119438913,0.30784536842725313,0.30784536842725313,0.48117146035154823,0.48117146035154823,0.7897461772550295,0.7897461772550295,-0.3036357110023696,-0.3036357110023696,0.6913697586255022,0.6913697586255022,0.9473687177321006,0.9473687177321006,0.32882627907270895,0.32882627907270895,0.39272159053876404,0.39272159053876404
50,974,7514,Passeri tts,OpenSees 2-D,264.14721504428144,37.0,0.2812460053712129,989.6374036043122,0.02734530488011803,0.02734530488011803,0.9999501840660882,0.9999501840660882,0.019823912086396292,0.019823912086396292,0.9607542974391348,0.9607542974391348,0.10247253663465529,0.10247253663465529,0.58459698973653,0.58459698973653,0.8410865988239818,0.8410865988239818,-0.3072613445262787,-0.3072613445262787,0.7640666520471016,0.7640666520471016,0.9575088281616229,0.9575088281616229,0.16736669359177087,0.16736669359177087,0.4497407943676833,0.4497407943676833
50,974,7514,Pretell median,OpenSees 2-D,264.14721504428144,37.0,0.2812460053712129,989.6374036043122,0.016849651327838347,0.016849651327838347,0.999989435501747,0.999989435501747,0.01219845315551866,0.01219845315551866,0.9419585069153378,0.9419585069153378,0.3687951186022343,0.3687951186022343,0.35649833392760705,0.35649833392760705,0.7239934779917502,0.7239934779917502,-0.08082613911003086,-0.08082613911003086,0.6128917878673334,0.6128917878673334,0.9373465247360852,0.9373465247360852,0.4034024312917779,0.4034024312917779,0.3257310845362803,0.3257310845362803
50,974,7514,Pretell percentile,OpenSees 2-D,264.14721504428144,37.0,0.2812460053712129,989.6374036043122,0.0006809665318614577,0.0006809665318614577,0.9999780286375618,0.9999780286375618,0.000622453810977237,0.000622453810977237,0.913139544441177,0.913139544441177,0.30257793635936986,0.30257793635936986,0.3234119187632523,0.3234119187632523,0.8973318568361978,0.8973318568361978,-0.034952750501140904,-0.034952750501140904,0.7323597382694289,0.7323597382694289,0.9116233741052137,0.9116233741052137,0.34464654021901214,0.34464654021901214,0.3535673428571178,0.3535673428571178
50,974,7514,Dmult,OpenSees 2-D,264.14721504428144,37.0,0.2812460053712129,989.6374036043122,0.030358309588143322,0.030358309588143322,0.9999268925880921,0.9999268925880921,0.02204013870229663,0.02204013870229663,0.9648790988064665,0.9648790988064665,0.21084964737175485,0.21084964737175485,0.5806604284003527,0.5806604284003527,0.8249612750376907,0.8249612750376907,-0.32062231872907243,-0.32062231872907243,0.8183190529798592,0.8183190529798592,0.9613250672651461,0.9613250672651461,0.25332718028453105,0.25332718028453105,0.46832384560886037,0.46832384560886037
50,974,7514,Dmult p84,OpenSees 2-D,264.14721504428144,37.0,0.2812460053712129,989.6374036043122,0.029006917420133727,0.029006917420133727,0.9999377264245095,0.9999377264245095,0.021043808439046727,0.021043808439046727,0.9621616588021423,0.9621616588021423,0.18769155035765345,0.18769155035765345,0.5658804285071829,0.5658804285071829,0.8181388654341037,0.8181388654341037,-0.3307189223529939,-0.3307189223529939,0.7717012868932847,0.7717012868932847,0.9585512770683607,0.9585512770683607,0.24041376755508076,0.24041376755508076,0.44722491191847086,0.44722491191847086
51,611,4723,GINO,OpenSees 2-D,176.7226450134401,84.0,0.10420899577438832,1086.0182527087534,0.11113784490056074,0.1279690266570871,0.9991003689766771,0.9993972493012018,0.04913269838641573,0.04380382546593736,0.16560381949644795,0.11532665290149338,0.974433648355564,0.9873614311715114,0.10174690899028528,0.08520793787031761,0.27878178517902674,0.3311969857523264,0.8864500025757456,0.8297110035926012,0.21488131535570762,0.25635348593728324,0.1743240865886493,0.171345768841192,0.9709932401954885,0.9721391974478524,0.12292897750682877,0.1306174403522225
51,611,4723,1D Base Case,OpenSees 2-D,176.7226450134401,84.0,0.10420899577438832,1086.0182527087534,0.08803977768488387,0.06272577175658448,0.9990600796935858,0.9992369740347196,0.014584638683750822,0.007926351820224754,0.2810434923066639,0.23287550685149355,0.9262281671405752,0.9451850241986217,0.12398724282313134,0.10919141364640925,0.4678827304243212,0.49130882174713897,0.844983812084382,0.8661269709349426,0.31527510357391403,0.33041769970669016,0.2831651853920528,0.26753191143624766,0.927649107833713,0.9301613354994165,0.1526470826371221,0.151177842128343
51,611,4723,Toro Vs,OpenSees 2-D,176.7226450134401,84.0,0.10420899577438832,1086.0182527087534,0.24269806418648232,0.24269806418648232,0.9339191708150646,0.9339191708150646,0.050806063943426204,0.050806063943426204,0.5111241938249139,0.5111241938249139,0.8122804979579493,0.8122804979579493,0.2482766026317173,0.2482766026317173,0.6134093219388008,0.6134093219388008,0.40992380828543845,0.40992380828543845,0.41085286131436816,0.41085286131436816,0.4793179257666979,0.4793179257666979,0.7817128589402949,0.7817128589402949,0.2360636046297432,0.2360636046297432
51,611,4723,Passeri tts,OpenSees 2-D,176.7226450134401,84.0,0.10420899577438832,1086.0182527087534,0.060170634655372215,0.060170634655372215,0.999191147693669,0.999191147693669,0.007337364686847427,0.007337364686847427,0.24076889441857346,0.24076889441857346,0.9404220066688892,0.9404220066688892,0.11077509552934275,0.11077509552934275,0.5042689937534546,0.5042689937534546,0.8458530766890013,0.8458530766890013,0.3325814876267439,0.3325814876267439,0.27526383763807916,0.27526383763807916,0.9258064964619266,0.9258064964619266,0.15220412696855976,0.15220412696855976
51,611,4723,Pretell median,OpenSees 2-D,176.7226450134401,84.0,0.10420899577438832,1086.0182527087534,0.024206729771662397,0.024206729771662397,0.9999939677659476,0.9999939677659476,0.009061323687261407,0.009061323687261407,0.19434366134507394,0.19434366134507394,0.9626791567376911,0.9626791567376911,0.07731766286579717,0.07731766286579717,0.45986473549642304,0.45986473549642304,0.8435078982100978,0.8435078982100978,0.28721963622775143,0.28721963622775143,0.2370692463231576,0.2370692463231576,0.9441479742416828,0.9441479742416828,0.12689363482999363,0.12689363482999363
51,611,4723,Pretell percentile,OpenSees 2-D,176.7226450134401,84.0,0.10420899577438832,1086.0182527087534,0.2531626058222222,0.2531626058222222,0.9977490760095052,0.9977490760095052,0.049410831104304935,0.049410831104304935,0.3722201328232899,0.3722201328232899,0.948027126786158,0.948027126786158,0.13490467860524535,0.13490467860524535,0.38928793294858216,0.38928793294858216,0.8221385938915949,0.8221385938915949,0.2586852683751665,0.2586852683751665,0.3497143392114545,0.3497143392114545,0.9360163405627927,0.9360163405627927,0.14830503839938858,0.14830503839938858
51,611,4723,Dmult,OpenSees 2-D,176.7226450134401,84.0,0.10420899577438832,1086.0182527087534,0.43411156371814497,0.43411156371814497,0.9393250553554963,0.9393250553554963,0.1119453845869407,0.1119453845869407,0.6525901864674046,0.6525901864674046,0.7369143243307736,0.7369143243307736,0.49129294243972743,0.49129294243972743,0.8728613977069144,0.8728613977069144,0.402319209048618,0.402319209048618,2.1250191668521627,2.1250191668521627,0.6487134019001152,0.6487134019001152,0.6505654828616164,0.6505654828616164,0.9303254757356043,0.9303254757356043
51,611,4723,Dmult p84,OpenSees 2-D,176.7226450134401,84.0,0.10420899577438832,1086.0182527087534,0.36743235722281364,0.36743235722281364,0.956898526115311,0.956898526115311,0.07854451621715916,0.07854451621715916,0.5881071087448575,0.5881071087448575,0.795873803228469,0.795873803228469,0.38289860674386317,0.38289860674386317,0.8252455402074241,0.8252455402074241,0.4570392682001746,0.4570392682001746,1.6399659096032857,1.6399659096032857,0.5892546442376889,0.5892546442376889,0.7248396425045831,0.7248396425045831,0.7163482310603145,0.7163482310603145
52,583,4446,GINO,OpenSees 2-D,173.18461406963465,28.0,0.22759547922760248,1274.164890998728,0.08235791443170999,0.0784355758655592,0.4973194259104557,0.48521513179652753,0.06337801783143367,0.062417417768053936,0.11728618766306236,0.10046290250267982,0.99099166990462,0.9890746996764517,0.06283768623064437,0.07018164153912092,0.3837310535274508,0.24814660977398834,0.818410186341959,0.8775251413400665,0.2480707416739418,0.1748055054138672,0.192960347637602,0.14051741605980017,0.9713465390898952,0.9792630365176723,0.12785837169607472,0.10408251557540865
52,583,4446,1D Base Case,OpenSees 2-D,173.18461406963465,28.0,0.22759547922760248,1274.164890998728,0.007603050967920694,0.004025965179858075,0.9998748221830289,0.9997928416270642,0.005272771671824661,0.0034863846257224343,0.3789385572713122,0.40424065275305615,0.8423719839980169,0.8280809002539832,0.17028216559180467,0.17103941555573804,0.5319374540075972,0.2806478646052062,0.5235959669986846,0.8225520254826788,0.35536424482767864,0.20722483782335394,0.4020034737775904,0.37092381411459635,0.844182943204918,0.8622076659258998,0.17730760545236754,0.12506075252389814
52,583,4446,Toro Vs,OpenSees 2-D,173.18461406963465,28.0,0.22759547922760248,1274.164890998728,0.0015236783914476509,0.0015236783914476509,0.9998337774794241,0.9998337774794241,0.0013433542936981168,0.0013433542936981168,0.4202690200688001,0.4202690200688001,0.84169607705127,0.84169607705127,0.1409825077653339,0.1409825077653339,0.42410499221884407,0.42410499221884407,0.5426127722416109,0.5426127722416109,0.26461351539004835,0.26461351539004835,0.40852915643080456,0.40852915643080456,0.8485667448330169,0.8485667448330169,0.13537965671891142,0.13537965671891142
52,583,4446,Passeri tts,OpenSees 2-D,173.18461406963465,28.0,0.22759547922760248,1274.164890998728,0.0040155054213090865,0.0040155054213090865,0.9997932675186846,0.9997932675186846,0.003478945995317205,0.003478945995317205,0.38672280766476325,0.38672280766476325,0.8357301838013974,0.8357301838013974,0.16911279430856982,0.16911279430856982,0.2788396719634831,0.2788396719634831,0.8282757717108334,0.8282757717108334,0.20592726156480734,0.20592726156480734,0.3563794171959423,0.3563794171959423,0.8682199852221782,0.8682199852221782,0.12402601093861455,0.12402601093861455
52,583,4446,Pretell median,OpenSees 2-D,173.18461406963465,28.0,0.22759547922760248,1274.164890998728,0.0032408522488359655,0.0032408522488359655,0.9998424626471042,0.9998424626471042,0.002444184611213685,0.002444184611213685,0.13017308896823854,0.13017308896823854,0.9866023400338633,0.9866023400338633,0.0725254660507364,0.0725254660507364,0.33468936578228176,0.33468936578228176,0.7477836463407236,0.7477836463407236,0.2195791334518589,0.2195791334518589,0.18494149004074853,0.18494149004074853,0.9659331471190573,0.9659331471190573,0.09946580113729632,0.09946580113729632
52,583,4446,Pretell percentile,OpenSees 2-D,173.18461406963465,28.0,0.22759547922760248,1274.164890998728,0.008661409014585232,0.008661409014585232,0.9998738728096986,0.9998738728096986,0.005881371885698679,0.005881371885698679,0.4854090833071512,0.4854090833071512,0.974831590629508,0.974831590629508,0.20952347624462478,0.20952347624462478,0.4414750106531655,0.4414750106531655,0.7193421828623418,0.7193421828623418,0.30890987102655076,0.30890987102655076,0.462600761199437,0.462600761199437,0.959470553644501,0.959470553644501,0.17303397789267472,0.17303397789267472
52,583,4446,Dmult,OpenSees 2-D,173.18461406963465,28.0,0.22759547922760248,1274.164890998728,0.010758041670651305,0.010758041670651305,0.9996985366512637,0.9996985366512637,0.008382575418560488,0.008382575418560488,0.5822050376533623,0.5822050376533623,0.7994457820780222,0.7994457820780222,0.27120891524062596,0.27120891524062596,0.625920036220665,0.625920036220665,0.2568758249191473,0.2568758249191473,0.6195853547123367,0.6195853547123367,0.5737958343297531,0.5737958343297531,0.7401090847399087,0.7401090847399087,0.30115145011800176,0.30115145011800176
52,583,4446,Dmult p84,OpenSees 2-D,173.18461406963465,28.0,0.22759547922760248,1274.164890998728,0.007996568174703185,0.007996568174703185,0.999738873615213,0.999738873615213,0.006384802781121666,0.006384802781121666,0.5213325288915217,0.5213325288915217,0.818661653059988,0.818661653059988,0.2274550789536648,0.2274550789536648,0.5610951983302721,0.5610951983302721,0.42091545525618285,0.42091545525618285,0.47055780559155225,0.47055780559155225,0.5139304364976474,0.5139304364976474,0.7984594457569776,0.7984594457569776,0.2351664366165353,0.2351664366165353
53,948,7306,GINO,OpenSees 2-D,206.45344541595438,81.0,0.12402570731937886,1105.6192977485405,0.05553089589449879,0.04931458993263031,0.9922383384839777,0.9915661564520722,0.044053033573712534,0.04728175651418029,0.1787741528644022,0.21718853012760608,0.9746395282680792,0.9674661589150063,0.12551951250096188,0.11323659090331392,0.331061887598411,0.3301412494836758,0.844322759244581,0.8137845569044774,0.2605401108044035,0.2563781137707512,0.20760036151519495,0.23346516626615105,0.9611693819630887,0.9563353647980917,0.14426345428262916,0.1402519318707202
53,948,7306,1D Base Case,OpenSees 2-D,206.45344541595438,81.0,0.12402570731937886,1105.6192977485405,0.02889660302465975,0.02719437552410117,0.9998559160347904,0.9998891556616953,0.011747393980131355,0.010594245584536189,0.1870404783962142,0.1744586325104409,0.9681991774970706,0.9710890930508644,0.10886834377697463,0.09738188570289993,0.5204193938408466,0.4868421606398311,0.6787052600260564,0.7531338867955195,0.3874498707525845,0.4070592097749447,0.2706046770699536,0.25473013068719336,0.9354443139207449,0.9432484201382076,0.17237954578954295,0.17539327508668828
53,948,7306,Toro Vs,OpenSees 2-D,206.45344541595438,81.0,0.12402570731937886,1105.6192977485405,0.05807748801071298,0.05807748801071298,0.9988195545222947,0.9988195545222947,0.01731214400563559,0.01731214400563559,0.48391453534852075,0.48391453534852075,0.8337309732976717,0.8337309732976717,0.2638161327269444,0.2638161327269444,0.5634188957632723,0.5634188957632723,0.47791266290572926,0.47791266290572926,0.4438708068411142,0.4438708068411142,0.47947960073520157,0.47947960073520157,0.8095942805374438,0.8095942805374438,0.24055887261444575,0.24055887261444575
53,948,7306,Passeri tts,OpenSees 2-D,206.45344541595438,81.0,0.12402570731937886,1105.6192977485405,0.02650341187216891,0.02650341187216891,0.9999014407376664,0.9999014407376664,0.010400938975560374,0.010400938975560374,0.18568929231957768,0.18568929231957768,0.9694975701121561,0.9694975701121561,0.09986614833858146,0.09986614833858146,0.4889016102057223,0.4889016102057223,0.7580973637505206,0.7580973637505206,0.40480669444128414,0.40480669444128414,0.2612082009635725,0.2612082009635725,0.9417202796760891,0.9417202796760891,0.17528251619747,0.17528251619747
53,948,7306,Pretell median,OpenSees 2-D,206.45344541595438,81.0,0.12402570731937886,1105.6192977485405,0.0052485596501800295,0.0052485596501800295,0.9999958606478944,0.9999958606478944,0.002429634351523134,0.002429634351523134,0.11895288405933487,0.11895288405933487,0.9873964605647736,0.9873964605647736,0.04872547834815665,0.04872547834815665,0.36174928215014707,0.36174928215014707,0.9173001928187613,0.9173001928187613,0.2799041009393769,0.2799041009393769,0.1839416830289256,0.1839416830289256,0.9690859336122717,0.9690859336122717,0.11343445085626201,0.11343445085626201
53,948,7306,Pretell percentile,OpenSees 2-D,206.45344541595438,81.0,0.12402570731937886,1105.6192977485405,0.02394925339445911,0.02394925339445911,0.9999188026565429,0.9999188026565429,0.010675939708713222,0.010675939708713222,0.24572945145872566,0.24572945145872566,0.9869178899004494,0.9869178899004494,0.10159608159972332,0.10159608159972332,0.25000526128385325,0.25000526128385325,0.9137427973833163,0.9137427973833163,0.1771762170716305,0.1771762170716305,0.23621720373309724,0.23621720373309724,0.9740173343769303,0.9740173343769303,0.09622707935303731,0.09622707935303731
53,948,7306,Dmult,OpenSees 2-D,206.45344541595438,81.0,0.12402570731937886,1105.6192977485405,0.11847408552530286,0.11847408552530286,0.9961015534624097,0.9961015534624097,0.04915827848148165,0.04915827848148165,0.61924227461709,0.61924227461709,0.8133126850057362,0.8133126850057362,0.4472114998649529,0.4472114998649529,0.8177450641137677,0.8177450641137677,0.4914737448062389,0.4914737448062389,1.7414358085367034,1.7414358085367034,0.6354357432153958,0.6354357432153958,0.6872783481031253,0.6872783481031253,0.7608713804158507,0.7608713804158507
53,948,7306,Dmult p84,OpenSees 2-D,206.45344541595438,81.0,0.12402570731937886,1105.6192977485405,0.08590691931157977,0.08590691931157977,0.9979877167057863,0.9979877167057863,0.03379024717386427,0.03379024717386427,0.549553705192216,0.549553705192216,0.8619536739800123,0.8619536739800123,0.34877313370056295,0.34877313370056295,0.76219982765608,0.76219982765608,0.5405329248669553,0.5405329248669553,1.3579518258765968,1.3579518258765968,0.5721945829711784,0.5721945829711784,0.7663857822807871,0.7663857822807871,0.5917416656778304,0.5917416656778304
54,69,590,GINO,OpenSees 2-D,153.7319045966208,80.0,0.12934833355247974,877.634440604738,0.07156953098830793,0.1175747459197813,0.9987779798986942,0.9983885944839105,0.03707708064505722,0.03890132734945888,0.20967441002841278,0.14879359505285247,0.9563829478574919,0.9778539836834752,0.09749814187515089,0.09691658674294658,0.288295692637989,0.19253723613527404,0.9217393098955342,0.9595198110376979,0.22410425999344166,0.18556421648860089,0.16143611727804558,0.13761232301365636,0.977899537086339,0.9865905050259762,0.12066291178601989,0.1076379163662049
54,69,590,1D Base Case,OpenSees 2-D,153.7319045966208,80.0,0.12934833355247974,877.634440604738,0.22304458938783195,0.2213194792984789,0.9614681202790856,0.9587645938468743,0.05741671441620449,0.05481522539016229,0.4721054360529826,0.47515659603248994,0.7360139927359961,0.720580119437182,0.1526648407996888,0.16554006456333525,0.5487809281331317,0.5196742949818742,0.7002063252213622,0.7369532989613001,0.3269877384119565,0.2848414037888085,0.3628819424418174,0.3562385752473264,0.8830990646262562,0.8824241934475924,0.18034101072976297,0.16854183958164032
54,69,590,Toro Vs,OpenSees 2-D,153.7319045966208,80.0,0.12934833355247974,877.634440604738,0.4666683434943108,0.4666683434943108,0.9077347041126865,0.9077347041126865,0.08222344351777683,0.08222344351777683,0.6070659580945558,0.6070659580945558,0.4740387369208394,0.4740387369208394,0.29672620288875473,0.29672620288875473,0.6022716901918035,0.6022716901918035,0.5773460824065736,0.5773460824065736,0.3179883351501478,0.3179883351501478,0.5285025274738179,0.5285025274738179,0.7708983483900796,0.7708983483900796,0.22909198340040005,0.22909198340040005
54,69,590,Passeri tts,OpenSees 2-D,153.7319045966208,80.0,0.12934833355247974,877.634440604738,0.21653167743058918,0.21653167743058918,0.9647339235788037,0.9647339235788037,0.05357830728289381,0.05357830728289381,0.48678082489095253,0.48678082489095253,0.7043581468820649,0.7043581468820649,0.16999023896652143,0.16999023896652143,0.5235242385880909,0.5235242385880909,0.7440430848702766,0.7440430848702766,0.28435759415819756,0.28435759415819756,0.3598327665180507,0.3598327665180507,0.8815464766777754,0.8815464766777754,0.1692746371943384,0.1692746371943384
54,69,590,Pretell median,OpenSees 2-D,153.7319045966208,80.0,0.12934833355247974,877.634440604738,0.05140385554585431,0.05140385554585431,0.9979035112360405,0.9979035112360405,0.005837219857039339,0.005837219857039339,0.41793529795424467,0.41793529795424467,0.8210747278071223,0.8210747278071223,0.10476342723723936,0.10476342723723936,0.4308996809277442,0.4308996809277442,0.9090269158624572,0.9090269158624572,0.22654700546351686,0.22654700546351686,0.27358631700970126,0.27358631700970126,0.9343006075382961,0.9343006075382961,0.11276350703336646,0.11276350703336646
54,69,590,Pretell percentile,OpenSees 2-D,153.7319045966208,80.0,0.12934833355247974,877.634440604738,0.18816535071822088,0.18816535071822088,0.9939164383164626,0.9939164383164626,0.04480249235032005,0.04480249235032005,0.4060299008459418,0.4060299008459418,0.8031804908126817,0.8031804908126817,0.15207144945125603,0.15207144945125603,0.37110097637821704,0.37110097637821704,0.8907686159090511,0.8907686159090511,0.20034732101177366,0.20034732101177366,0.29283228862048566,0.29283228862048566,0.930224744728253,0.930224744728253,0.1314238695121096,0.1314238695121096
54,69,590,Dmult,OpenSees 2-D,153.7319045966208,80.0,0.12934833355247974,877.634440604738,0.6380370494775429,0.6380370494775429,0.9229902502069302,0.9229902502069302,0.22268095462028634,0.22268095462028634,0.7076609964754724,0.7076609964754724,0.35783632525887576,0.35783632525887576,0.4349480533966164,0.4349480533966164,0.8707825755618667,0.8707825755618667,0.612624776718769,0.612624776718769,2.242971550381202,2.242971550381202,0.6890298589414665,0.6890298589414665,0.6373843596111012,0.6373843596111012,0.993462792769506,0.993462792769506
54,69,590,Dmult p84,OpenSees 2-D,153.7319045966208,80.0,0.12934833355247974,877.634440604738,0.5773555302296287,0.5773555302296287,0.9405478307242379,0.9405478307242379,0.17622827505610605,0.17622827505610605,0.6679899770761611,0.6679899770761611,0.4306872780462985,0.4306872780462985,0.33507576782554915,0.33507576782554915,0.8224549262785475,0.8224549262785475,0.628846097263946,0.628846097263946,1.6947357830922072,1.6947357830922072,0.6370635353613193,0.6370635353613193,0.7037127582150505,0.7037127582150505,0.7553601506995744,0.7553601506995744
55,410,3290,GINO,OpenSees 2-D,187.05827051427812,49.0,0.11222179047763348,1055.7186211362693,0.07085922857969189,0.05784473692705015,0.8404038903621701,0.8485674408473695,0.0546419155722878,0.04588044726592256,0.06757776381665921,0.06001143642210358,0.9955974563178484,0.997030456337173,0.06637278877246316,0.07175452118918024,0.22402838457981897,0.17397673860441545,0.9679305879669939,0.9846317610342759,0.18907768675358638,0.20850054403909912,0.11932557207092823,0.09687897059962182,0.9881418960821995,0.9931731837324063,0.1052136974457949,0.11055970331351167
55,410,3290,1D Base Case,OpenSees 2-D,187.05827051427812,49.0,0.11222179047763348,1055.7186211362693,0.01220559278822802,0.012937952588841622,0.9999632291296617,0.9999447032385933,0.007720998083516198,0.008804902539897616,0.23865458085817928,0.23962707253050458,0.9460943862472623,0.9484416481943941,0.11474378461412367,0.1277716381662611,0.41772313209974266,0.42912251553599734,0.8229579170572479,0.8457464443136802,0.2644652170256,0.2595939708973048,0.2809156308433475,0.28661668534688456,0.9316163050264633,0.9315817831283476,0.12968831067242773,0.13227109715289917
55,410,3290,Toro Vs,OpenSees 2-D,187.05827051427812,49.0,0.11222179047763348,1055.7186211362693,0.002073496758015875,0.002073496758015875,0.9999926234352431,0.9999926234352431,0.0020461650238067786,0.0020461650238067786,0.49630450826962386,0.49630450826962386,0.8559655635110588,0.8559655635110588,0.20872578276156656,0.20872578276156656,0.60240293101603,0.60240293101603,0.5880565966790503,0.5880565966790503,0.3548583871755344,0.3548583871755344,0.5094399763708033,0.5094399763708033,0.8168270435178075,0.8168270435178075,0.18753432809823936,0.18753432809823936
55,410,3290,Passeri tts,OpenSees 2-D,187.05827051427812,49.0,0.11222179047763348,1055.7186211362693,0.012880253212273518,0.012880253212273518,0.9999457914916012,0.9999457914916012,0.00877399364803158,0.00877399364803158,0.24619664960171223,0.24619664960171223,0.9491338748637005,0.9491338748637005,0.12959060414985385,0.12959060414985385,0.4386291904841619,0.4386291904841619,0.8461851210350877,0.8461851210350877,0.26013441458583186,0.26013441458583186,0.2937396716758072,0.2937396716758072,0.9309341805075856,0.9309341805075856,0.13299512412680836,0.13299512412680836
55,410,3290,Pretell median,OpenSees 2-D,187.05827051427812,49.0,0.11222179047763348,1055.7186211362693,0.004157195747263997,0.004157195747263997,0.9999820605146607,0.9999820605146607,0.003268648788214298,0.003268648788214298,0.07821086804234115,0.07821086804234115,0.9964101181430322,0.9964101181430322,0.04703892338295708,0.04703892338295708,0.34409926578605876,0.34409926578605876,0.9438341418181226,0.9438341418181226,0.1802135894845536,0.1802135894845536,0.17385471144370443,0.17385471144370443,0.976742090696567,0.976742090696567,0.07833046041035589,0.07833046041035589
55,410,3290,Pretell percentile,OpenSees 2-D,187.05827051427812,49.0,0.11222179047763348,1055.7186211362693,0.004458160054121218,0.004458160054121218,0.9999940917801288,0.9999940917801288,0.0027438648713084264,0.0027438648713084264,0.1770452510663584,0.1770452510663584,0.9910891485143464,0.9910891485143464,0.10744203617951235,0.10744203617951235,0.276971458905783,0.276971458905783,0.9270627001645819,0.9270627001645819,0.17599129707321515,0.17599129707321515,0.19915963688077853,0.19915963688077853,0.9734334759449945,0.9734334759449945,0.09478991753443697,0.09478991753443697
55,410,3290,Dmult,OpenSees 2-D,187.05827051427812,49.0,0.11222179047763348,1055.7186211362693,0.0344427725157242,0.0344427725157242,0.9996457785299967,0.9996457785299967,0.022407150713052645,0.022407150713052645,0.6328762034735405,0.6328762034735405,0.8453506283391148,0.8453506283391148,0.2907748024336969,0.2907748024336969,0.7805848383149309,0.7805848383149309,0.504591935379555,0.504591935379555,1.1274106642435509,1.1274106642435509,0.6528796476627831,0.6528796476627831,0.7016353759996652,0.7016353759996652,0.48966867596492025,0.48966867596492025
55,410,3290,Dmult p84,OpenSees 2-D,187.05827051427812,49.0,0.11222179047763348,1055.7186211362693,0.025810488351468847,0.025810488351468847,0.9997938522941899,0.9997938522941899,0.016849939696971558,0.016849939696971558,0.5713204624593151,0.5713204624593151,0.8768552603971779,0.8768552603971779,0.2327060411843792,0.2327060411843792,0.7267843448291431,0.7267843448291431,0.5864138436840021,0.5864138436840021,0.8602852329138762,0.8602852329138762,0.5951769212541734,0.5951769212541734,0.776544224526686,0.776544224526686,0.37680912276911044,0.37680912276911044
56,689,5334,GINO,OpenSees 2-D,160.31606648834193,88.0,0.286337204836309,994.4471206508136,0.33622650417960376,0.3017596416034563,0.9246760393408661,0.9457993761791094,0.104563181368215,0.08980603358457616,0.5358782803075306,0.5969384833280417,0.690686786135874,0.6424060939763518,0.2651046566461345,0.2613871310728632,0.5737757194165415,0.5984055057674282,0.559563161858866,0.6627613994567146,0.5629457099955611,0.6526644398252646,0.41662651322447647,0.43442688026790194,0.8619656940841293,0.8506346273049293,0.31315950897116196,0.33828080501530317
56,689,5334,1D Base Case,OpenSees 2-D,160.31606648834193,88.0,0.286337204836309,994.4471206508136,0.5504058528368796,0.5531580489470912,0.6919981002682496,0.6894064072627422,0.20490804146820968,0.21160950410940638,0.752450650430129,0.786701164548359,0.13868132606237052,0.12282647912856885,0.46454556998408136,0.49134416573930817,0.682001750720635,0.6169082478591054,0.24047515749438633,0.3656727112454757,0.6119672381377809,0.6999663724459415,0.6163611169724265,0.6380905142935525,0.6208230090746549,0.5990986041690013,0.4252700188573212,0.4664548065161642
56,689,5334,Toro Vs,OpenSees 2-D,160.31606648834193,88.0,0.286337204836309,994.4471206508136,0.529463809035648,0.529463809035648,0.857549441162571,0.857549441162571,0.15871177024938504,0.15871177024938504,0.7632951080266785,0.7632951080266785,0.1489177002477604,0.1489177002477604,0.4451730999892874,0.4451730999892874,0.5344291243173976,0.5344291243173976,0.67556690673069,0.67556690673069,0.6313014504965928,0.6313014504965928,0.6116974718918773,0.6116974718918773,0.7092793753832353,0.7092793753832353,0.4100565572578785,0.4100565572578785
56,689,5334,Passeri tts,OpenSees 2-D,160.31606648834193,88.0,0.286337204836309,994.4471206508136,0.5392990776405138,0.5392990776405138,0.7040276441174843,0.7040276441174843,0.20887445119049702,0.20887445119049702,0.7840024687269751,0.7840024687269751,0.12861783715244632,0.12861783715244632,0.4895414650710549,0.4895414650710549,0.6074703516419575,0.6074703516419575,0.38760157077991686,0.38760157077991686,0.69463948223689,0.69463948223689,0.628968629618644,0.628968629618644,0.6104714770367484,0.6104714770367484,0.46309231622090197,0.46309231622090197
56,689,5334,Pretell median,OpenSees 2-D,160.31606648834193,88.0,0.286337204836309,994.4471206508136,0.24848393190028034,0.24848393190028034,0.972393931955688,0.972393931955688,0.03538975776681272,0.03538975776681272,0.6454312042001386,0.6454312042001386,0.7503822434972077,0.7503822434972077,0.19706177797540952,0.19706177797540952,0.5441141096971086,0.5441141096971086,0.6540386966861207,0.6540386966861207,0.5542568297201067,0.5542568297201067,0.43036535974150814,0.43036535974150814,0.870545216024712,0.870545216024712,0.2654948390130446,0.2654948390130446
56,689,5334,Pretell percentile,OpenSees 2-D,160.31606648834193,88.0,0.286337204836309,994.4471206508136,0.2967403426212425,0.2967403426212425,0.9566377194838922,0.9566377194838922,0.11356319371224566,0.11356319371224566,0.5771699904802828,0.5771699904802828,0.6960712358786517,0.6960712358786517,0.25676776095917186,0.25676776095917186,0.5080114528547325,0.5080114528547325,0.6762601321110203,0.6762601321110203,0.7051339727610866,0.7051339727610866,0.4169030469903128,0.4169030469903128,0.8605506457685538,0.8605506457685538,0.3635743365534179,0.3635743365534179
56,689,5334,Dmult,OpenSees 2-D,160.31606648834193,88.0,0.286337204836309,994.4471206508136,0.6845732696952969,0.6845732696952969,0.804312480176458,0.804312480176458,0.31542353550096014,0.31542353550096014,0.8319505311383717,0.8319505311383717,0.0137972555439225,0.0137972555439225,0.5340431681789145,0.5340431681789145,0.8546580736802298,0.8546580736802298,0.5723389195096135,0.5723389195096135,1.9565744778283598,1.9565744778283598,0.7436914346108202,0.7436914346108202,0.5774659908180155,0.5774659908180155,0.9554122551189363,0.9554122551189363
56,689,5334,Dmult p84,OpenSees 2-D,160.31606648834193,88.0,0.286337204836309,994.4471206508136,0.6399572646203116,0.6399572646203116,0.8014676343459617,0.8014676343459617,0.2653285812795252,0.2653285812795252,0.8152492625932973,0.8152492625932973,0.05095697372142602,0.05095697372142602,0.49004106053653873,0.49004106053653873,0.7990666056858718,0.7990666056858718,0.5796153756549945,0.5796153756549945,1.3958535453251968,1.3958535453251968,0.7084052399248865,0.7084052399248865,0.6157742853537734,0.6157742853537734,0.7284260624726142,0.7284260624726142
57,637,4929,GINO,OpenSees 2-D,162.21536391785304,25.0,0.17284680232405664,1334.9557692571439,0.12038454014433643,0.14307540130609,0.37205163485889964,0.13805974465669613,0.09366769727386726,0.10897769918083304,0.2607664601304964,0.14808891215108672,0.9545532934863419,0.9736143914235059,0.11256709679040776,0.10224701452027203,0.32802719970661603,0.3147393123707547,0.8193623687994614,0.7883206519858065,0.2670434379768742,0.26901673510218704,0.27580192113719143,0.23059628743732835,0.9325223525083486,0.9318159029016595,0.16001902637488183,0.16297215635513862
57,637,4929,1D Base Case,OpenSees 2-D,162.21536391785304,25.0,0.17284680232405664,1334.9557692571439,0.0050702981837202924,0.007701515489735757,0.9998468351982055,0.9998249187179705,0.003403946190830171,0.005745272255078933,0.41636565673408693,0.5560346651273577,0.8427526002283736,0.7484672315255203,0.14150819982681934,0.20792166570234988,0.4016983573205485,0.4279989119565939,0.7735817355338513,0.8724312245215888,0.2940053488845361,0.40005257247995213,0.3998326068005589,0.4909508692143826,0.8390926749159069,0.7410130388817824,0.146545713224424,0.20440574536796582
57,637,4929,Toro Vs,OpenSees 2-D,162.21536391785304,25.0,0.17284680232405664,1334.9557692571439,0.01045666728336348,0.01045666728336348,0.9997943031254051,0.9997943031254051,0.007675056465387926,0.007675056465387926,0.39722941183859106,0.39722941183859106,0.7897293735324301,0.7897293735324301,0.21520040276250335,0.21520040276250335,0.5337803648632201,0.5337803648632201,0.6473723164507519,0.6473723164507519,0.42684759966772245,0.42684759966772245,0.4480661916826544,0.4480661916826544,0.7413326518035546,0.7413326518035546,0.2166430504753396,0.2166430504753396
57,637,4929,Passeri tts,OpenSees 2-D,162.21536391785304,25.0,0.17284680232405664,1334.9557692571439,0.007711336934389692,0.007711336934389692,0.9998246573147738,0.9998246573147738,0.005751857856020427,0.005751857856020427,0.5261686570620422,0.5261686570620422,0.7612731167211524,0.7612731167211524,0.20487176145328598,0.20487176145328598,0.43402654536621244,0.43402654536621244,0.8746211869987464,0.8746211869987464,0.39992043102297337,0.39992043102297337,0.4751031385310775,0.4751031385310775,0.7484931414685332,0.7484931414685332,0.20344682954363363,0.20344682954363363
57,637,4929,Pretell median,OpenSees 2-D,162.21536391785304,25.0,0.17284680232405664,1334.9557692571439,0.009764428492484564,0.009764428492484564,0.9998081328765676,0.9998081328765676,0.007201814629388863,0.007201814629388863,0.3936039131317038,0.3936039131317038,0.7983337875195505,0.7983337875195505,0.20920276614878203,0.20920276614878203,0.40262114551712375,0.40262114551712375,0.9296282559746911,0.9296282559746911,0.3663378571156415,0.3663378571156415,0.3864429350669315,0.3864429350669315,0.8049479809797117,0.8049479809797117,0.19349971495539522,0.19349971495539522
57,637,4929,Pretell percentile,OpenSees 2-D,162.21536391785304,25.0,0.17284680232405664,1334.9557692571439,0.018970698198135266,0.018970698198135266,0.9997379281227472,0.9997379281227472,0.013656801925871157,0.013656801925871157,0.7939278492445692,0.7939278492445692,0.8547359459517248,0.8547359459517248,0.34052786804342433,0.34052786804342433,0.2240785919387047,0.2240785919387047,0.9262408652922028,0.9262408652922028,0.1872909172201148,0.1872909172201148,0.6001113549646251,0.6001113549646251,0.8292734875851171,0.8292734875851171,0.17249006211412238,0.17249006211412238
57,637,4929,Dmult,OpenSees 2-D,162.21536391785304,25.0,0.17284680232405664,1334.9557692571439,0.001298424830250708,0.001298424830250708,0.9998662373673194,0.9998662373673194,0.001111057338653429,0.001111057338653429,0.5071070289578145,0.5071070289578145,0.8622442366690366,0.8622442366690366,0.17237677397952622,0.17237677397952622,0.7028895451063305,0.7028895451063305,0.5002184783494048,0.5002184783494048,0.940073195058942,0.940073195058942,0.5824482107136827,0.5824482107136827,0.6580670940618542,0.6580670940618542,0.3811275205330162,0.3811275205330162
57,637,4929,Dmult p84,OpenSees 2-D,162.21536391785304,25.0,0.17284680232405664,1334.9557692571439,0.0038253038534067306,0.0038253038534067306,0.9998527221393838,0.9998527221393838,0.002984226503228498,0.002984226503228498,0.44390838297652985,0.44390838297652985,0.8563021834605137,0.8563021834605137,0.1413910225195649,0.1413910225195649,0.6599329886541193,0.6599329886541193,0.6109690259796242,0.6109690259796242,0.7937176396552734,0.7937176396552734,0.5320506391875952,0.5320506391875952,0.7132143409219062,0.7132143409219062,0.3212629599113452,0.3212629599113452
58,177,1286,GINO,OpenSees 2-D,155.18901866887444,47.0,0.15582897420972586,959.1791661360843,0.04938143408523066,0.044652717786508145,0.9732720020677981,0.9710768738745424,0.041081755076489555,0.034179221617825335,0.09281249666730909,0.08430535080249693,0.9946123815249761,0.996098935710741,0.07502764913151065,0.09387819283251303,0.3179633465657819,0.29960922960697667,0.8976363599181715,0.8921405262326635,0.3003716818068553,0.2393444862981316,0.16562178049764287,0.16242892123638927,0.9769975343364266,0.9773038031528567,0.14201699764862388,0.12389675562033883
58,177,1286,1D Base Case,OpenSees 2-D,155.18901866887444,47.0,0.15582897420972586,959.1791661360843,0.02968379025450479,0.032420380429593186,0.9998696988482324,0.9998805750826807,0.016910602247846945,0.018089561317861474,0.35841983715016046,0.37159238953266005,0.8673472787356534,0.8595082472162184,0.19521805145518767,0.21322207424382736,0.4347256325835174,0.4880813651922391,0.8054083462430998,0.7819404469456637,0.3031541681650714,0.367433228703006,0.3651289956870209,0.39271053590539645,0.8715866459368578,0.8528504903825471,0.17058808508107773,0.19889959878045183
58,177,1286,Toro Vs,OpenSees 2-D,155.18901866887444,47.0,0.15582897420972586,959.1791661360843,0.01317734019770739,0.01317734019770739,0.9999928253774248,0.9999928253774248,0.007897621182676394,0.007897621182676394,0.5062406667751616,0.5062406667751616,0.8439544618151884,0.8439544618151884,0.263132154825198,0.263132154825198,0.6341998310928715,0.6341998310928715,0.5571571823073559,0.5571571823073559,0.40655145535721027,0.40655145535721027,0.5260130662856235,0.5260130662856235,0.7905634419619448,0.7905634419619448,0.22399682323651973,0.22399682323651973
58,177,1286,Passeri tts,OpenSees 2-D,155.18901866887444,47.0,0.15582897420972586,959.1791661360843,0.032305576834428515,0.032305576834428515,0.9998836041325748,0.9998836041325748,0.018036065013722874,0.018036065013722874,0.36584424609816757,0.36584424609816757,0.8657390837445708,0.8657390837445708,0.21317906581921223,0.21317906581921223,0.49609214251875067,0.49609214251875067,0.781758669717273,0.781758669717273,0.36229632772527365,0.36229632772527365,0.3912599059506186,0.3912599059506186,0.8561723987009623,0.8561723987009623,0.19707005720441245,0.19707005720441245
58,177,1286,Pretell median,OpenSees 2-D,155.18901866887444,47.0,0.15582897420972586,959.1791661360843,0.006055858366856888,0.006055858366856888,0.9999987148441247,0.9999987148441247,0.003389417996688419,0.003389417996688419,0.13307434938222976,0.13307434938222976,0.9925935240304496,0.9925935240304496,0.05614067601237056,0.05614067601237056,0.44206240638715893,0.44206240638715893,0.8981496998695125,0.8981496998695125,0.2821801061763123,0.2821801061763123,0.24245075135473082,0.24245075135473082,0.9582236736682539,0.9582236736682539,0.11679153626426142,0.11679153626426142
58,177,1286,Pretell percentile,OpenSees 2-D,155.18901866887444,47.0,0.15582897420972586,959.1791661360843,0.012041230033348062,0.012041230033348062,0.9999606614475091,0.9999606614475091,0.006834830355658802,0.006834830355658802,0.18748572044674214,0.18748572044674214,0.9829847009920898,0.9829847009920898,0.13316416312695756,0.13316416312695756,0.3622371441610422,0.3622371441610422,0.8774096893466647,0.8774096893466647,0.26014736338088096,0.26014736338088096,0.2365394579923661,0.2365394579923661,0.9535847829439377,0.9535847829439377,0.1333930167458762,0.1333930167458762
58,177,1286,Dmult,OpenSees 2-D,155.18901866887444,47.0,0.15582897420972586,959.1791661360843,0.07032539362636651,0.07032539362636651,0.9989819607168502,0.9989819607168502,0.040561445838268415,0.040561445838268415,0.6612442281570301,0.6612442281570301,0.7872035598688644,0.7872035598688644,0.33604032712132453,0.33604032712132453,0.819630422505435,0.819630422505435,0.546367872398711,0.546367872398711,1.422030147248449,1.422030147248449,0.6847697405967668,0.6847697405967668,0.633204739102502,0.633204739102502,0.6127191557167484,0.6127191557167484
58,177,1286,Dmult p84,OpenSees 2-D,155.18901866887444,47.0,0.15582897420972586,959.1791661360843,0.05599651110618402,0.05599651110618402,0.9994084091328109,0.9994084091328109,0.03175801196354392,0.03175801196354392,0.6067617370350216,0.6067617370350216,0.8184004011547771,0.8184004011547771,0.28922064112960205,0.28922064112960205,0.7726069989169296,0.7726069989169296,0.5848781482078909,0.5848781482078909,1.0979217584566463,1.0979217584566463,0.6341643751833494,0.6341643751833494,0.7063611132415444,0.7063611132415444,0.48215411198594726,0.48215411198594726
59,736,5687,GINO,OpenSees 2-D,276.0262964964348,25.0,0.2678596438840032,1108.5087479781032,0.1062295837155102,0.06510262791900472,0.2368735688112287,0.5892792409706108,0.08074078520521097,0.05036552209408618,0.09130953874589502,0.0710148596632755,0.9864098434706792,0.9704714034939151,0.0556173998228508,0.05493179999582962,0.3795479716306767,0.27771747809391134,0.880620536324653,0.8821475801733479,0.3394578669586164,0.30891336973862793,0.3550088843513324,0.24874473007935619,0.9066569573817409,0.9204141605010845,0.1637547482041948,0.14222715214019885
59,736,5687,1D Base Case,OpenSees 2-D,276.0262964964348,25.0,0.2678596438840032,1108.5087479781032,0.00459875836260262,0.0012517264760946102,0.9996198154247834,0.9993247366801334,0.0029099348754706563,0.0010046264665368569,0.20885851548464862,0.06518310873079344,0.9946418025661565,0.9987151602442428,0.07473216068809484,0.02925715730600187,0.5953385090342239,0.49660326557550594,0.6565836837019917,0.8374821976005755,0.45565818320855883,0.32704154447238165,0.5575933194116064,0.4418239005627495,0.7301449681556205,0.8784242996252403,0.18291848953583875,0.12359330702042204
59,736,5687,Toro Vs,OpenSees 2-D,276.0262964964348,25.0,0.2678596438840032,1108.5087479781032,0.0005768719223270241,0.0005768719223270241,0.9993128715619253,0.9993128715619253,0.0004130963289466624,0.0004130963289466624,0.015218442578357777,0.015218442578357777,0.999983678461469,0.999983678461469,0.0072850030940112475,0.0072850030940112475,0.26042995104121247,0.26042995104121247,0.8979959201042378,0.8979959201042378,0.20641794591796067,0.20641794591796067,0.23143550361052526,0.23143550361052526,0.9325766421472435,0.9325766421472435,0.07457636571462094,0.07457636571462094
59,736,5687,Passeri tts,OpenSees 2-D,276.0262964964348,25.0,0.2678596438840032,1108.5087479781032,0.0012492959397262355,0.0012492959397262355,0.9993246303701993,0.9993246303701993,0.0010028109114549257,0.0010028109114549257,0.06482484901242554,0.06482484901242554,0.9987397713874429,0.9987397713874429,0.029116853981463547,0.029116853981463547,0.46613741781008694,0.46613741781008694,0.8453764919966348,0.8453764919966348,0.32270769019124534,0.32270769019124534,0.41479166424191727,0.41479166424191727,0.8854878472369698,0.8854878472369698,0.12203373158038416,0.12203373158038416
59,736,5687,Pretell median,OpenSees 2-D,276.0262964964348,25.0,0.2678596438840032,1108.5087479781032,0.002560425742826367,0.002560425742826367,0.9992877793514,0.9992877793514,0.0020242824155140343,0.0020242824155140343,0.11283063891318101,0.11283063891318101,0.9982580256254117,0.9982580256254117,0.048173538680348196,0.048173538680348196,0.2758276972336228,0.2758276972336228,0.9043525201532268,0.9043525201532268,0.2833603035456005,0.2833603035456005,0.24845348660460775,0.24845348660460775,0.9314253446955362,0.9314253446955362,0.11433666669049453,0.11433666669049453
59,736,5687,Pretell percentile,OpenSees 2-D,276.0262964964348,25.0,0.2678596438840032,1108.5087479781032,0.006186684843719691,0.006186684843719691,0.9992521555569172,0.9992521555569172,0.004708764802547629,0.004708764802547629,0.35793868397186984,0.35793868397186984,0.9885778551834155,0.9885778551834155,0.12654856645418572,0.12654856645418572,1.0490126107729907,1.0490126107729907,0.9058221064640549,0.9058221064640549,0.4315061016475643,0.4315061016475643,0.9409833587033366,0.9409833587033366,0.9356122493243126,0.9356122493243126,0.19063977319379488,0.19063977319379488
59,736,5687,Dmult,OpenSees 2-D,276.0262964964348,25.0,0.2678596438840032,1108.5087479781032,0.0023265479632721894,0.0023265479632721894,0.9993367871974734,0.9993367871974734,0.001792133593157874,0.001792133593157874,0.10805079592716448,0.10805079592716448,0.9964386973512417,0.9964386973512417,0.05236545169990986,0.05236545169990986,0.3770183139641122,0.3770183139641122,0.8656857351893501,0.8656857351893501,0.31504075232296036,0.31504075232296036,0.3372402080825953,0.3372402080825953,0.9043308543767513,0.9043308543767513,0.12660114558061433,0.12660114558061433
59,736,5687,Dmult p84,OpenSees 2-D,276.0262964964348,25.0,0.2678596438840032,1108.5087479781032,0.001827539631187277,0.001827539631187277,0.9993314356617158,0.9993314356617158,0.0014310803284347238,0.0014310803284347238,0.08984142415837502,0.08984142415837502,0.9975096844178958,0.9975096844178958,0.04212345242994026,0.04212345242994026,0.30980135102270223,0.30980135102270223,0.8765302299569562,0.8765302299569562,0.28307690501058647,0.28307690501058647,0.2771599042145072,0.2771599042145072,0.9139940219961541,0.9139940219961541,0.1122148305976395,0.1122148305976395
60,982,7571,GINO,OpenSees 2-D,115.01111468549821,22.0,0.2216604843735695,1104.9944564163814,0.07251555208716484,0.05667869623372912,0.7504117583431088,0.8123861000739137,0.058168084334561235,0.05050321960025078,0.2968947543987935,0.34707601029660823,0.9264583173341465,0.9268099249915822,0.17445832714415452,0.1073445269451938,0.5614083596077046,0.3726722713851338,0.5556125818236863,0.8085576112703163,0.4629138274424197,0.3761787401713805,0.33682236399715826,0.33830205191793256,0.9039536089911928,0.9181373796773684,0.23471616726518968,0.1815420440036291
60,982,7571,1D Base Case,OpenSees 2-D,115.01111468549821,22.0,0.2216604843735695,1104.9944564163814,0.027112978393411258,0.021439818284574065,0.9998419343509722,0.9999454238629157,0.01769400328651904,0.014269687431874359,0.7482979930386902,0.7844333137268852,0.396820492091655,0.4068357307496014,0.4661508385106402,0.3874995944989561,0.6449127273132432,0.5787179245265988,0.3312469532023653,0.3794215747439526,0.45983178503371985,0.43315071242351966,0.710981925523752,0.7151020756608597,0.5339919893087048,0.5519582481412316,0.30697927746527565,0.2728470182990747
60,982,7571,Toro Vs,OpenSees 2-D,115.01111468549821,22.0,0.2216604843735695,1104.9944564163814,0.016863164958751963,0.016863164958751963,0.9999672144244918,0.9999672144244918,0.011213520964858857,0.011213520964858857,0.4140160418713815,0.4140160418713815,0.6962202532714143,0.6962202532714143,0.2952457680119517,0.2952457680119517,0.5110945388200131,0.5110945388200131,0.5124563557533733,0.5124563557533733,0.4333824273741599,0.4333824273741599,0.4179948840183636,0.4179948840183636,0.7632019036661319,0.7632019036661319,0.24418231232224205,0.24418231232224205
60,982,7571,Passeri tts,OpenSees 2-D,115.01111468549821,22.0,0.2216604843735695,1104.9944564163814,0.021421539109179023,0.021421539109179023,0.9999457257895903,0.9999457257895903,0.014258165203410469,0.014258165203410469,0.7563976190014414,0.7563976190014414,0.41914868594106847,0.41914868594106847,0.38572952658681253,0.38572952658681253,0.5637710196424272,0.5637710196424272,0.3927852416910103,0.3927852416910103,0.4286692812554127,0.4286692812554127,0.6904419650064294,0.6904419650064294,0.5639225683149318,0.5639225683149318,0.27074346423663187,0.27074346423663187
60,982,7571,Pretell median,OpenSees 2-D,115.01111468549821,22.0,0.2216604843735695,1104.9944564163814,0.002806845538131536,0.002806845538131536,0.9999473326733497,0.9999473326733497,0.00221106220474905,0.00221106220474905,0.1849005288177147,0.1849005288177147,0.9732821193045172,0.9732821193045172,0.08166573538420614,0.08166573538420614,0.4272990238190579,0.4272990238190579,0.8711842236039232,0.8711842236039232,0.28943783292796693,0.28943783292796693,0.2447665211814472,0.2447665211814472,0.939223224742854,0.939223224742854,0.12657683391171243,0.12657683391171243
60,982,7571,Pretell percentile,OpenSees 2-D,115.01111468549821,22.0,0.2216604843735695,1104.9944564163814,0.014684150660684273,0.014684150660684273,0.9998843127921804,0.9998843127921804,0.01010350463051446,0.01010350463051446,0.5948023352008508,0.5948023352008508,0.9500673390385219,0.9500673390385219,0.19732688900626583,0.19732688900626583,0.3794515959955133,0.3794515959955133,0.7747086426444876,0.7747086426444876,0.3115773044246709,0.3115773044246709,0.5335533901855626,0.5335533901855626,0.9286509844726337,0.9286509844726337,0.17178634987119465,0.17178634987119465
60,982,7571,Dmult,OpenSees 2-D,115.01111468549821,22.0,0.2216604843735695,1104.9944564163814,0.03372670212831834,0.03372670212831834,0.9998375765165225,0.9998375765165225,0.02285882179102785,0.02285882179102785,0.5562571557780546,0.5562571557780546,0.5823258252223376,0.5823258252223376,0.3500717599968929,0.3500717599968929,0.6905192900332017,0.6905192900332017,0.23219269589218414,0.23219269589218414,0.697187841168956,0.697187841168956,0.5625498142076116,0.5625498142076116,0.63856954418949,0.63856954418949,0.3570378600350622,0.3570378600350622
60,982,7571,Dmult p84,OpenSees 2-D,115.01111468549821,22.0,0.2216604843735695,1104.9944564163814,0.028999405376262683,0.028999405376262683,0.9998873279509459,0.9998873279509459,0.01950209856944814,0.01950209856944814,0.519848529281361,0.519848529281361,0.573135865455186,0.573135865455186,0.33468419921326786,0.33468419921326786,0.6378854153185858,0.6378854153185858,0.31188292147254293,0.31188292147254293,0.5633033471791744,0.5633033471791744,0.5239709142213483,0.5239709142213483,0.6673896939882918,0.6673896939882918,0.3043871657759983,0.3043871657759983
61,117,889,GINO,OpenSees 2-D,253.5532033615742,89.0,0.22265706919133663,1071.4956690352062,0.03667512446597145,0.0270108986233133,0.9943063588024269,0.9942182988996838,0.030339043611682746,0.021779928553183406,0.28518118047685415,0.3121262593034915,0.9596724919220304,0.9538324453983891,0.10745435720847257,0.13748541997637864,0.32986845886808386,0.3318299526931982,0.8474887918043171,0.8064018021966587,0.27677450904624684,0.25414402825007126,0.28521814260411854,0.3066264857972227,0.9501702534829923,0.9406036089928427,0.13972605059281715,0.13781901087405274
61,117,889,1D Base Case,OpenSees 2-D,253.5532033615742,89.0,0.22265706919133663,1071.4956690352062,0.054632121276184095,0.053861144234304915,0.9995763083143019,0.9996229138538449,0.02710332605717792,0.026568429366286273,0.4364741925532308,0.4221126824568585,0.8244170940419968,0.8389462761963516,0.24365974000902563,0.2276809334755589,0.5438553676340306,0.54053572221832,0.5345299955840392,0.47221146042321804,0.41903567062328423,0.409681943600143,0.44430207736306787,0.4335161427574308,0.8239202351017939,0.8291399549206702,0.22924657084086947,0.2209919105809179
61,117,889,Toro Vs,OpenSees 2-D,253.5532033615742,89.0,0.22265706919133663,1071.4956690352062,0.014937063288968969,0.014937063288968969,0.9999163612834963,0.9999163612834963,0.00955166100373463,0.00955166100373463,0.57062503422851,0.57062503422851,0.8087671245855882,0.8087671245855882,0.29079627794358415,0.29079627794358415,0.5810400143429356,0.5810400143429356,0.44040349158128966,0.44040349158128966,0.41407257597517017,0.41407257597517017,0.5556867249045457,0.5556867249045457,0.7796840297587779,0.7796840297587779,0.23550736632569194,0.23550736632569194
61,117,889,Passeri tts,OpenSees 2-D,253.5532033615742,89.0,0.22265706919133663,1071.4956690352062,0.053585172036896174,0.053585172036896174,0.9996341516753987,0.9996341516753987,0.02646392913256443,0.02646392913256443,0.42059024670505046,0.42059024670505046,0.8452989062978186,0.8452989062978186,0.22758210784278038,0.22758210784278038,0.5371276874762244,0.5371276874762244,0.483245518114754,0.483245518114754,0.4008605448272838,0.4008605448272838,0.4316340401444884,0.4316340401444884,0.8345089633579706,0.8345089633579706,0.217838198238781,0.217838198238781
61,117,889,Pretell median,OpenSees 2-D,253.5532033615742,89.0,0.22265706919133663,1071.4956690352062,0.010112197341348383,0.010112197341348383,0.9999630968547373,0.9999630968547373,0.004230575943640211,0.004230575943640211,0.20414105026769105,0.20414105026769105,0.9773304101162753,0.9773304101162753,0.08044262761454911,0.08044262761454911,0.4201604145141893,0.4201604145141893,0.7734435469207592,0.7734435469207592,0.30345540794487996,0.30345540794487996,0.2507148387828011,0.2507148387828011,0.9550079213946393,0.9550079213946393,0.1318228826453468,0.1318228826453468
61,117,889,Pretell percentile,OpenSees 2-D,253.5532033615742,89.0,0.22265706919133663,1071.4956690352062,0.060077952805520744,0.060077952805520744,0.9994381632017664,0.9994381632017664,0.025853736900714776,0.025853736900714776,0.33672793353584185,0.33672793353584185,0.9658485782135169,0.9658485782135169,0.2695664644202904,0.2695664644202904,0.3760407784183009,0.3760407784183009,0.7274254565028223,0.7274254565028223,0.22445600452889447,0.22445600452889447,0.3345223037094193,0.3345223037094193,0.9492306871095416,0.9492306871095416,0.16847834882645035,0.16847834882645035
61,117,889,Dmult,OpenSees 2-D,253.5532033615742,89.0,0.22265706919133663,1071.4956690352062,0.09504859968814013,0.09504859968814013,0.9981353471847053,0.9981353471847053,0.04759863236107426,0.04759863236107426,0.6558014604931243,0.6558014604931243,0.7860909330672297,0.7860909330672297,0.3433129540245207,0.3433129540245207,0.7786091645591796,0.7786091645591796,0.4560623759663185,0.4560623759663185,1.3990762384459523,1.3990762384459523,0.6606189767597576,0.6606189767597576,0.6872086316575547,0.6872086316575547,0.6093300909898156,0.6093300909898156
61,117,889,Dmult p84,OpenSees 2-D,253.5532033615742,89.0,0.22265706919133663,1071.4956690352062,0.07799070188123851,0.07799070188123851,0.9988643711870295,0.9988643711870295,0.038522329322115294,0.038522329322115294,0.6003683646936044,0.6003683646936044,0.8143189710797493,0.8143189710797493,0.29440516583347387,0.29440516583347387,0.7212821160854972,0.7212821160854972,0.4757948895755136,0.4757948895755136,1.078054126413229,1.078054126413229,0.6064656692284464,0.6064656692284464,0.7479164750875883,0.7479164750875883,0.47912330925741276,0.47912330925741276
62,586,4474,GINO,OpenSees 2-D,162.81304167035267,78.0,0.14987990651279687,1201.8775771934456,0.19065943921355105,0.20991605951710657,0.9861747843227979,0.9891407750299976,0.06802574279955745,0.079218638585372,0.3330013134344202,0.3769698250625829,0.9591035905221493,0.949658534692624,0.18570622866357886,0.2133412297575903,0.31153366075474714,0.2793018880687813,0.8481926117203331,0.8632270160364726,0.2727381912067116,0.20310454399841338,0.28387814568372527,0.319357541652945,0.9248254159553229,0.9045390866678742,0.17497924550126784,0.16281548283160197
62,586,4474,1D Base Case,OpenSees 2-D,162.81304167035267,78.0,0.14987990651279687,1201.8775771934456,0.2783228659891574,0.27615482731927843,0.9958025088797184,0.9961381689637707,0.06882095618544051,0.07128185653455257,0.5350054128417111,0.58438938513259,0.7306970517717271,0.646245800636973,0.29251894453609606,0.3370921324662137,0.5013695374307104,0.4470913163994357,0.5965063305528003,0.6401424715100058,0.35708901031132034,0.2600971733209196,0.44916394300965423,0.48522909964349387,0.8004379271554446,0.7673694447754364,0.23682417163469513,0.21711030018927938
62,586,4474,Toro Vs,OpenSees 2-D,162.81304167035267,78.0,0.14987990651279687,1201.8775771934456,0.41183225694353187,0.41183225694353187,0.9175825379570169,0.9175825379570169,0.05162927801049818,0.05162927801049818,0.6367408704841984,0.6367408704841984,0.5714983487030283,0.5714983487030283,0.329431215641063,0.329431215641063,0.506606607757552,0.506606607757552,0.4926403438069884,0.4926403438069884,0.29535760987960663,0.29535760987960663,0.5562005913034355,0.5562005913034355,0.7372783973041941,0.7372783973041941,0.22027477545385557,0.22027477545385557
62,586,4474,Passeri tts,OpenSees 2-D,162.81304167035267,78.0,0.14987990651279687,1201.8775771934456,0.2743993833491223,0.2743993833491223,0.9964078097522187,0.9964078097522187,0.07062802536752072,0.07062802536752072,0.5768903143586422,0.5768903143586422,0.6473438546311636,0.6473438546311636,0.33505626558051027,0.33505626558051027,0.4443714397019334,0.4443714397019334,0.6564044941987476,0.6564044941987476,0.253049286873386,0.253049286873386,0.47958495753713115,0.47958495753713115,0.773238228015189,0.773238228015189,0.21380393895847044,0.21380393895847044
62,586,4474,Pretell median,OpenSees 2-D,162.81304167035267,78.0,0.14987990651279687,1201.8775771934456,0.024704578728992378,0.024704578728992378,0.999858283184181,0.999858283184181,0.00841643361354473,0.00841643361354473,0.471998597500018,0.471998597500018,0.7738745412764081,0.7738745412764081,0.18704531314965958,0.18704531314965958,0.3712475852448137,0.3712475852448137,0.8292536196047594,0.8292536196047594,0.23554869026316105,0.23554869026316105,0.36954243214370464,0.36954243214370464,0.8732981316420888,0.8732981316420888,0.14150138730174486,0.14150138730174486
62,586,4474,Pretell percentile,OpenSees 2-D,162.81304167035267,78.0,0.14987990651279687,1201.8775771934456,0.1406535057019163,0.1406535057019163,0.9994712469248211,0.9994712469248211,0.025967318415438628,0.025967318415438628,0.48542092432022904,0.48542092432022904,0.7758030182075846,0.7758030182075846,0.18038205664061824,0.18038205664061824,0.33585801508531793,0.33585801508531793,0.800038676537921,0.800038676537921,0.22641502682788275,0.22641502682788275,0.3856589484473498,0.3856589484473498,0.87476390642887,0.87476390642887,0.14244843782734795,0.14244843782734795
62,586,4474,Dmult,OpenSees 2-D,162.81304167035267,78.0,0.14987990651279687,1201.8775771934456,0.5953158334072237,0.5953158334072237,0.9211365283049102,0.9211365283049102,0.18749174933177357,0.18749174933177357,0.7405536679386256,0.7405536679386256,0.47767118331943004,0.47767118331943004,0.4917362295504618,0.4917362295504618,0.8329908971582921,0.8329908971582921,0.5017564350492508,0.5017564350492508,2.0004363457942484,2.0004363457942484,0.7001458700722695,0.7001458700722695,0.6141082458121505,0.6141082458121505,0.9132957021592462,0.9132957021592462
62,586,4474,Dmult p84,OpenSees 2-D,162.81304167035267,78.0,0.14987990651279687,1201.8775771934456,0.5419149265008709,0.5419149265008709,0.9420841952297665,0.9420841952297665,0.15224604896403565,0.15224604896403565,0.7001570165652645,0.7001570165652645,0.5288515290783193,0.5288515290783193,0.40963327977874553,0.40963327977874553,0.7726857376143572,0.7726857376143572,0.536400154207197,0.536400154207197,1.5030424460726306,1.5030424460726306,0.6542889846364339,0.6542889846364339,0.6703304684280277,0.6703304684280277,0.7022409571964567,0.7022409571964567
63,372,2977,GINO,OpenSees 2-D,152.1637712597265,59.0,0.1451793171465397,1042.8236518036717,0.05641769567886714,0.05143233538180659,0.9913586775119312,0.9890361069727749,0.04607379639310928,0.046800096351419025,0.2767297029426837,0.33535487082812065,0.9670032601151555,0.9598182763870213,0.14429143057399502,0.15219675664109994,0.2689252421895009,0.24437056816972258,0.8616409771387685,0.8873582571419104,0.23121628632123106,0.2156999259427282,0.26276204680623144,0.30903884657246605,0.9634816917254652,0.9592866681604695,0.1403389581222176,0.1375340347952815
63,372,2977,1D Base Case,OpenSees 2-D,152.1637712597265,59.0,0.1451793171465397,1042.8236518036717,0.04153934871253147,0.04901946642043806,0.9997691920588506,0.9997625809628048,0.016408323452841343,0.021833358077678843,0.2662861367002562,0.2957881123284945,0.926087932954012,0.9022399454510979,0.1570401224219911,0.16955282718589032,0.4652083835165529,0.5609488176666627,0.6116118778409375,0.3308522983675884,0.3228309438991293,0.41026613491954866,0.2931109121164019,0.33755261706422485,0.9160161303264913,0.8861512892026895,0.16584578029978705,0.20210067070479676
63,372,2977,Toro Vs,OpenSees 2-D,152.1637712597265,59.0,0.1451793171465397,1042.8236518036717,0.030733030824178904,0.030733030824178904,0.9991383701274293,0.9991383701274293,0.006892339929410238,0.006892339929410238,0.49493525465728405,0.49493525465728405,0.781991359801017,0.781991359801017,0.2859441543055037,0.2859441543055037,0.55162534267556,0.55162534267556,0.4039479554275083,0.4039479554275083,0.3616675730147249,0.3616675730147249,0.4830677024450138,0.4830677024450138,0.8026385142247441,0.8026385142247441,0.2147792158220984,0.2147792158220984
63,372,2977,Passeri tts,OpenSees 2-D,152.1637712597265,59.0,0.1451793171465397,1042.8236518036717,0.04841763240413825,0.04841763240413825,0.9997792571065034,0.9997792571065034,0.021651309567648144,0.021651309567648144,0.29406662731109934,0.29406662731109934,0.9043708562738663,0.9043708562738663,0.16715012591534756,0.16715012591534756,0.5551943721957541,0.5551943721957541,0.3525396039668243,0.3525396039668243,0.40105332114289743,0.40105332114289743,0.33497392820580213,0.33497392820580213,0.8890747959621198,0.8890747959621198,0.19809165852329522,0.19809165852329522
63,372,2977,Pretell median,OpenSees 2-D,152.1637712597265,59.0,0.1451793171465397,1042.8236518036717,0.024903530738202253,0.024903530738202253,0.9999761730570212,0.9999761730570212,0.011693159722864195,0.011693159722864195,0.24816059564956483,0.24816059564956483,0.9327963765958741,0.9327963765958741,0.11924496625410344,0.11924496625410344,0.51413508060713,0.51413508060713,0.4883761814165396,0.4883761814165396,0.3692934610039689,0.3692934610039689,0.29400934270185247,0.29400934270185247,0.916581867284239,0.916581867284239,0.16911880713062263,0.16911880713062263
63,372,2977,Pretell percentile,OpenSees 2-D,152.1637712597265,59.0,0.1451793171465397,1042.8236518036717,0.04312639893605507,0.04312639893605507,0.9996467548361774,0.9996467548361774,0.015229585276416066,0.015229585276416066,0.35162772654961016,0.35162772654961016,0.919982337816239,0.919982337816239,0.1735427348387335,0.1735427348387335,0.44922525077936526,0.44922525077936526,0.5435088360658216,0.5435088360658216,0.3272765551715526,0.3272765551715526,0.3535826869076583,0.3535826869076583,0.912838035033543,0.912838035033543,0.1719399696084091,0.1719399696084091
63,372,2977,Dmult,OpenSees 2-D,152.1637712597265,59.0,0.1451793171465397,1042.8236518036717,0.15152976859559167,0.15152976859559167,0.9944121221232269,0.9944121221232269,0.06913118764038645,0.06913118764038645,0.6629640675297613,0.6629640675297613,0.7100482298972354,0.7100482298972354,0.5811687137661361,0.5811687137661361,0.8368692211272228,0.8368692211272228,0.35480340171202984,0.35480340171202984,1.8363425244622915,1.8363425244622915,0.6657878126091505,0.6657878126091505,0.6413870940284704,0.6413870940284704,0.841266413365778,0.841266413365778
63,372,2977,Dmult p84,OpenSees 2-D,152.1637712597265,59.0,0.1451793171465397,1042.8236518036717,0.11760822775854779,0.11760822775854779,0.9968312144365787,0.9968312144365787,0.05155408214109887,0.05155408214109887,0.6032187113876738,0.6032187113876738,0.7693270577560173,0.7693270577560173,0.4774657545350613,0.4774657545350613,0.7867928771567864,0.7867928771567864,0.378376372734007,0.378376372734007,1.428416253600274,1.428416253600274,0.6101982148347279,0.6101982148347279,0.7190435932457182,0.7190435932457182,0.661229343869999,0.661229343869999
64,10,88,GINO,OpenSees 2-D,191.35022152686955,60.0,0.23922754395753146,813.7837618794513,0.048407489610255365,0.053886018614369806,0.9871248251973145,0.9847987098134758,0.038755747126725214,0.04101529415011502,0.19596454266469554,0.19417846253451151,0.9615552089474032,0.9579304580179745,0.12023222373394273,0.11727743617384823,0.4701667616639513,0.2722620149054612,0.7096122752476902,0.8740244205685205,0.3757135757256527,0.26985517662964603,0.3006003838805351,0.20961806206058897,0.9075814766940828,0.9495598171677474,0.1811339301185151,0.14398789562507083
64,10,88,1D Base Case,OpenSees 2-D,191.35022152686955,60.0,0.23922754395753146,813.7837618794513,0.04901596089314252,0.04080128962438798,0.999572322943594,0.9996779046396965,0.02682269253290974,0.02228648163849801,0.47739834591829666,0.47098352199153287,0.7623014638951647,0.7820517850953436,0.24357075813018236,0.2268346366852989,0.5718680829672713,0.42296868125268006,0.5853297506021954,0.678012756478959,0.46813559573418945,0.35621337899907757,0.49193925367549046,0.44009332487297903,0.7438886008056429,0.7967835860569086,0.2463066283325394,0.20052534222874113
64,10,88,Toro Vs,OpenSees 2-D,191.35022152686955,60.0,0.23922754395753146,813.7837618794513,0.01847557127754097,0.01847557127754097,0.9999937878360542,0.9999937878360542,0.010874560642879845,0.010874560642879845,0.38198564432766696,0.38198564432766696,0.879377459616966,0.879377459616966,0.23613412764964467,0.23613412764964467,0.5040514089735209,0.5040514089735209,0.6296013365683869,0.6296013365683869,0.37412613346834045,0.37412613346834045,0.4013280897634248,0.4013280897634248,0.8351921850249124,0.8351921850249124,0.2055904812338205,0.2055904812338205
64,10,88,Passeri tts,OpenSees 2-D,191.35022152686955,60.0,0.23922754395753146,813.7837618794513,0.0406629151559938,0.0406629151559938,0.9996837395535214,0.9996837395535214,0.022224615424890053,0.022224615424890053,0.44755250648096884,0.44755250648096884,0.793404554151526,0.793404554151526,0.22519079948402176,0.22519079948402176,0.41980684548309927,0.41980684548309927,0.6911927775352646,0.6911927775352646,0.3478687520470317,0.3478687520470317,0.4225345029504539,0.4225345029504539,0.8058653063623319,0.8058653063623319,0.19708991846037915,0.19708991846037915
64,10,88,Pretell median,OpenSees 2-D,191.35022152686955,60.0,0.23922754395753146,813.7837618794513,0.010365919620736876,0.010365919620736876,0.9999900598683306,0.9999900598683306,0.00539517079785193,0.00539517079785193,0.09332591158595704,0.09332591158595704,0.9949532103349162,0.9949532103349162,0.05199674552449593,0.05199674552449593,0.3377649111013494,0.3377649111013494,0.8492226522332613,0.8492226522332613,0.27389313026369194,0.27389313026369194,0.1846072775709357,0.1846072775709357,0.964253668594089,0.964253668594089,0.11334992902888913,0.11334992902888913
64,10,88,Pretell percentile,OpenSees 2-D,191.35022152686955,60.0,0.23922754395753146,813.7837618794513,0.05241991949569074,0.05241991949569074,0.9996795769603083,0.9996795769603083,0.026329350799483155,0.026329350799483155,0.5581736457117801,0.5581736457117801,0.9812058659557727,0.9812058659557727,0.22493594531495392,0.22493594531495392,0.30381007512627417,0.30381007512627417,0.844744179607117,0.844744179607117,0.27190901671883616,0.27190901671883616,0.48244738042928087,0.48244738042928087,0.9596851446210285,0.9596851446210285,0.17186421222589793,0.17186421222589793
64,10,88,Dmult,OpenSees 2-D,191.35022152686955,60.0,0.23922754395753146,813.7837618794513,0.07740316461147016,0.07740316461147016,0.998519463702683,0.998519463702683,0.04340580315621963,0.04340580315621963,0.5498394467525458,0.5498394467525458,0.812617818206757,0.812617818206757,0.28465415257537563,0.28465415257537563,0.759723364668712,0.759723364668712,0.6286348781794681,0.6286348781794681,1.400450679972982,1.400450679972982,0.588802913087188,0.588802913087188,0.6760121323002278,0.6760121323002278,0.5907460148678332,0.5907460148678332
64,10,88,Dmult p84,OpenSees 2-D,191.35022152686955,60.0,0.23922754395753146,813.7837618794513,0.06308343009747565,0.06308343009747565,0.9990532831838251,0.9990532831838251,0.03484812324550234,0.03484812324550234,0.4877260174840818,0.4877260174840818,0.8287700971286861,0.8287700971286861,0.2448557409265485,0.2448557409265485,0.6961970322936616,0.6961970322936616,0.6588157816968585,0.6588157816968585,1.079180888797453,1.079180888797453,0.5294144938263877,0.5294144938263877,0.7401477789125422,0.7401477789125422,0.46336687649299896,0.46336687649299896
65,628,4872,GINO,OpenSees 2-D,213.40427906371383,39.0,0.12615191303193568,931.3609844735406,0.10714686204452849,0.06252263619668437,0.5937362144374505,0.7196911116211132,0.07752054637257623,0.05345237851859666,0.21515882318390048,0.2047975908666872,0.960435239696676,0.9579508403051594,0.09000237762607559,0.09294223692402509,0.34771026339885114,0.2557024933752327,0.8457222559953917,0.8736420764557121,0.21480754035886182,0.18235177494678098,0.2458510184980228,0.21105963588646245,0.9496684238836566,0.9573510643976105,0.12931554364382597,0.11041412479008969
65,628,4872,1D Base Case,OpenSees 2-D,213.40427906371383,39.0,0.12615191303193568,931.3609844735406,0.004724925788422842,0.0028611280003960037,0.9999517094302524,0.9999243479322866,0.0027918525126827895,0.0024949802976593416,0.2568564477138544,0.15921869391098675,0.952498338219685,0.9748488969436436,0.08581951219470343,0.05991693326857825,0.48972037349399744,0.2907234651155461,0.7399224932736119,0.8996127608546097,0.25963716907681494,0.18751219659415386,0.3155873546366024,0.18795838690594793,0.9285257802721961,0.9692781576089965,0.11759601121473526,0.08447759189270809
65,628,4872,Toro Vs,OpenSees 2-D,213.40427906371383,39.0,0.12615191303193568,931.3609844735406,0.0018123264537474638,0.0018123264537474638,0.9999533340757297,0.9999533340757297,0.001392144489552623,0.001392144489552623,0.4560368759609726,0.4560368759609726,0.8693010233499219,0.8693010233499219,0.14802646925100618,0.14802646925100618,0.49571156138673494,0.49571156138673494,0.5960933060674682,0.5960933060674682,0.30067957364927045,0.30067957364927045,0.45287461247345207,0.45287461247345207,0.856801923228792,0.856801923228792,0.15013304212388992,0.15013304212388992
65,628,4872,Passeri tts,OpenSees 2-D,213.40427906371383,39.0,0.12615191303193568,931.3609844735406,0.002846377485526112,0.002846377485526112,0.9999246963762799,0.9999246963762799,0.00248470477650536,0.00248470477650536,0.16617728899550258,0.16617728899550258,0.9751820013679054,0.9751820013679054,0.06119225221867702,0.06119225221867702,0.30201523577454625,0.30201523577454625,0.8971718718887419,0.8971718718887419,0.18792345459550808,0.18792345459550808,0.19575946457178872,0.19575946457178872,0.9686767492875928,0.9686767492875928,0.08500053144580783,0.08500053144580783
65,628,4872,Pretell median,OpenSees 2-D,213.40427906371383,39.0,0.12615191303193568,931.3609844735406,0.0011282516002229495,0.0011282516002229495,0.9999357256608139,0.9999357256608139,0.0009605980571205483,0.0009605980571205483,0.10236366669062394,0.10236366669062394,0.9894871016115894,0.9894871016115894,0.027101303594958808,0.027101303594958808,0.23240624669931997,0.23240624669931997,0.9394884437166239,0.9394884437166239,0.11865882508878801,0.11865882508878801,0.1349560622173225,0.1349560622173225,0.9834138321887202,0.9834138321887202,0.04999718917955565,0.04999718917955565
65,628,4872,Pretell percentile,OpenSees 2-D,213.40427906371383,39.0,0.12615191303193568,931.3609844735406,0.005901824575691216,0.005901824575691216,0.9999574461799421,0.9999574461799421,0.003970413255428101,0.003970413255428101,0.3805643151533275,0.3805643151533275,0.9753195121609749,0.9753195121609749,0.15326087421816442,0.15326087421816442,0.2824284131203605,0.2824284131203605,0.9017234317826752,0.9017234317826752,0.21032190769860676,0.21032190769860676,0.35431303374710377,0.35431303374710377,0.9724529121057586,0.9724529121057586,0.12098057459936154,0.12098057459936154
65,628,4872,Dmult,OpenSees 2-D,213.40427906371383,39.0,0.12615191303193568,931.3609844735406,0.010232212392215808,0.010232212392215808,0.9998554121261201,0.9998554121261201,0.007729361560540984,0.007729361560540984,0.5815604350176119,0.5815604350176119,0.8936989939077634,0.8936989939077634,0.2579699900329732,0.2579699900329732,0.6885962761564357,0.6885962761564357,0.20438373793079181,0.20438373793079181,0.7245585265383783,0.7245585265383783,0.5896201749307368,0.5896201749307368,0.7824363213930606,0.7824363213930606,0.33369175784451366,0.33369175784451366
65,628,4872,Dmult p84,OpenSees 2-D,213.40427906371383,39.0,0.12615191303193568,931.3609844735406,0.007086506528308528,0.007086506528308528,0.9998875794910064,0.9998875794910064,0.005508732711775223,0.005508732711775223,0.5115311059002349,0.5115311059002349,0.9183924815455696,0.9183924815455696,0.19168179655909443,0.19168179655909443,0.6227566280969643,0.6227566280969643,0.4348983210288628,0.4348983210288628,0.5630719714332486,0.5630719714332486,0.5224331302929835,0.5224331302929835,0.8502866994824421,0.8502866994824421,0.2565077854184867,0.2565077854184867
66,927,7086,GINO,OpenSees 2-D,139.00239207672394,52.0,0.16637943275272846,1004.2557916079942,0.040851936037520076,0.030012974944555886,0.993758439394654,0.9959994658257556,0.0344844873058629,0.029867366819791297,0.35466907253262553,0.38649035406828464,0.9475048945075338,0.946926824060724,0.12345501418430874,0.15576178923893463,0.30374092264586117,0.3681532780483305,0.8663739275900392,0.839253466791737,0.27681404876952337,0.2620705571939168,0.3289102995822948,0.36256316949526524,0.9473432548567582,0.9505685218401576,0.1459909918816778,0.14890681017647825
66,927,7086,1D Base Case,OpenSees 2-D,139.00239207672394,52.0,0.16637943275272846,1004.2557916079942,0.06326395786117688,0.05197823629660609,0.9993344266116605,0.9994799988930206,0.02697562511717644,0.022619097530974696,0.35054491352835376,0.26595191749302305,0.8758723381631949,0.9298345552931487,0.19967056054606191,0.19752329726548074,0.42395682699672416,0.36171643006904425,0.6497705956194393,0.7038397384052127,0.30473474857355737,0.2239610549940834,0.3435696009978658,0.26337857896817796,0.8861786581289954,0.9351552908264633,0.17599979895557538,0.14556004256341457
66,927,7086,Toro Vs,OpenSees 2-D,139.00239207672394,52.0,0.16637943275272846,1004.2557916079942,0.011867375885860888,0.011867375885860888,0.9996683522840866,0.9996683522840866,0.0037053881951462607,0.0037053881951462607,0.3753970080706688,0.3753970080706688,0.8773230154115255,0.8773230154115255,0.29030505309226096,0.29030505309226096,0.4363683578624423,0.4363683578624423,0.30066572856672097,0.30066572856672097,0.3312006429593448,0.3312006429593448,0.3610863387459691,0.3610863387459691,0.8878441633608835,0.8878441633608835,0.2043086268317502,0.2043086268317502
66,927,7086,Passeri tts,OpenSees 2-D,139.00239207672394,52.0,0.16637943275272846,1004.2557916079942,0.05152858879044754,0.05152858879044754,0.9994994246700356,0.9994994246700356,0.022471917982151177,0.022471917982151177,0.24706816887295344,0.24706816887295344,0.9344563909690197,0.9344563909690197,0.19505559986734333,0.19505559986734333,0.35936846915390774,0.35936846915390774,0.6880799782960227,0.6880799782960227,0.22861783885173287,0.22861783885173287,0.248144806968764,0.248144806968764,0.9388067961197976,0.9388067961197976,0.14639809485206243,0.14639809485206243
66,927,7086,Pretell median,OpenSees 2-D,139.00239207672394,52.0,0.16637943275272846,1004.2557916079942,0.003838024124337599,0.003838024124337599,0.9999984882578041,0.9999984882578041,0.002225319590047513,0.002225319590047513,0.19819802857567992,0.19819802857567992,0.9572063599877815,0.9572063599877815,0.1394467353503635,0.1394467353503635,0.2760410990481886,0.2760410990481886,0.7979228794221936,0.7979228794221936,0.21289428243611958,0.21289428243611958,0.19678687337696704,0.19678687337696704,0.9617673515633989,0.9617673515633989,0.11712588131426753,0.11712588131426753
66,927,7086,Pretell percentile,OpenSees 2-D,139.00239207672394,52.0,0.16637943275272846,1004.2557916079942,0.06273444495464973,0.06273444495464973,0.9996287126594018,0.9996287126594018,0.02570660551194628,0.02570660551194628,0.4301047499795996,0.4301047499795996,0.9600052352071617,0.9600052352071617,0.22996715731468648,0.22996715731468648,0.3477875592822582,0.3477875592822582,0.7946057470358798,0.7946057470358798,0.2567343626720519,0.2567343626720519,0.3978355022544872,0.3978355022544872,0.9621346044078163,0.9621346044078163,0.1678444860588053,0.1678444860588053
66,927,7086,Dmult,OpenSees 2-D,139.00239207672394,52.0,0.16637943275272846,1004.2557916079942,0.14137455330196824,0.14137455330196824,0.9944688793302257,0.9944688793302257,0.06644547022428664,0.06644547022428664,0.5890494764998817,0.5890494764998817,0.7997055491187383,0.7997055491187383,0.5004933486374172,0.5004933486374172,0.7699665236350663,0.7699665236350663,0.28367007410821277,0.28367007410821277,1.553526103955816,1.553526103955816,0.5796497379757243,0.5796497379757243,0.7443296729642066,0.7443296729642066,0.7171380555542609,0.7171380555542609
66,927,7086,Dmult p84,OpenSees 2-D,139.00239207672394,52.0,0.16637943275272846,1004.2557916079942,0.11132909747257577,0.11132909747257577,0.996630957487791,0.996630957487791,0.05016840354509827,0.05016840354509827,0.517963887779123,0.517963887779123,0.8488426714890006,0.8488426714890006,0.4135508572552343,0.4135508572552343,0.6986493125492793,0.6986493125492793,0.3282717137522492,0.3282717137522492,1.154484556001339,1.154484556001339,0.5123630723639627,0.5123630723639627,0.8124776186021482,0.8124776186021482,0.5456937930178234,0.5456937930178234
67,669,5188,GINO,OpenSees 2-D,188.13474051747795,44.0,0.22024513967335224,1147.857582958127,0.1366964436475724,0.11677533752315741,0.5916086831137731,0.464076701649524,0.10328806579234633,0.09038742731076435,0.2796829060414368,0.30370022005317765,0.9004835275684638,0.8645015660156742,0.17486628965340345,0.22444706747714063,0.501690899352753,0.2806189631699556,0.6409219822920823,0.7457715985675367,0.3585725577935884,0.22634883076246615,0.3496734857547064,0.2859519645957994,0.8624051577310949,0.8752604725169021,0.2141111051510982,0.17819181056877287
67,669,5188,1D Base Case,OpenSees 2-D,188.13474051747795,44.0,0.22024513967335224,1147.857582958127,0.023807607099208275,0.011114568582159914,0.9998899026161522,0.9999584425007977,0.013878250330670402,0.006626261562948222,0.5004073747620305,0.5319680518456426,0.7925028053895412,0.8293235022348486,0.2412241621394443,0.21423758382342933,0.49334111064725394,0.33045746281051536,0.6937784999882657,0.742315239332016,0.31211614779388075,0.26626448295658556,0.48014282219178517,0.4588939107623949,0.7965123341111648,0.8424597408372918,0.18646528798542622,0.15978303572886562
67,669,5188,Toro Vs,OpenSees 2-D,188.13474051747795,44.0,0.22024513967335224,1147.857582958127,0.0032090999621703607,0.0032090999621703607,0.9999861251011494,0.9999861251011494,0.0020502864209751663,0.0020502864209751663,0.23697366349861973,0.23697366349861973,0.9184513697558699,0.9184513697558699,0.1736862063250484,0.1736862063250484,0.4353067529750948,0.4353067529750948,0.4460401796390889,0.4460401796390889,0.31104206525421607,0.31104206525421607,0.29721775939348605,0.29721775939348605,0.863595238391117,0.863595238391117,0.16168818498383145,0.16168818498383145
67,669,5188,Passeri tts,OpenSees 2-D,188.13474051747795,44.0,0.22024513967335224,1147.857582958127,0.011077443623589929,0.011077443623589929,0.9999590045443875,0.9999590045443875,0.006606142962425074,0.006606142962425074,0.4994137232580585,0.4994137232580585,0.8385881111324921,0.8385881111324921,0.21260640336184555,0.21260640336184555,0.3280660922473781,0.3280660922473781,0.7464483593178686,0.7464483593178686,0.26413964545488555,0.26413964545488555,0.4344615107327411,0.4344615107327411,0.8490735660447821,0.8490735660447821,0.1585429469546124,0.1585429469546124
67,669,5188,Pretell median,OpenSees 2-D,188.13474051747795,44.0,0.22024513967335224,1147.857582958127,0.0125266469970542,0.0125266469970542,0.9999601762787397,0.9999601762787397,0.008738720251252196,0.008738720251252196,0.24946641907170053,0.24946641907170053,0.9902584658406819,0.9902584658406819,0.10695773583612334,0.10695773583612334,0.3183973707779611,0.3183973707779611,0.810200331765825,0.810200331765825,0.22568900445235163,0.22568900445235163,0.26034683188503155,0.26034683188503155,0.947455832170813,0.947455832170813,0.11413702439709834,0.11413702439709834
67,669,5188,Pretell percentile,OpenSees 2-D,188.13474051747795,44.0,0.22024513967335224,1147.857582958127,0.03412818426972054,0.03412818426972054,0.9998170501305345,0.9998170501305345,0.022025674694805993,0.022025674694805993,0.8428440092836705,0.8428440092836705,0.9948492621633899,0.9948492621633899,0.2864850057461408,0.2864850057461408,0.24381315860438663,0.24381315860438663,0.8836497633316847,0.8836497633316847,0.1645758954838689,0.1645758954838689,0.6849438810109817,0.6849438810109817,0.9659914894919174,0.9659914894919174,0.15125605128637845,0.15125605128637845
67,669,5188,Dmult,OpenSees 2-D,188.13474051747795,44.0,0.22024513967335224,1147.857582958127,0.02677210052234208,0.02677210052234208,0.9998011687770223,0.9998011687770223,0.016592907697980802,0.016592907697980802,0.4169734162062875,0.4169734162062875,0.8655976689244058,0.8655976689244058,0.24382592362615338,0.24382592362615338,0.7132174166470479,0.7132174166470479,0.21802698579297705,0.21802698579297705,1.0694643754670454,1.0694643754670454,0.5019217789700989,0.5019217789700989,0.6902452629455861,0.6902452629455861,0.4532678261956053,0.4532678261956053
67,669,5188,Dmult p84,OpenSees 2-D,188.13474051747795,44.0,0.22024513967335224,1147.857582958127,0.02041641671712171,0.02041641671712171,0.9998795474773047,0.9998795474773047,0.01241344683673534,0.01241344683673534,0.343754302298536,0.343754302298536,0.8761000560084438,0.8761000560084438,0.20932775817313792,0.20932775817313792,0.6426265904007997,0.6426265904007997,0.3626367799641185,0.3626367799641185,0.8350765611116044,0.8350765611116044,0.43573729962868024,0.43573729962868024,0.7632788243699342,0.7632788243699342,0.3594198302338603,0.3594198302338603
68,63,541,GINO,OpenSees 2-D,131.82879545966745,22.0,0.19828367456793783,1036.0135123697632,0.08331126408965378,0.09665130376535917,0.44336328429172345,0.4893442506331888,0.06579221723289012,0.07671557827008527,0.30661090105647676,0.29242105180782935,0.9506262274571907,0.8800639590368402,0.13513704909420843,0.1464176334404575,0.3790810574205837,0.3184149959779418,0.7399676887740195,0.5972903637639692,0.27390537766926976,0.25142670817526686,0.3138075460820923,0.28830997039825756,0.9348541892400206,0.8900625999006252,0.15943527294401852,0.1587750902880105
68,63,541,1D Base Case,OpenSees 2-D,131.82879545966745,22.0,0.19828367456793783,1036.0135123697632,0.01281733035964233,0.003869908717969033,0.9998574429268423,0.9999848848998159,0.00847604567327039,0.0027149775047018965,0.5568471938179195,0.5992460918886611,0.7004460229394837,0.7297789294395646,0.274915524389088,0.16580006798290553,0.5752125511260052,0.429376908802109,0.3021042742680822,0.40835404619687876,0.40456162994279876,0.31649284636959685,0.5473904201697942,0.5382686882985918,0.7283406607777215,0.7719818688638004,0.22703784378235056,0.16146275875087623
68,63,541,Toro Vs,OpenSees 2-D,131.82879545966745,22.0,0.19828367456793783,1036.0135123697632,0.0005842256563736259,0.0005842256563736259,0.9999914476250763,0.9999914476250763,0.00044979631675598833,0.00044979631675598833,0.19736541183207434,0.19736541183207434,0.9381627874762911,0.9381627874762911,0.08221507689454584,0.08221507689454584,0.35208740463249183,0.35208740463249183,0.3885095517032145,0.3885095517032145,0.23168120598136344,0.23168120598136344,0.23586865641450008,0.23586865641450008,0.9199073110753503,0.9199073110753503,0.10591037387270553,0.10591037387270553
68,63,541,Passeri tts,OpenSees 2-D,131.82879545966745,22.0,0.19828367456793783,1036.0135123697632,0.0038576641773700312,0.0038576641773700312,0.9999849909327884,0.9999849909327884,0.0027069118664177936,0.0027069118664177936,0.5617578196589044,0.5617578196589044,0.74843728754827,0.74843728754827,0.1621656155013513,0.1621656155013513,0.41684956293998426,0.41684956293998426,0.4117742739638957,0.4117742739638957,0.3104241329850381,0.3104241329850381,0.5072975018783135,0.5072975018783135,0.7864674878278216,0.7864674878278216,0.15824555034841498,0.15824555034841498
68,63,541,Pretell median,OpenSees 2-D,131.82879545966745,22.0,0.19828367456793783,1036.0135123697632,0.005776802682830019,0.005776802682830019,0.9999902103873408,0.9999902103873408,0.004040140048681598,0.004040140048681598,0.3315379828633979,0.3315379828633979,0.8853104769925965,0.8853104769925965,0.1446603473862787,0.1446603473862787,0.295891111029271,0.295891111029271,0.659466156026338,0.659466156026338,0.20539347844418876,0.20539347844418876,0.30973065501065067,0.30973065501065067,0.8983389371601418,0.8983389371601418,0.11669987068838825,0.11669987068838825
68,63,541,Pretell percentile,OpenSees 2-D,131.82879545966745,22.0,0.19828367456793783,1036.0135123697632,0.014587475005417433,0.014587475005417433,0.999972454263512,0.999972454263512,0.01011254182402214,0.01011254182402214,0.791780948313637,0.791780948313637,0.9180409843291912,0.9180409843291912,0.2685120645465079,0.2685120645465079,0.4422787669849919,0.4422787669849919,0.6658485088286953,0.6658485088286953,0.2283987204971031,0.2283987204971031,0.690248050506443,0.690248050506443,0.9201993032017108,0.9201993032017108,0.1640325611763462,0.1640325611763462
68,63,541,Dmult,OpenSees 2-D,131.82879545966745,22.0,0.19828367456793783,1036.0135123697632,0.012508124691799946,0.012508124691799946,0.9999413060512656,0.9999413060512656,0.008848888889747426,0.008848888889747426,0.4393572464814546,0.4393572464814546,0.914059768788579,0.914059768788579,0.28093327642749616,0.28093327642749616,0.6293601970109919,0.6293601970109919,0.021460639681083134,0.021460639681083134,0.7754404660480533,0.7754404660480533,0.4742404158452398,0.4742404158452398,0.7749013891321253,0.7749013891321253,0.35878125715647907,0.35878125715647907
68,63,541,Dmult p84,OpenSees 2-D,131.82879545966745,22.0,0.19828367456793783,1036.0135123697632,0.009127254010008645,0.009127254010008645,0.999962554696855,0.999962554696855,0.006432140635096911,0.006432140635096911,0.3649732559367011,0.3649732559367011,0.9082878890032594,0.9082878890032594,0.2115628559441744,0.2115628559441744,0.5674846410528165,0.5674846410528165,0.11940978406238117,0.11940978406238117,0.6138452288820427,0.6138452288820427,0.40808787188135615,0.40808787188135615,0.8313674930516123,0.8313674930516123,0.28056593611425124,0.28056593611425124
69,735,5681,GINO,OpenSees 2-D,276.0262964964348,25.0,0.2678596438840032,1108.5087479781032,0.09764955353266418,0.07308749308834206,0.11657005697784187,0.11267370684992582,0.07501629213550001,0.0599996489719469,0.0968547253378487,0.07875791533832963,0.9889308964725204,0.9937799455439116,0.05769907059759992,0.06576738156529958,0.6471319526693268,0.6087378644297532,0.7202691190211507,0.6481346660067139,0.32166062947316776,0.33608325484305523,0.6166473168155955,0.5819241951177118,0.7747955355950054,0.709737067568703,0.15614664374231368,0.15835923080484066
69,735,5681,1D Base Case,OpenSees 2-D,276.0262964964348,25.0,0.2678596438840032,1108.5087479781032,0.003943796242522804,0.003208270154274527,0.999791928352793,0.9998662581652581,0.0025996539770376656,0.0026054529875937952,0.1744397280837642,0.1102763064561611,0.9957173015703379,0.9984237224180239,0.06771210143449499,0.05668772104680536,0.6813653734954097,0.5641111022448917,0.6023850740288843,0.7092838670512935,0.41938784970916165,0.3891889714129122,0.6499627533037666,0.5394885183457423,0.6876554706354555,0.7597058609726367,0.16800925672051828,0.15413436485421872
69,735,5681,Toro Vs,OpenSees 2-D,276.0262964964348,25.0,0.2678596438840032,1108.5087479781032,0.0023673011138340147,0.0023673011138340147,0.9998737315222203,0.9998737315222203,0.001975301088857428,0.001975301088857428,0.06273489632078492,0.06273489632078492,0.9999462192482595,0.9999462192482595,0.03471556683481474,0.03471556683481474,0.6497975093457805,0.6497975093457805,0.7228795128634689,0.7228795128634689,0.38200395335020404,0.38200395335020404,0.6208805648513979,0.6208805648513979,0.7594396620940621,0.7594396620940621,0.14480740910411594,0.14480740910411594
69,735,5681,Passeri tts,OpenSees 2-D,276.0262964964348,25.0,0.2678596438840032,1108.5087479781032,0.0032056603443786826,0.0032056603443786826,0.999866328949681,0.999866328949681,0.002603534412068908,0.002603534412068908,0.10993675456940984,0.10993675456940984,0.9984509618416759,0.9984509618416759,0.05654741772226705,0.05654741772226705,0.5601538740821251,0.5601538740821251,0.7193816953745309,0.7193816953745309,0.3852480168511757,0.3852480168511757,0.5357090363754091,0.5357090363754091,0.7678318741442124,0.7678318741442124,0.1527122682588157,0.1527122682588157
69,735,5681,Pretell median,OpenSees 2-D,276.0262964964348,25.0,0.2678596438840032,1108.5087479781032,0.0006864057036585033,0.0006864057036585033,0.9998867159131429,0.9998867159131429,0.0005378632050498104,0.0005378632050498104,0.08016854625735538,0.08016854625735538,0.9969834704896903,0.9969834704896903,0.024613799710771243,0.024613799710771243,0.545591861093882,0.545591861093882,0.8386677967627202,0.8386677967627202,0.2682980105139272,0.2682980105139272,0.5215097265096154,0.5215097265096154,0.8531874388882267,0.8531874388882267,0.10147669571487335,0.10147669571487335
69,735,5681,Pretell percentile,OpenSees 2-D,276.0262964964348,25.0,0.2678596438840032,1108.5087479781032,0.005759669203782616,0.005759669203782616,0.9999038132781431,0.9999038132781431,0.00399270957092466,0.00399270957092466,0.5014831142452774,0.5014831142452774,0.9730276631181201,0.9730276631181201,0.14070812645309014,0.14070812645309014,0.5200898314531388,0.5200898314531388,0.829784729357768,0.829784729357768,0.5096062419370955,0.5096062419370955,0.5108835740011204,0.5108835740011204,0.8422732209648051,0.8422732209648051,0.2219720709637341,0.2219720709637341
69,735,5681,Dmult,OpenSees 2-D,276.0262964964348,25.0,0.2678596438840032,1108.5087479781032,0.004322731856192449,0.004322731856192449,0.9998576261366533,0.9998576261366533,0.0034392910480812882,0.0034392910480812882,0.15149304515766338,0.15149304515766338,0.9959633877480575,0.9959633877480575,0.07979601544071334,0.07979601544071334,0.7109557354183753,0.7109557354183753,0.6872252458808898,0.6872252458808898,0.506303756237771,0.506303756237771,0.6800744218106891,0.6800744218106891,0.7398819172922191,0.7398819172922191,0.20234887118226233,0.20234887118226233
69,735,5681,Dmult p84,OpenSees 2-D,276.0262964964348,25.0,0.2678596438840032,1108.5087479781032,0.003812318570053093,0.003812318570053093,0.9998615993796681,0.9998615993796681,0.003057489706891259,0.003057489706891259,0.13397013738399505,0.13397013738399505,0.9971101287958768,0.9971101287958768,0.06955401617074376,0.06955401617074376,0.6674848976739668,0.6674848976739668,0.7125083702269209,0.7125083702269209,0.4438905170463623,0.4438905170463623,0.6383909440085639,0.6383909440085639,0.7610244154233317,0.7610244154233317,0.17729800721486189,0.17729800721486189
70,500,3947,GINO,OpenSees 2-D,231.97220947353458,74.0,0.18489361107349395,1074.7409662605282,0.09304006571929058,0.06843226442441964,0.961190018506659,0.9773623799552561,0.06999568468776143,0.0635547347782161,0.25651135868426095,0.17258635683352908,0.9468661508690901,0.9540213121806191,0.20374542841132998,0.20750901743024214,0.4026152702552528,0.41524786173068046,0.758624160486758,0.6850544795493724,0.3480927715879264,0.3920768554350106,0.29590071019466024,0.23475169649801086,0.9158659505114313,0.91984359915316,0.20745458821988977,0.22172376180370199
70,500,3947,1D Base Case,OpenSees 2-D,231.97220947353458,74.0,0.18489361107349395,1074.7409662605282,0.03760722651114575,0.008880032450039101,0.9999258059640359,0.9999986690623248,0.018811975626809686,0.005429780519189593,0.3933718647212384,0.37553831552571015,0.9319161243348106,0.9589427728369876,0.25222839397761265,0.21552266070721895,0.5926501290452901,0.2853730632553284,0.5640620288526064,0.8031361075565165,0.3869362620870873,0.16235335124019,0.44336765430656977,0.3393338963941186,0.8694269597735305,0.9418113290001201,0.21768040139314776,0.12338089432794853
70,500,3947,Toro Vs,OpenSees 2-D,231.97220947353458,74.0,0.18489361107349395,1074.7409662605282,0.03394009925327745,0.03394009925327745,0.9997414823732418,0.9997414823732418,0.017500748852847667,0.017500748852847667,0.2039423847002837,0.2039423847002837,0.9383511982712325,0.9383511982712325,0.15843546861719182,0.15843546861719182,0.33758482300199655,0.33758482300199655,0.7394051530452117,0.7394051530452117,0.261782956235142,0.261782956235142,0.2272448893050118,0.2272448893050118,0.9342559784225488,0.9342559784225488,0.14527993736595393,0.14527993736595393
70,500,3947,Passeri tts,OpenSees 2-D,231.97220947353458,74.0,0.18489361107349395,1074.7409662605282,0.00903161408395372,0.00903161408395372,0.9999989695447973,0.9999989695447973,0.005496430232696225,0.005496430232696225,0.3418261959790009,0.3418261959790009,0.9653847326554278,0.9653847326554278,0.21243324574042022,0.21243324574042022,0.27050675294648074,0.27050675294648074,0.813547548840458,0.813547548840458,0.16150629411067535,0.16150629411067535,0.31067173154543,0.31067173154543,0.9481109786015529,0.9481109786015529,0.12218092724230613,0.12218092724230613
70,500,3947,Pretell median,OpenSees 2-D,231.97220947353458,74.0,0.18489361107349395,1074.7409662605282,0.01923886229067988,0.01923886229067988,0.9999678143931693,0.9999678143931693,0.010668441563630664,0.010668441563630664,0.19245599440562183,0.19245599440562183,0.9436956379803081,0.9436956379803081,0.13101493013368593,0.13101493013368593,0.2643946486264627,0.2643946486264627,0.7809907634368396,0.7809907634368396,0.24168936821802778,0.24168936821802778,0.19938039084804507,0.19938039084804507,0.9469323602278564,0.9469323602278564,0.12762971246368623,0.12762971246368623
70,500,3947,Pretell percentile,OpenSees 2-D,231.97220947353458,74.0,0.18489361107349395,1074.7409662605282,0.10116502101855808,0.10116502101855808,0.9990234415045064,0.9990234415045064,0.051872686970607304,0.051872686970607304,1.023754973282833,1.023754973282833,0.8648268346715343,0.8648268346715343,0.4040176598676829,0.4040176598676829,0.6218623321141434,0.6218623321141434,0.7994117555173537,0.7994117555173537,0.4619711738162819,0.4619711738162819,0.9022379415591899,0.9022379415591899,0.8983073630396143,0.8983073630396143,0.30105064923571606,0.30105064923571606
70,500,3947,Dmult,OpenSees 2-D,231.97220947353458,74.0,0.18489361107349395,1074.7409662605282,0.024396856125593808,0.024396856125593808,0.9996419883362277,0.9996419883362277,0.012526814457851967,0.012526814457851967,0.36844498281982885,0.36844498281982885,0.9408613274373545,0.9408613274373545,0.3570181123226021,0.3570181123226021,0.6374866985528763,0.6374866985528763,0.7793840812778916,0.7793840812778916,1.110718468482193,1.110718468482193,0.41827077107141186,0.41827077107141186,0.8627632995637181,0.8627632995637181,0.5002412827257963,0.5002412827257963
70,500,3947,Dmult p84,OpenSees 2-D,231.97220947353458,74.0,0.18489361107349395,1074.7409662605282,0.010846275597556614,0.010846275597556614,0.9998611666438053,0.9998611666438053,0.004907455330484185,0.004907455330484185,0.2744546389061007,0.2744546389061007,0.9607871699426692,0.9607871699426692,0.2810015146670015,0.2810015146670015,0.5440841707643262,0.5440841707643262,0.808479694603581,0.808479694603581,0.8045419138883421,0.8045419138883421,0.3329105379999351,0.3329105379999351,0.9138021744333441,0.9138021744333441,0.3676077336266896,0.3676077336266896
71,1,21,GINO,OpenSees 2-D,181.71401476829877,84.0,0.2612825533375144,1217.371260806998,0.13092217583065902,0.13415865856894263,0.9861930076441988,0.9871704078649146,0.04648003637432165,0.06763759132557562,0.27444632201878577,0.27750552473419016,0.9631793772590308,0.9174496419004496,0.12591124076639257,0.13416488348942734,0.37838292681662616,0.5297299397738734,0.807737658407784,0.6597417409666756,0.3586841996104526,0.4040905188206961,0.24120734452335968,0.2912960165987979,0.9476529247600379,0.9118872022642023,0.17958085482458877,0.2053543035980233
71,1,21,1D Base Case,OpenSees 2-D,181.71401476829877,84.0,0.2612825533375144,1217.371260806998,0.36440575572615935,0.3480964680707171,0.9871152002757717,0.9878212443869246,0.1197987203701035,0.12110952116512555,0.6886410550740453,0.6630501170508555,0.7348224309255362,0.687705423715346,0.32357315258918296,0.29179926176591864,0.6071153528271889,0.6837982617979906,0.3584362772244301,0.3028495661954873,0.4895557788241862,0.47737623101120735,0.5505091156948073,0.5593182648926874,0.6940581152404434,0.6746178611679264,0.3103460204947563,0.2970097917914921
71,1,21,Toro Vs,OpenSees 2-D,181.71401476829877,84.0,0.2612825533375144,1217.371260806998,0.3500957700288982,0.3500957700288982,0.9734224110535866,0.9734224110535866,0.09078229161031061,0.09078229161031061,0.46736595944628573,0.46736595944628573,0.6405920081764286,0.6405920081764286,0.27049549782603505,0.27049549782603505,0.6427287790386528,0.6427287790386528,0.5481332657076178,0.5481332657076178,0.40471923626174877,0.40471923626174877,0.45790798989781517,0.45790798989781517,0.7740536264246052,0.7740536264246052,0.25457418410303123,0.25457418410303123
71,1,21,Passeri tts,OpenSees 2-D,181.71401476829877,84.0,0.2612825533375144,1217.371260806998,0.34544175660416304,0.34544175660416304,0.9878707695217109,0.9878707695217109,0.12045090425436092,0.12045090425436092,0.6325801945700045,0.6325801945700045,0.6935262202912553,0.6935262202912553,0.29018210136688793,0.29018210136688793,0.6776829194580754,0.6776829194580754,0.3293459586601053,0.3293459586601053,0.46723412806982656,0.46723412806982656,0.5420204374575204,0.5420204374575204,0.6854026278762417,0.6854026278762417,0.292744391723532,0.292744391723532
71,1,21,Pretell median,OpenSees 2-D,181.71401476829877,84.0,0.2612825533375144,1217.371260806998,0.07661919007259309,0.07661919007259309,0.9982850270210853,0.9982850270210853,0.023284073634271943,0.023284073634271943,0.35658084075474294,0.35658084075474294,0.8439453864100797,0.8439453864100797,0.18416601027731666,0.18416601027731666,0.5488323641564617,0.5488323641564617,0.8511745123636616,0.8511745123636616,0.3495406525342341,0.3495406525342341,0.32353234441897794,0.32353234441897794,0.8908349081995159,0.8908349081995159,0.1857384572421721,0.1857384572421721
71,1,21,Pretell percentile,OpenSees 2-D,181.71401476829877,84.0,0.2612825533375144,1217.371260806998,0.42053249290339767,0.42053249290339767,0.9974697215866751,0.9974697215866751,0.09497925354666584,0.09497925354666584,0.6173698162108635,0.6173698162108635,0.8437860806505554,0.8437860806505554,0.18556055985475253,0.18556055985475253,0.4801007809426227,0.4801007809426227,0.8302837609176348,0.8302837609176348,0.40432695005867897,0.40432695005867897,0.5226644494777466,0.5226644494777466,0.8851777496766795,0.8851777496766795,0.23042533921829644,0.23042533921829644
71,1,21,Dmult,OpenSees 2-D,181.71401476829877,84.0,0.2612825533375144,1217.371260806998,0.5538256195836023,0.5538256195836023,0.9589666854591771,0.9589666854591771,0.20875805490450605,0.20875805490450605,0.5942287289853074,0.5942287289853074,0.5323850456610478,0.5323850456610478,0.46381467145146765,0.46381467145146765,0.8477823928426576,0.8477823928426576,0.6049233056520357,0.6049233056520357,1.7120548371502498,1.7120548371502498,0.6258943982340697,0.6258943982340697,0.646498287748548,0.646498287748548,0.8114289136546047,0.8114289136546047
71,1,21,Dmult p84,OpenSees 2-D,181.71401476829877,84.0,0.2612825533375144,1217.371260806998,0.5059424401653597,0.5059424401653597,0.9718754082931946,0.9718754082931946,0.17963845236472814,0.17963845236472814,0.5406434240245819,0.5406434240245819,0.5893804842672565,0.5893804842672565,0.37754078572418803,0.37754078572418803,0.8043093648586195,0.8043093648586195,0.5974496542250889,0.5974496542250889,1.2442659095964426,1.2442659095964426,0.577356467929607,0.577356467929607,0.6898013157549695,0.6898013157549695,0.6116287624036661,0.6116287624036661
72,42,358,GINO,OpenSees 2-D,158.22102378729463,32.0,0.2937549220398068,1194.9507193914058,0.13132338858660464,0.14307861966001326,0.5759474581158309,0.4870930384615699,0.10395174852642386,0.10349098383839153,0.589824579680534,0.7866116029215745,0.673484317418588,0.47128640033949326,0.362962369796752,0.4012184585234973,0.8427776375256545,0.8770065418886124,0.05610134473660595,0.13557475611445496,0.6361111359271929,0.8197344889198234,0.6262985078228755,0.7830396459140254,0.6846707440793347,0.525867578452825,0.3679107204977915,0.4434944530224244
72,42,358,1D Base Case,OpenSees 2-D,158.22102378729463,32.0,0.2937549220398068,1194.9507193914058,0.031199360224704157,0.02261200020642989,0.9998335410532484,0.9999295409040633,0.018031087782361146,0.01536890670035544,0.6554302998573911,0.29740625399808457,0.6767177805928738,0.9240651524443144,0.38744806150136196,0.22891826124341952,0.5544860080032282,0.49352968345943443,0.24959084333527184,0.6382138209148448,0.41767723585514505,0.44308812154534677,0.6137320750465061,0.34187408562928606,0.7028033614407627,0.8828971066255595,0.26873233172353583,0.2291354382590216
72,42,358,Toro Vs,OpenSees 2-D,158.22102378729463,32.0,0.2937549220398068,1194.9507193914058,0.017323522254577586,0.017323522254577586,0.9999740918064,0.9999740918064,0.011813278864433,0.011813278864433,0.2677787542644417,0.2677787542644417,0.9555645210122492,0.9555645210122492,0.20980299236920308,0.20980299236920308,0.5697019136547432,0.5697019136547432,0.665490898541369,0.665490898541369,0.456505884707929,0.456505884707929,0.35027725629940076,0.35027725629940076,0.8979276686174231,0.8979276686174231,0.2268526049610876,0.2268526049610876
72,42,358,Passeri tts,OpenSees 2-D,158.22102378729463,32.0,0.2937549220398068,1194.9507193914058,0.02259014771481355,0.02259014771481355,0.9999300987331189,0.9999300987331189,0.015355265639875885,0.015355265639875885,0.270145137918516,0.270145137918516,0.9318415203640613,0.9318415203640613,0.2250417458641276,0.2250417458641276,0.48937471335728205,0.48937471335728205,0.6520320532245628,0.6520320532245628,0.43692926932765075,0.43692926932765075,0.3238985979587468,0.3238985979587468,0.8898694267939379,0.8898694267939379,0.2258121109978726,0.2258121109978726
72,42,358,Pretell median,OpenSees 2-D,158.22102378729463,32.0,0.2937549220398068,1194.9507193914058,0.0005426061797633353,0.0005426061797633353,0.9999861410858528,0.9999861410858528,0.00040005190469871916,0.00040005190469871916,0.3895746828386546,0.3895746828386546,0.7570170551342212,0.7570170551342212,0.22022780622473134,0.22022780622473134,0.5529443356380823,0.5529443356380823,0.7844937776506975,0.7844937776506975,0.40980247576056794,0.40980247576056794,0.4193070238426859,0.4193070238426859,0.8067862325969974,0.8067862325969974,0.20963922655026276,0.20963922655026276
72,42,358,Pretell percentile,OpenSees 2-D,158.22102378729463,32.0,0.2937549220398068,1194.9507193914058,0.03886695524861776,0.03886695524861776,0.9997585487982914,0.9997585487982914,0.024649974603608366,0.024649974603608366,0.6115243644374809,0.6115243644374809,0.7706013213266867,0.7706013213266867,0.41144075784517103,0.41144075784517103,0.5247676139215104,0.5247676139215104,0.7484886638433906,0.7484886638433906,0.5641687974467551,0.5641687974467551,0.5728923472941294,0.5728923472941294,0.8116674338917522,0.8116674338917522,0.3295187975711785,0.3295187975711785
72,42,358,Dmult,OpenSees 2-D,158.22102378729463,32.0,0.2937549220398068,1194.9507193914058,0.034826543669787734,0.034826543669787734,0.9997821824484553,0.9997821824484553,0.023851528517676086,0.023851528517676086,0.4917704474005567,0.4917704474005567,0.9780558248244998,0.9780558248244998,0.4249876180879836,0.4249876180879836,0.7509253441717917,0.7509253441717917,0.26290698636751186,0.26290698636751186,0.9114163460318419,0.9114163460318419,0.5450725944184092,0.5450725944184092,0.799204885942146,0.799204885942146,0.45484004151872626,0.45484004151872626
72,42,358,Dmult p84,OpenSees 2-D,158.22102378729463,32.0,0.2937549220398068,1194.9507193914058,0.029977850115541802,0.029977850115541802,0.999848759198663,0.999848759198663,0.020450510584236345,0.020450510584236345,0.4132361984804234,0.4132361984804234,0.9807363553881582,0.9807363553881582,0.3565371024216063,0.3565371024216063,0.6982451589534695,0.6982451589534695,0.40248584081734934,0.40248584081734934,0.7518968065972391,0.7518968065972391,0.47900510202704094,0.47900510202704094,0.8568465575819404,0.8568465575819404,0.3772826917399983,0.3772826917399983
73,634,4913,GINO,OpenSees 2-D,227.53253067498767,90.0,0.2655224490910768,1064.7749838119346,0.09435167695615923,0.10190461163022485,0.9962376045951561,0.9970638167287291,0.04268544652884693,0.03802269417541737,0.3670359743012011,0.35208946992256307,0.8862876283286931,0.8912544505682015,0.1918266945678992,0.19655408863227142,0.4108896143212233,0.3230151250753005,0.7749318366171002,0.851714784622232,0.3707172794158574,0.4009191989990295,0.3577808289289112,0.3366246499012161,0.8988017389872281,0.9080450267529283,0.2022389624510163,0.21259588920073785
73,634,4913,1D Base Case,OpenSees 2-D,227.53253067498767,90.0,0.2655224490910768,1064.7749838119346,0.15156496318558707,0.15036232610878097,0.9968837503609794,0.9969778389626934,0.060744082648701334,0.06122493238826109,0.5930678725641354,0.5843992822907529,0.6321664175630478,0.6346832447050729,0.3956944035702541,0.3976707437622417,0.6147309956003224,0.5302288098184684,0.2856986076927945,0.47425431419826763,0.5122301799941145,0.5712199333946596,0.572847606314714,0.5578090957228331,0.6930687325626991,0.7051818106508514,0.3192493129960618,0.3406569261526948
73,634,4913,Toro Vs,OpenSees 2-D,227.53253067498767,90.0,0.2655224490910768,1064.7749838119346,0.07117592937157786,0.07117592937157786,0.9996993263417184,0.9996993263417184,0.033166203752356876,0.033166203752356876,0.6300447716811091,0.6300447716811091,0.6992544592062596,0.6992544592062596,0.39642500513643664,0.39642500513643664,0.5458054400098394,0.5458054400098394,0.45634671707853436,0.45634671707853436,0.5766012434573342,0.5766012434573342,0.5978582756688767,0.5978582756688767,0.7467525377942508,0.7467525377942508,0.33234610806432296,0.33234610806432296
73,634,4913,Passeri tts,OpenSees 2-D,227.53253067498767,90.0,0.2655224490910768,1064.7749838119346,0.1496880652860294,0.1496880652860294,0.9970479728654735,0.9970479728654735,0.06101847567268545,0.06101847567268545,0.5765389088379825,0.5765389088379825,0.647844939852198,0.647844939852198,0.3935553012438846,0.3935553012438846,0.5285041491363648,0.5285041491363648,0.48266458242073634,0.48266458242073634,0.5694445577843701,0.5694445577843701,0.5507921668014774,0.5507921668014774,0.716004079916494,0.716004079916494,0.33872865208313485,0.33872865208313485
73,634,4913,Pretell median,OpenSees 2-D,227.53253067498767,90.0,0.2655224490910768,1064.7749838119346,0.04524440209916492,0.04524440209916492,0.9995434977668846,0.9995434977668846,0.011468623791884564,0.011468623791884564,0.3192084101759941,0.3192084101759941,0.9335246676972175,0.9335246676972175,0.11803054665439407,0.11803054665439407,0.4154993706474844,0.4154993706474844,0.8755762103661011,0.8755762103661011,0.47412378602573385,0.47412378602573385,0.3167359647497431,0.3167359647497431,0.9369116449083181,0.9369116449083181,0.20536650743248464,0.20536650743248464
73,634,4913,Pretell percentile,OpenSees 2-D,227.53253067498767,90.0,0.2655224490910768,1064.7749838119346,0.16817474798121093,0.16817474798121093,0.9966058984816697,0.9966058984816697,0.04567226463946082,0.04567226463946082,0.3009734634619994,0.3009734634619994,0.9276620655614173,0.9276620655614173,0.18535278060212987,0.18535278060212987,0.35026898713224724,0.35026898713224724,0.8662799755173965,0.8662799755173965,0.5269741580014556,0.5269741580014556,0.29755336773213453,0.29755336773213453,0.9354493311047454,0.9354493311047454,0.2560320821049597,0.2560320821049597
73,634,4913,Dmult,OpenSees 2-D,227.53253067498767,90.0,0.2655224490910768,1064.7749838119346,0.22888057439466591,0.22888057439466591,0.9890732296334063,0.9890732296334063,0.09761324279895334,0.09761324279895334,0.7280559136887481,0.7280559136887481,0.6149291924421428,0.6149291924421428,0.5296878464652345,0.5296878464652345,0.7876367280415905,0.7876367280415905,0.38319392167896316,0.38319392167896316,1.2662389463840384,1.2662389463840384,0.7075132423912848,0.7075132423912848,0.6327785596592557,0.6327785596592557,0.6362546201536174,0.6362546201536174
73,634,4913,Dmult p84,OpenSees 2-D,227.53253067498767,90.0,0.2655224490910768,1064.7749838119346,0.20001201218364859,0.20001201218364859,0.9923938151515587,0.9923938151515587,0.0828671114329793,0.0828671114329793,0.6858612985346586,0.6858612985346586,0.6460106147759745,0.6460106147759745,0.46593136421056225,0.46593136421056225,0.7271661800021582,0.7271661800021582,0.4238002691068593,0.4238002691068593,0.9584073581250562,0.9584073581250562,0.6646786225854592,0.6646786225854592,0.681394180936417,0.681394180936417,0.5042254736084811,0.5042254736084811
74,529,4102,GINO,OpenSees 2-D,156.93329174337424,57.0,0.20968070961534976,1044.7896507387577,0.05450662225369449,0.03818485335307137,0.991675098797003,0.9930367077554755,0.042234870620597664,0.03839212596013726,0.3574829591266637,0.40653244779030734,0.914301916591028,0.8934059572862582,0.1941662848007233,0.14416069830461478,0.43030457040609743,0.40859839269706627,0.6411185160624923,0.6873323808913736,0.387305274965248,0.43004169833055705,0.3481962495268211,0.38737790729390964,0.9123603455970791,0.9051619092449451,0.20858893639526302,0.2072000479931274
74,529,4102,1D Base Case,OpenSees 2-D,156.93329174337424,57.0,0.20968070961534976,1044.7896507387577,0.13942848957097603,0.1378726206054551,0.997441761668774,0.9973309355433271,0.05816927119317539,0.0644042543329251,0.6517104155532546,0.6451325196487532,0.5520975305940063,0.4918995181034958,0.43301520173146074,0.41598751675389656,0.631005224497302,0.6499617100044348,0.28368202828135225,0.1949683085653851,0.48122708449290386,0.5812586733724792,0.6183611210967845,0.6160635301970154,0.640468174405766,0.5964254264512442,0.31869328500956595,0.35077827972306047
74,529,4102,Toro Vs,OpenSees 2-D,156.93329174337424,57.0,0.20968070961534976,1044.7896507387577,0.09149177817626804,0.09149177817626804,0.999707373589416,0.999707373589416,0.044846032476055474,0.044846032476055474,0.548836309684784,0.548836309684784,0.6262252710887466,0.6262252710887466,0.3658618461492946,0.3658618461492946,0.4441748544780117,0.4441748544780117,0.5638338588420577,0.5638338588420577,0.43169954438057756,0.43169954438057756,0.5134948983223653,0.5134948983223653,0.741067338165082,0.741067338165082,0.2765495057446099,0.2765495057446099
74,529,4102,Passeri tts,OpenSees 2-D,156.93329174337424,57.0,0.20968070961534976,1044.7896507387577,0.13754028881189104,0.13754028881189104,0.9973677139749181,0.9973677139749181,0.06427931636884773,0.06427931636884773,0.6299797586260814,0.6299797586260814,0.5028365160850854,0.5028365160850854,0.4129720998809939,0.4129720998809939,0.6288806758450888,0.6288806758450888,0.20678693542356263,0.20678693542356263,0.5724418773554298,0.5724418773554298,0.6010634944772971,0.6010634944772971,0.6081285595294016,0.6081285595294016,0.3467440477677953,0.3467440477677953
74,529,4102,Pretell median,OpenSees 2-D,156.93329174337424,57.0,0.20968070961534976,1044.7896507387577,0.011698578324107294,0.011698578324107294,0.9999894734519827,0.9999894734519827,0.007035520308874169,0.007035520308874169,0.3700348146502233,0.3700348146502233,0.8489923274386868,0.8489923274386868,0.16942508963554725,0.16942508963554725,0.46722682950886385,0.46722682950886385,0.5354596783433087,0.5354596783433087,0.4225105350454136,0.4225105350454136,0.3632808524087417,0.3632808524087417,0.8771871454276093,0.8771871454276093,0.2011686462646649,0.2011686462646649
74,529,4102,Pretell percentile,OpenSees 2-D,156.93329174337424,57.0,0.20968070961534976,1044.7896507387577,0.12339100104022954,0.12339100104022954,0.9980970932057087,0.9980970932057087,0.041876712584196986,0.041876712584196986,0.5122338394707356,0.5122338394707356,0.8097748361422082,0.8097748361422082,0.27006510529545613,0.27006510529545613,0.5426396376736569,0.5426396376736569,0.3931895442653323,0.3931895442653323,0.5514413024672046,0.5514413024672046,0.4922394784024627,0.4922394784024627,0.8473868900259726,0.8473868900259726,0.2886808368566274,0.2886808368566274
74,529,4102,Dmult,OpenSees 2-D,156.93329174337424,57.0,0.20968070961534976,1044.7896507387577,0.20677167835650426,0.20677167835650426,0.9911326452773992,0.9911326452773992,0.10190044463835089,0.10190044463835089,0.6952402852998949,0.6952402852998949,0.4775838179648132,0.4775838179648132,0.5525807670179688,0.5525807670179688,0.7561177192289773,0.7561177192289773,0.4622614248602926,0.4622614248602926,1.3518252295680224,1.3518252295680224,0.6712494000276604,0.6712494000276604,0.592413044763454,0.592413044763454,0.6745782160776214,0.6745782160776214
74,529,4102,Dmult p84,OpenSees 2-D,156.93329174337424,57.0,0.20968070961534976,1044.7896507387577,0.18254474290930356,0.18254474290930356,0.9935938327000415,0.9935938327000415,0.08760699153275603,0.08760699153275603,0.6555839376149141,0.6555839376149141,0.5123624437973578,0.5123624437973578,0.4874882967705495,0.4874882967705495,0.6916637437721174,0.6916637437721174,0.45822382284872,0.45822382284872,0.9710802628502893,0.9710802628502893,0.6303161797796932,0.6303161797796932,0.634578602196873,0.634578602196873,0.5167870280652307,0.5167870280652307
75,167,1216,GINO,OpenSees 2-D,244.6008924203642,33.0,0.14624342937022447,1267.7498236664114,0.0976490512793862,0.06887644378474159,0.29877446384622885,0.31492512728866806,0.07596700361112217,0.05625944023001779,0.20409365122952963,0.15267102635358745,0.9742902718741729,0.982666109420857,0.06957036914420851,0.06435918218393555,0.32016914234289134,0.2421513892442779,0.8628058984643433,0.8958078519814784,0.22118548711530756,0.20266576002723335,0.2280099580082468,0.1697232191027547,0.964213918610953,0.9779508849571399,0.12487448249751293,0.10993157474521854
75,167,1216,1D Base Case,OpenSees 2-D,244.6008924203642,33.0,0.14624342937022447,1267.7498236664114,0.004222354547475112,0.005085233898214949,0.9999200128658993,0.9999497742564959,0.0028147432799567338,0.003759276934046674,0.44038685928615706,0.44583069483799,0.8808792919497466,0.8725170410417932,0.12099783515789592,0.14196696868039008,0.5375363442655763,0.5364052712258636,0.5328044420334666,0.4427567740921754,0.31572133672578534,0.3665021551766513,0.45283979848036243,0.4560817052668792,0.8548468891175673,0.8444482850418822,0.1477869785493785,0.17218159184286133
75,167,1216,Toro Vs,OpenSees 2-D,244.6008924203642,33.0,0.14624342937022447,1267.7498236664114,0.003075023735987888,0.003075023735987888,0.9999561931877218,0.9999561931877218,0.002323109769178224,0.002323109769178224,0.6229204691430333,0.6229204691430333,0.84544959375624,0.84544959375624,0.15079556240710262,0.15079556240710262,0.5240848066241044,0.5240848066241044,0.39731397190772827,0.39731397190772827,0.3409269082433113,0.3409269082433113,0.5973669958706249,0.5973669958706249,0.7933561933519471,0.7933561933519471,0.16537617502650212,0.16537617502650212
75,167,1216,Passeri tts,OpenSees 2-D,244.6008924203642,33.0,0.14624342937022447,1267.7498236664114,0.00507839207921067,0.00507839207921067,0.9999498499710887,0.9999498499710887,0.003754553925833958,0.003754553925833958,0.44922073104851246,0.44922073104851246,0.8792551987550988,0.8792551987550988,0.14145149723988784,0.14145149723988784,0.5319159123792758,0.5319159123792758,0.4500339889594941,0.4500339889594941,0.36287409810366045,0.36287409810366045,0.45783185469764887,0.45783185469764887,0.848810171722359,0.848810171722359,0.1707554773822894,0.1707554773822894
75,167,1216,Pretell median,OpenSees 2-D,244.6008924203642,33.0,0.14624342937022447,1267.7498236664114,0.002702826087519015,0.002702826087519015,0.9999544994830817,0.9999544994830817,0.002042314084226967,0.002042314084226967,0.29100266437176125,0.29100266437176125,0.9604421532018685,0.9604421532018685,0.07239051340833114,0.07239051340833114,0.3853200754678642,0.3853200754678642,0.7216818806174496,0.7216818806174496,0.25030546033322054,0.25030546033322054,0.3050591090190635,0.3050591090190635,0.9451262506956944,0.9451262506956944,0.11003887506860596,0.11003887506860596
75,167,1216,Pretell percentile,OpenSees 2-D,244.6008924203642,33.0,0.14624342937022447,1267.7498236664114,0.000276326415583137,0.000276326415583137,0.9999579702295873,0.9999579702295873,0.00017416575322367126,0.00017416575322367126,0.2653110115872776,0.2653110115872776,0.9487489682954969,0.9487489682954969,0.0492204005989738,0.0492204005989738,0.4444688764103756,0.4444688764103756,0.7485354187609773,0.7485354187609773,0.29356930736897857,0.29356930736897857,0.3001162406159522,0.3001162406159522,0.9371997490478762,0.9371997490478762,0.1175763357724629,0.1175763357724629
75,167,1216,Dmult,OpenSees 2-D,244.6008924203642,33.0,0.14624342937022447,1267.7498236664114,0.008248955844348187,0.008248955844348187,0.9999367772504688,0.9999367772504688,0.006055919986361293,0.006055919986361293,0.704952060318486,0.704952060318486,0.86176156873639,0.86176156873639,0.2903325766537878,0.2903325766537878,0.6310156902549293,0.6310156902549293,0.29491125403145596,0.29491125403145596,0.5206771594320969,0.5206771594320969,0.6818966499275863,0.6818966499275863,0.7517704646752102,0.7517704646752102,0.27145635079259667,0.27145635079259667
75,167,1216,Dmult p84,OpenSees 2-D,244.6008924203642,33.0,0.14624342937022447,1267.7498236664114,0.006858432218132826,0.006858432218132826,0.9999430440128978,0.9999430440128978,0.005043199628904394,0.005043199628904394,0.6542472027214666,0.6542472027214666,0.8736295729697116,0.8736295729697116,0.2393687105709356,0.2393687105709356,0.5916642605527467,0.5916642605527467,0.35440923555182163,0.35440923555182163,0.4314442661461317,0.4314442661461317,0.6338119090606593,0.6338119090606593,0.7949717778307032,0.7949717778307032,0.22458122619254328,0.22458122619254328
76,809,6202,GINO,OpenSees 2-D,134.14269923349184,26.0,0.2839863210916519,1130.6444920753804,0.2337607301878243,0.12496166142802222,0.49304529805244224,0.7093201846304836,0.21744183244297055,0.11206464922506712,0.5026156156895794,0.47198278308340375,0.743767623023166,0.7423189332497858,0.30238843522033987,0.27456035874943496,0.5933226629451,0.6179568018041393,0.23895473465479025,0.6427193398104205,0.4840976707190843,0.6200929294833297,0.5143858619268098,0.491065834590235,0.7302060849506434,0.7787906569509266,0.3362553566728212,0.3386232601727694
76,809,6202,1D Base Case,OpenSees 2-D,134.14269923349184,26.0,0.2839863210916519,1130.6444920753804,0.013317802634809096,0.02201611223371295,0.9999071317903733,0.9999600665858684,0.007916975021957965,0.01510101691479441,0.5109717379678211,0.34249672162095185,0.7448686525596814,0.8968588471637573,0.25240067029661345,0.23237652918036017,0.5250631024564163,0.716872223911785,0.5165470013669887,0.21912917050725025,0.41391903068558394,0.6300426229165564,0.49879820273379094,0.4223099400873811,0.7549763417180828,0.8507920455785394,0.22336280308662376,0.29551323269508084
76,809,6202,Toro Vs,OpenSees 2-D,134.14269923349184,26.0,0.2839863210916519,1130.6444920753804,0.017286091072246122,0.017286091072246122,0.9999773938261544,0.9999773938261544,0.011880821208784429,0.011880821208784429,0.5212568468220209,0.5212568468220209,0.8848047589712995,0.8848047589712995,0.2831439835317497,0.2831439835317497,0.6616880498357718,0.6616880498357718,0.5821766786102528,0.5821766786102528,0.5295650489835286,0.5295650489835286,0.5373978302641993,0.5373978302641993,0.8563784827774014,0.8563784827774014,0.2744492496268345,0.2744492496268345
76,809,6202,Passeri tts,OpenSees 2-D,134.14269923349184,26.0,0.2839863210916519,1130.6444920753804,0.02199710649413622,0.02199710649413622,0.9999603319839669,0.9999603319839669,0.015088928359883867,0.015088928359883867,0.3426993561575207,0.3426993561575207,0.9035670258683074,0.9035670258683074,0.23291510253155157,0.23291510253155157,0.7091136009842237,0.7091136009842237,0.23263134853524242,0.23263134853524242,0.6246809896214469,0.6246809896214469,0.42027279875542717,0.42027279875542717,0.8574002283233263,0.8574002283233263,0.29379400205293127,0.29379400205293127
76,809,6202,Pretell median,OpenSees 2-D,134.14269923349184,26.0,0.2839863210916519,1130.6444920753804,0.007096672487910362,0.007096672487910362,0.9999719232712133,0.9999719232712133,0.005021087664469151,0.005021087664469151,0.4670764897645292,0.4670764897645292,0.9252353342707859,0.9252353342707859,0.17544794550975762,0.17544794550975762,0.6288760686396027,0.6288760686396027,0.6170078373433449,0.6170078373433449,0.514122014814082,0.514122014814082,0.4890090014274119,0.4890090014274119,0.8938434923601539,0.8938434923601539,0.2343344695204202,0.2343344695204202
76,809,6202,Pretell percentile,OpenSees 2-D,134.14269923349184,26.0,0.2839863210916519,1130.6444920753804,0.018344208798331506,0.018344208798331506,0.9998424701624702,0.9998424701624702,0.011920176971562186,0.011920176971562186,0.34370857678870165,0.34370857678870165,0.8954574937306504,0.8954574937306504,0.31576823184889413,0.31576823184889413,0.658522295293961,0.658522295293961,0.5501880498697855,0.5501880498697855,0.7006560233197486,0.7006560233197486,0.4071233965975708,0.4071233965975708,0.8715928620820881,0.8715928620820881,0.34413213965662703,0.34413213965662703
76,809,6202,Dmult,OpenSees 2-D,134.14269923349184,26.0,0.2839863210916519,1130.6444920753804,0.034020691330406604,0.034020691330406604,0.9998649450978563,0.9998649450978563,0.023523159374670817,0.023523159374670817,0.6873784957980218,0.6873784957980218,0.8510218962280856,0.8510218962280856,0.46468633583731533,0.46468633583731533,0.792346985480451,0.792346985480451,0.3010088034549736,0.3010088034549736,0.776028092608556,0.776028092608556,0.6929452569869433,0.6929452569869433,0.7364181324314115,0.7364181324314115,0.41924883894532394,0.41924883894532394
76,809,6202,Dmult p84,OpenSees 2-D,134.14269923349184,26.0,0.2839863210916519,1130.6444920753804,0.029342127505956116,0.029342127505956116,0.9999101841331507,0.9999101841331507,0.020208748612051707,0.020208748612051707,0.6357509911356559,0.6357509911356559,0.8733086533457621,0.8733086533457621,0.4003411751439663,0.4003411751439663,0.7594365196058285,0.7594365196058285,0.36016163176994676,0.36016163176994676,0.6377521290272534,0.6377521290272534,0.6459897808630689,0.6459897808630689,0.7971096485988991,0.7971096485988991,0.35038865971694666,0.35038865971694666
77,821,6250,GINO,OpenSees 2-D,216.45552737671449,20.0,0.14784529209136962,1015.640788809876,0.11070615125915471,0.11846488428804403,0.035299542482268555,0.0608250542123301,0.08081635832047476,0.0745391298818825,0.08713704427943118,0.09789297661499927,0.9776510853102531,0.989949724716388,0.061026320005874234,0.04490678458759472,0.36661679375027706,0.517340354524037,0.9122632552352612,0.817192175552201,0.21722245802244183,0.3668742154298663,0.3504087334139815,0.4934673791307302,0.9279827087779798,0.8534589560972214,0.12262148172178303,0.16796670623539048
77,821,6250,1D Base Case,OpenSees 2-D,216.45552737671449,20.0,0.14784529209136962,1015.640788809876,0.001441888151704533,0.001557870900674752,0.999559249688454,0.9999463312074077,0.001069779462513817,0.0012707034580770075,0.04409437874348123,0.04148046255181402,0.9998084018597492,0.9999078239477398,0.020692887232768353,0.02289037024653515,0.4080501488730805,0.29946168133656836,0.877726178122527,0.9393149693058138,0.3004310362438855,0.3376530757049532,0.3887685737484751,0.28519982387381443,0.9022616126428169,0.9541222030404385,0.11173315166707026,0.12549043378102115
77,821,6250,Toro Vs,OpenSees 2-D,216.45552737671449,20.0,0.14784529209136962,1015.640788809876,0.0006903134403109434,0.0006903134403109434,0.9999474255403739,0.9999474255403739,0.0006198528202345714,0.0006198528202345714,0.019846485119500008,0.019846485119500008,0.9992036233001454,0.9992036233001454,0.006198712562318066,0.006198712562318066,0.5440363422780393,0.5440363422780393,0.8207488217510703,0.8207488217510703,0.35879464678088,0.35879464678088,0.5178252631664826,0.5178252631664826,0.8650897919992828,0.8650897919992828,0.12765468862908552,0.12765468862908552
77,821,6250,Passeri tts,OpenSees 2-D,216.45552737671449,20.0,0.14784529209136962,1015.640788809876,0.0015551398794128079,0.0015551398794128079,0.9999463450783478,0.9999463450783478,0.0012687118741630118,0.0012687118741630118,0.04107225965596618,0.04107225965596618,0.9999151570151448,0.9999151570151448,0.022733922351423057,0.022733922351423057,0.3088794906745472,0.3088794906745472,0.939468082894852,0.939468082894852,0.33581946098493803,0.33581946098493803,0.29415469177915254,0.29415469177915254,0.954644291905455,0.954644291905455,0.1248010372061123,0.1248010372061123
77,821,6250,Pretell median,OpenSees 2-D,216.45552737671449,20.0,0.14784529209136962,1015.640788809876,0.0019040599004160478,0.0019040599004160478,0.9999458946026816,0.9999458946026816,0.0015278062806043371,0.0015278062806043371,0.05365952075181961,0.05365952075181961,0.9998179033542925,0.9998179033542925,0.029474714701792342,0.029474714701792342,0.28109720774311064,0.28109720774311064,0.934974383039049,0.934974383039049,0.2627090988535856,0.2627090988535856,0.267860293485595,0.267860293485595,0.9528422989625673,0.9528422989625673,0.10132533120750421,0.10132533120750421
77,821,6250,Pretell percentile,OpenSees 2-D,216.45552737671449,20.0,0.14784529209136962,1015.640788809876,0.00044988308642624495,0.00044988308642624495,0.9999471458655769,0.9999471458655769,0.0004258557568405587,0.0004258557568405587,0.00262443071651817,0.00262443071651817,0.9999832390975694,0.9999832390975694,0.0022781666128767883,0.0022781666128767883,0.3641944671190363,0.3641944671190363,0.923102715895643,0.923102715895643,0.31196612729783135,0.31196612729783135,0.3466335324453161,0.3466335324453161,0.9439923420100178,0.9439923420100178,0.11002064405299822,0.11002064405299822
77,821,6250,Dmult,OpenSees 2-D,216.45552737671449,20.0,0.14784529209136962,1015.640788809876,0.00321354751200338,0.00321354751200338,0.9999434722610432,0.9999434722610432,0.002500776238011715,0.002500776238011715,0.10671862193837224,0.10671862193837224,0.9979453669349412,0.9979453669349412,0.05739830664148343,0.05739830664148343,0.6590004965661088,0.6590004965661088,0.8229269059401644,0.8229269059401644,0.5852612481113361,0.5852612481113361,0.6277592640260523,0.6277592640260523,0.8555513755709394,0.8555513755709394,0.22293620051471674,0.22293620051471674
77,821,6250,Dmult p84,OpenSees 2-D,216.45552737671449,20.0,0.14784529209136962,1015.640788809876,0.002505138591686824,0.002505138591686824,0.9999448450433491,0.9999448450433491,0.001973656067389207,0.001973656067389207,0.08178788618954404,0.08178788618954404,0.9989537351450056,0.9989537351450056,0.043348651612140514,0.043348651612140514,0.5985657449299785,0.5985657449299785,0.8650926265819102,0.8650926265819102,0.4933679272666365,0.4933679272666365,0.570049377014672,0.570049377014672,0.8940615835072414,0.8940615835072414,0.18637414965055116,0.18637414965055116
78,76,628,GINO,OpenSees 2-D,217.2639001708952,36.0,0.23393794819712638,1101.8545230013024,0.09130245657409662,0.062300782102775426,0.5032871648948162,0.4055337036466692,0.066956198175679,0.04944186057524869,0.20268981338816747,0.20614349754181463,0.9579469918826893,0.9290574512432074,0.08367809471718221,0.07917470256654857,0.2961429865482446,0.2409374013740416,0.8431914635091263,0.8656081640579874,0.26070103368881775,0.2327011251100799,0.2240298670761459,0.2069747984219606,0.9459419129252983,0.9416442458652792,0.13978345956772853,0.1225024557598296
78,76,628,1D Base Case,OpenSees 2-D,217.2639001708952,36.0,0.23393794819712638,1101.8545230013024,0.011942369715438312,0.004089692950620706,0.9999330689971038,0.9999666071260345,0.00742100774527552,0.0028627227520935604,0.45337336719217136,0.35489824393342523,0.8578160287123802,0.9635802529718662,0.1827442855102016,0.09220801119569655,0.5035356450091713,0.29514592583499477,0.4618730827549442,0.7803820511025319,0.3728895476312763,0.22251449427248685,0.45029160141533137,0.3282158981673023,0.8305989012868358,0.9442143993889489,0.1879319800348536,0.1065444293173121
78,76,628,Toro Vs,OpenSees 2-D,217.2639001708952,36.0,0.23393794819712638,1101.8545230013024,0.0009038648687414502,0.0009038648687414502,0.9999639324676869,0.9999639324676869,0.0007115653519978908,0.0007115653519978908,0.17830668463107568,0.17830668463107568,0.9662755402048983,0.9662755402048983,0.053003666607692804,0.053003666607692804,0.3758156923132694,0.3758156923132694,0.6838847746245227,0.6838847746245227,0.3070626950145823,0.3070626950145823,0.23010490731798897,0.23010490731798897,0.9396097976679101,0.9396097976679101,0.12362209111061088,0.12362209111061088
78,76,628,Passeri tts,OpenSees 2-D,217.2639001708952,36.0,0.23393794819712638,1101.8545230013024,0.004077728285824517,0.004077728285824517,0.9999666236750855,0.9999666236750855,0.0028550733875869973,0.0028550733875869973,0.3183109886265644,0.3183109886265644,0.9714397924083938,0.9714397924083938,0.08938713923935754,0.08938713923935754,0.2832335521327846,0.2832335521327846,0.7938042240396647,0.7938042240396647,0.2186743301207606,0.2186743301207606,0.29807837735563575,0.29807837735563575,0.9510956058219219,0.9510956058219219,0.1043514329997289,0.1043514329997289
78,76,628,Pretell median,OpenSees 2-D,217.2639001708952,36.0,0.23393794819712638,1101.8545230013024,0.011585056586706307,0.011585056586706307,0.9999315786327146,0.9999315786327146,0.00817568276190031,0.00817568276190031,0.37663751114785254,0.37663751114785254,0.7975315507010649,0.7975315507010649,0.22744279793596775,0.22744279793596775,0.3621363903364014,0.3621363903364014,0.6772685982902624,0.6772685982902624,0.2771321975208775,0.2771321975208775,0.3584285385742264,0.3584285385742264,0.8427848839934777,0.8427848839934777,0.16809059747976254,0.16809059747976254
78,76,628,Pretell percentile,OpenSees 2-D,217.2639001708952,36.0,0.23393794819712638,1101.8545230013024,0.025253274347817118,0.025253274347817118,0.9998504775979785,0.9998504775979785,0.017453686055640467,0.017453686055640467,0.9511800140632265,0.9511800140632265,0.8584468901171204,0.8584468901171204,0.3573955147534804,0.3573955147534804,0.4304209500240587,0.4304209500240587,0.7947780372116523,0.7947780372116523,0.3076281065512869,0.3076281065512869,0.8238436426806008,0.8238436426806008,0.8878320638219843,0.8878320638219843,0.2209972818384687,0.2209972818384687
78,76,628,Dmult,OpenSees 2-D,217.2639001708952,36.0,0.23393794819712638,1101.8545230013024,0.009935046883410154,0.009935046883410154,0.9999549319128265,0.9999549319128265,0.006886806530587189,0.006886806530587189,0.364131948399191,0.364131948399191,0.9854921429097996,0.9854921429097996,0.22160054385043923,0.22160054385043923,0.5543705490999234,0.5543705490999234,0.4492967729593745,0.4492967729593745,0.4782651443761745,0.4782651443761745,0.3999781081156515,0.3999781081156515,0.8947706696816757,0.8947706696816757,0.23628334597249837,0.23628334597249837
78,76,628,Dmult p84,OpenSees 2-D,217.2639001708952,36.0,0.23393794819712638,1101.8545230013024,0.0074509736934478986,0.0074509736934478986,0.9999620131788317,0.9999620131788317,0.0051566226733922756,0.0051566226733922756,0.2625381861528457,0.2625381861528457,0.9939252322589005,0.9939252322589005,0.15598238441357942,0.15598238441357942,0.4801752141459015,0.4801752141459015,0.6237618251452125,0.6237618251452125,0.3455081647339866,0.3455081647339866,0.3137815871157506,0.3137815871157506,0.9374345872626657,0.9374345872626657,0.16952739091665642,0.16952739091665642
79,313,2402,GINO,OpenSees 2-D,315.09864889594195,34.0,0.2778384046629071,1225.8340206974456,0.3542121516400261,0.19377919618236547,-0.09599756085095727,0.10144222947791114,0.17442221124461196,0.13749452089809255,0.735147235425807,0.2308313986194519,0.774447411348481,0.9210184069679415,0.18927644399747423,0.11660701873978599,0.581139540575122,0.4178623529911934,0.7108258249166921,0.6910820003378604,0.46222746235176454,0.3205693388124745,0.6818999151646028,0.34740713052769334,0.7217601751916828,0.8146172782425619,0.2796103189579741,0.19530445652063427
79,313,2402,1D Base Case,OpenSees 2-D,315.09864889594195,34.0,0.2778384046629071,1225.8340206974456,0.009126399910735803,0.0028384415944836907,0.9997805481848088,0.9999530321685361,0.005284100405337038,0.0020046859862754697,0.8086914218791355,0.2630894905112466,0.9502402429699808,0.9890817605464773,0.17253151331223765,0.09463217168112872,0.8416348721828603,0.8665063872724514,0.5416120424256415,0.6562617553478309,0.502829351705019,0.32020169499795087,0.8052660199014792,0.6705291266213976,0.5733246405849625,0.6807018077310828,0.2295991622322959,0.14116188484881784
79,313,2402,Toro Vs,OpenSees 2-D,315.09864889594195,34.0,0.2778384046629071,1225.8340206974456,0.0016098498048769917,0.0016098498048769917,0.9999502125523787,0.9999502125523787,0.0011405418957796355,0.0011405418957796355,0.17379723286823234,0.17379723286823234,0.9951873148404102,0.9951873148404102,0.05336971090315899,0.05336971090315899,0.28344256738546525,0.28344256738546525,0.8428047570447458,0.8428047570447458,0.2129660436439722,0.2129660436439722,0.23659116089794946,0.23659116089794946,0.9019804956504375,0.9019804956504375,0.09094821820986083,0.09094821820986083
79,313,2402,Passeri tts,OpenSees 2-D,315.09864889594195,34.0,0.2778384046629071,1225.8340206974456,0.002834496918714647,0.002834496918714647,0.9999530113400839,0.9999530113400839,0.0020019386430820832,0.0020019386430820832,0.26172518568118264,0.26172518568118264,0.9890928505560301,0.9890928505560301,0.09419419160299747,0.09419419160299747,0.8247220661576202,0.8247220661576202,0.6708004633472319,0.6708004633472319,0.3136513842487059,0.3136513842487059,0.6397607490539663,0.6397607490539663,0.6940673953325043,0.6940673953325043,0.13873692049302502,0.13873692049302502
79,313,2402,Pretell median,OpenSees 2-D,315.09864889594195,34.0,0.2778384046629071,1225.8340206974456,0.003188880808528315,0.003188880808528315,0.9999379034792916,0.9999379034792916,0.0024276138619523744,0.0024276138619523744,0.13511755145000773,0.13511755145000773,0.9908242623700705,0.9908242623700705,0.06383943544692716,0.06383943544692716,0.35500105326890474,0.35500105326890474,0.7512529646016066,0.7512529646016066,0.30353551874438933,0.30353551874438933,0.2788502324676379,0.2788502324676379,0.8784680615710443,0.8784680615710443,0.12623892704629774,0.12623892704629774
79,313,2402,Pretell percentile,OpenSees 2-D,315.09864889594195,34.0,0.2778384046629071,1225.8340206974456,0.012245741054973617,0.012245741054973617,0.9999042402678335,0.9999042402678335,0.008981314730212813,0.008981314730212813,1.0838023773812069,1.0838023773812069,0.9865284811434418,0.9865284811434418,0.29059116270917495,0.29059116270917495,1.0714682774229711,1.0714682774229711,0.7762831881218081,0.7762831881218081,0.4654686855097942,0.4654686855097942,1.0277429412962031,1.0277429412962031,0.9012234775259174,0.9012234775259174,0.2532348488967549,0.2532348488967549
79,313,2402,Dmult,OpenSees 2-D,315.09864889594195,34.0,0.2778384046629071,1225.8340206974456,0.004092503742431089,0.004092503742431089,0.9999544258654062,0.9999544258654062,0.0029068968575008533,0.0029068968575008533,0.34176350421573765,0.34176350421573765,0.9844357056800793,0.9844357056800793,0.13091204481343055,0.13091204481343055,0.34539571986925566,0.34539571986925566,0.8109502922153998,0.8109502922153998,0.34948817529889387,0.34948817529889387,0.32855108287418167,0.32855108287418167,0.82473760404897,0.82473760404897,0.16261188869876733,0.16261188869876733
79,313,2402,Dmult p84,OpenSees 2-D,315.09864889594195,34.0,0.2778384046629071,1225.8340206974456,0.0034881858244178564,0.0034881858244178564,0.9999538673592896,0.9999538673592896,0.0024705991361680295,0.0024705991361680295,0.3096084189131558,0.3096084189131558,0.9873045077371788,0.9873045077371788,0.11465117030710563,0.11465117030710563,0.3994526303100162,0.3994526303100162,0.778655696584026,0.778655696584026,0.30810785899456483,0.30810785899456483,0.35149471678964295,0.35149471678964295,0.7985755670717677,0.7985755670717677,0.1430978114378882,0.1430978114378882
80,296,2255,GINO,OpenSees 2-D,141.69398694671386,68.0,0.1519174948334694,1210.207721450867,0.1697197161862886,0.1875755397692313,0.9857226006908425,0.9842905548010711,0.048641803610919625,0.05572914715624372,0.31775836169385485,0.2754085859000126,0.9063146340774336,0.9164969307911035,0.17421775120168434,0.15372562261749334,0.4124767172918372,0.31511468005954907,0.7598970067440005,0.8464805227577478,0.2946447987590394,0.23862722687209256,0.2900670935296592,0.2520176493615208,0.9201793496282784,0.9399425445669051,0.17241563618999095,0.1491424176951657
80,296,2255,1D Base Case,OpenSees 2-D,141.69398694671386,68.0,0.1519174948334694,1210.207721450867,0.17895758506368467,0.1442662302538197,0.9794127253683921,0.9788703227626393,0.05368481836552018,0.0503399135916648,0.5689031986467555,0.5050173375373349,0.8013423286295162,0.8390500495075593,0.20984216692718927,0.19770664750932931,0.45828559469000957,0.37165807714777893,0.824076339894174,0.9430075674423134,0.2923232918179992,0.2009230405274568,0.4439175959975735,0.3851121473501227,0.8240707229519011,0.8637124568697332,0.18405548864238858,0.14725402819449135
80,296,2255,Toro Vs,OpenSees 2-D,141.69398694671386,68.0,0.1519174948334694,1210.207721450867,0.21031760055425044,0.21031760055425044,0.9768591527710703,0.9768591527710703,0.030893058487338195,0.030893058487338195,0.3751901360705494,0.3751901360705494,0.8138697275606709,0.8138697275606709,0.2402846015027408,0.2402846015027408,0.5380851841655883,0.5380851841655883,0.5372877981249422,0.5372877981249422,0.2909173857663918,0.2909173857663918,0.3530754148328093,0.3530754148328093,0.86458477612065,0.86458477612065,0.18471903593962777,0.18471903593962777
80,296,2255,Passeri tts,OpenSees 2-D,141.69398694671386,68.0,0.1519174948334694,1210.207721450867,0.1403136265909679,0.1403136265909679,0.9801759071582915,0.9801759071582915,0.0495863413726586,0.0495863413726586,0.4684125657815719,0.4684125657815719,0.8469910186348506,0.8469910186348506,0.19402900448147808,0.19402900448147808,0.38824127312375645,0.38824127312375645,0.9300482718784157,0.9300482718784157,0.2051490359948273,0.2051490359948273,0.36440790291815883,0.36440790291815883,0.8713597728733119,0.8713597728733119,0.14736608342306348,0.14736608342306348
80,296,2255,Pretell median,OpenSees 2-D,141.69398694671386,68.0,0.1519174948334694,1210.207721450867,0.14654936816187672,0.14654936816187672,0.9910306526662782,0.9910306526662782,0.014643102621034217,0.014643102621034217,0.3307170866096321,0.3307170866096321,0.8752817034849697,0.8752817034849697,0.17015029750453886,0.17015029750453886,0.40136353906843275,0.40136353906843275,0.8820873629672046,0.8820873629672046,0.2040243170050704,0.2040243170050704,0.2878447892646696,0.2878447892646696,0.9126480385315348,0.9126480385315348,0.12757868612049825,0.12757868612049825
80,296,2255,Pretell percentile,OpenSees 2-D,141.69398694671386,68.0,0.1519174948334694,1210.207721450867,0.48280578445612454,0.48280578445612454,0.9907409065230072,0.9907409065230072,0.07588523223949725,0.07588523223949725,0.5624248455434527,0.5624248455434527,0.8897163826602749,0.8897163826602749,0.2072223087305603,0.2072223087305603,0.3409141804491868,0.3409141804491868,0.8518951554431038,0.8518951554431038,0.2690456426298675,0.2690456426298675,0.5059185699710602,0.5059185699710602,0.9176816358898279,0.9176816358898279,0.18289249882344577,0.18289249882344577
80,296,2255,Dmult,OpenSees 2-D,141.69398694671386,68.0,0.1519174948334694,1210.207721450867,0.4715887187081946,0.4715887187081946,0.9695835254108415,0.9695835254108415,0.17063455315888465,0.17063455315888465,0.5624469169390717,0.5624469169390717,0.7241200153600201,0.7241200153600201,0.47029672696158253,0.47029672696158253,0.8531393080728275,0.8531393080728275,0.5139783906788116,0.5139783906788116,2.114528224001626,2.114528224001626,0.5817477396974823,0.5817477396974823,0.7213682169665128,0.7213682169665128,0.9408959900946536,0.9408959900946536
80,296,2255,Dmult p84,OpenSees 2-D,141.69398694671386,68.0,0.1519174948334694,1210.207721450867,0.40533046114141225,0.40533046114141225,0.9820044607409512,0.9820044607409512,0.13400634022584004,0.13400634022584004,0.492106831892916,0.492106831892916,0.7768798829807827,0.7768798829807827,0.3585470641116557,0.3585470641116557,0.7970815032981121,0.7970815032981121,0.5713894186782403,0.5713894186782403,1.6055337686165452,1.6055337686165452,0.5175391046686589,0.5175391046686589,0.7828671190041322,0.7828671190041322,0.7164031573283314,0.7164031573283314
81,502,3965,GINO,OpenSees 2-D,166.9827449821557,41.0,0.27678801529109476,858.6420902239915,0.06311696617869908,0.045801925200868024,0.9200663673151316,0.9408772070511243,0.050223311247608385,0.03448365023642595,0.07695765378739003,0.06910224610086135,0.995749493608788,0.9966019615671283,0.06696808065827214,0.0684680636820438,0.33367943573957815,0.2828934618185946,0.8271431156107589,0.9161553523115398,0.24845006950828846,0.21693505515330347,0.1609850998521027,0.1356161184060303,0.9779800554455711,0.9856592344267768,0.12462610746204557,0.10853696599101845
81,502,3965,1D Base Case,OpenSees 2-D,166.9827449821557,41.0,0.27678801529109476,858.6420902239915,0.04470587506098425,0.051474397237750685,0.9997092798325411,0.9996763998285444,0.02800287693435616,0.032515474227247376,0.6992884208038506,0.7034995166165395,0.4667270684360204,0.4392006692676074,0.43556252063025774,0.47722379908601786,0.6209933908637886,0.6879328395777019,0.27910249250712627,0.16643065499396217,0.44604721495968613,0.4897080510586505,0.6655988940940691,0.6842380316146092,0.5504195712784881,0.5153701437972326,0.2965862883519922,0.3259453735758696
81,502,3965,Toro Vs,OpenSees 2-D,166.9827449821557,41.0,0.27678801529109476,858.6420902239915,0.04246828047640291,0.04246828047640291,0.999861185569645,0.999861185569645,0.026809874257048213,0.026809874257048213,0.5991441451173284,0.5991441451173284,0.6856615077892305,0.6856615077892305,0.43060770100562296,0.43060770100562296,0.6235512811745226,0.6235512811745226,0.5002795426850783,0.5002795426850783,0.34973759198972176,0.34973759198972176,0.5898285933333507,0.5898285933333507,0.7099153889775849,0.7099153889775849,0.26097392348805637,0.26097392348805637
81,502,3965,Passeri tts,OpenSees 2-D,166.9827449821557,41.0,0.27678801529109476,858.6420902239915,0.051431065246073396,0.051431065246073396,0.9996786545490914,0.9996786545490914,0.03249068229794635,0.03249068229794635,0.6902584120585088,0.6902584120585088,0.45247334912106446,0.45247334912106446,0.4755581611997164,0.4755581611997164,0.6785516661797466,0.6785516661797466,0.18361153241400016,0.18361153241400016,0.47889799973516933,0.47889799973516933,0.6720189200078098,0.6720189200078098,0.5280999451911663,0.5280999451911663,0.32165348707150543,0.32165348707150543
81,502,3965,Pretell median,OpenSees 2-D,166.9827449821557,41.0,0.27678801529109476,858.6420902239915,0.009211364345338821,0.009211364345338821,0.999998653775233,0.999998653775233,0.005567622943147121,0.005567622943147121,0.33247716153565166,0.33247716153565166,0.9486102894658603,0.9486102894658603,0.11994631779761114,0.11994631779761114,0.48207178223780783,0.48207178223780783,0.8345317197959677,0.8345317197959677,0.23647827288940365,0.23647827288940365,0.3573227592830535,0.3573227592830535,0.9306871573909198,0.9306871573909198,0.12069995888067611,0.12069995888067611
81,502,3965,Pretell percentile,OpenSees 2-D,166.9827449821557,41.0,0.27678801529109476,858.6420902239915,0.01688350322795915,0.01688350322795915,0.9999274200937575,0.9999274200937575,0.009986682336162598,0.009986682336162598,0.3545289026515479,0.3545289026515479,0.915724090789212,0.915724090789212,0.28011338780689654,0.28011338780689654,0.4556406485791576,0.4556406485791576,0.7837162880673572,0.7837162880673572,0.38838785618031235,0.38838785618031235,0.36721381103393236,0.36721381103393236,0.9042096129423908,0.9042096129423908,0.22346510482283516,0.22346510482283516
81,502,3965,Dmult,OpenSees 2-D,166.9827449821557,41.0,0.27678801529109476,858.6420902239915,0.07050007183481836,0.07050007183481836,0.9991885389604861,0.9991885389604861,0.045258146038475874,0.045258146038475874,0.720559490720322,0.720559490720322,0.5717857546516765,0.5717857546516765,0.46956058499678166,0.46956058499678166,0.7911022560023309,0.7911022560023309,0.38098943307346084,0.38098943307346084,1.0361196640701755,1.0361196640701755,0.7175549022855943,0.7175549022855943,0.5602428686370449,0.5602428686370449,0.5193504090370625,0.5193504090370625
81,502,3965,Dmult p84,OpenSees 2-D,166.9827449821557,41.0,0.27678801529109476,858.6420902239915,0.062985176879168,0.062985176879168,0.9994004461170737,0.9994004461170737,0.04014002984170341,0.04014002984170341,0.6894550307964842,0.6894550307964842,0.569649276465223,0.569649276465223,0.45332647233304546,0.45332647233304546,0.7515979938336365,0.7515979938336365,0.38718413089542186,0.38718413089542186,0.8035986686299454,0.8035986686299454,0.685485511932877,0.685485511932877,0.5937251142722908,0.5937251142722908,0.43130648616499073,0.43130648616499073
82,490,3874,GINO,OpenSees 2-D,147.1806658427896,91.0,0.11322924531996251,1011.1066624560915,0.08291464200537785,0.07714321370436593,0.9942520997321121,0.9948567694309325,0.04931622509913513,0.05395994155871436,0.3475919837312151,0.3828617751425075,0.9011555527333963,0.9526520632823704,0.1488852901314487,0.14983501753710782,0.37021427528324824,0.2762946215698997,0.8082918299218721,0.8629259234926187,0.25651251073163517,0.198157418372218,0.21068270873150044,0.19266513616242556,0.9605114528602695,0.9723181451121412,0.1517056445802042,0.13319158123695868
82,490,3874,1D Base Case,OpenSees 2-D,147.1806658427896,91.0,0.11322924531996251,1011.1066624560915,0.20399823045189797,0.20515974079824786,0.971918376625478,0.9704855462156493,0.05941553201312119,0.06001229760053476,0.509843541760892,0.3964697417657817,0.7909620991469589,0.8268995023203943,0.20361775762208156,0.1728940289736707,0.5359981233421165,0.4424629025374516,0.6756095326790297,0.7899866083915594,0.3862968741968637,0.3761377759288542,0.33637014898701145,0.2754841472448995,0.9147976093793394,0.9428930611315695,0.21708466946011923,0.20452073442738736
82,490,3874,Toro Vs,OpenSees 2-D,147.1806658427896,91.0,0.11322924531996251,1011.1066624560915,0.5047178036124269,0.5047178036124269,0.8500698727546612,0.8500698727546612,0.1091272365330953,0.1091272365330953,0.5789297165283152,0.5789297165283152,0.33783998209862987,0.33783998209862987,0.32133277349401035,0.32133277349401035,0.5178530974898349,0.5178530974898349,0.6463891779448216,0.6463891779448216,0.4138090565144966,0.4138090565144966,0.5198549862504096,0.5198549862504096,0.7945114795576385,0.7945114795576385,0.27942753461486025,0.27942753461486025
82,490,3874,Passeri tts,OpenSees 2-D,147.1806658427896,91.0,0.11322924531996251,1011.1066624560915,0.22110562244151807,0.22110562244151807,0.9678557259614643,0.9678557259614643,0.06170816784933891,0.06170816784933891,0.40606632705260726,0.40606632705260726,0.820851850379591,0.820851850379591,0.1742041243586695,0.1742041243586695,0.45015078157196403,0.45015078157196403,0.7832953414045005,0.7832953414045005,0.37689977395166974,0.37689977395166974,0.287846657528113,0.287846657528113,0.9390858107445023,0.9390858107445023,0.20577401693795389,0.20577401693795389
82,490,3874,Pretell median,OpenSees 2-D,147.1806658427896,91.0,0.11322924531996251,1011.1066624560915,0.15219754809757421,0.15219754809757421,0.9894532055485994,0.9894532055485994,0.018215697224543127,0.018215697224543127,0.35200737234751717,0.35200737234751717,0.8961343723033874,0.8961343723033874,0.10798091565862254,0.10798091565862254,0.39508145077053086,0.39508145077053086,0.888951617574461,0.888951617574461,0.32154544148273695,0.32154544148273695,0.22937437119760856,0.22937437119760856,0.964401447149132,0.964401447149132,0.15131067324513478,0.15131067324513478
82,490,3874,Pretell percentile,OpenSees 2-D,147.1806658427896,91.0,0.11322924531996251,1011.1066624560915,0.18829681939468876,0.18829681939468876,0.9778777177259165,0.9778777177259165,0.07045666604393719,0.07045666604393719,0.3285222311913401,0.3285222311913401,0.8385592024726888,0.8385592024726888,0.167958335482492,0.167958335482492,0.312549935227211,0.312549935227211,0.8602351342628346,0.8602351342628346,0.19790427845767286,0.19790427845767286,0.2318578525173311,0.2318578525173311,0.9554580390830648,0.9554580390830648,0.1443138312203111,0.1443138312203111
82,490,3874,Dmult,OpenSees 2-D,147.1806658427896,91.0,0.11322924531996251,1011.1066624560915,0.657899106993466,0.657899106993466,0.8502555833663159,0.8502555833663159,0.26707509762839676,0.26707509762839676,0.7338482602561373,0.7338482602561373,-0.028311846093360453,-0.028311846093360453,0.5840877654232064,0.5840877654232064,0.896115894896525,0.896115894896525,0.540737357033954,0.540737357033954,2.897740930081261,2.897740930081261,0.695442904575316,0.695442904575316,0.6518865184023755,0.6518865184023755,1.2829119393253423,1.2829119393253423
82,490,3874,Dmult p84,OpenSees 2-D,147.1806658427896,91.0,0.11322924531996251,1011.1066624560915,0.6006508266558994,0.6006508266558994,0.8753649688298334,0.8753649688298334,0.2062256665840027,0.2062256665840027,0.6885257397743786,0.6885257397743786,0.12914422718008012,0.12914422718008012,0.46996414829705,0.46996414829705,0.8468454572450566,0.8468454572450566,0.5769958361833059,0.5769958361833059,2.241817457640753,2.241817457640753,0.6416783247162869,0.6416783247162869,0.7213316246930089,0.7213316246930089,0.9978043379677793,0.9978043379677793
83,720,5554,GINO,OpenSees 2-D,193.12554694617754,50.0,0.22867872323840857,1071.8885520515405,0.04638326244563978,0.03090862138176278,0.9557913083191436,0.9673005601831282,0.03760933177187445,0.027094079385853884,0.30322006281259195,0.2875216489567433,0.9541089591258527,0.9597251692401997,0.09435049754404022,0.11490177827661036,0.3138420984554648,0.28865743737104016,0.8691209439063379,0.9036654239485474,0.2754882022687841,0.20593438062097014,0.2985389313097997,0.2817791166097304,0.9443198495942641,0.9560573380772482,0.1378892861774426,0.11603049448537152
83,720,5554,1D Base Case,OpenSees 2-D,193.12554694617754,50.0,0.22867872323840857,1071.8885520515405,0.030620951159127704,0.030010900890336666,0.9998536856845186,0.9997085472488891,0.01894062638303044,0.019796391999804902,0.5497098008962764,0.5698410920183923,0.6984022883295861,0.6682009062761697,0.2941627767339616,0.3466681221671918,0.5312880903925327,0.5171355265542824,0.5381697022816642,0.6459556143470802,0.4153412984061992,0.38072842167253984,0.5338884220685214,0.5474645419941042,0.7292620548089481,0.7099934215477218,0.2402475066964189,0.24418412143547816
83,720,5554,Toro Vs,OpenSees 2-D,193.12554694617754,50.0,0.22867872323840857,1071.8885520515405,0.019220334547570776,0.019220334547570776,0.9998891360269649,0.9998891360269649,0.013245487409553678,0.013245487409553678,0.6004980719591889,0.6004980719591889,0.7586512848984457,0.7586512848984457,0.3457529162644183,0.3457529162644183,0.6077269688687901,0.6077269688687901,0.5638383925454321,0.5638383925454321,0.39207241804612847,0.39207241804612847,0.5893745361084956,0.5893745361084956,0.7430195474434064,0.7430195474434064,0.24558714178881422,0.24558714178881422
83,720,5554,Passeri tts,OpenSees 2-D,193.12554694617754,50.0,0.22867872323840857,1071.8885520515405,0.029956402965460708,0.029956402965460708,0.9997109391914412,0.9997109391914412,0.019766719758247613,0.019766719758247613,0.560853476313487,0.560853476313487,0.6808191308563895,0.6808191308563895,0.34558018692916864,0.34558018692916864,0.5172349742141462,0.5172349742141462,0.659356617096571,0.659356617096571,0.37260493099326014,0.37260493099326014,0.5404099362195673,0.5404099362195673,0.7200093594930113,0.7200093594930113,0.2410041338417783,0.2410041338417783
83,720,5554,Pretell median,OpenSees 2-D,193.12554694617754,50.0,0.22867872323840857,1071.8885520515405,0.0019132776160625195,0.0019132776160625195,0.999949242340752,0.999949242340752,0.001375378418096917,0.001375378418096917,0.29710702928234345,0.29710702928234345,0.9588635984392326,0.9588635984392326,0.10533438167980455,0.10533438167980455,0.4165698080875718,0.4165698080875718,0.9132286821153662,0.9132286821153662,0.24094257558079332,0.24094257558079332,0.31898147212957684,0.31898147212957684,0.9439514981967532,0.9439514981967532,0.11641159840355296,0.11641159840355296
83,720,5554,Pretell percentile,OpenSees 2-D,193.12554694617754,50.0,0.22867872323840857,1071.8885520515405,0.020891094050256888,0.020891094050256888,0.9999525063770458,0.9999525063770458,0.012080506951021069,0.012080506951021069,0.31729701963114615,0.31729701963114615,0.9352010500730202,0.9352010500730202,0.24264502722255132,0.24264502722255132,0.28379585419611275,0.28379585419611275,0.9056416528944667,0.9056416528944667,0.25837517634755647,0.25837517634755647,0.30406353910830447,0.30406353910830447,0.9324812423594723,0.9324812423594723,0.16745299732126753,0.16745299732126753
83,720,5554,Dmult,OpenSees 2-D,193.12554694617754,50.0,0.22867872323840857,1071.8885520515405,0.049961353905143134,0.049961353905143134,0.9992385926749265,0.9992385926749265,0.03263980380024849,0.03263980380024849,0.7123934805959659,0.7123934805959659,0.6894162249736235,0.6894162249736235,0.387519254841898,0.387519254841898,0.7898628936141596,0.7898628936141596,0.44560835202632104,0.44560835202632104,1.1672052711902867,1.1672052711902867,0.7140706112399552,0.7140706112399552,0.5983613496809632,0.5983613496809632,0.5362015526992567,0.5362015526992567
83,720,5554,Dmult p84,OpenSees 2-D,193.12554694617754,50.0,0.22867872323840857,1071.8885520515405,0.04189148609337383,0.04189148609337383,0.9994511066115593,0.9994511066115593,0.027356132550001605,0.027356132550001605,0.6714488701666094,0.6714488701666094,0.7057741082020278,0.7057741082020278,0.3639929068846347,0.3639929068846347,0.7395327096962993,0.7395327096962993,0.5183872636234583,0.5183872636234583,0.9073720551169892,0.9073720551169892,0.6719203813888832,0.6719203813888832,0.6578472920374748,0.6578472920374748,0.43635273774883715,0.43635273774883715
84,837,6405,GINO,OpenSees 2-D,149.79656870015046,51.0,0.1369849991053343,1286.5085752353218,0.06906721045495813,0.0706118214367562,0.9751021140163462,0.9530973449274401,0.05174609069729349,0.05752018359167393,0.33338539561124647,0.3403915817613101,0.8589201935153605,0.8485530862269018,0.22306907839286977,0.20776271400005292,0.32247691341880774,0.28832905324651864,0.8710164648765745,0.9091485796924451,0.2377022802764844,0.20615613085678233,0.319064102077238,0.3121368648343877,0.878952371281708,0.879002861495025,0.16822765335868317,0.15461552425697556
84,837,6405,1D Base Case,OpenSees 2-D,149.79656870015046,51.0,0.1369849991053343,1286.5085752353218,0.0360601441893911,0.04469327963844543,0.9998374409386062,0.9996919744393744,0.018477857009477145,0.024705710420273065,0.33612519834200877,0.3914117189090456,0.8872434951575294,0.8600770178200933,0.26323303361488104,0.31252116133893637,0.4452182924883583,0.42062124475038887,0.9070584993744989,0.9668083347123153,0.3511689389102675,0.34292222588227905,0.36281111632086877,0.3877008626326893,0.8600013919375129,0.8382780698034752,0.20834628865637494,0.22242612610757417
84,837,6405,Toro Vs,OpenSees 2-D,149.79656870015046,51.0,0.1369849991053343,1286.5085752353218,0.08065351410244917,0.08065351410244917,0.998318757884606,0.998318757884606,0.03985392734149558,0.03985392734149558,0.35413073816068374,0.35413073816068374,0.8295606998076142,0.8295606998076142,0.25999770376551024,0.25999770376551024,0.6249670878734188,0.6249670878734188,0.6496844555481863,0.6496844555481863,0.41968464684369244,0.41968464684369244,0.45097930181077867,0.45097930181077867,0.758825554799129,0.758825554799129,0.23883781209446886,0.23883781209446886
84,837,6405,Passeri tts,OpenSees 2-D,149.79656870015046,51.0,0.1369849991053343,1286.5085752353218,0.04493215169569932,0.04493215169569932,0.9996835243182672,0.9996835243182672,0.024795577517389342,0.024795577517389342,0.36574275642325504,0.36574275642325504,0.8690170810246471,0.8690170810246471,0.3075275611406504,0.3075275611406504,0.43742288291852754,0.43742288291852754,0.9565630140962875,0.9565630140962875,0.34199320306896297,0.34199320306896297,0.3784989735507783,0.3784989735507783,0.8410719865624909,0.8410719865624909,0.2206343415474184,0.2206343415474184
84,837,6405,Pretell median,OpenSees 2-D,149.79656870015046,51.0,0.1369849991053343,1286.5085752353218,0.014789780211193503,0.014789780211193503,0.9999602879447754,0.9999602879447754,0.009401606574870762,0.009401606574870762,0.20759053095542934,0.20759053095542934,0.9844734182706438,0.9844734182706438,0.12322319709987851,0.12322319709987851,0.35925813093551584,0.35925813093551584,0.9415996995386184,0.9415996995386184,0.21832688331902317,0.21832688331902317,0.2609025912287023,0.2609025912287023,0.9265537899143845,0.9265537899143845,0.11667193059282642,0.11667193059282642
84,837,6405,Pretell percentile,OpenSees 2-D,149.79656870015046,51.0,0.1369849991053343,1286.5085752353218,0.03962819937759666,0.03962819937759666,0.9997841246212323,0.9997841246212323,0.02239476102989587,0.02239476102989587,0.5097073519690085,0.5097073519690085,0.9829974416858762,0.9829974416858762,0.16023285175660207,0.16023285175660207,0.2641734146894001,0.2641734146894001,0.9321825936485855,0.9321825936485855,0.1761588486630794,0.1761588486630794,0.4240583087942081,0.4240583087942081,0.9246169078607213,0.9246169078607213,0.11756361891952197,0.11756361891952197
84,837,6405,Dmult,OpenSees 2-D,149.79656870015046,51.0,0.1369849991053343,1286.5085752353218,0.017991771764258317,0.017991771764258317,0.9997424454261198,0.9997424454261198,0.00819476407126055,0.00819476407126055,0.5228356697369767,0.5228356697369767,0.8818518932476354,0.8818518932476354,0.4977124911031799,0.4977124911031799,0.8339716601717124,0.8339716601717124,0.6497186347422329,0.6497186347422329,1.7493724595871811,1.7493724595871811,0.6257889763675248,0.6257889763675248,0.6306548010383174,0.6306548010383174,0.7644622756114086,0.7644622756114086
84,837,6405,Dmult p84,OpenSees 2-D,149.79656870015046,51.0,0.1369849991053343,1286.5085752353218,0.005910746380180573,0.005910746380180573,0.9999694888368552,0.9999694888368552,0.005194879805032202,0.005194879805032202,0.4520801699357197,0.4520801699357197,0.8968177984617389,0.8968177984617389,0.40606438356018393,0.40606438356018393,0.7853970347182411,0.7853970347182411,0.6920965467596397,0.6920965467596397,1.3845227001222755,1.3845227001222755,0.5694746336494025,0.5694746336494025,0.703551715507773,0.703551715507773,0.6082204680426129,0.6082204680426129
85,543,4214,GINO,OpenSees 2-D,183.63636932657306,17.0,0.13017111122608185,997.4855722303688,0.10178894194003223,0.0717028157791353,0.1515105463413709,0.6544149955711301,0.078286710297509,0.057770845171154044,0.08751981820824144,0.059418310238513274,0.9761853801516119,0.9847106245013442,0.06931827438602722,0.04493386550238712,0.4488256646623709,0.2774569669146332,0.8262087347894793,0.9458878946109578,0.3060852414160335,0.2543876515511922,0.422039895838401,0.25828527629630893,0.8615855845755217,0.9596080876960515,0.15532566541554804,0.12273563350353729
85,543,4214,1D Base Case,OpenSees 2-D,183.63636932657306,17.0,0.13017111122608185,997.4855722303688,0.003678608248141057,0.002583142752414355,0.9994759970205835,0.9999388899934433,0.002690545044352756,0.0018494674319975036,0.13838375050573884,0.09676685454320583,0.9978159638858821,0.9988600359023653,0.06145205259204036,0.04895828798989878,0.5975707457429903,0.36685165649033363,0.662087710679804,0.8408851435087862,0.39622846288711794,0.3353845208903324,0.5616318111339133,0.3412786957510652,0.7344402086309495,0.8813250630081613,0.15805726855362684,0.13271938230978508
85,543,4214,Toro Vs,OpenSees 2-D,183.63636932657306,17.0,0.13017111122608185,997.4855722303688,0.0016957732369589603,0.0016957732369589603,0.9999360180928198,0.9999360180928198,0.0012180580010836392,0.0012180580010836392,0.0416206482865886,0.0416206482865886,0.999972928673153,0.999972928673153,0.02483484360810895,0.02483484360810895,0.43794766676516594,0.43794766676516594,0.8526700842869055,0.8526700842869055,0.3062778979917191,0.3062778979917191,0.40611369904597516,0.40611369904597516,0.8936166682274059,0.8936166682274059,0.11507403767991364,0.11507403767991364
85,543,4214,Passeri tts,OpenSees 2-D,183.63636932657306,17.0,0.13017111122608185,997.4855722303688,0.0025803735836605972,0.0025803735836605972,0.9999388696239498,0.9999388696239498,0.0018474987750210729,0.0018474987750210729,0.09636262167840991,0.09636262167840991,0.9988866181631224,0.9988866181631224,0.04880017086844568,0.04880017086844568,0.3555467776188824,0.3555467776188824,0.8471835155195315,0.8471835155195315,0.3318689416143898,0.3318689416143898,0.3308296093371042,0.3308296093371042,0.8869550300537382,0.8869550300537382,0.13144080539682748,0.13144080539682748
85,543,4214,Pretell median,OpenSees 2-D,183.63636932657306,17.0,0.13017111122608185,997.4855722303688,0.0002561213573365731,0.0002561213573365731,0.9999338200497097,0.9999338200497097,0.0002097110316021146,0.0002097110316021146,0.002790946393751203,0.002790946393751203,0.999993488387441,0.999993488387441,0.002057385385860459,0.002057385385860459,0.23111508566790046,0.23111508566790046,0.9397816233648377,0.9397816233648377,0.19438226840725506,0.19438226840725506,0.21421425757211568,0.21421425757211568,0.9540467104321986,0.9540467104321986,0.06872440841935816,0.06872440841935816
85,543,4214,Pretell percentile,OpenSees 2-D,183.63636932657306,17.0,0.13017111122608185,997.4855722303688,0.001699993166182403,0.001699993166182403,0.9999292401197399,0.9999292401197399,0.0013459176486019598,0.0013459176486019598,0.08428692721237202,0.08428692721237202,0.9990400567014907,0.9990400567014907,0.03430812248178726,0.03430812248178726,0.4007559707262,0.4007559707262,0.9479207850739175,0.9479207850739175,0.21425379143136944,0.21425379143136944,0.3723200037679944,0.3723200037679944,0.9618942236057724,0.9618942236057724,0.08575233492252617,0.08575233492252617
85,543,4214,Dmult,OpenSees 2-D,183.63636932657306,17.0,0.13017111122608185,997.4855722303688,0.004551513620827721,0.004551513620827721,0.9999424447192045,0.9999424447192045,0.003281190574892421,0.003281190574892421,0.16934575638666996,0.16934575638666996,0.9943452873439239,0.9943452873439239,0.0895777170086774,0.0895777170086774,0.6116422884437798,0.6116422884437798,0.7831120881752792,0.7831120881752792,0.5156615389600571,0.5156615389600571,0.5692178935318073,0.5692178935318073,0.8294782401530764,0.8294782401530764,0.20850327043983552,0.20850327043983552
85,543,4214,Dmult p84,OpenSees 2-D,183.63636932657306,17.0,0.13017111122608185,997.4855722303688,0.0037380789818055576,0.0037380789818055576,0.9999412565324427,0.9999412565324427,0.0026876683395436023,0.0026876683395436023,0.14309961879700928,0.14309961879700928,0.996275789400914,0.996275789400914,0.0737068294418558,0.0737068294418558,0.5480437973563292,0.5480437973563292,0.8197888162657853,0.8197888162657853,0.4133743737417863,0.4133743737417863,0.5098023389806672,0.5098023389806672,0.8653626507051506,0.8653626507051506,0.16773376356102218,0.16773376356102218
86,641,4978,GINO,OpenSees 2-D,173.52533731451618,60.0,0.2513325922191143,1191.714795005294,0.12454885808173151,0.11344549576246332,0.9786652429227762,0.950579964826316,0.09683605856244114,0.10738330889412837,0.5805007971054177,0.6082507498308352,0.7392069040963173,0.7022144248863649,0.32810422414364526,0.3906353151653824,0.5313212111880689,0.6161790932093829,0.6342212574866192,0.605996426288952,0.43359647616578617,0.5154286468878448,0.5639412043322809,0.5982921047456176,0.7677569795933488,0.7492886475718071,0.28408265439797314,0.33517477907330534
86,641,4978,1D Base Case,OpenSees 2-D,173.52533731451618,60.0,0.2513325922191143,1191.714795005294,0.11605301427469428,0.1367606941871609,0.9985769938329606,0.9981892831827248,0.05806780843670924,0.06930305858330221,0.6604387379435562,0.7105725972867696,0.602067817904001,0.5345631021498608,0.4977144127371856,0.6887679476724482,0.6054303489323314,0.7240993599576554,0.35828125616229595,0.21549305156413415,0.507183819382511,0.5172124966418488,0.6414306773025461,0.699088439447071,0.6575692283989801,0.6084531414332258,0.34715239355788274,0.4119108286305373
86,641,4978,Toro Vs,OpenSees 2-D,173.52533731451618,60.0,0.2513325922191143,1191.714795005294,0.10277607959231899,0.10277607959231899,0.9997204048553707,0.9997204048553707,0.05324901585466365,0.05324901585466365,0.7477196056863908,0.7477196056863908,0.6260250261439798,0.6260250261439798,0.6549982329158357,0.6549982329158357,0.4906418319392088,0.4906418319392088,0.2612436284153972,0.2612436284153972,0.4442138752835089,0.4442138752835089,0.7289843360834156,0.7289843360834156,0.697792068975441,0.697792068975441,0.37061148177311115,0.37061148177311115
86,641,4978,Passeri tts,OpenSees 2-D,173.52533731451618,60.0,0.2513325922191143,1191.714795005294,0.1365280329400326,0.1365280329400326,0.9982120043652176,0.9982120043652176,0.0692061398594078,0.0692061398594078,0.7078051040129101,0.7078051040129101,0.5467835113719259,0.5467835113719259,0.6866972922227756,0.6866972922227756,0.7021364975046427,0.7021364975046427,0.21203334383991596,0.21203334383991596,0.5110383096086129,0.5110383096086129,0.6958268129584331,0.6958268129584331,0.6200468377886814,0.6200468377886814,0.4090947449806399,0.4090947449806399
86,641,4978,Pretell median,OpenSees 2-D,173.52533731451618,60.0,0.2513325922191143,1191.714795005294,0.010427223677520744,0.010427223677520744,0.9995149814456233,0.9995149814456233,0.006669120103393404,0.006669120103393404,0.6511734124070284,0.6511734124070284,0.8077514998453029,0.8077514998453029,0.44260303677731183,0.44260303677731183,0.44247941405114943,0.44247941405114943,0.46941144654798656,0.46941144654798656,0.40328702516789533,0.40328702516789533,0.6349307094904,0.6349307094904,0.8317076110775479,0.8317076110775479,0.27626556187814466,0.27626556187814466
86,641,4978,Pretell percentile,OpenSees 2-D,173.52533731451618,60.0,0.2513325922191143,1191.714795005294,0.19373241022446736,0.19373241022446736,0.9923718425511423,0.9923718425511423,0.06082823496422668,0.06082823496422668,0.49851901521225483,0.49851901521225483,0.8038960362549338,0.8038960362549338,0.454924220172498,0.454924220172498,0.880405853667554,0.880405853667554,0.43068068537758186,0.43068068537758186,0.598725404359975,0.598725404359975,0.5057826673882729,0.5057826673882729,0.8236554193604454,0.8236554193604454,0.36732103981521996,0.36732103981521996
86,641,4978,Dmult,OpenSees 2-D,173.52533731451618,60.0,0.2513325922191143,1191.714795005294,0.18945697404048373,0.18945697404048373,0.9943902100945103,0.9943902100945103,0.09950377412049564,0.09950377412049564,0.8335396756714855,0.8335396756714855,0.5100326293411068,0.5100326293411068,0.8497602578632941,0.8497602578632941,0.7310272873566902,0.7310272873566902,0.18672864829747632,0.18672864829747632,1.3034590639027464,1.3034590639027464,0.8171234703501907,0.8171234703501907,0.5684112472522614,0.5684112472522614,0.7459650706671229,0.7459650706671229
86,641,4978,Dmult p84,OpenSees 2-D,173.52533731451618,60.0,0.2513325922191143,1191.714795005294,0.16996987686706608,0.16996987686706608,0.9959644940903278,0.9959644940903278,0.08766278006105195,0.08766278006105195,0.8074194670340973,0.8074194670340973,0.5425020958987308,0.5425020958987308,0.7919991000847124,0.7919991000847124,0.6669749156257812,0.6669749156257812,0.1928166743544963,0.1928166743544963,1.002029816293783,1.002029816293783,0.7904251591691338,0.7904251591691338,0.6109095354491888,0.6109095354491888,0.618992138749606,0.618992138749606
87,939,7182,GINO,OpenSees 2-D,243.1823402296533,97.0,0.18822468779981136,1379.9470493636725,0.05568225805083389,0.07019119045029616,0.9923327540751294,0.9886254560535149,0.048191194646549716,0.06484319372230746,0.4121832474224721,0.4081599829251809,0.8485569155981804,0.8420027786587451,0.2087013075479807,0.19231647814078143,0.2869433878442356,0.274763181832242,0.8801844338860795,0.8925176635500374,0.23929675985480583,0.27046708704914757,0.3823011578446643,0.3783092675873962,0.8816256216762743,0.8786617378230005,0.16323117633986867,0.1750535417122437
87,939,7182,1D Base Case,OpenSees 2-D,243.1823402296533,97.0,0.18822468779981136,1379.9470493636725,0.07895659893659727,0.0802203337114402,0.9990577119109967,0.9990437111317872,0.031001932178531946,0.03278506790932283,0.42679392130520855,0.45114297871991593,0.8098782500760195,0.7824669194121466,0.2335871843839234,0.2486975945748365,0.5606955651444461,0.5525220364697049,0.498546562894285,0.5534433716312231,0.3636521268433827,0.36316144036527526,0.4283956025686585,0.44748409659789873,0.830983388703599,0.8134390504996447,0.20820507597284715,0.2131905562685603
87,939,7182,Toro Vs,OpenSees 2-D,243.1823402296533,97.0,0.18822468779981136,1379.9470493636725,0.012873269077076598,0.012873269077076598,0.9997218543638801,0.9997218543638801,0.007231545226182085,0.007231545226182085,0.5910108442535241,0.5910108442535241,0.7038143285118666,0.7038143285118666,0.3214887598241032,0.3214887598241032,0.6130522798437144,0.6130522798437144,0.31158474832039373,0.31158474832039373,0.38460641945761237,0.38460641945761237,0.5702397109489218,0.5702397109489218,0.7398646716131366,0.7398646716131366,0.233589915586559,0.233589915586559
87,939,7182,Passeri tts,OpenSees 2-D,243.1823402296533,97.0,0.18822468779981136,1379.9470493636725,0.07944778124114533,0.07944778124114533,0.9990854956605795,0.9990854956605795,0.03256701106854018,0.03256701106854018,0.4500096565361462,0.4500096565361462,0.7866654819887349,0.7866654819887349,0.24852047183984577,0.24852047183984577,0.5543058510568637,0.5543058510568637,0.5550248830131381,0.5550248830131381,0.35728701285456516,0.35728701285456516,0.4468192996957754,0.4468192996957754,0.8168606420819495,0.8168606420819495,0.21100504992504057,0.21100504992504057
87,939,7182,Pretell median,OpenSees 2-D,243.1823402296533,97.0,0.18822468779981136,1379.9470493636725,0.014391587491168813,0.014391587491168813,0.9999713074551874,0.9999713074551874,0.006491762956639625,0.006491762956639625,0.271714241050279,0.271714241050279,0.9239976745508981,0.9239976745508981,0.09788724505812338,0.09788724505812338,0.4138556514947656,0.4138556514947656,0.8599089626284196,0.8599089626284196,0.2738332957282801,0.2738332957282801,0.28226981323523953,0.28226981323523953,0.928141801822204,0.928141801822204,0.1274799440571589,0.1274799440571589
87,939,7182,Pretell percentile,OpenSees 2-D,243.1823402296533,97.0,0.18822468779981136,1379.9470493636725,0.026046401646735887,0.026046401646735887,0.9999141141208135,0.9999141141208135,0.00859958757634307,0.00859958757634307,0.3486123569810067,0.3486123569810067,0.9136808088701367,0.9136808088701367,0.12152320747167132,0.12152320747167132,0.3431827866696734,0.3431827866696734,0.8588534187681209,0.8588534187681209,0.25662488923722426,0.25662488923722426,0.33412640702258567,0.33412640702258567,0.9217393923288764,0.9217393923288764,0.12928552912624994,0.12928552912624994
87,939,7182,Dmult,OpenSees 2-D,243.1823402296533,97.0,0.18822468779981136,1379.9470493636725,0.1616026152263177,0.1616026152263177,0.9936880007630965,0.9936880007630965,0.06733631129716652,0.06733631129716652,0.6822645568954305,0.6822645568954305,0.6631335921020993,0.6631335921020993,0.4800299651652312,0.4800299651652312,0.8129559667304217,0.8129559667304217,0.29882144485242823,0.29882144485242823,1.3725107921950848,1.3725107921950848,0.6741037568371464,0.6741037568371464,0.6549456587499323,0.6549456587499323,0.6479554757718573,0.6479554757718573
87,939,7182,Dmult p84,OpenSees 2-D,243.1823402296533,97.0,0.18822468779981136,1379.9470493636725,0.1310072706969469,0.1310072706969469,0.9961495291459223,0.9961495291459223,0.05306303155541576,0.05306303155541576,0.6289765368760795,0.6289765368760795,0.7090443951750269,0.7090443951750269,0.38889521272985283,0.38889521272985283,0.7581929785311357,0.7581929785311357,0.35300684928032855,0.35300684928032855,1.0093761522411473,1.0093761522411473,0.6223970087700996,0.6223970087700996,0.7156864365619084,0.7156864365619084,0.48852227814775295,0.48852227814775295
88,617,4757,GINO,OpenSees 2-D,258.854824998878,32.0,0.20899393483996392,810.0918046414628,0.10937011412821065,0.13974868237347576,0.1651174188390366,-0.11471243536415465,0.07141796314843554,0.06599585054368202,0.2627428424817556,0.2073727288436265,0.9579805247579152,0.9678120299834271,0.06373575944419253,0.06342598369504132,0.3084961510139453,0.33218412903131833,0.9110628464664673,0.8818637496539913,0.2225591584657454,0.24781331708215704,0.2717137159232723,0.23918010602696105,0.9452390442319779,0.9570905848122807,0.1220127203982211,0.1288610037775561
88,617,4757,1D Base Case,OpenSees 2-D,258.854824998878,32.0,0.20899393483996392,810.0918046414628,0.005327513209725784,0.0073659463646286415,0.9999056342724444,0.9999865506982888,0.0038109618031358862,0.005392032877208347,0.5422645936246725,0.6061898145860644,0.8825214108197692,0.8355081405959448,0.15554117586533953,0.2023438670478209,0.6418725681365787,0.7435781286642194,0.6319724050090463,0.46813080514320043,0.4353899852561337,0.47885885516108234,0.5608252100681933,0.6314270139121521,0.7209998510233033,0.6458240676267933,0.20038268423034622,0.230190970927748
88,617,4757,Toro Vs,OpenSees 2-D,258.854824998878,32.0,0.20899393483996392,810.0918046414628,0.00571034810855816,0.00571034810855816,0.9999874861207206,0.9999874861207206,0.004188391169458059,0.004188391169458059,0.678369960671173,0.678369960671173,0.8655166977446385,0.8655166977446385,0.18934160804458353,0.18934160804458353,0.5909156351100033,0.5909156351100033,0.47799815948079905,0.47799815948079905,0.3488703133571937,0.3488703133571937,0.6509932354958136,0.6509932354958136,0.7408001026464868,0.7408001026464868,0.18037302899770316,0.18037302899770316
88,617,4757,Passeri tts,OpenSees 2-D,258.854824998878,32.0,0.20899393483996392,810.0918046414628,0.0073604655825238625,0.0073604655825238625,0.999986570421976,0.999986570421976,0.005388167139461841,0.005388167139461841,0.6045161259619861,0.6045161259619861,0.8476336772956208,0.8476336772956208,0.20135515951420674,0.20135515951420674,0.7247381100643521,0.7247381100643521,0.46882193095394914,0.46882193095394914,0.47428612174813556,0.47428612174813556,0.6253692655963995,0.6253692655963995,0.6579412775209519,0.6579412775209519,0.22829254896492115,0.22829254896492115
88,617,4757,Pretell median,OpenSees 2-D,258.854824998878,32.0,0.20899393483996392,810.0918046414628,0.00403949421100165,0.00403949421100165,0.9999873788248385,0.9999873788248385,0.002960084986268588,0.002960084986268588,0.5103815858125097,0.5103815858125097,0.916286035739124,0.916286035739124,0.11525553268790191,0.11525553268790191,0.5580213013580602,0.5580213013580602,0.60741654066639,0.60741654066639,0.3187421360461875,0.3187421360461875,0.514692411386551,0.514692411386551,0.8173229234098021,0.8173229234098021,0.1471724371677302,0.1471724371677302
88,617,4757,Pretell percentile,OpenSees 2-D,258.854824998878,32.0,0.20899393483996392,810.0918046414628,0.0007836811929932628,0.0007836811929932628,0.9999830519356019,0.9999830519356019,0.0005378106353693152,0.0005378106353693152,0.35065459650797776,0.35065459650797776,0.9086752409207342,0.9086752409207342,0.0715850943850043,0.0715850943850043,1.0145241340985527,1.0145241340985527,0.5978581800009357,0.5978581800009357,0.5032971660970286,0.5032971660970286,0.5649184146157227,0.5649184146157227,0.7783235854515449,0.7783235854515449,0.19781777017184057,0.19781777017184057
88,617,4757,Dmult,OpenSees 2-D,258.854824998878,32.0,0.20899393483996392,810.0918046414628,0.009766654819481585,0.009766654819481585,0.9999825903483777,0.9999825903483777,0.007151240604988483,0.007151240604988483,0.7550378377374007,0.7550378377374007,0.8773966803082844,0.8773966803082844,0.3100761246593814,0.3100761246593814,0.6590146452162478,0.6590146452162478,0.41690547596062183,0.41690547596062183,0.4568497620132803,0.4568497620132803,0.7248308484444163,0.7248308484444163,0.6728342337467372,0.6728342337467372,0.25542318831420846,0.25542318831420846
88,617,4757,Dmult p84,OpenSees 2-D,258.854824998878,32.0,0.20899393483996392,810.0918046414628,0.008692902272652616,0.008692902272652616,0.9999847120958012,0.9999847120958012,0.0063630742202159885,0.0063630742202159885,0.7192214267564039,0.7192214267564039,0.8859123984047376,0.8859123984047376,0.27317281665033316,0.27317281665033316,0.6337911175298697,0.6337911175298697,0.44472547250631245,0.44472547250631245,0.42626831796360387,0.42626831796360387,0.69165953189405,0.69165953189405,0.6910677265521731,0.6910677265521731,0.2333728322594369,0.2333728322594369
89,290,2158,GINO,OpenSees 2-D,170.14859943352397,91.0,0.28168344087898733,1355.5277389238297,0.3455488394487525,0.36092595658299287,0.884926091513078,0.8867993964967237,0.17487949863848465,0.17209956778726654,0.37180964684978396,0.44873326130507446,0.7926557504356437,0.6577761752787892,0.3494602498336774,0.4539168660687575,0.4679820373128519,0.4481532629302451,0.7304693382130524,0.767056498087759,0.5000733046051246,0.4368060901603371,0.3684862191229459,0.38754730030299045,0.8561057368914032,0.8581913828409543,0.34107155608536643,0.34929204010228854
89,290,2158,1D Base Case,OpenSees 2-D,170.14859943352397,91.0,0.28168344087898733,1355.5277389238297,0.5230434442631143,0.5217988972885953,0.7445655990422515,0.7445465123495583,0.1701681465807134,0.16660254270128524,0.5245717121222824,0.40782369206874547,0.5330452933199754,0.7217945481991086,0.3575846836313777,0.2822017099990643,0.6345339279983295,0.6308583996027269,0.29142458875090005,0.3140316313523487,0.5624502154399734,0.4864281882026957,0.5382950695871755,0.5084860107300753,0.7092687015130037,0.7569428823194545,0.36369183179665376,0.3132212688161126
89,290,2158,Toro Vs,OpenSees 2-D,170.14859943352397,91.0,0.28168344087898733,1355.5277389238297,0.3618204169500712,0.3618204169500712,0.9291546596991833,0.9291546596991833,0.10635135480316821,0.10635135480316821,0.33954428160756295,0.33954428160756295,0.6261332205471736,0.6261332205471736,0.26060461439363225,0.26060461439363225,0.5020947773129991,0.5020947773129991,0.588242072481982,0.588242072481982,0.4232006456881271,0.4232006456881271,0.3687759017033383,0.3687759017033383,0.8797397182255763,0.8797397182255763,0.263524584490043,0.263524584490043
89,290,2158,Passeri tts,OpenSees 2-D,170.14859943352397,91.0,0.28168344087898733,1355.5277389238297,0.4946336190019514,0.4946336190019514,0.7593171380058795,0.7593171380058795,0.16350705579908192,0.16350705579908192,0.4066685121455555,0.4066685121455555,0.7198466538602187,0.7198466538602187,0.28036786581876383,0.28036786581876383,0.6165026541569076,0.6165026541569076,0.33219794769464783,0.33219794769464783,0.48119962365911195,0.48119962365911195,0.4870940678715226,0.4870940678715226,0.768321320176067,0.768321320176067,0.309757697555997,0.309757697555997
89,290,2158,Pretell median,OpenSees 2-D,170.14859943352397,91.0,0.28168344087898733,1355.5277389238297,0.09524709864238062,0.09524709864238062,0.9929134604584563,0.9929134604584563,0.018074322504535483,0.018074322504535483,0.20103974045014755,0.20103974045014755,0.8634367713864254,0.8634367713864254,0.11664098950104218,0.11664098950104218,0.37541417488985823,0.37541417488985823,0.8465121143813844,0.8465121143813844,0.28249174661874404,0.28249174661874404,0.15757431125063748,0.15757431125063748,0.9750238828239899,0.9750238828239899,0.1401904210434605,0.1401904210434605
89,290,2158,Pretell percentile,OpenSees 2-D,170.14859943352397,91.0,0.28168344087898733,1355.5277389238297,0.5384712644911491,0.5384712644911491,0.9903393310520784,0.9903393310520784,0.14033624971217407,0.14033624971217407,0.47204437828544604,0.47204437828544604,0.9095381114552139,0.9095381114552139,0.2514639291953015,0.2514639291953015,0.48257653345745055,0.48257653345745055,0.8285096230671778,0.8285096230671778,0.533037036418645,0.533037036418645,0.5213444682570734,0.5213444682570734,0.9701248017026547,0.9701248017026547,0.31111982890437717,0.31111982890437717
89,290,2158,Dmult,OpenSees 2-D,170.14859943352397,91.0,0.28168344087898733,1355.5277389238297,0.5646472183420789,0.5646472183420789,0.8852630234070074,0.8852630234070074,0.25789876798031697,0.25789876798031697,0.49524122705997253,0.49524122705997253,0.453317415729807,0.453317415729807,0.4796524658634244,0.4796524658634244,0.7986607241313943,0.7986607241313943,0.6259876853037813,0.6259876853037813,1.8590402003477462,1.8590402003477462,0.5703885056610384,0.5703885056610384,0.767451631257754,0.767451631257754,0.8848243786738493,0.8848243786738493
89,290,2158,Dmult p84,OpenSees 2-D,170.14859943352397,91.0,0.28168344087898733,1355.5277389238297,0.5061127623449223,0.5061127623449223,0.8780851558275713,0.8780851558275713,0.21049011627974107,0.21049011627974107,0.44441626475192525,0.44441626475192525,0.5295944167745643,0.5295944167745643,0.3928159148088723,0.3928159148088723,0.7318789429498526,0.7318789429498526,0.5956151973833113,0.5956151973833113,1.305005849442037,1.305005849442037,0.5129197423425735,0.5129197423425735,0.8031127150681485,0.8031127150681485,0.6482683624452841,0.6482683624452841
90,779,5989,GINO,OpenSees 2-D,159.04078356017536,16.0,0.18617143128067254,870.286317108344,0.16826980733303262,0.18403843075639031,-0.11360932826819033,-0.24398777708282074,0.08626861626060606,0.09838271625928977,0.08417404751627827,0.08552757526140757,0.9913764329073006,0.9885168836066854,0.05756776431621099,0.06737070632295647,0.31138869457117935,0.31427993355504946,0.9465379580189422,0.959780379003386,0.24386963306243295,0.2603559588580471,0.29304241579175994,0.2801872604979433,0.9532633600396598,0.9713156463890724,0.13281871655792696,0.14576974818795485
90,779,5989,1D Base Case,OpenSees 2-D,159.04078356017536,16.0,0.18617143128067254,870.286317108344,0.0025342915704060637,0.0025315073757166888,0.9997469174014936,0.9998799630327735,0.0017804526570951466,0.0017547811580910725,0.1052256517376905,0.07618937248964516,0.9990591776025924,0.9999507660745861,0.04237827632605301,0.039817200937504654,0.44325277274356156,0.6012454107934768,0.8628455343662677,0.8506945126519617,0.3140581612456138,0.2410759799750693,0.4138582825304467,0.5221132502172217,0.8885270159638284,0.8813757635978741,0.12325699776376405,0.09693592667785753
90,779,5989,Toro Vs,OpenSees 2-D,159.04078356017536,16.0,0.18617143128067254,870.286317108344,0.0035930092311248717,0.0035930092311248717,0.9998875574179372,0.9998875574179372,0.0024802521152648715,0.0024802521152648715,0.18197613948532546,0.18197613948532546,0.9976497892072964,0.9976497892072964,0.07397307087728672,0.07397307087728672,0.1775428951144341,0.1775428951144341,0.939278073075749,0.939278073075749,0.15648540124088592,0.15648540124088592,0.1698844103319577,0.1698844103319577,0.9527449336890647,0.9527449336890647,0.0778298999378388,0.0778298999378388
90,779,5989,Passeri tts,OpenSees 2-D,159.04078356017536,16.0,0.18617143128067254,870.286317108344,0.0025348563735221943,0.0025348563735221943,0.9998800332661991,0.9998800332661991,0.0017569674099382592,0.0017569674099382592,0.07709664422185022,0.07709664422185022,0.9999408323841548,0.9999408323841548,0.04007983283900053,0.04007983283900053,0.5610019586350466,0.5610019586350466,0.8643382426760827,0.8643382426760827,0.2345698168783148,0.2345698168783148,0.48730903497358197,0.48730903497358197,0.8927692098413285,0.8927692098413285,0.09473832435258873,0.09473832435258873
90,779,5989,Pretell median,OpenSees 2-D,159.04078356017536,16.0,0.18617143128067254,870.286317108344,0.003450855207169814,0.003450855207169814,0.9998838938289734,0.9998838938289734,0.0023831537525364223,0.0023831537525364223,0.12598171349249554,0.12598171349249554,0.9993686177148864,0.9993686177148864,0.05912228914944346,0.05912228914944346,0.5067822472407348,0.5067822472407348,0.8648897812126668,0.8648897812126668,0.2906644556001801,0.2906644556001801,0.44216165157316717,0.44216165157316717,0.8974345342225161,0.8974345342225161,0.12030335001828382,0.12030335001828382
90,779,5989,Pretell percentile,OpenSees 2-D,159.04078356017536,16.0,0.18617143128067254,870.286317108344,0.0059032905096858355,0.0059032905096858355,0.9998922310322723,0.9998922310322723,0.004165137247465601,0.004165137247465601,0.25783842813190594,0.25783842813190594,0.996737045662367,0.996737045662367,0.10675145065780886,0.10675145065780886,1.0381865777390196,1.0381865777390196,0.870583194042976,0.870583194042976,0.3592243960688548,0.3592243960688548,0.9057940881742895,0.9057940881742895,0.9083058766718638,0.9083058766718638,0.15921177185805482,0.15921177185805482
90,779,5989,Dmult,OpenSees 2-D,159.04078356017536,16.0,0.18617143128067254,870.286317108344,0.0003457888713066772,0.0003457888713066772,0.9998621761906796,0.9998621761906796,0.0002673210307154347,0.0002673210307154347,0.06392764028297568,0.06392764028297568,0.9960520485978691,0.9960520485978691,0.02003592946140624,0.02003592946140624,0.39831779888200597,0.39831779888200597,0.9452227435617143,0.9452227435617143,0.46220560843474956,0.46220560843474956,0.34624039285325897,0.34624039285325897,0.9171343547848476,0.9171343547848476,0.1678763041513346,0.1678763041513346
90,779,5989,Dmult p84,OpenSees 2-D,159.04078356017536,16.0,0.18617143128067254,870.286317108344,0.001001071710334587,0.001001071710334587,0.999869595290325,0.999869595290325,0.0007652481032087582,0.0007652481032087582,0.02424110777176989,0.02424110777176989,0.9982339441580554,0.9982339441580554,0.009803669457895804,0.009803669457895804,0.30646560918091675,0.30646560918091675,0.9561324579176762,0.9561324579176762,0.3435871058441181,0.3435871058441181,0.26586034646608775,0.26586034646608775,0.9446812755793553,0.9446812755793553,0.12346442471893315,0.12346442471893315
91,910,6969,GINO,OpenSees 2-D,186.67718958333168,29.0,0.1966839576140046,1213.7252958667539,0.09585041144489324,0.1260415917367201,0.6034615062906675,0.1814849683546653,0.07458408967548207,0.11180142435749857,0.2493586238090867,0.3153676233950973,0.9569844707992134,0.9131805519774068,0.10495634243096577,0.1285774850428433,0.3193832375248112,0.23269653277079821,0.7368446063640213,0.962116305519925,0.2416240558402085,0.19802374541440299,0.2591965073469605,0.2985498465354818,0.9411510424285454,0.9285150063872712,0.1421597536597814,0.14701205493301855
91,910,6969,1D Base Case,OpenSees 2-D,186.67718958333168,29.0,0.1966839576140046,1213.7252958667539,0.0075672177561792444,0.013763652753867647,0.9999153849907846,0.9997298295633161,0.004644815489550476,0.010685600106758515,0.5316413385937142,0.5168249294188314,0.7236475013840616,0.7535146229839962,0.21513764601952992,0.24655252695192192,0.46618596288530567,0.6851399466243108,0.6119218663069268,0.20579639342894562,0.30241297129289296,0.5576723056246665,0.5063928937412625,0.5428828422239206,0.7653647086431676,0.748873245045991,0.17201151917971416,0.27289102509157537
91,910,6969,Toro Vs,OpenSees 2-D,186.67718958333168,29.0,0.1966839576140046,1213.7252958667539,0.011020849954667532,0.011020849954667532,0.9997763793315498,0.9997763793315498,0.008722024261643853,0.008722024261643853,0.6073645796899003,0.6073645796899003,0.8112343713876783,0.8112343713876783,0.2326423164956673,0.2326423164956673,0.6621991254181134,0.6621991254181134,0.2739395227336171,0.2739395227336171,0.4867658184621976,0.4867658184621976,0.6086012935500738,0.6086012935500738,0.7938129237717374,0.7938129237717374,0.24321343990204464,0.24321343990204464
91,910,6969,Passeri tts,OpenSees 2-D,186.67718958333168,29.0,0.1966839576140046,1213.7252958667539,0.013753831375662431,0.013753831375662431,0.9997302997273158,0.9997302997273158,0.010678884982568639,0.010678884982568639,0.5132752671661749,0.5132752671661749,0.7646349397728632,0.7646349397728632,0.24539702120405998,0.24539702120405998,0.6796934259757086,0.6796934259757086,0.21748191286500348,0.21748191286500348,0.5522062138645464,0.5522062138645464,0.5389910901789384,0.5389910901789384,0.7587127209669304,0.7587127209669304,0.2706288909577083,0.2706288909577083
91,910,6969,Pretell median,OpenSees 2-D,186.67718958333168,29.0,0.1966839576140046,1213.7252958667539,0.007308575906125349,0.007308575906125349,0.9997991930486324,0.9997991930486324,0.0060178560069894275,0.0060178560069894275,0.43261546127532063,0.43261546127532063,0.9342213957132478,0.9342213957132478,0.11464606514583311,0.11464606514583311,0.6052078984525324,0.6052078984525324,0.5171890407023614,0.5171890407023614,0.43264270275556377,0.43264270275556377,0.4615479882487963,0.4615479882487963,0.9005919029098117,0.9005919029098117,0.18792501511064352,0.18792501511064352
91,910,6969,Pretell percentile,OpenSees 2-D,186.67718958333168,29.0,0.1966839576140046,1213.7252958667539,0.0021650232118740446,0.0021650232118740446,0.9998599568112373,0.9998599568112373,0.0017376212798490094,0.0017376212798490094,0.3332162043788147,0.3332162043788147,0.8993229651482342,0.8993229651482342,0.14931177678380045,0.14931177678380045,0.6065154282044383,0.6065154282044383,0.45482420435789206,0.45482420435789206,0.4820745396191933,0.4820745396191933,0.3907280902223819,0.3907280902223819,0.8738449570621499,0.8738449570621499,0.21412778934980495,0.21412778934980495
91,910,6969,Dmult,OpenSees 2-D,186.67718958333168,29.0,0.1966839576140046,1213.7252958667539,0.01959792312843804,0.01959792312843804,0.9996350805293918,0.9996350805293918,0.014912301697534072,0.014912301697534072,0.7263796542629566,0.7263796542629566,0.7628177943383985,0.7628177943383985,0.39928514752121824,0.39928514752121824,0.7865728157886047,0.7865728157886047,-0.0153980125427646,-0.0153980125427646,0.7300431694043388,0.7300431694043388,0.7268423603955004,0.7268423603955004,0.6806422861055804,0.6806422861055804,0.3805199591420209,0.3805199591420209
91,910,6969,Dmult p84,OpenSees 2-D,186.67718958333168,29.0,0.1966839576140046,1213.7252958667539,0.01719385958395094,0.01719385958395094,0.999675386297862,0.999675386297862,0.0131644385132384,0.0131644385132384,0.6836526163663132,0.6836526163663132,0.7769446140878736,0.7769446140878736,0.3374751476818225,0.3374751476818225,0.7546176865295879,0.7546176865295879,0.060588439923681035,0.060588439923681035,0.6372155680167534,0.6372155680167534,0.6868122244698728,0.6868122244698728,0.7303361743173847,0.7303361743173847,0.32887554659004387,0.32887554659004387
92,212,1594,GINO,OpenSees 2-D,238.22189618352004,81.0,0.2801766905933618,969.1976840598059,0.06910539892876691,0.07007790248633584,0.9859375581106226,0.9896508208788165,0.06165301557967593,0.05713203338356483,0.33440768320048053,0.33996723378303356,0.9173718729286359,0.8995747371780146,0.18588382564895622,0.22883578620863834,0.4239201018488562,0.307914060731598,0.736400640222577,0.8656570162102054,0.3863527794334653,0.2959376961891164,0.33963384302512,0.317169001370831,0.8952291117572835,0.9005487573475035,0.21256717594928626,0.19222514121302997
92,212,1594,1D Base Case,OpenSees 2-D,238.22189618352004,81.0,0.2801766905933618,969.1976840598059,0.13744258820915273,0.12370095114508327,0.9969299166395557,0.9972368421970903,0.0638185388642996,0.059393718912128794,0.76016132928165,0.745100657591947,0.3969739288222451,0.37829053050680206,0.476463885167981,0.46201642405497956,0.6457283004577515,0.6353848819625034,0.24240457824111084,0.22923083163153768,0.5122624743447346,0.44287350076890875,0.7052440543295354,0.6879632637519454,0.4980684855841634,0.5025095558347847,0.3445675201735563,0.314398454104857
92,212,1594,Toro Vs,OpenSees 2-D,238.22189618352004,81.0,0.2801766905933618,969.1976840598059,0.09216148604746019,0.09216148604746019,0.9991612936949119,0.9991612936949119,0.04431807435592702,0.04431807435592702,0.4945323284280775,0.4945323284280775,0.5943528705723156,0.5943528705723156,0.339348928757461,0.339348928757461,0.5307864228303082,0.5307864228303082,0.4668787160726497,0.4668787160726497,0.29714424972407527,0.29714424972407527,0.47633273923399705,0.47633273923399705,0.7016850994984755,0.7016850994984755,0.2213164920552391,0.2213164920552391
92,212,1594,Passeri tts,OpenSees 2-D,238.22189618352004,81.0,0.2801766905933618,969.1976840598059,0.12348773464527153,0.12348773464527153,0.9972624912238296,0.9972624912238296,0.05930441378889737,0.05930441378889737,0.7232003810106801,0.7232003810106801,0.388968083058414,0.388968083058414,0.45894148371310417,0.45894148371310417,0.6205962164769664,0.6205962164769664,0.24467610469350978,0.24467610469350978,0.42941794068936484,0.42941794068936484,0.668437550286881,0.668437550286881,0.5142814268521482,0.5142814268521482,0.308735269181323,0.308735269181323
92,212,1594,Pretell median,OpenSees 2-D,238.22189618352004,81.0,0.2801766905933618,969.1976840598059,0.01577766982731,0.01577766982731,0.9999227565832421,0.9999227565832421,0.007210670350897237,0.007210670350897237,0.29502886101801495,0.29502886101801495,0.8709698326624663,0.8709698326624663,0.15781211141998433,0.15781211141998433,0.437036639419539,0.437036639419539,0.7194107629636595,0.7194107629636595,0.26121976344855813,0.26121976344855813,0.3104535597564646,0.3104535597564646,0.8818453671732203,0.8818453671732203,0.1412942852558047,0.1412942852558047
92,212,1594,Pretell percentile,OpenSees 2-D,238.22189618352004,81.0,0.2801766905933618,969.1976840598059,0.16949141322059813,0.16949141322059813,0.9968206507020597,0.9968206507020597,0.06396634104288978,0.06396634104288978,0.8154266149129683,0.8154266149129683,0.8040595971160326,0.8040595971160326,0.35041640042848443,0.35041640042848443,0.4494029246724976,0.4494029246724976,0.7248252438964732,0.7248252438964732,0.36269460388546265,0.36269460388546265,0.7200961895031905,0.7200961895031905,0.8395750635569688,0.8395750635569688,0.2544562508534687,0.2544562508534687
92,212,1594,Dmult,OpenSees 2-D,238.22189618352004,81.0,0.2801766905933618,969.1976840598059,0.16066125055156436,0.16066125055156436,0.9943823460733267,0.9943823460733267,0.08022939311214065,0.08022939311214065,0.6055977862997202,0.6055977862997202,0.46006029769817586,0.46006029769817586,0.4691344057089516,0.4691344057089516,0.73550831919255,0.73550831919255,0.4364752402978852,0.4364752402978852,1.0988332749033998,1.0988332749033998,0.6019722320747268,0.6019722320747268,0.5830788436985193,0.5830788436985193,0.5534122555181247,0.5534122555181247
92,212,1594,Dmult p84,OpenSees 2-D,238.22189618352004,81.0,0.2801766905933618,969.1976840598059,0.14557325353815848,0.14557325353815848,0.995623892867369,0.995623892867369,0.07137943601483823,0.07137943601483823,0.5816066193493304,0.5816066193493304,0.4645573449791436,0.4645573449791436,0.44791150211488795,0.44791150211488795,0.6784667738542702,0.6784667738542702,0.42044070014951096,0.42044070014951096,0.7787001493387737,0.7787001493387737,0.5719990663138299,0.5719990663138299,0.598468993732202,0.598468993732202,0.4319013055082306,0.4319013055082306
93,555,4268,GINO,OpenSees 2-D,324.9197991445763,18.0,0.19213616643100978,897.6669370546688,0.0800213050861687,0.06403244230299804,0.2746899721812426,0.16321550398085438,0.06107134625292326,0.04204333107898502,0.07001891541020536,0.033457147637820414,0.7995250005002962,0.9537059531429612,0.05437591240795764,0.028104120972030022,0.6369369515788662,0.1655477276087317,0.8737464627255227,0.9849571898545497,0.15483118392479323,0.12562166484855564,0.6271114690051053,0.16162157929678503,0.8875504859289085,0.9868592142832631,0.09187865928458808,0.06711398486624826
93,555,4268,1D Base Case,OpenSees 2-D,324.9197991445763,18.0,0.19213616643100978,897.6669370546688,0.001539816731943587,0.0012238300002549434,0.9987450146511241,0.9996728413245167,0.0010751896568037443,0.001046142950198936,0.03184196122494642,0.025653870303214688,0.9998786197503846,0.999906398715168,0.019184234759696845,0.018011630798162932,0.8324238682166633,0.5828423657358993,0.6022365238817221,0.72961915907204,0.3325298804571037,0.3067498031311491,0.8194104782796495,0.5675857582138587,0.6634583549494506,0.7771691494564696,0.12251704496777667,0.1131320703679207
93,555,4268,Toro Vs,OpenSees 2-D,324.9197991445763,18.0,0.19213616643100978,897.6669370546688,0.0009238936721532322,0.0009238936721532322,0.9996777829132846,0.9996777829132846,0.0008144909111495371,0.0008144909111495371,0.01848590894955122,0.01848590894955122,0.9999725708729345,0.9999725708729345,0.01300231886284943,0.01300231886284943,0.678894767643813,0.678894767643813,0.7437307038200409,0.7437307038200409,0.30515718500411204,0.30515718500411204,0.6611127785827975,0.6611127785827975,0.7748561165426981,0.7748561165426981,0.1109907822291964,0.1109907822291964
93,555,4268,Passeri tts,OpenSees 2-D,324.9197991445763,18.0,0.19213616643100978,897.6669370546688,0.0012229389233291209,0.0012229389233291209,0.9996728731910886,0.9996728731910886,0.0010454623680044234,0.0010454623680044234,0.025622275601279165,0.025622275601279165,0.9999072531421375,0.9999072531421375,0.01799128046824037,0.01799128046824037,0.5817881317338497,0.5817881317338497,0.7390321377571986,0.7390321377571986,0.30663211465116713,0.30663211465116713,0.566559137919764,0.566559137919764,0.7848528827867888,0.7848528827867888,0.11308453609718215,0.11308453609718215
93,555,4268,Pretell median,OpenSees 2-D,324.9197991445763,18.0,0.19213616643100978,897.6669370546688,0.0007705299981795803,0.0007705299981795803,0.9996777766327739,0.9996777766327739,0.0006936961270470656,0.0006936961270470656,0.01571083905042608,0.01571083905042608,0.9999676129733995,0.9999676129733995,0.010905342996895414,0.010905342996895414,0.4906227438576935,0.4906227438576935,0.8726677029472812,0.8726677029472812,0.22164061201368496,0.22164061201368496,0.4777739840478396,0.4777739840478396,0.88969381449157,0.88969381449157,0.08108861074832484,0.08108861074832484
93,555,4268,Pretell percentile,OpenSees 2-D,324.9197991445763,18.0,0.19213616643100978,897.6669370546688,0.0003166264427861446,0.0003166264427861446,0.9996860873392291,0.9996860873392291,0.00026362167833402894,0.00026362167833402894,0.004158806542930088,0.004158806542930088,0.9999991662667371,0.9999991662667371,0.002999745786626208,0.002999745786626208,0.4760916250093498,0.4760916250093498,0.8479522942309866,0.8479522942309866,0.27969429942052165,0.27969429942052165,0.46361724183882513,0.46361724183882513,0.8716438411331501,0.8716438411331501,0.09888519612058735,0.09888519612058735
93,555,4268,Dmult,OpenSees 2-D,324.9197991445763,18.0,0.19213616643100978,897.6669370546688,0.0015161959650403214,0.0015161959650403214,0.9996688986255176,0.9996688986255176,0.001269687145243505,0.001269687145243505,0.03204370177601148,0.03204370177601148,0.9998344825919318,0.9998344825919318,0.02260841698826399,0.02260841698826399,0.7108135868052299,0.7108135868052299,0.7299736435973607,0.7299736435973607,0.3517262762450863,0.3517262762450863,0.6922080981473783,0.6922080981473783,0.7731869785661235,0.7731869785661235,0.1303311122830946,0.1303311122830946
93,555,4268,Dmult p84,OpenSees 2-D,324.9197991445763,18.0,0.19213616643100978,897.6669370546688,0.001372894372769543,0.001372894372769543,0.9996708057617241,0.9996708057617241,0.001160302609014531,0.001160302609014531,0.028945104824812797,0.028945104824812797,0.9998713694241056,0.9998713694241056,0.0203694036208354,0.0203694036208354,0.670451277063791,0.670451277063791,0.7428625404878055,0.7428625404878055,0.3286885294840889,0.3286885294840889,0.6529007263362542,0.6529007263362542,0.7853213517417351,0.7853213517417351,0.12155791231883684,0.12155791231883684
94,967,7452,GINO,OpenSees 2-D,182.334163431289,37.0,0.14598082564771175,953.0458050240453,0.09030504855140156,0.07445594306067949,0.7293791106227987,0.7982522980069223,0.06688968027634548,0.053699497078606495,0.14784972374782723,0.06211557149928746,0.9876269114781303,0.9945150139109271,0.06788144690065649,0.053072164621850944,0.3393716949799755,0.37510237638101224,0.8225999756647233,0.7994066785875626,0.2812454676929732,0.27956973793053086,0.20658130713530864,0.2144104578815108,0.9569618526646276,0.9402873218820437,0.14221173585945848,0.13256588163975336
94,967,7452,1D Base Case,OpenSees 2-D,182.334163431289,37.0,0.14598082564771175,953.0458050240453,0.011834669192380614,0.005174940009910794,0.9999495896141335,0.9999904876019635,0.007368859391834005,0.0033335691910409432,0.4231898966880899,0.44204822290492535,0.8271127485791224,0.8616576215574261,0.18598385281626037,0.1336467660588641,0.421780027258949,0.39512684079996147,0.7408117673333314,0.8563982851328692,0.31608699417294034,0.2634255470016229,0.410137406817672,0.4121265862094249,0.8359969990962993,0.8407065862919811,0.16900470459254915,0.13345972048509158
94,967,7452,Toro Vs,OpenSees 2-D,182.334163431289,37.0,0.14598082564771175,953.0458050240453,0.0006598331355682955,0.0006598331355682955,0.9999813524989506,0.9999813524989506,0.0005372466339785121,0.0005372466339785121,0.22538001314932243,0.22538001314932243,0.9404756410695244,0.9404756410695244,0.08424061877218915,0.08424061877218915,0.5687226195866877,0.5687226195866877,0.7012866480948761,0.7012866480948761,0.3204456404578262,0.3204456404578262,0.36188562622267745,0.36188562622267745,0.8409546810975125,0.8409546810975125,0.1376161961137884,0.1376161961137884
94,967,7452,Passeri tts,OpenSees 2-D,182.334163431289,37.0,0.14598082564771175,953.0458050240453,0.005152556613483551,0.005152556613483551,0.9999905211778828,0.9999905211778828,0.0033203739799495453,0.0033203739799495453,0.4091009916224441,0.4091009916224441,0.8726835586521039,0.8726835586521039,0.13077058016858867,0.13077058016858867,0.40298070274455644,0.40298070274455644,0.8607172506742257,0.8607172506742257,0.26107457583207505,0.26107457583207505,0.39277657785471404,0.39277657785471404,0.8470176446667765,0.8470176446667765,0.1317694064847852,0.1317694064847852
94,967,7452,Pretell median,OpenSees 2-D,182.334163431289,37.0,0.14598082564771175,953.0458050240453,0.007123228173713828,0.007123228173713828,0.9999702644884618,0.9999702644884618,0.0051792567005245725,0.0051792567005245725,0.25889520919634856,0.25889520919634856,0.9889464798068796,0.9889464798068796,0.12697151172343524,0.12697151172343524,0.37392018722220866,0.37392018722220866,0.9028656824854119,0.9028656824854119,0.15115863004454458,0.15115863004454458,0.2910961119514673,0.2910961119514673,0.9222868895671049,0.9222868895671049,0.09280971387780478,0.09280971387780478
94,967,7452,Pretell percentile,OpenSees 2-D,182.334163431289,37.0,0.14598082564771175,953.0458050240453,0.016353437127465776,0.016353437127465776,0.9999282109988321,0.9999282109988321,0.011287348125987856,0.011287348125987856,0.6885468712593193,0.6885468712593193,0.9890102940247693,0.9890102940247693,0.2120224104608534,0.2120224104608534,0.26872880801669224,0.26872880801669224,0.9066830611911622,0.9066830611911622,0.166476539422574,0.166476539422574,0.5639265456089346,0.5639265456089346,0.9257878696877503,0.9257878696877503,0.12582408378025267,0.12582408378025267
94,967,7452,Dmult,OpenSees 2-D,182.334163431289,37.0,0.14598082564771175,953.0458050240453,0.016414514766492336,0.016414514766492336,0.999950175209421,0.999950175209421,0.01076225808568576,0.01076225808568576,0.4378538699760404,0.4378538699760404,0.9026334347806004,0.9026334347806004,0.24714015527528144,0.24714015527528144,0.7407925444285423,0.7407925444285423,0.45007707327963503,0.45007707327963503,0.8285565652191322,0.8285565652191322,0.536717157362971,0.536717157362971,0.7154170044341741,0.7154170044341741,0.36790363473927074,0.36790363473927074
94,967,7452,Dmult p84,OpenSees 2-D,182.334163431289,37.0,0.14598082564771175,953.0458050240453,0.011841065804557835,0.011841065804557835,0.9999743872686723,0.9999743872686723,0.007673131223460956,0.007673131223460956,0.35865478679292595,0.35865478679292595,0.9122534009726505,0.9122534009726505,0.17612893303803653,0.17612893303803653,0.684587192628578,0.684587192628578,0.6156241366297098,0.6156241366297098,0.6293719035759561,0.6293719035759561,0.4733988656738925,0.4733988656738925,0.7798923158915155,0.7798923158915155,0.2758044420912069,0.2758044420912069
95,672,5210,GINO,OpenSees 2-D,185.1058674795539,71.0,0.15349327493458986,1036.6620404991381,0.040487760037883,0.037748021642582924,0.9945545915648443,0.9947521938688002,0.03412686532870283,0.03781663348768255,0.11328993428482552,0.10573230819190477,0.9886773569099832,0.9907526373324373,0.08503304238196802,0.08054597830337598,0.2541603685729711,0.28124677312968027,0.9103089394761936,0.90981794863219,0.2218355928022697,0.19141329501056212,0.1357323429778025,0.13631572252853977,0.9833870412098804,0.9824943099021645,0.1150967730604308,0.10439426846539843
95,672,5210,1D Base Case,OpenSees 2-D,185.1058674795539,71.0,0.15349327493458986,1036.6620404991381,0.05885923133927585,0.05614547325858669,0.9994713597957514,0.9995342109300515,0.024916739751064766,0.023457595068772746,0.33771408973513484,0.3041749211340294,0.8756491603699716,0.8953153473169656,0.195203830725127,0.19131091326366884,0.43506154494215216,0.35363619687712683,0.6401671978780501,0.7468796562019537,0.2921871546343052,0.24073480968567523,0.33743637189798636,0.2970273818514175,0.8879751774233962,0.9103087123881889,0.1695475122524176,0.14986061564315742
95,672,5210,Toro Vs,OpenSees 2-D,185.1058674795539,71.0,0.15349327493458986,1036.6620404991381,0.01840160938069392,0.01840160938069392,0.9994863952647433,0.9994863952647433,0.00474407709093651,0.00474407709093651,0.47188102459735276,0.47188102459735276,0.8305232119915833,0.8305232119915833,0.268453569810264,0.268453569810264,0.4852773559446403,0.4852773559446403,0.3359156238520855,0.3359156238520855,0.32939701486953654,0.32939701486953654,0.4512770936016947,0.4512770936016947,0.8376181042308052,0.8376181042308052,0.1974854531292448,0.1974854531292448
95,672,5210,Passeri tts,OpenSees 2-D,185.1058674795539,71.0,0.15349327493458986,1036.6620404991381,0.05559449606005386,0.05559449606005386,0.9995560313058455,0.9995560313058455,0.023287806262881655,0.023287806262881655,0.29699842787202785,0.29699842787202785,0.9001010168581504,0.9001010168581504,0.19044480746444847,0.19044480746444847,0.36341534818650023,0.36341534818650023,0.7284578490819632,0.7284578490819632,0.24111966322311743,0.24111966322311743,0.29272832727135284,0.29272832727135284,0.9131856450350486,0.9131856450350486,0.14967605655943422,0.14967605655943422
95,672,5210,Pretell median,OpenSees 2-D,185.1058674795539,71.0,0.15349327493458986,1036.6620404991381,0.001850283182968673,0.001850283182968673,0.9999975806946255,0.9999975806946255,0.0012089677823115333,0.0012089677823115333,0.09390379782769752,0.09390379782769752,0.9905876113756241,0.9905876113756241,0.05174783577736097,0.05174783577736097,0.31203475114586915,0.31203475114586915,0.8749479304810541,0.8749479304810541,0.17622964688087317,0.17622964688087317,0.13722288443937955,0.13722288443937955,0.9823269925163949,0.9823269925163949,0.07762786586532294,0.07762786586532294
95,672,5210,Pretell percentile,OpenSees 2-D,185.1058674795539,71.0,0.15349327493458986,1036.6620404991381,0.04767866103335398,0.04767866103335398,0.9997352165769912,0.9997352165769912,0.019255943525533833,0.019255943525533833,0.2772621846359708,0.2772621846359708,0.9854328465471627,0.9854328465471627,0.13193392059427259,0.13193392059427259,0.25407250093673117,0.25407250093673117,0.8474656401314851,0.8474656401314851,0.14216266071703476,0.14216266071703476,0.2616471747909541,0.2616471747909541,0.9794514465583363,0.9794514465583363,0.09607668766318078,0.09607668766318078
95,672,5210,Dmult,OpenSees 2-D,185.1058674795539,71.0,0.15349327493458986,1036.6620404991381,0.14243976775892325,0.14243976775892325,0.994860061658735,0.994860061658735,0.06336050980762302,0.06336050980762302,0.6299753560106783,0.6299753560106783,0.7684206274562694,0.7684206274562694,0.4602151743388219,0.4602151743388219,0.7906719976774228,0.7906719976774228,0.32883818785193836,0.32883818785193836,1.6144367586280945,1.6144367586280945,0.6244311976589391,0.6244311976589391,0.7027008648743406,0.7027008648743406,0.7252935962541478,0.7252935962541478
95,672,5210,Dmult p84,OpenSees 2-D,185.1058674795539,71.0,0.15349327493458986,1036.6620404991381,0.11210176757979794,0.11210176757979794,0.9969723966295626,0.9969723966295626,0.04786697310704872,0.04786697310704872,0.5655782815901714,0.5655782815901714,0.8153230556404183,0.8153230556404183,0.37115394647238975,0.37115394647238975,0.724818443114422,0.724818443114422,0.38288579379968873,0.38288579379968873,1.2260700530646047,1.2260700530646047,0.5626269900174712,0.5626269900174712,0.7730735621170837,0.7730735621170837,0.5572241431017956,0.5572241431017956
96,317,2430,GINO,OpenSees 2-D,197.44177633684973,64.0,0.11329658869653941,1069.9077450394534,0.05670134380056397,0.046458134847956474,0.9607579603807993,0.9688727829296361,0.046283250297857945,0.041144287804899426,0.11013656709702135,0.0814774686521928,0.9936129892448006,0.9969939875805798,0.08714386777205337,0.10936163379899255,0.273899279341545,0.27109213440445906,0.9308548840307834,0.9484695001661578,0.21316811489311183,0.20917719963151235,0.15940039436343623,0.13912925520153221,0.9788650369650314,0.9846061594033519,0.11695113814845544,0.12042101074244191
96,317,2430,1D Base Case,OpenSees 2-D,197.44177633684973,64.0,0.11329658869653941,1069.9077450394534,0.0156624980258252,0.013924935864237566,0.9999636913224241,0.9999515037404321,0.008686538322990654,0.008028864701872194,0.24631703569884,0.2586695457309154,0.9702694804305239,0.9662082481902258,0.09692385895452686,0.10967623929769045,0.46049076811621803,0.4089983263588892,0.8549801081848843,0.8968107013049803,0.32573966342519406,0.25683258860629254,0.3011051671166772,0.28795232204017834,0.9446541946901016,0.9521561843737736,0.14612632829822272,0.12560438044716482
96,317,2430,Toro Vs,OpenSees 2-D,197.44177633684973,64.0,0.11329658869653941,1069.9077450394534,0.01309355339319455,0.01309355339319455,0.9998611878537794,0.9998611878537794,0.005354054386180262,0.005354054386180262,0.5603904103809381,0.5603904103809381,0.8196159510101205,0.8196159510101205,0.2541717542614449,0.2541717542614449,0.6077372207612414,0.6077372207612414,0.5994257898221953,0.5994257898221953,0.3565993764356201,0.3565993764356201,0.5555107537522425,0.5555107537522425,0.7892656809800899,0.7892656809800899,0.2029352270660636,0.2029352270660636
96,317,2430,Passeri tts,OpenSees 2-D,197.44177633684973,64.0,0.11329658869653941,1069.9077450394534,0.013755319446008302,0.013755319446008302,0.9999540522680531,0.9999540522680531,0.007957324441457827,0.007957324441457827,0.2780041547944705,0.2780041547944705,0.9619353066662707,0.9619353066662707,0.11347422316352859,0.11347422316352859,0.42351397818390824,0.42351397818390824,0.8895744723721005,0.8895744723721005,0.2549639978897074,0.2549639978897074,0.305105460231362,0.305105460231362,0.9470319409376929,0.9470319409376929,0.1260647297649664,0.1260647297649664
96,317,2430,Pretell median,OpenSees 2-D,197.44177633684973,64.0,0.11329658869653941,1069.9077450394534,0.000839834036209666,0.000839834036209666,0.9999965984250313,0.9999965984250313,0.0007360292015033978,0.0007360292015033978,0.14963184526785883,0.14963184526785883,0.9915853841405178,0.9915853841405178,0.05075951648119961,0.05075951648119961,0.3143639780763598,0.3143639780763598,0.9469924163302519,0.9469924163302519,0.1769803494561318,0.1769803494561318,0.1898479082279854,0.1898479082279854,0.980466793869489,0.980466793869489,0.0774285874745322,0.0774285874745322
96,317,2430,Pretell percentile,OpenSees 2-D,197.44177633684973,64.0,0.11329658869653941,1069.9077450394534,0.01595728850584911,0.01595728850584911,0.9999750898938718,0.9999750898938718,0.008009329537132489,0.008009329537132489,0.16478485140502683,0.16478485140502683,0.9840014514549598,0.9840014514549598,0.127554847126952,0.127554847126952,0.2568889641867615,0.2568889641867615,0.93860444423823,0.93860444423823,0.20916829691999728,0.20916829691999728,0.18246091521743363,0.18246091521743363,0.9745347613384028,0.9745347613384028,0.11427862339808102,0.11427862339808102
96,317,2430,Dmult,OpenSees 2-D,197.44177633684973,64.0,0.11329658869653941,1069.9077450394534,0.05486578320260926,0.05486578320260926,0.9991294287341379,0.9991294287341379,0.030509627813375188,0.030509627813375188,0.6714197199219273,0.6714197199219273,0.8165590613936478,0.8165590613936478,0.3088788909737819,0.3088788909737819,0.793047407934703,0.793047407934703,0.6180741635922792,0.6180741635922792,1.3738216039075606,1.3738216039075606,0.6798917689411237,0.6798917689411237,0.6886285984983526,0.6886285984983526,0.5841795983944621,0.5841795983944621
96,317,2430,Dmult p84,OpenSees 2-D,197.44177633684973,64.0,0.11329658869653941,1069.9077450394534,0.038851879128269144,0.038851879128269144,0.9995583058716517,0.9995583058716517,0.021370670834036758,0.021370670834036758,0.61376587548323,0.61376587548323,0.8556743968265013,0.8556743968265013,0.24426233071671055,0.24426233071671055,0.7366461069391628,0.7366461069391628,0.6665940407081498,0.6665940407081498,1.0448735620485698,1.0448735620485698,0.6241272188856951,0.6241272188856951,0.7646556811335957,0.7646556811335957,0.4464641807239255,0.4464641807239255
97,57,470,GINO,OpenSees 2-D,183.31594799720395,39.0,0.1648308804258704,1303.5981967738105,0.08958261593534625,0.1333907399638187,0.6775512762164988,0.06540780840001985,0.06444618257245106,0.08764425516791592,0.29507522751948134,0.34776353084732176,0.8736210929204239,0.8053261445792621,0.16632964369663147,0.16699850796912602,0.3495822058187702,0.28585268203612235,0.8332633317895825,0.8194610860871668,0.30078363311231504,0.20816488773445652,0.3016698785392985,0.3213536436860066,0.8932383418851055,0.8569331956836339,0.17772932859865756,0.15363275240656818
97,57,470,1D Base Case,OpenSees 2-D,183.31594799720395,39.0,0.1648308804258704,1303.5981967738105,0.005583782931702811,0.004310533218895675,0.999945251363125,0.9999295508424335,0.0030667168817279052,0.0035723908230698796,0.31691732542577544,0.33806974728945133,0.9234544008374298,0.894495520568087,0.11573857167457298,0.13362765707061305,0.401181838054727,0.42000787690911984,0.7852839349152938,0.7379686559990603,0.2759724786763234,0.3789163568875341,0.33095424836044784,0.35457691290140314,0.8996289614440633,0.8704622460804338,0.13238528994768986,0.17395935881989533
97,57,470,Toro Vs,OpenSees 2-D,183.31594799720395,39.0,0.1648308804258704,1303.5981967738105,0.01037901658372638,0.01037901658372638,0.9998739970875472,0.9998739970875472,0.007579175733998447,0.007579175733998447,0.3279283894088596,0.3279283894088596,0.8790734205781247,0.8790734205781247,0.14645945486111717,0.14645945486111717,0.5374121799901895,0.5374121799901895,0.47006505665092246,0.47006505665092246,0.33220183412323084,0.33220183412323084,0.3929122675196674,0.3929122675196674,0.8238029162586341,0.8238029162586341,0.1628611899083654,0.1628611899083654
97,57,470,Passeri tts,OpenSees 2-D,183.31594799720395,39.0,0.1648308804258704,1303.5981967738105,0.004335396783217477,0.004335396783217477,0.9999291642995142,0.9999291642995142,0.003588212365588474,0.003588212365588474,0.3087014735126906,0.3087014735126906,0.9048623925452147,0.9048623925452147,0.12986870559411268,0.12986870559411268,0.42598033348065384,0.42598033348065384,0.7329595685633343,0.7329595685633343,0.37445150953035755,0.37445150953035755,0.33900748052615354,0.33900748052615354,0.8762708907987279,0.8762708907987279,0.1712745143418149,0.1712745143418149
97,57,470,Pretell median,OpenSees 2-D,183.31594799720395,39.0,0.1648308804258704,1303.5981967738105,0.009697996633859911,0.009697996633859911,0.9998992452733515,0.9998992452733515,0.007208836624433255,0.007208836624433255,0.2802284394669815,0.2802284394669815,0.8942903561673302,0.8942903561673302,0.1696804518805352,0.1696804518805352,0.43370689014697356,0.43370689014697356,0.7580222308758303,0.7580222308758303,0.33863031738228866,0.33863031738228866,0.3256350942465812,0.3256350942465812,0.8706614655443277,0.8706614655443277,0.1719478394665132,0.1719478394665132
97,57,470,Pretell percentile,OpenSees 2-D,183.31594799720395,39.0,0.1648308804258704,1303.5981967738105,0.024849395313539427,0.024849395313539427,0.9997840889589318,0.9997840889589318,0.017129457701558652,0.017129457701558652,0.6699496707754996,0.6699496707754996,0.9286120048596374,0.9286120048596374,0.23895641730494094,0.23895641730494094,0.3450138479044937,0.3450138479044937,0.7251903305482396,0.7251903305482396,0.2390268926811821,0.2390268926811821,0.5702982904399193,0.5702982904399193,0.8968349637029803,0.8968349637029803,0.16134164782544153,0.16134164782544153
97,57,470,Dmult,OpenSees 2-D,183.31594799720395,39.0,0.1648308804258704,1303.5981967738105,0.00868938168420044,0.00868938168420044,0.999950927172478,0.999950927172478,0.005546116733749877,0.005546116733749877,0.4834151746008751,0.4834151746008751,0.9399772514268145,0.9399772514268145,0.28154726216418363,0.28154726216418363,0.7590666904741605,0.7590666904741605,0.15520734328338848,0.15520734328338848,1.0947493498401726,1.0947493498401726,0.566009307877399,0.566009307877399,0.697116302780588,0.697116302780588,0.4695675919501279,0.4695675919501279
97,57,470,Dmult p84,OpenSees 2-D,183.31594799720395,39.0,0.1648308804258704,1303.5981967738105,0.0036727829410554877,0.0036727829410554877,0.9999529386992233,0.9999529386992233,0.0023957357850441204,0.0023957357850441204,0.405180972831028,0.405180972831028,0.9458173304241663,0.9458173304241663,0.20961839557692247,0.20961839557692247,0.7037862440593285,0.7037862440593285,0.3053729175701491,0.3053729175701491,0.8843444662443779,0.8843444662443779,0.5016521154522096,0.5016521154522096,0.7736601246216219,0.7736601246216219,0.3732445893833744,0.3732445893833744
98,791,6081,GINO,OpenSees 2-D,185.7519503247115,55.0,0.2536833180114627,944.8379616276762,0.052315836020391325,0.03905489711154072,0.9681827714044475,0.9789388055035204,0.041790339669586445,0.030382118615928932,0.3592702412140131,0.3903329589874517,0.9071259627548939,0.9133087041293582,0.16359547175853986,0.13091046552427874,0.5853351908000183,0.3757037058832563,0.6963994383294508,0.8778364455401948,0.41869596123531805,0.3576149833348082,0.4155760400772964,0.3826375335938242,0.8721557603381036,0.9182424119300282,0.2102488468442785,0.1750721253400416
98,791,6081,1D Base Case,OpenSees 2-D,185.7519503247115,55.0,0.2536833180114627,944.8379616276762,0.03955926942074947,0.05248646794073416,0.9998702353320335,0.9997790422937292,0.021682848437043857,0.03154716243423792,0.4978598751461764,0.5636775277635995,0.8231017107906867,0.7941997434607831,0.28235940288943634,0.3009473904112956,0.7800469097108296,0.7522648319897814,0.20742479793965132,0.1889643292058445,0.5798622090315362,0.6039444417719477,0.5660054455250468,0.5852651119404262,0.7512970625418431,0.771240419957297,0.2952485909808339,0.3127062785955536
98,791,6081,Toro Vs,OpenSees 2-D,185.7519503247115,55.0,0.2536833180114627,944.8379616276762,0.03523932262800732,0.03523932262800732,0.9999919565825491,0.9999919565825491,0.021995436918821144,0.021995436918821144,0.6998521562477127,0.6998521562477127,0.7486970090279764,0.7486970090279764,0.3375220773143381,0.3375220773143381,0.7100780199910567,0.7100780199910567,0.5069343936406685,0.5069343936406685,0.48003973475732314,0.48003973475732314,0.6909978637054607,0.6909978637054607,0.7437762077300647,0.7437762077300647,0.27696893328095196,0.27696893328095196
98,791,6081,Passeri tts,OpenSees 2-D,185.7519503247115,55.0,0.2536833180114627,944.8379616276762,0.05238663894064177,0.05238663894064177,0.9997827901797863,0.9997827901797863,0.031498335458470486,0.031498335458470486,0.5667130902234,0.5667130902234,0.8005102847184079,0.8005102847184079,0.30228132868678115,0.30228132868678115,0.7462110217599043,0.7462110217599043,0.20400545639258078,0.20400545639258078,0.5937978724616529,0.5937978724616529,0.5866448429979056,0.5866448429979056,0.7775021072583742,0.7775021072583742,0.30953807137807754,0.30953807137807754
98,791,6081,Pretell median,OpenSees 2-D,185.7519503247115,55.0,0.2536833180114627,944.8379616276762,0.023889973355756555,0.023889973355756555,0.9999974937867363,0.9999974937867363,0.01497753292356885,0.01497753292356885,0.6115500856909666,0.6115500856909666,0.8296540722185445,0.8296540722185445,0.2411125581984147,0.2411125581984147,0.5914585403227335,0.5914585403227335,0.8190112191015179,0.8190112191015179,0.40402155325326317,0.40402155325326317,0.5997974763959149,0.5997974763959149,0.837281461898703,0.837281461898703,0.2189834476214156,0.2189834476214156
98,791,6081,Pretell percentile,OpenSees 2-D,185.7519503247115,55.0,0.2536833180114627,944.8379616276762,0.041709288078369273,0.041709288078369273,0.999536877945496,0.999536877945496,0.020182397759572403,0.020182397759572403,0.5146758990668023,0.5146758990668023,0.7873317769012316,0.7873317769012316,0.459842431512224,0.459842431512224,0.49011985564896066,0.49011985564896066,0.8614937511518366,0.8614937511518366,0.5841624484703108,0.5841624484703108,0.50379703609414,0.50379703609414,0.8114952183510044,0.8114952183510044,0.34947342563412637,0.34947342563412637
98,791,6081,Dmult,OpenSees 2-D,185.7519503247115,55.0,0.2536833180114627,944.8379616276762,0.08306053225153474,0.08306053225153474,0.9989697354365542,0.9989697354365542,0.05016147939118404,0.05016147939118404,0.7890890836592664,0.7890890836592664,0.7049090878508256,0.7049090878508256,0.4598467512653327,0.4598467512653327,0.83639659206103,0.83639659206103,0.47218251213658824,0.47218251213658824,1.1592489452864436,1.1592489452864436,0.784340169900803,0.784340169900803,0.6334051690401232,0.6334051690401232,0.5612476740167696,0.5612476740167696
98,791,6081,Dmult p84,OpenSees 2-D,185.7519503247115,55.0,0.2536833180114627,944.8379616276762,0.07102675597516322,0.07102675597516322,0.9993457209823516,0.9993457209823516,0.04262564028046332,0.04262564028046332,0.7531319794663838,0.7531319794663838,0.7381088878060601,0.7381088878060601,0.40671633196475987,0.40671633196475987,0.8052532925274348,0.8052532925274348,0.4465759044770828,0.4465759044770828,0.9029099845256343,0.9029099845256343,0.7495977364048841,0.7495977364048841,0.6907106296025624,0.6907106296025624,0.45295236827156216,0.45295236827156216
99,535,4145,GINO,OpenSees 2-D,205.2167797086878,43.0,0.1709762278944254,1112.8607093618052,0.06073963480029095,0.045321155240557104,0.8363244073315519,0.8895658467678651,0.04780233238432407,0.03588614463335392,0.19439909099608124,0.21078022387244885,0.9704237842258303,0.9560055986070419,0.09154360518610742,0.0948736772234081,0.4023048798525183,0.3775916492613032,0.7970869762715354,0.9049659357042479,0.29579059652272427,0.3329807811814657,0.24680932290944785,0.2361435206359359,0.9497706912845147,0.9535503285354439,0.14772060667329917,0.15756552720220926
99,535,4145,1D Base Case,OpenSees 2-D,205.2167797086878,43.0,0.1709762278944254,1112.8607093618052,0.009456356700813264,0.007812267254843654,0.9999560244836364,0.9999595349429113,0.0052536142601882045,0.005556948241282861,0.32124020611380055,0.26935914708597436,0.9313132418737761,0.9353558517245647,0.12215439443064005,0.11440173721411509,0.5704389110944377,0.5492157459191038,0.5747198475417038,0.3220308534365674,0.3276930419174805,0.367773280496682,0.37790241425620097,0.3165919771431233,0.9031069656046528,0.9112893302380519,0.15317764799137606,0.16498610122252225
99,535,4145,Toro Vs,OpenSees 2-D,205.2167797086878,43.0,0.1709762278944254,1112.8607093618052,0.002019524766585323,0.002019524766585323,0.9999835855733734,0.9999835855733734,0.0016924825734001493,0.0016924825734001493,0.5096848702760648,0.5096848702760648,0.8492810022983406,0.8492810022983406,0.1696573041517805,0.1696573041517805,0.4826131912478016,0.4826131912478016,0.48859935889853884,0.48859935889853884,0.3038692479136691,0.3038692479136691,0.49412470935826797,0.49412470935826797,0.8488033022469058,0.8488033022469058,0.15784379691600836,0.15784379691600836
99,535,4145,Passeri tts,OpenSees 2-D,205.2167797086878,43.0,0.1709762278944254,1112.8607093618052,0.007787510138302352,0.007787510138302352,0.9999599174948783,0.9999599174948783,0.005541822957364568,0.005541822957364568,0.2752881863721535,0.2752881863721535,0.9367909854677949,0.9367909854677949,0.11583251662620259,0.11583251662620259,0.5341511761557125,0.5341511761557125,0.3412477386094936,0.3412477386094936,0.36058869626386375,0.36058869626386375,0.3172752100586207,0.3172752100586207,0.9140401079604346,0.9140401079604346,0.1628954367152907,0.1628954367152907
99,535,4145,Pretell median,OpenSees 2-D,205.2167797086878,43.0,0.1709762278944254,1112.8607093618052,0.00245026336051768,0.00245026336051768,0.9999766955758055,0.9999766955758055,0.0019070996967266527,0.0019070996967266527,0.1706284330096676,0.1706284330096676,0.9816334839035573,0.9816334839035573,0.04707064974042253,0.04707064974042253,0.43985538027633136,0.43985538027633136,0.5525205554076682,0.5525205554076682,0.27086209901822733,0.27086209901822733,0.22366720074004162,0.22366720074004162,0.9608089931542275,0.9608089931542275,0.10959041447236063,0.10959041447236063
99,535,4145,Pretell percentile,OpenSees 2-D,205.2167797086878,43.0,0.1709762278944254,1112.8607093618052,0.007302488130136071,0.007302488130136071,0.9999851414638224,0.9999851414638224,0.004687856413891469,0.004687856413891469,0.31442790800483367,0.31442790800483367,0.9631844900457894,0.9631844900457894,0.15017116039207312,0.15017116039207312,0.61881686326629,0.61881686326629,0.5358331555295746,0.5358331555295746,0.34575867519147646,0.34575867519147646,0.3643798380115102,0.3643798380115102,0.9429454152641698,0.9429454152641698,0.16770763417950071,0.16770763417950071
99,535,4145,Dmult,OpenSees 2-D,205.2167797086878,43.0,0.1709762278944254,1112.8607093618052,0.01869181230553847,0.01869181230553847,0.9998678198748994,0.9998678198748994,0.012951175576416063,0.012951175576416063,0.6323104894797595,0.6323104894797595,0.8545363132378115,0.8545363132378115,0.29039387490999047,0.29039387490999047,0.6870560253674421,0.6870560253674421,0.22626389109472098,0.22626389109472098,0.7663586070287454,0.7663586070287454,0.6254373296046902,0.6254373296046902,0.7693155489767126,0.7693155489767126,0.3598765863848037,0.3598765863848037
99,535,4145,Dmult p84,OpenSees 2-D,205.2167797086878,43.0,0.1709762278944254,1112.8607093618052,0.014164251181778305,0.014164251181778305,0.9999129710284659,0.9999129710284659,0.009849089250807503,0.009849089250807503,0.5714449083622252,0.5714449083622252,0.8794794574487056,0.8794794574487056,0.22796862187207045,0.22796862187207045,0.6291822462669843,0.6291822462669843,0.30657861681334925,0.30657861681334925,0.5980424764764948,0.5980424764764948,0.5664656244170068,0.5664656244170068,0.8287360336788814,0.8287360336788814,0.28115263456617695,0.28115263456617695
100,932,7127,GINO,OpenSees 2-D,157.65852605851168,68.0,0.10989516898989678,940.9359438302844,0.05606385234254214,0.0456034222852003,0.997357212827732,0.998109369262563,0.040579044631838423,0.05014379642875404,0.25937621639125413,0.3212646699742045,0.9562890383935605,0.9425873090855588,0.1709893666379121,0.19930537391486558,0.25172896399442624,0.2781871325784451,0.9094126139700998,0.8804411732156734,0.21115754960918082,0.24939313704459473,0.2378709741745971,0.2895013340757147,0.9577896750126914,0.9449502129969757,0.1394046179757304,0.16462953889013174
100,932,7127,1D Base Case,OpenSees 2-D,157.65852605851168,68.0,0.10989516898989678,940.9359438302844,0.1377168425952703,0.1350760416414782,0.9973339277671422,0.9974395786471436,0.041893101965514934,0.040780504057045606,0.3403226909630582,0.33269634384713553,0.8792034847940157,0.8803753799311795,0.17983839969194074,0.1819732411524228,0.45975778843449605,0.5204510570001181,0.7746893950443533,0.5605908863625566,0.28762351981000905,0.3665032718242709,0.33695035655287897,0.3432577282973881,0.8840551542122158,0.8776645374421429,0.16928233752901561,0.1971412939041876
100,932,7127,Toro Vs,OpenSees 2-D,157.65852605851168,68.0,0.10989516898989678,940.9359438302844,0.06348942681770475,0.06348942681770475,0.9935782398376414,0.9935782398376414,0.008786438066843986,0.008786438066843986,0.46439455952382735,0.46439455952382735,0.8314624876161835,0.8314624876161835,0.3282308819985633,0.3282308819985633,0.5710897334079524,0.5710897334079524,0.3630184066255097,0.3630184066255097,0.3786089297594085,0.3786089297594085,0.44421807504294747,0.44421807504294747,0.8232963791609584,0.8232963791609584,0.23405764333875737,0.23405764333875737
100,932,7127,Passeri tts,OpenSees 2-D,157.65852605851168,68.0,0.10989516898989678,940.9359438302844,0.1333377954647288,0.1333377954647288,0.9975718231724052,0.9975718231724052,0.04039588500516511,0.04039588500516511,0.32068352529800215,0.32068352529800215,0.8848755332062047,0.8848755332062047,0.18281202247721834,0.18281202247721834,0.520309620793248,0.520309620793248,0.5729255240033875,0.5729255240033875,0.36013042319300226,0.36013042319300226,0.33493323299773264,0.33493323299773264,0.881701244282592,0.881701244282592,0.19502781461252408,0.19502781461252408
100,932,7127,Pretell median,OpenSees 2-D,157.65852605851168,68.0,0.10989516898989678,940.9359438302844,0.012012800792845661,0.012012800792845661,0.999994667217655,0.999994667217655,0.0036977117516922287,0.0036977117516922287,0.17515661579079833,0.17515661579079833,0.9704123882644569,0.9704123882644569,0.09515933254854256,0.09515933254854256,0.4784011599447227,0.4784011599447227,0.7233971453566871,0.7233971453566871,0.32796153224126556,0.32796153224126556,0.22956115739578437,0.22956115739578437,0.9485516963341323,0.9485516963341323,0.14462853516209798,0.14462853516209798
100,932,7127,Pretell percentile,OpenSees 2-D,157.65852605851168,68.0,0.10989516898989678,940.9359438302844,0.0920539081393362,0.0920539081393362,0.9990867021919732,0.9990867021919732,0.023474500965377506,0.023474500965377506,0.3066250575145747,0.3066250575145747,0.9684851188277378,0.9684851188277378,0.10442996967456442,0.10442996967456442,0.42836953428815255,0.42836953428815255,0.7043799206166912,0.7043799206166912,0.2891901376709885,0.2891901376709885,0.3044249203572502,0.3044249203572502,0.9480642188135018,0.9480642188135018,0.1407616144250974,0.1407616144250974
100,932,7127,Dmult,OpenSees 2-D,157.65852605851168,68.0,0.10989516898989678,940.9359438302844,0.30958602824751846,0.30958602824751846,0.9744163771123857,0.9744163771123857,0.11063202399076731,0.11063202399076731,0.6435255544248566,0.6435255544248566,0.7295056496638191,0.7295056496638191,0.48580675945395424,0.48580675945395424,0.848061671961674,0.848061671961674,0.3539100520066261,0.3539100520066261,1.8880784288617518,1.8880784288617518,0.6366748898033121,0.6366748898033121,0.6678895919431553,0.6678895919431553,0.8452906863345678,0.8452906863345678
100,932,7127,Dmult p84,OpenSees 2-D,157.65852605851168,68.0,0.10989516898989678,940.9359438302844,0.26157229723958103,0.26157229723958103,0.9826475785020656,0.9826475785020656,0.08610344166544022,0.08610344166544022,0.5788180078914077,0.5788180078914077,0.7833199961308236,0.7833199961308236,0.3919651860230514,0.3919651860230514,0.797849692124278,0.797849692124278,0.38893871407924246,0.38893871407924246,1.447064376932861,1.447064376932861,0.5778462257874014,0.5778462257874014,0.7377936726587686,0.7377936726587686,0.6541982923163209,0.6541982923163209
101,272,2011,GINO,OpenSees 2-D,143.7795459684312,87.0,0.20518740378320216,1097.3952426073297,0.11335000404668016,0.14072730308193102,0.9931202013831611,0.9907198832247781,0.046841170931370336,0.052155690720314084,0.3740804585873734,0.4068954698859763,0.8802042868522487,0.8556096407807026,0.15814458599518214,0.17750918722085884,0.4008520036458693,0.3565234726809231,0.8373142946198574,0.8783983770155299,0.35462213807548193,0.25548289290860604,0.253440061342338,0.2739758008804332,0.9390324269940945,0.9302426248596749,0.18795553395095296,0.1609262604363797
101,272,2011,1D Base Case,OpenSees 2-D,143.7795459684312,87.0,0.20518740378320216,1097.3952426073297,0.41143873730434244,0.4059271964154148,0.825142357947219,0.8274980230699529,0.1515100054818447,0.1511303449512466,0.6437656778183384,0.6683610186911103,0.4744345169152518,0.4609705079435434,0.32587069278478986,0.3123322933165669,0.5873648461739991,0.5628239641920971,0.4633115962022247,0.5274083206370983,0.46464662728426115,0.3796933082476055,0.5084737887240811,0.5169075669914831,0.7369783096898096,0.7308536335099929,0.313416029303574,0.27948796661456826
101,272,2011,Toro Vs,OpenSees 2-D,143.7795459684312,87.0,0.20518740378320216,1097.3952426073297,0.4138759504396281,0.4138759504396281,0.8871774088611637,0.8871774088611637,0.11144613783470309,0.11144613783470309,0.7225271229393635,0.7225271229393635,0.2385038933925432,0.2385038933925432,0.37186236824016666,0.37186236824016666,0.545576128483615,0.545576128483615,0.6823189746330167,0.6823189746330167,0.32950359970348375,0.32950359970348375,0.5419122241323534,0.5419122241323534,0.7429920047789894,0.7429920047789894,0.26589111861041537,0.26589111861041537
101,272,2011,Passeri tts,OpenSees 2-D,143.7795459684312,87.0,0.20518740378320216,1097.3952426073297,0.388383264828135,0.388383264828135,0.8371930218582382,0.8371930218582382,0.14915358125524925,0.14915358125524925,0.6666614758915457,0.6666614758915457,0.4737177964147161,0.4737177964147161,0.31098255616705406,0.31098255616705406,0.558201246812828,0.558201246812828,0.5453587283983481,0.5453587283983481,0.37062541093161905,0.37062541093161905,0.5076358449415898,0.5076358449415898,0.7390992840725716,0.7390992840725716,0.2752174141155201,0.2752174141155201
101,272,2011,Pretell median,OpenSees 2-D,143.7795459684312,87.0,0.20518740378320216,1097.3952426073297,0.09659309856573677,0.09659309856573677,0.990232136813898,0.990232136813898,0.02583791140192292,0.02583791140192292,0.5478128829454643,0.5478128829454643,0.8755234157503483,0.8755234157503483,0.16837578680903423,0.16837578680903423,0.4785599060600463,0.4785599060600463,0.8565561624013407,0.8565561624013407,0.31381851767017865,0.31381851767017865,0.3464324016325539,0.3464324016325539,0.8934519039114777,0.8934519039114777,0.16939248621794584,0.16939248621794584
101,272,2011,Pretell percentile,OpenSees 2-D,143.7795459684312,87.0,0.20518740378320216,1097.3952426073297,0.353106364113136,0.353106364113136,0.9791511627494311,0.9791511627494311,0.10761890266879871,0.10761890266879871,0.4721117418589617,0.4721117418589617,0.8594220189302547,0.8594220189302547,0.19245175811212245,0.19245175811212245,0.38345771713531873,0.38345771713531873,0.8537260068632211,0.8537260068632211,0.30213827612999866,0.30213827612999866,0.39736731016166843,0.39736731016166843,0.8831869875786772,0.8831869875786772,0.2011505400132158,0.2011505400132158
101,272,2011,Dmult,OpenSees 2-D,143.7795459684312,87.0,0.20518740378320216,1097.3952426073297,0.6046816377783156,0.6046816377783156,0.8421667354661957,0.8421667354661957,0.2797898745253451,0.2797898745253451,0.8247460828345745,0.8247460828345745,-0.0298195191312432,-0.0298195191312432,0.5860063142720962,0.5860063142720962,0.8823879324204864,0.8823879324204864,0.6360352041924067,0.6360352041924067,2.573847309677905,2.573847309677905,0.7067337203639381,0.7067337203639381,0.6008612183292067,0.6008612183292067,1.1745749087527666,1.1745749087527666
101,272,2011,Dmult p84,OpenSees 2-D,143.7795459684312,87.0,0.20518740378320216,1097.3952426073297,0.5460550618303481,0.5460550618303481,0.853673633999947,0.853673633999947,0.22047697443679248,0.22047697443679248,0.7978480345107895,0.7978480345107895,0.06724321300084324,0.06724321300084324,0.4689626197979958,0.4689626197979958,0.8316819532833181,0.8316819532833181,0.6455848139439838,0.6455848139439838,1.9294288186870305,1.9294288186870305,0.6618658163997349,0.6618658163997349,0.6533923342590372,0.6533923342590372,0.8931558135327368,0.8931558135327368
102,15,135,GINO,OpenSees 2-D,145.27946717719402,72.0,0.1785500245168805,1345.7170759497278,0.16374937506846088,0.11438168485122464,0.9662196419445953,0.9813633502589889,0.07836063312093364,0.08846351211842315,0.3440301137734023,0.27491149133722553,0.8093498907646515,0.8499761228319211,0.2068010335161717,0.14386783579045187,0.3992154228370476,0.29662249842160615,0.8013025998266725,0.8454343684436727,0.3769327454494585,0.3215664327423658,0.2881173375012507,0.22290768829137472,0.8901594397609565,0.9179924161422772,0.22139299255448877,0.18667083143841173
102,15,135,1D Base Case,OpenSees 2-D,145.27946717719402,72.0,0.1785500245168805,1345.7170759497278,0.45958058361304305,0.5118111389234391,0.8150744828486415,0.811636662229024,0.10171937970665423,0.09295505297172638,0.7608234109513111,0.8037093408481408,0.6210660982624965,0.6495602428908424,0.19868219233985918,0.19143286819581368,0.475217710164901,0.3565961177678022,0.7474561071139588,0.852792059453907,0.3395040557407202,0.34104568264124036,0.5934531770707164,0.618973059424067,0.7154510850219764,0.7334291826380427,0.21403286010853878,0.20933011792328243
102,15,135,Toro Vs,OpenSees 2-D,145.27946717719402,72.0,0.1785500245168805,1345.7170759497278,0.09465460496971324,0.09465460496971324,0.9852748739257473,0.9852748739257473,0.03203466671745232,0.03203466671745232,0.40347751469895077,0.40347751469895077,0.6632133448329454,0.6632133448329454,0.22072938554422436,0.22072938554422436,0.49699163438159044,0.49699163438159044,0.5171187262475327,0.5171187262475327,0.3981762381128151,0.3981762381128151,0.3292755232721064,0.3292755232721064,0.820736788664522,0.820736788664522,0.21679263235386087,0.21679263235386087
102,15,135,Passeri tts,OpenSees 2-D,145.27946717719402,72.0,0.1785500245168805,1345.7170759497278,0.4854622223098254,0.4854622223098254,0.8244852253951165,0.8244852253951165,0.09180000056990535,0.09180000056990535,0.761990251805783,0.761990251805783,0.6618246635652931,0.6618246635652931,0.19046133428982018,0.19046133428982018,0.36586744261998017,0.36586744261998017,0.8493510336716213,0.8493510336716213,0.33956993220130427,0.33956993220130427,0.5898219684607291,0.5898219684607291,0.7444195594439347,0.7444195594439347,0.2081178767568694,0.2081178767568694
102,15,135,Pretell median,OpenSees 2-D,145.27946717719402,72.0,0.1785500245168805,1345.7170759497278,0.3286975929018986,0.3286975929018986,0.9787250149230059,0.9787250149230059,0.07458517478483484,0.07458517478483484,0.3906980572331046,0.3906980572331046,0.7544007385258352,0.7544007385258352,0.19427984577001092,0.19427984577001092,0.471941580861066,0.471941580861066,0.6583727225476805,0.6583727225476805,0.4012292930325528,0.4012292930325528,0.3805823223163579,0.3805823223163579,0.8551889989157538,0.8551889989157538,0.22481901746708896,0.22481901746708896
102,15,135,Pretell percentile,OpenSees 2-D,145.27946717719402,72.0,0.1785500245168805,1345.7170759497278,0.9062225544246497,0.9062225544246497,0.9775907317544912,0.9775907317544912,0.19042738642837764,0.19042738642837764,0.9017483873153669,0.9017483873153669,0.7037254243657205,0.7037254243657205,0.22488756543825447,0.22488756543825447,0.4047992466203389,0.4047992466203389,0.6505919013136662,0.6505919013136662,0.3652953515797973,0.3652953515797973,0.8387946316997466,0.8387946316997466,0.8351810338706342,0.8351810338706342,0.26196922793433763,0.26196922793433763
102,15,135,Dmult,OpenSees 2-D,145.27946717719402,72.0,0.1785500245168805,1345.7170759497278,0.3647396462823495,0.3647396462823495,0.9657851441779247,0.9657851441779247,0.16705518604694908,0.16705518604694908,0.5003750271358265,0.5003750271358265,0.5860155804708627,0.5860155804708627,0.4322480322702122,0.4322480322702122,0.8463433696437409,0.8463433696437409,0.540070663859185,0.540070663859185,2.1799198185394832,2.1799198185394832,0.5281458274774616,0.5281458274774616,0.6946026037117503,0.6946026037117503,0.951115661286315,0.951115661286315
102,15,135,Dmult p84,OpenSees 2-D,145.27946717719402,72.0,0.1785500245168805,1345.7170759497278,0.2934749796497506,0.2934749796497506,0.9587523430351527,0.9587523430351527,0.12869637237013873,0.12869637237013873,0.4508863058369318,0.4508863058369318,0.634152138742451,0.634152138742451,0.34750404232646986,0.34750404232646986,0.7872731180237439,0.7872731180237439,0.5795508830320426,0.5795508830320426,1.65495190572235,1.65495190572235,0.4725680349809748,0.4725680349809748,0.7411862491539505,0.7411862491539505,0.728528110030312,0.728528110030312
103,432,3473,GINO,OpenSees 2-D,240.32223215849342,77.0,0.10354241225868464,1017.5154020442847,0.043364853825613024,0.044872599422762886,0.9783871921216397,0.9770340822830393,0.03528900676633494,0.0371536277194081,0.20835675837434706,0.16932405391857583,0.9890686345484051,0.994051446422433,0.11772460464980224,0.12087732020573068,0.2668588760610739,0.20889747062213457,0.9084691406013603,0.9334134714802752,0.19214110289811454,0.16134745143804588,0.21665153598115397,0.17353567313879012,0.9730686930678778,0.9843167913574485,0.11491791977749799,0.10573857376682813
103,432,3473,1D Base Case,OpenSees 2-D,240.32223215849342,77.0,0.10354241225868464,1017.5154020442847,0.01902498645602857,0.01837756839329278,0.9999496896207508,0.9999416770380788,0.010403645802782132,0.010433377033179871,0.3225029723270115,0.3265941330696635,0.9424442691730464,0.9400302661834085,0.12117760758191891,0.13216121157077965,0.45520756863188644,0.4354742857548491,0.8295163209883163,0.8014938073198838,0.3293106452643232,0.3228831254433264,0.3456096745124083,0.3415020779902778,0.9265477916396208,0.9277101985026941,0.15525328414806253,0.1563091393380111
103,432,3473,Toro Vs,OpenSees 2-D,240.32223215849342,77.0,0.10354241225868464,1017.5154020442847,0.007303820000995934,0.007303820000995934,0.9999003826234851,0.9999003826234851,0.002570102629349741,0.002570102629349741,0.5883765733537856,0.5883765733537856,0.8066038644948325,0.8066038644948325,0.257813267163033,0.257813267163033,0.5879067403812734,0.5879067403812734,0.563796469417493,0.563796469417493,0.36504337255089564,0.36504337255089564,0.5742491089081511,0.5742491089081511,0.7813266640652666,0.7813266640652666,0.20600869646199577,0.20600869646199577
103,432,3473,Passeri tts,OpenSees 2-D,240.32223215849342,77.0,0.10354241225868464,1017.5154020442847,0.01821961899014633,0.01821961899014633,0.9999443606326591,0.9999443606326591,0.010365431842692988,0.010365431842692988,0.34115359440070636,0.34115359440070636,0.9370634831672723,0.9370634831672723,0.13513634644136924,0.13513634644136924,0.4438823065571842,0.4438823065571842,0.7992666612847611,0.7992666612847611,0.31992925854206944,0.31992925854206944,0.35421277636892207,0.35421277636892207,0.9242490588198129,0.9242490588198129,0.15614404556707762,0.15614404556707762
103,432,3473,Pretell median,OpenSees 2-D,240.32223215849342,77.0,0.10354241225868464,1017.5154020442847,0.0009384589708948335,0.0009384589708948335,0.9999983620662564,0.9999983620662564,0.0009041639969299283,0.0009041639969299283,0.18168690868929144,0.18168690868929144,0.9864323671217032,0.9864323671217032,0.04549692927586087,0.04549692927586087,0.34524956259578166,0.34524956259578166,0.8656194242431194,0.8656194242431194,0.24549774048665818,0.24549774048665818,0.21681302168440109,0.21681302168440109,0.9728963695872977,0.9728963695872977,0.0998897453520141,0.0998897453520141
103,432,3473,Pretell percentile,OpenSees 2-D,240.32223215849342,77.0,0.10354241225868464,1017.5154020442847,0.02059319330125698,0.02059319330125698,0.9999342008911822,0.9999342008911822,0.01022154794616533,0.01022154794616533,0.22231092606029643,0.22231092606029643,0.9766764338140086,0.9766764338140086,0.1448084555962135,0.1448084555962135,0.2924109428318555,0.2924109428318555,0.8667282803906812,0.8667282803906812,0.26293808141480235,0.26293808141480235,0.23156657551682686,0.23156657551682686,0.9675596315520704,0.9675596315520704,0.13904840695520274,0.13904840695520274
103,432,3473,Dmult,OpenSees 2-D,240.32223215849342,77.0,0.10354241225868464,1017.5154020442847,0.04988070834131678,0.04988070834131678,0.9993718309494912,0.9993718309494912,0.02777936922902,0.02777936922902,0.6681318890406784,0.6681318890406784,0.8187660114236491,0.8187660114236491,0.2883955713013924,0.2883955713013924,0.7643057840440179,0.7643057840440179,0.6043826048874955,0.6043826048874955,1.2594993603576934,1.2594993603576934,0.6710634308331784,0.6710634308331784,0.7120979071988596,0.7120979071988596,0.5370662267457674,0.5370662267457674
103,432,3473,Dmult p84,OpenSees 2-D,240.32223215849342,77.0,0.10354241225868464,1017.5154020442847,0.03676313561064385,0.03676313561064385,0.9996747794760852,0.9996747794760852,0.020344954545684916,0.020344954545684916,0.6104261050962139,0.6104261050962139,0.8543447119784193,0.8543447119784193,0.23289965850358985,0.23289965850358985,0.7032180757378798,0.7032180757378798,0.6522009120403333,0.6522009120403333,0.9566577743735198,0.9566577743735198,0.6140915676799803,0.6140915676799803,0.7822723832026014,0.7822723832026014,0.41182085267279867,0.41182085267279867
104,503,3966,GINO,OpenSees 2-D,166.9827449821557,41.0,0.27678801529109476,858.6420902239915,0.05939953254622409,0.07375277666146313,0.899371444816928,0.8077439044416258,0.046738131192314965,0.054095307075586754,0.23793699191765863,0.16761619401815328,0.9816309654384051,0.9862899241428278,0.10297863991945892,0.07898018574727432,0.3575830104877744,0.38573754267277294,0.8513462527098403,0.8960276585046174,0.32460660595854224,0.31556723314438095,0.25945601429798765,0.2561269808734126,0.964230297581196,0.9551024398004614,0.16086424997863769,0.15307594480117098
104,503,3966,1D Base Case,OpenSees 2-D,166.9827449821557,41.0,0.27678801529109476,858.6420902239915,0.033684288610950366,0.03313702858678377,0.9998520761638396,0.9998526552999291,0.021031222409704474,0.02100035735120183,0.6172272667227133,0.6530253076957743,0.6130789024244495,0.5247494057196541,0.33550960515445805,0.3384790105107133,0.6378206244263214,0.707880765472173,0.2820954972810973,0.19208352709700774,0.5077035266499897,0.6351527017213059,0.6074676960510089,0.6588408168122073,0.6478198659100498,0.5285071398731713,0.2857100437172304,0.3311972738285917
104,503,3966,Toro Vs,OpenSees 2-D,166.9827449821557,41.0,0.27678801529109476,858.6420902239915,0.024005338659322428,0.024005338659322428,0.9999639323020671,0.9999639323020671,0.015294757381002649,0.015294757381002649,0.5915096679794168,0.5915096679794168,0.7083292766813389,0.7083292766813389,0.30657357020458437,0.30657357020458437,0.6999226020342392,0.6999226020342392,0.4392272669310448,0.4392272669310448,0.5811075144428838,0.5811075144428838,0.6173843977489408,0.6173843977489408,0.6537783437729898,0.6537783437729898,0.3007128661997356,0.3007128661997356
104,503,3966,Passeri tts,OpenSees 2-D,166.9827449821557,41.0,0.27678801529109476,858.6420902239915,0.03309311475409715,0.03309311475409715,0.9998541666641327,0.9998541666641327,0.020975565421900787,0.020975565421900787,0.6399347418280199,0.6399347418280199,0.5388758958896415,0.5388758958896415,0.3368710148836167,0.3368710148836167,0.7044785082740894,0.7044785082740894,0.20881942519114152,0.20881942519114152,0.6270285739234629,0.6270285739234629,0.6493370103251113,0.6493370103251113,0.5404276185197369,0.5404276185197369,0.3278627532359623,0.3278627532359623
104,503,3966,Pretell median,OpenSees 2-D,166.9827449821557,41.0,0.27678801529109476,858.6420902239915,0.0035803491301349983,0.0035803491301349983,0.9999936698291157,0.9999936698291157,0.0022879671679851186,0.0022879671679851186,0.32124847097450576,0.32124847097450576,0.9377861572622546,0.9377861572622546,0.11394499543050723,0.11394499543050723,0.6177229345280489,0.6177229345280489,0.7276470463685467,0.7276470463685467,0.5090649731135791,0.5090649731135791,0.4333324735840896,0.4333324735840896,0.8566477335571328,0.8566477335571328,0.21315702772769965,0.21315702772769965
104,503,3966,Pretell percentile,OpenSees 2-D,166.9827449821557,41.0,0.27678801529109476,858.6420902239915,0.02690976472405452,0.02690976472405452,0.9998896926078378,0.9998896926078378,0.016229457034491065,0.016229457034491065,0.36692376111942865,0.36692376111942865,0.9140965520140072,0.9140965520140072,0.23291898914251502,0.23291898914251502,0.48896750821036555,0.48896750821036555,0.7057961243271532,0.7057961243271532,0.4020027854155683,0.4020027854155683,0.40344215281688245,0.40344215281688245,0.8570353311561233,0.8570353311561233,0.21625698160027523,0.21625698160027523
104,503,3966,Dmult,OpenSees 2-D,166.9827449821557,41.0,0.27678801529109476,858.6420902239915,0.05243637546241552,0.05243637546241552,0.9994889237196728,0.9994889237196728,0.03374302916243033,0.03374302916243033,0.714385905499314,0.714385905499314,0.6100836362737733,0.6100836362737733,0.3548989561937435,0.3548989561937435,0.8553890339124948,0.8553890339124948,0.24796770345943447,0.24796770345943447,1.3599204904899735,1.3599204904899735,0.7493249335482468,0.7493249335482468,0.45163352214033253,0.45163352214033253,0.5942519187364644,0.5942519187364644
104,503,3966,Dmult p84,OpenSees 2-D,166.9827449821557,41.0,0.27678801529109476,858.6420902239915,0.04481297823064792,0.04481297823064792,0.9996535542887683,0.9996535542887683,0.028624912965657855,0.028624912965657855,0.6792749742067528,0.6792749742067528,0.6164548529568821,0.6164548529568821,0.33297472957495,0.33297472957495,0.8232445681914522,0.8232445681914522,0.28205639486900924,0.28205639486900924,1.1080001375780095,1.1080001375780095,0.7160877232516794,0.7160877232516794,0.5094842357143419,0.5094842357143419,0.4977111865627685,0.4977111865627685
105,828,6343,GINO,OpenSees 2-D,229.33354076870077,35.0,0.16489328518509866,966.832667971848,0.10501825279899746,0.1139670453192191,0.15160568548101555,0.26143543261177493,0.07376318442250017,0.09376510156102372,0.2106903492546684,0.18405349933567433,0.9479507576866449,0.9702929404527356,0.09247841687036312,0.08138208162105023,0.47078770147064825,0.45988094028298965,0.7514012859609757,0.6723856515158765,0.32603706946032,0.26545516851550643,0.26744761166479875,0.25205881309718636,0.9300627935028859,0.9487467709188625,0.167673613920096,0.15014171901310064
105,828,6343,1D Base Case,OpenSees 2-D,229.33354076870077,35.0,0.16489328518509866,966.832667971848,0.010305517875293296,0.008263248786839438,0.999954212373601,0.9999853843415162,0.006890696078494853,0.005819064522320957,0.6381652695953858,0.6380181143854218,0.582412483441969,0.5563313868825194,0.2865350801531208,0.290359942639927,0.5225560200503223,0.36786390910913047,0.5098254237906468,0.6532884338484282,0.3363700191173138,0.27875308500910895,0.6071275275353346,0.5823670598480952,0.6570669890464226,0.6517280549315442,0.2061017743644692,0.18670823512797854
105,828,6343,Toro Vs,OpenSees 2-D,229.33354076870077,35.0,0.16489328518509866,966.832667971848,0.005598200251878367,0.005598200251878367,0.9999864394474323,0.9999864394474323,0.003950289143312717,0.003950289143312717,0.511654855527901,0.511654855527901,0.752814923948633,0.752814923948633,0.2059127943609387,0.2059127943609387,0.45588157587178674,0.45588157587178674,0.3023707584552801,0.3023707584552801,0.29450335033816316,0.29450335033816316,0.48888944963597786,0.48888944963597786,0.7768800485716485,0.7768800485716485,0.1662326121267982,0.1662326121267982
105,828,6343,Passeri tts,OpenSees 2-D,229.33354076870077,35.0,0.16489328518509866,966.832667971848,0.00825376153457643,0.00825376153457643,0.9999854228531072,0.9999854228531072,0.005812679436950626,0.005812679436950626,0.6194684561741762,0.6194684561741762,0.5704992445863217,0.5704992445863217,0.2877063113174293,0.2877063113174293,0.36252450513929496,0.36252450513929496,0.6576569977824607,0.6576569977824607,0.27435854759628275,0.27435854759628275,0.5660249840755752,0.5660249840755752,0.6636095512730217,0.6636095512730217,0.1843718228568605,0.1843718228568605
105,828,6343,Pretell median,OpenSees 2-D,229.33354076870077,35.0,0.16489328518509866,966.832667971848,0.00024238678782903845,0.00024238678782903845,0.9999806965045129,0.9999806965045129,0.00015661051846863365,0.00015661051846863365,0.25663927132359377,0.25663927132359377,0.9321516615571311,0.9321516615571311,0.0770437084999001,0.0770437084999001,0.333900775380728,0.333900775380728,0.7751623452244379,0.7751623452244379,0.23801646717427177,0.23801646717427177,0.2652842585623785,0.2652842585623785,0.930922848064035,0.930922848064035,0.10647368974242916,0.10647368974242916
105,828,6343,Pretell percentile,OpenSees 2-D,229.33354076870077,35.0,0.16489328518509866,966.832667971848,0.007640192286172279,0.007640192286172279,0.9999583154575052,0.9999583154575052,0.005418039171414865,0.005418039171414865,0.5824948211895006,0.5824948211895006,0.8992590462244291,0.8992590462244291,0.23108042988376132,0.23108042988376132,0.3407706125015679,0.3407706125015679,0.8404644320707555,0.8404644320707555,0.21149381723569463,0.21149381723569463,0.5322282118904926,0.5322282118904926,0.9148530629751438,0.9148530629751438,0.14524327870761672,0.14524327870761672
105,828,6343,Dmult,OpenSees 2-D,229.33354076870077,35.0,0.16489328518509866,966.832667971848,0.012794551338980947,0.012794551338980947,0.9999743502045729,0.9999743502045729,0.009068257269142293,0.009068257269142293,0.6274480851815364,0.6274480851815364,0.6620766643696617,0.6620766643696617,0.3079512657443631,0.3079512657443631,0.6089284802283705,0.6089284802283705,0.09360016498097722,0.09360016498097722,0.5641302017236127,0.5641302017236127,0.6078831421433439,0.6078831421433439,0.669923043375983,0.669923043375983,0.29300484037077323,0.29300484037077323
105,828,6343,Dmult p84,OpenSees 2-D,229.33354076870077,35.0,0.16489328518509866,966.832667971848,0.010841119715881418,0.010841119715881418,0.999980358895186,0.999980358895186,0.0076598997162660954,0.0076598997162660954,0.5896526109456361,0.5896526109456361,0.6573187242184635,0.6573187242184635,0.28587562539655437,0.28587562539655437,0.5450775411964883,0.5450775411964883,0.25731250705198316,0.25731250705198316,0.4464087521401151,0.4464087521401151,0.5666489674106577,0.5666489674106577,0.6987947558518188,0.6987947558518188,0.24468671576869971,0.24468671576869971
106,621,4799,GINO,OpenSees 2-D,196.38395899664366,66.0,0.1946417078375816,1022.4274552450873,0.05986638195533631,0.06356109046796163,0.9713822446454712,0.9752070279615569,0.04770531098566479,0.05272350833639956,0.20848698162583212,0.14472943297286298,0.9757546108844951,0.9853124661654757,0.11589903662783281,0.0940220817614015,0.48260183754326336,0.5313275838513726,0.7804155402228824,0.7485639030406045,0.35137259638432394,0.413506222123854,0.27385078558245685,0.27362844114213614,0.9481003670875723,0.9436883786802345,0.17444697856784588,0.1913870301895092
106,621,4799,1D Base Case,OpenSees 2-D,196.38395899664366,66.0,0.1946417078375816,1022.4274552450873,0.05038203078783848,0.052800974184579255,0.9997151604825919,0.9996862228064166,0.026711766100583293,0.02919433096378305,0.4687926238436616,0.47055895033456263,0.8112862886499597,0.820282979531902,0.29976816041864174,0.28689782891903,0.7043770855729072,0.7246890832705823,0.3250845315717342,0.2745452129305294,0.469548886684117,0.5492605342267793,0.5081981535291319,0.5249668136533953,0.7848518997895617,0.7746162639142969,0.2636216766002376,0.2885285514924058
106,621,4799,Toro Vs,OpenSees 2-D,196.38395899664366,66.0,0.1946417078375816,1022.4274552450873,0.022261529739418123,0.022261529739418123,0.9999721994854477,0.9999721994854477,0.014746361851654722,0.014746361851654722,0.625960058070689,0.625960058070689,0.7542543386912295,0.7542543386912295,0.29735070210450876,0.29735070210450876,0.744045458710272,0.744045458710272,0.26329357425599265,0.26329357425599265,0.5544541496841267,0.5544541496841267,0.6394707497731077,0.6394707497731077,0.7126045750646038,0.7126045750646038,0.2884253896688761,0.2884253896688761
106,621,4799,Passeri tts,OpenSees 2-D,196.38395899664366,66.0,0.1946417078375816,1022.4274552450873,0.0525959239821405,0.0525959239821405,0.9996942539904172,0.9996942539904172,0.029109857014437125,0.029109857014437125,0.47326455571833936,0.47326455571833936,0.8242897926293006,0.8242897926293006,0.28704211442695293,0.28704211442695293,0.7225365223152028,0.7225365223152028,0.2827750551274217,0.2827750551274217,0.543600198830362,0.543600198830362,0.5261638221429714,0.5261638221429714,0.7784634119882079,0.7784634119882079,0.2865611538737656,0.2865611538737656
106,621,4799,Pretell median,OpenSees 2-D,196.38395899664366,66.0,0.1946417078375816,1022.4274552450873,0.002709749898897102,0.002709749898897102,0.9999845657135559,0.9999845657135559,0.0021168438410511053,0.0021168438410511053,0.37374275255518147,0.37374275255518147,0.9322981465976953,0.9322981465976953,0.09615954448432652,0.09615954448432652,0.6250780487180071,0.6250780487180071,0.7729450435066197,0.7729450435066197,0.399665270185111,0.399665270185111,0.43151195255815405,0.43151195255815405,0.8911971609014981,0.8911971609014981,0.1694716032544547,0.1694716032544547
106,621,4799,Pretell percentile,OpenSees 2-D,196.38395899664366,66.0,0.1946417078375816,1022.4274552450873,0.05262463049095394,0.05262463049095394,0.999546855817382,0.999546855817382,0.0226640453411009,0.0226640453411009,0.3336366057205336,0.3336366057205336,0.9101447368571922,0.9101447368571922,0.23459922155007823,0.23459922155007823,0.5285681076682284,0.5285681076682284,0.7401519113863956,0.7401519113863956,0.31949212591423026,0.31949212591423026,0.37658371639642196,0.37658371639642196,0.8812919628690513,0.8812919628690513,0.19013442640438938,0.19013442640438938
106,621,4799,Dmult,OpenSees 2-D,196.38395899664366,66.0,0.1946417078375816,1022.4274552450873,0.09857459398852932,0.09857459398852932,0.9980721259073326,0.9980721259073326,0.054244884259143256,0.054244884259143256,0.7314395079215972,0.7314395079215972,0.7025725144827313,0.7025725144827313,0.4680377754921837,0.4680377754921837,0.8766500855868111,0.8766500855868111,0.2425475343445387,0.2425475343445387,1.4410579338311584,1.4410579338311584,0.7492482168379979,0.7492482168379979,0.5826852040291329,0.5826852040291329,0.6637673189792607,0.6637673189792607
106,621,4799,Dmult p84,OpenSees 2-D,196.38395899664366,66.0,0.1946417078375816,1022.4274552450873,0.08089349077620658,0.08089349077620658,0.9988288858692765,0.9988288858692765,0.044120854522626145,0.044120854522626145,0.6862750457398054,0.6862750457398054,0.7430302483974487,0.7430302483974487,0.40479249725965993,0.40479249725965993,0.8443280775110277,0.8443280775110277,0.25874928626126026,0.25874928626126026,1.151171922463394,1.151171922463394,0.7083089854498457,0.7083089854498457,0.649136402535691,0.649136402535691,0.539790221123005,0.539790221123005
107,137,1007,GINO,OpenSees 2-D,196.04164465102485,86.0,0.11035616155713797,1463.8155449755632,0.10887162090475781,0.11576220350835595,0.9977209926726063,0.9978974057971427,0.0496358859802844,0.04966902636709558,0.15451217248399404,0.16167910032070934,0.9835798929840573,0.9847653513148482,0.09892933573456028,0.08387826298133855,0.2806270733190003,0.24018477866690446,0.9045364696659475,0.9299152566209228,0.21078769812537712,0.20286287917412554,0.1687208185654684,0.17043593628938128,0.9796547468168824,0.9797307042436153,0.12082705515734962,0.11354964583382895
107,137,1007,1D Base Case,OpenSees 2-D,196.04164465102485,86.0,0.11035616155713797,1463.8155449755632,0.042621938631250945,0.04924304013451242,0.9997161418907577,0.999705344678661,0.012806396640676948,0.015784913882208543,0.2771792072931454,0.2884643347676741,0.9407208066572392,0.938291701472651,0.15123029976552593,0.17745541144985344,0.4857673686556627,0.6004607243552369,0.7245088535069177,0.5102504128142621,0.30353984720006694,0.41637916869588765,0.29264836610524353,0.33475694629232067,0.9355210734313294,0.9133373872742069,0.15609027527391814,0.20449405233728968
107,137,1007,Toro Vs,OpenSees 2-D,196.04164465102485,86.0,0.11035616155713797,1463.8155449755632,0.071517845503269,0.071517845503269,0.9936038865840202,0.9936038865840202,0.02195058588495057,0.02195058588495057,0.5706896932232794,0.5706896932232794,0.7966246638398271,0.7966246638398271,0.28710082848761126,0.28710082848761126,0.6277695860339348,0.6277695860339348,0.4182579888424254,0.4182579888424254,0.38582316567731245,0.38582316567731245,0.5487806187401683,0.5487806187401683,0.7666300828515479,0.7666300828515479,0.22885106159307542,0.22885106159307542
107,137,1007,Passeri tts,OpenSees 2-D,196.04164465102485,86.0,0.11035616155713797,1463.8155449755632,0.04697199062526065,0.04697199062526065,0.9997555473520937,0.9997555473520937,0.015343978221808793,0.015343978221808793,0.3041283457212557,0.3041283457212557,0.9333939244328857,0.9333939244328857,0.18174126542286023,0.18174126542286023,0.599369550534152,0.599369550534152,0.5304685231976387,0.5304685231976387,0.40762239014502655,0.40762239014502655,0.3448450610943404,0.3448450610943404,0.909990500860072,0.909990500860072,0.20256060855525043,0.20256060855525043
107,137,1007,Pretell median,OpenSees 2-D,196.04164465102485,86.0,0.11035616155713797,1463.8155449755632,0.016405688490590285,0.016405688490590285,0.9999863836044881,0.9999863836044881,0.00605761460600981,0.00605761460600981,0.1991586815188196,0.1991586815188196,0.9647872077576256,0.9647872077576256,0.11882736410890991,0.11882736410890991,0.5397357240495705,0.5397357240495705,0.6896174844089056,0.6896174844089056,0.3939501304543981,0.3939501304543981,0.2634597341560146,0.2634597341560146,0.9407833469909544,0.9407833469909544,0.17565092000381574,0.17565092000381574
107,137,1007,Pretell percentile,OpenSees 2-D,196.04164465102485,86.0,0.11035616155713797,1463.8155449755632,0.03815057103197992,0.03815057103197992,0.9997952548199375,0.9997952548199375,0.009608182788075435,0.009608182788075435,0.20938270279835558,0.20938270279835558,0.9614803243311884,0.9614803243311884,0.08664141170721096,0.08664141170721096,0.4805916537236349,0.4805916537236349,0.6905202118746308,0.6905202118746308,0.39865292688216347,0.39865292688216347,0.25413184324654964,0.25413184324654964,0.9423028850513518,0.9423028850513518,0.1688838118967469,0.1688838118967469
107,137,1007,Dmult,OpenSees 2-D,196.04164465102485,86.0,0.11035616155713797,1463.8155449755632,0.2387104877557912,0.2387104877557912,0.983674791479274,0.983674791479274,0.08077882396031924,0.08077882396031924,0.6925741462324269,0.6925741462324269,0.7470189685695486,0.7470189685695486,0.5893283138463746,0.5893283138463746,0.8598643289081469,0.8598643289081469,0.3812070986084953,0.3812070986084953,1.8166818668206983,1.8166818668206983,0.6856755014952601,0.6856755014952601,0.6545102298601536,0.6545102298601536,0.8409097359272686,0.8409097359272686
107,137,1007,Dmult p84,OpenSees 2-D,196.04164465102485,86.0,0.11035616155713797,1463.8155449755632,0.18477389270000896,0.18477389270000896,0.990387027625153,0.990387027625153,0.05713252642471986,0.05713252642471986,0.6341528687972684,0.6341528687972684,0.8000064005917291,0.8000064005917291,0.4795763408036029,0.4795763408036029,0.8140166478359484,0.8140166478359484,0.4240087391307443,0.4240087391307443,1.3828574421220148,1.3828574421220148,0.6312674997159485,0.6312674997159485,0.7282702145994561,0.7282702145994561,0.6478693912324379,0.6478693912324379
108,702,5413,GINO,OpenSees 2-D,170.45071328486557,55.0,0.12199070136994124,872.6481219778424,0.06175089730984589,0.03763990258482109,0.9669524429066727,0.9815773136004234,0.050238875816700924,0.031614942241154895,0.09624241132458172,0.09137514392172377,0.9931071071796437,0.9923668406739543,0.08233528409039412,0.09822283638404056,0.3039730110086308,0.21807015291343745,0.9092634926189694,0.9499360080193231,0.24967880860383362,0.23951366159358123,0.17563266255245305,0.1338440002908659,0.9741508629085901,0.9836169619227447,0.1296717747743053,0.12436186225736981
108,702,5413,1D Base Case,OpenSees 2-D,170.45071328486557,55.0,0.12199070136994124,872.6481219778424,0.025351992138536353,0.025498852205549042,0.9998859642453036,0.9998584320444638,0.013990535180916797,0.014972302768715778,0.24939131790777924,0.24117941991133277,0.9359720850663733,0.9382780249375061,0.12568916127959176,0.12564991609239648,0.484585909624743,0.48093566989159714,0.8351344300734835,0.7880135258255483,0.307945983416474,0.3626775877741203,0.3223926019061148,0.314186475650967,0.902431814783774,0.9034232371662981,0.15038452989296433,0.16987243651771158
108,702,5413,Toro Vs,OpenSees 2-D,170.45071328486557,55.0,0.12199070136994124,872.6481219778424,0.0034371573243196234,0.0034371573243196234,0.9999462268094861,0.9999462268094861,0.003048503365295929,0.003048503365295929,0.45219216107587284,0.45219216107587284,0.873039199472238,0.873039199472238,0.19183490254771257,0.19183490254771257,0.6219891312728463,0.6219891312728463,0.625587221913547,0.625587221913547,0.36042677985341487,0.36042677985341487,0.4879946016326891,0.4879946016326891,0.8098141318677068,0.8098141318677068,0.18476681989086255,0.18476681989086255
108,702,5413,Passeri tts,OpenSees 2-D,170.45071328486557,55.0,0.12199070136994124,872.6481219778424,0.025335591447150915,0.025335591447150915,0.9998626871722371,0.9998626871722371,0.01490220209208758,0.01490220209208758,0.2375121112635062,0.2375121112635062,0.9410419010785517,0.9410419010785517,0.12519757819166866,0.12519757819166866,0.4879657076223961,0.4879657076223961,0.7902997991747558,0.7902997991747558,0.3548029947473206,0.3548029947473206,0.3150443794525918,0.3150443794525918,0.904420167656849,0.904420167656849,0.16695609235129344,0.16695609235129344
108,702,5413,Pretell median,OpenSees 2-D,170.45071328486557,55.0,0.12199070136994124,872.6481219778424,0.005409567679128964,0.005409567679128964,0.9999821882368363,0.9999821882368363,0.004038214765912186,0.004038214765912186,0.041181839058470025,0.041181839058470025,0.9985341900533872,0.9985341900533872,0.0481652638770307,0.0481652638770307,0.42365559253940793,0.42365559253940793,0.8616544207956669,0.8616544207956669,0.29784776335907537,0.29784776335907537,0.21666557387832702,0.21666557387832702,0.9556245012106307,0.9556245012106307,0.12010967150685485,0.12010967150685485
108,702,5413,Pretell percentile,OpenSees 2-D,170.45071328486557,55.0,0.12199070136994124,872.6481219778424,0.00894954088262183,0.00894954088262183,0.999989026371202,0.999989026371202,0.004715391312617121,0.004715391312617121,0.1917105698013617,0.1917105698013617,0.9959784594649111,0.9959784594649111,0.07725734525504599,0.07725734525504599,0.3700048349788219,0.3700048349788219,0.845428623451289,0.845428623451289,0.2851765212587527,0.2851765212587527,0.24493501786759697,0.24493501786759697,0.955509926876545,0.955509926876545,0.12463937297649322,0.12463937297649322
108,702,5413,Dmult,OpenSees 2-D,170.45071328486557,55.0,0.12199070136994124,872.6481219778424,0.07025404612619168,0.07025404612619168,0.9986573997785472,0.9986573997785472,0.040059846989662556,0.040059846989662556,0.6135323645652397,0.6135323645652397,0.8375655257316474,0.8375655257316474,0.3295795945674159,0.3295795945674159,0.8139100411261262,0.8139100411261262,0.620865919758062,0.620865919758062,1.4753034232295503,1.4753034232295503,0.6526940488937755,0.6526940488937755,0.6668765426066723,0.6668765426066723,0.6292510229469492,0.6292510229469492
108,702,5413,Dmult p84,OpenSees 2-D,170.45071328486557,55.0,0.12199070136994124,872.6481219778424,0.05331827195694749,0.05331827195694749,0.999235676166601,0.999235676166601,0.030152813388898855,0.030152813388898855,0.5489648139650318,0.5489648139650318,0.8724567301777204,0.8724567301777204,0.25966919425833024,0.25966919425833024,0.7639585724204765,0.7639585724204765,0.6539470774976985,0.6539470774976985,1.1359253999348842,1.1359253999348842,0.5954687979750634,0.5954687979750634,0.7429229004736316,0.7429229004736316,0.48602813294082303,0.48602813294082303
109,287,2123,GINO,OpenSees 2-D,165.73674505789162,56.0,0.1906398642808199,1197.379760177833,0.048378840296070286,0.03772084848867443,0.9884557628035764,0.9940034501067797,0.03940299219432163,0.0341395896453688,0.2398359999700217,0.22301034048238172,0.9788810519940968,0.9827711653010159,0.15863634318342437,0.20539998537369197,0.31810062526390803,0.36777574794534523,0.8520858693855137,0.7730014487946985,0.2525439792121637,0.243868973019384,0.25085615327560024,0.25485274237813205,0.9620388297716722,0.9564338557623184,0.14977234294729722,0.15892299254477107
109,287,2123,1D Base Case,OpenSees 2-D,165.73674505789162,56.0,0.1906398642808199,1197.379760177833,0.09057300050089478,0.09891432092816799,0.9988370004331283,0.9985075113192581,0.04564097186215897,0.05255472519760477,0.5995078429587722,0.601621894006682,0.6376307105502553,0.6316904728515894,0.3808518199396162,0.4054586785547245,0.4932789268550054,0.48368125962397146,0.6735914734403996,0.7159598728702732,0.38429275741815,0.4007216203046032,0.5580998513577283,0.5594158202679,0.6828651162630462,0.6775295840186759,0.26473235122999295,0.28028432449219015
109,287,2123,Toro Vs,OpenSees 2-D,165.73674505789162,56.0,0.1906398642808199,1197.379760177833,0.06810353962617674,0.06810353962617674,0.9997331773461786,0.9997331773461786,0.03782290803994574,0.03782290803994574,0.5803157834533156,0.5803157834533156,0.7764509311173245,0.7764509311173245,0.4302370597919918,0.4302370597919918,0.5966645380789274,0.5966645380789274,0.5734867458924471,0.5734867458924471,0.45721233075692846,0.45721233075692846,0.5659842717786192,0.5659842717786192,0.7409885967743494,0.7409885967743494,0.3023334515165035,0.3023334515165035
109,287,2123,Passeri tts,OpenSees 2-D,165.73674505789162,56.0,0.1906398642808199,1197.379760177833,0.0987079214282237,0.0987079214282237,0.9985255953130256,0.9985255953130256,0.05246806995744463,0.05246806995744463,0.589637863467922,0.589637863467922,0.645009701364757,0.645009701364757,0.4042453146448293,0.4042453146448293,0.4874044508348764,0.4874044508348764,0.7212258553451915,0.7212258553451915,0.39471322481676,0.39471322481676,0.5507788385802123,0.5507788385802123,0.6874723266189855,0.6874723266189855,0.2777870475644204,0.2777870475644204
109,287,2123,Pretell median,OpenSees 2-D,165.73674505789162,56.0,0.1906398642808199,1197.379760177833,0.017755772713443054,0.017755772713443054,0.9999611797516714,0.9999611797516714,0.010925879349849475,0.010925879349849475,0.23067922780661684,0.23067922780661684,0.9837300824732919,0.9837300824732919,0.1142377250144837,0.1142377250144837,0.42297462556638277,0.42297462556638277,0.8627836609058386,0.8627836609058386,0.2995090092910848,0.2995090092910848,0.2769379548225154,0.2769379548225154,0.9583784361190263,0.9583784361190263,0.14292352852867213,0.14292352852867213
109,287,2123,Pretell percentile,OpenSees 2-D,165.73674505789162,56.0,0.1906398642808199,1197.379760177833,0.021519830205243378,0.021519830205243378,0.9998989026167366,0.9998989026167366,0.008907499651661162,0.008907499651661162,0.22605899995512851,0.22605899995512851,0.9662753108492051,0.9662753108492051,0.24286666350768438,0.24286666350768438,0.31820412620208965,0.31820412620208965,0.8425106359997466,0.8425106359997466,0.22519223019511647,0.22519223019511647,0.24217081599258056,0.24217081599258056,0.9483582387893276,0.9483582387893276,0.15479490449867747,0.15479490449867747
109,287,2123,Dmult,OpenSees 2-D,165.73674505789162,56.0,0.1906398642808199,1197.379760177833,0.15003552500796402,0.15003552500796402,0.9952484894754764,0.9952484894754764,0.08170085632366936,0.08170085632366936,0.7130589646436838,0.7130589646436838,0.6808280079887881,0.6808280079887881,0.45399856046381415,0.45399856046381415,0.8244224711695963,0.8244224711695963,0.5578460820151487,0.5578460820151487,1.7112529124565499,1.7112529124565499,0.7175403111022506,0.7175403111022506,0.5564422291019717,0.5564422291019717,0.7637333872122211,0.7637333872122211
109,287,2123,Dmult p84,OpenSees 2-D,165.73674505789162,56.0,0.1906398642808199,1197.379760177833,0.13113427963381633,0.13113427963381633,0.9966063673435572,0.9966063673435572,0.07032291821246744,0.07032291821246744,0.6725836034008887,0.6725836034008887,0.6972174242491777,0.6972174242491777,0.41884536607875184,0.41884536607875184,0.7735922455104886,0.7735922455104886,0.5946497203643754,0.5946497203643754,1.3548813181027806,1.3548813181027806,0.6756966709232056,0.6756966709232056,0.6180465569717558,0.6180465569717558,0.6244750925339623,0.6244750925339623
110,451,3598,GINO,OpenSees 2-D,206.16668648672655,60.0,0.18331621009856464,964.3904823392697,0.036948876135468434,0.04128250020793,0.9834060448638343,0.9796248592792263,0.029576872217288323,0.030979021091143602,0.2296131111302235,0.23735264875575904,0.985381201518954,0.9882346040493304,0.0724539074732925,0.06821219835003708,0.3664751705271526,0.43441805051112015,0.8963074295182981,0.8714951588956775,0.337176968032838,0.3988694792906521,0.2584993125226039,0.2861882248995343,0.9710914036891329,0.966473292242904,0.15010001632953196,0.17091063463863962
110,451,3598,1D Base Case,OpenSees 2-D,206.16668648672655,60.0,0.18331621009856464,964.3904823392697,0.0476017289673604,0.05473231171922921,0.9997410005176894,0.9996863496563271,0.02786848552709315,0.03281194066347681,0.568875782364149,0.5982868303674683,0.6919688151464279,0.6738597662432716,0.30923323751261156,0.33217832891420634,0.7311150019381771,0.8029948025127112,0.2500000043617841,0.16368644512715128,0.5719133909839825,0.6332445995072107,0.5937371830178008,0.6366892460106256,0.6859632429133361,0.6519586861354123,0.3026936280326599,0.3327732877340025
110,451,3598,Toro Vs,OpenSees 2-D,206.16668648672655,60.0,0.18331621009856464,964.3904823392697,0.03861213421019116,0.03861213421019116,0.9999563281051085,0.9999563281051085,0.023737355333628366,0.023737355333628366,0.6620759656592063,0.6620759656592063,0.7414633296675041,0.7414633296675041,0.3281041653931079,0.3281041653931079,0.768200672297515,0.768200672297515,0.49415412333321884,0.49415412333321884,0.46916601728772533,0.46916601728772533,0.6745704107150738,0.6745704107150738,0.7141645905565914,0.7141645905565914,0.2709474300354062,0.2709474300354062
110,451,3598,Passeri tts,OpenSees 2-D,206.16668648672655,60.0,0.18331621009856464,964.3904823392697,0.05464066991634183,0.05464066991634183,0.9996904810308532,0.9996904810308532,0.03276632713417221,0.03276632713417221,0.5937616882065855,0.5937616882065855,0.6861762869082598,0.6861762869082598,0.33125087582005197,0.33125087582005197,0.7971478027450127,0.7971478027450127,0.1831555385490266,0.1831555385490266,0.6222330019424558,0.6222330019424558,0.6319337214364027,0.6319337214364027,0.6633527650663867,0.6633527650663867,0.32862502792283543,0.32862502792283543
110,451,3598,Pretell median,OpenSees 2-D,206.16668648672655,60.0,0.18331621009856464,964.3904823392697,0.015860738439605074,0.015860738439605074,0.9999894186463454,0.9999894186463454,0.009808041334471175,0.009808041334471175,0.38662359481116554,0.38662359481116554,0.9437757676188421,0.9437757676188421,0.11119631167110504,0.11119631167110504,0.6038769215664971,0.6038769215664971,0.8007301567478273,0.8007301567478273,0.3456994301491776,0.3456994301491776,0.43474261910421724,0.43474261910421724,0.9127184608623576,0.9127184608623576,0.1577865085206086,0.1577865085206086
110,451,3598,Pretell percentile,OpenSees 2-D,206.16668648672655,60.0,0.18331621009856464,964.3904823392697,0.009567979311894785,0.009567979311894785,0.9999546490164593,0.9999546490164593,0.0045899974399525876,0.0045899974399525876,0.34126045654320236,0.34126045654320236,0.9052453934007093,0.9052453934007093,0.18796113821818122,0.18796113821818122,0.543583412622239,0.543583412622239,0.7862438503915623,0.7862438503915623,0.3719396185564716,0.3719396185564716,0.38678404287482626,0.38678404287482626,0.8847388435389595,0.8847388435389595,0.18817370706420283,0.18817370706420283
110,451,3598,Dmult,OpenSees 2-D,206.16668648672655,60.0,0.18331621009856464,964.3904823392697,0.08096701100527942,0.08096701100527942,0.9989461944283888,0.9989461944283888,0.0489260941101381,0.0489260941101381,0.755477996940132,0.755477996940132,0.6766046000195252,0.6766046000195252,0.4189491301640509,0.4189491301640509,0.8590007600668758,0.8590007600668758,0.45851847373514776,0.45851847373514776,1.0180987530975483,1.0180987530975483,0.7657237228579555,0.7657237228579555,0.6061424813943479,0.6061424813943479,0.4991434355719055,0.4991434355719055
110,451,3598,Dmult p84,OpenSees 2-D,206.16668648672655,60.0,0.18331621009856464,964.3904823392697,0.07034836123654402,0.07034836123654402,0.9992874675869243,0.9992874675869243,0.04224560605845051,0.04224560605845051,0.7185254142201427,0.7185254142201427,0.6972404717407458,0.6972404717407458,0.3793969157633589,0.3793969157633589,0.8343699405768444,0.8343699405768444,0.4335273508841227,0.4335273508841227,0.7585297093887293,0.7585297093887293,0.7323170139653117,0.7323170139653117,0.6500617314182379,0.6500617314182379,0.39409043513552056,0.39409043513552056
111,528,4098,GINO,OpenSees 2-D,156.93329174337424,57.0,0.20968070961534976,1044.7896507387577,0.04895762227969194,0.04305945474333755,0.9935091146766979,0.9952496714139021,0.040410340605570534,0.041679378171910496,0.2443186294960816,0.1946924530698281,0.9567692737961006,0.9692024877150911,0.20294067818382472,0.18833701404342396,0.3227432828038618,0.41960561333256413,0.859022340404423,0.7819711478719498,0.30565408421411044,0.40654106899069814,0.2448548810915534,0.22344422677585893,0.9499170449552269,0.9574088017144862,0.18200475214203576,0.2133782607199402
111,528,4098,1D Base Case,OpenSees 2-D,156.93329174337424,57.0,0.20968070961534976,1044.7896507387577,0.1680558957314008,0.1690109184233913,0.995415448196589,0.9953238674520436,0.0745554624860149,0.076042750530773,0.7237550259474751,0.722652457422849,0.4901556161608835,0.4904793051381261,0.4560370443753458,0.46831895180492455,0.445893536171941,0.302623673725768,0.6966668207911483,0.8659704795121039,0.3483412578545157,0.3058893696438087,0.6470444987908142,0.6416956519217375,0.5879388993440288,0.6057186704488724,0.2848249654317895,0.2741719276025809
111,528,4098,Toro Vs,OpenSees 2-D,156.93329174337424,57.0,0.20968070961534976,1044.7896507387577,0.12357074776978498,0.12357074776978498,0.9988678892238508,0.9988678892238508,0.05648452867390338,0.05648452867390338,0.5266178303741933,0.5266178303741933,0.7228645921890569,0.7228645921890569,0.475878666517736,0.475878666517736,0.4924587657044143,0.4924587657044143,0.5984086642015876,0.5984086642015876,0.40433682574602536,0.40433682574602536,0.4915743611069507,0.4915743611069507,0.7617851765932265,0.7617851765932265,0.30405107400229586,0.30405107400229586
111,528,4098,Passeri tts,OpenSees 2-D,156.93329174337424,57.0,0.20968070961534976,1044.7896507387577,0.16868520847509108,0.16868520847509108,0.9953726009366342,0.9953726009366342,0.07591781256669564,0.07591781256669564,0.7022484538021015,0.7022484538021015,0.5034292755048103,0.5034292755048103,0.4667853359957548,0.4667853359957548,0.3067375688119119,0.3067375688119119,0.8623398439772604,0.8623398439772604,0.30744321313696243,0.30744321313696243,0.6244420384366522,0.6244420384366522,0.6160889122634537,0.6160889122634537,0.2742119597950068,0.2742119597950068
111,528,4098,Pretell median,OpenSees 2-D,156.93329174337424,57.0,0.20968070961534976,1044.7896507387577,0.0024310836386062054,0.0024310836386062054,0.9999888504943637,0.9999888504943637,0.00184029653531906,0.00184029653531906,0.13652178159092598,0.13652178159092598,0.98525322141155,0.98525322141155,0.0718348250013105,0.0718348250013105,0.2901887341015529,0.2901887341015529,0.9216558496406471,0.9216558496406471,0.23822086354939442,0.23822086354939442,0.15543627260473425,0.15543627260473425,0.9797199173728388,0.9797199173728388,0.10557185353004285,0.10557185353004285
111,528,4098,Pretell percentile,OpenSees 2-D,156.93329174337424,57.0,0.20968070961534976,1044.7896507387577,0.10155723322472973,0.10155723322472973,0.9985568503969215,0.9985568503969215,0.03274042020801245,0.03274042020801245,0.3863745049236948,0.3863745049236948,0.9686190157035207,0.9686190157035207,0.25681149582631035,0.25681149582631035,0.28757820702713255,0.28757820702713255,0.9203490917730318,0.9203490917730318,0.3251456098293595,0.3251456098293595,0.35307743427007715,0.35307743427007715,0.9653796204613021,0.9653796204613021,0.20230355926097332,0.20230355926097332
111,528,4098,Dmult,OpenSees 2-D,156.93329174337424,57.0,0.20968070961534976,1044.7896507387577,0.23607436724251465,0.23607436724251465,0.9877259219891058,0.9877259219891058,0.11353894083619884,0.11353894083619884,0.6683548998266025,0.6683548998266025,0.5994933020197416,0.5994933020197416,0.48930766796786723,0.48930766796786723,0.7423379582636959,0.7423379582636959,0.6026716562222656,0.6026716562222656,1.3359006964824507,1.3359006964824507,0.641854342996952,0.641854342996952,0.6268529455399738,0.6268529455399738,0.6540961734518875,0.6540961734518875
111,528,4098,Dmult p84,OpenSees 2-D,156.93329174337424,57.0,0.20968070961534976,1044.7896507387577,0.21251725042145111,0.21251725042145111,0.9906476329592491,0.9906476329592491,0.09924548773060393,0.09924548773060393,0.6315234660162911,0.6315234660162911,0.6073763116896296,0.6073763116896296,0.46546477645163364,0.46546477645163364,0.6680328997615972,0.6680328997615972,0.6403411971402388,0.6403411971402388,0.9722304873679714,0.9722304873679714,0.6015413319938617,0.6015413319938617,0.6608177598118435,0.6608177598118435,0.5146560242199915,0.5146560242199915
112,300,2281,GINO,OpenSees 2-D,201.82716843861007,48.0,0.25982750616967676,1020.4178397178567,0.07274471103792127,0.08657716913039583,0.768531646515734,0.5503685208830486,0.05605053772890952,0.0703273117309033,0.2961739659839813,0.3297756145590782,0.9160744290886229,0.9162591523106126,0.15303564063302308,0.12566754113556453,0.4236328671169591,0.36611772441621576,0.7376217661264619,0.8600142151383707,0.3523079482631822,0.33005969326182943,0.33709375962092497,0.33705133044759594,0.8674154476747274,0.8374658955417704,0.188836162287139,0.17783571408812582
112,300,2281,1D Base Case,OpenSees 2-D,201.82716843861007,48.0,0.25982750616967676,1020.4178397178567,0.026240599504207134,0.010119743880828745,0.9998996389068857,0.9999773242716514,0.01220954778567322,0.005938925974131256,0.6128644837377951,0.6023349815186788,0.750311463252462,0.8004030170061868,0.27236494784183957,0.2284610214125724,0.5034788505421873,0.5202062510275728,0.6988291781957398,0.7509732166790858,0.4000242149642943,0.5297826660024813,0.5551288068243951,0.5445361023147757,0.7180251144597294,0.6781192515451615,0.22599130131504047,0.2560408636155861
112,300,2281,Toro Vs,OpenSees 2-D,201.82716843861007,48.0,0.25982750616967676,1020.4178397178567,0.0019082212193211542,0.0019082212193211542,0.9999920851395238,0.9999920851395238,0.00140428669670685,0.00140428669670685,0.08731898086023432,0.08731898086023432,0.9848739967843452,0.9848739967843452,0.07437130899216494,0.07437130899216494,0.6241918542797378,0.6241918542797378,0.6685243838719719,0.6685243838719719,0.5071669283200839,0.5071669283200839,0.4265787866894313,0.4265787866894313,0.7195042436809845,0.7195042436809845,0.20031131795352627,0.20031131795352627
112,300,2281,Passeri tts,OpenSees 2-D,201.82716843861007,48.0,0.25982750616967676,1020.4178397178567,0.01008014181913924,0.01008014181913924,0.9999777889323317,0.9999777889323317,0.005918128836457963,0.005918128836457963,0.5653556141177623,0.5653556141177623,0.815027097309264,0.815027097309264,0.22459371741939313,0.22459371741939313,0.5253974666551767,0.5253974666551767,0.7564307029482092,0.7564307029482092,0.5233616499428465,0.5233616499428465,0.5276898367063602,0.5276898367063602,0.684540914464422,0.684540914464422,0.2526260377985745,0.2526260377985745
112,300,2281,Pretell median,OpenSees 2-D,201.82716843861007,48.0,0.25982750616967676,1020.4178397178567,0.014183476172621895,0.014183476172621895,0.9999423541630748,0.9999423541630748,0.009676058979140045,0.009676058979140045,0.24922965940702152,0.24922965940702152,0.9167130548246053,0.9167130548246053,0.2264910046399854,0.2264910046399854,0.4886939186082146,0.4886939186082146,0.8949967373290932,0.8949967373290932,0.44705859514973817,0.44705859514973817,0.3726773948972282,0.3726773948972282,0.7957803829443543,0.7957803829443543,0.227804430337103,0.227804430337103
112,300,2281,Pretell percentile,OpenSees 2-D,201.82716843861007,48.0,0.25982750616967676,1020.4178397178567,0.053009898074328,0.053009898074328,0.9995565934919326,0.9995565934919326,0.03298254844782586,0.03298254844782586,0.9710109785618436,0.9710109785618436,0.9537586123824847,0.9537586123824847,0.3650525080125898,0.3650525080125898,0.30184256632704004,0.30184256632704004,0.8750734824521886,0.8750734824521886,0.2529291001547361,0.2529291001547361,0.7003953485986604,0.7003953485986604,0.8025867695380742,0.8025867695380742,0.2095848294146736,0.2095848294146736
112,300,2281,Dmult,OpenSees 2-D,201.82716843861007,48.0,0.25982750616967676,1020.4178397178567,0.025459007193037175,0.025459007193037175,0.9998430138132098,0.9998430138132098,0.015646662576796175,0.015646662576796175,0.32135041324488217,0.32135041324488217,0.9570962642791144,0.9570962642791144,0.3023692785607718,0.3023692785607718,0.7956203626114279,0.7956203626114279,0.491537164380578,0.491537164380578,1.231014781312171,1.231014781312171,0.5821810126373499,0.5821810126373499,0.5577729329587416,0.5577729329587416,0.52704228892937,0.52704228892937
112,300,2281,Dmult p84,OpenSees 2-D,201.82716843861007,48.0,0.25982750616967676,1020.4178397178567,0.019143313145046265,0.019143313145046265,0.9999126679615655,0.9999126679615655,0.011535923620483744,0.011535923620483744,0.24610386541913312,0.24610386541913312,0.9437774984207757,0.9437774984207757,0.2314743013388202,0.2314743013388202,0.7479490627429668,0.7479490627429668,0.596038512476697,0.596038512476697,1.0087623127082619,1.0087623127082619,0.5337748492053411,0.5337748492053411,0.6225607115043477,0.6225607115043477,0.4265466731167071,0.4265466731167071
113,752,5806,GINO,OpenSees 2-D,208.1984151323765,49.0,0.19699224289506673,1164.1921994601685,0.13088640377438066,0.09044262537612391,0.5670066892142354,0.7849269624746567,0.10160720082608793,0.06675147442285613,0.31994824263617794,0.29438390056116687,0.9307590522910869,0.9441932484060789,0.1517659235257724,0.18298648829713732,0.4214386349446401,0.41177425737734225,0.6961038585792112,0.6111165883927905,0.3090562372258204,0.2758312048370809,0.34000463320695073,0.3123214436859068,0.8936782699281054,0.9179896319473483,0.1892619803758996,0.17479988423011913
113,752,5806,1D Base Case,OpenSees 2-D,208.1984151323765,49.0,0.19699224289506673,1164.1921994601685,0.00309818824363969,0.0036275788066737185,0.9999771331698314,0.9999969445012837,0.0020412725826334946,0.0022813955528314697,0.16676115416375184,0.13024435549252208,0.9905349991971643,0.9922906805929615,0.049646357798575715,0.03760476807411288,0.5201343058229778,0.4518587592545461,0.5884551117007459,0.5418429198426745,0.3787314881886343,0.3370613437240848,0.28495527813493177,0.22232025421936652,0.9400473105811328,0.9582324539688579,0.14816437360951645,0.1300513891691545
113,752,5806,Toro Vs,OpenSees 2-D,208.1984151323765,49.0,0.19699224289506673,1164.1921994601685,0.011872504648527779,0.011872504648527779,0.999969968954401,0.999969968954401,0.007298112036606758,0.007298112036606758,0.49720134418593626,0.49720134418593626,0.8313453226645051,0.8313453226645051,0.17926657338223442,0.17926657338223442,0.5029924509607313,0.5029924509607313,0.4000403069123089,0.4000403069123089,0.33560184518988134,0.33560184518988134,0.4858866595972896,0.4858866595972896,0.8212258803558723,0.8212258803558723,0.17379495704394116,0.17379495704394116
113,752,5806,Passeri tts,OpenSees 2-D,208.1984151323765,49.0,0.19699224289506673,1164.1921994601685,0.0036656195197828276,0.0036656195197828276,0.9999969672564514,0.9999969672564514,0.0023019651292936357,0.0023019651292936357,0.1552439120400939,0.1552439120400939,0.9890465910080415,0.9890465910080415,0.03980219742570751,0.03980219742570751,0.448097303705611,0.448097303705611,0.5480810587644098,0.5480810587644098,0.33274402656758983,0.33274402656758983,0.23311132891414232,0.23311132891414232,0.9560738162430185,0.9560738162430185,0.12920675632162149,0.12920675632162149
113,752,5806,Pretell median,OpenSees 2-D,208.1984151323765,49.0,0.19699224289506673,1164.1921994601685,0.0018013479225764465,0.0018013479225764465,0.9999960249389802,0.9999960249389802,0.0011888517985256188,0.0011888517985256188,0.07606975330444883,0.07606975330444883,0.9944000853282962,0.9944000853282962,0.03555454362530654,0.03555454362530654,0.3624439025849726,0.3624439025849726,0.6929638215644977,0.6929638215644977,0.27052734094160896,0.27052734094160896,0.1668437124937444,0.1668437124937444,0.9729957004819731,0.9729957004819731,0.10576703054663908,0.10576703054663908
113,752,5806,Pretell percentile,OpenSees 2-D,208.1984151323765,49.0,0.19699224289506673,1164.1921994601685,0.009388703158886595,0.009388703158886595,0.9999940227036577,0.9999940227036577,0.005931615634293297,0.005931615634293297,0.30285524251101337,0.30285524251101337,0.9847519609785687,0.9847519609785687,0.14456394531691802,0.14456394531691802,0.4890777767588473,0.4890777767588473,0.6997074190585351,0.6997074190585351,0.3083014950560937,0.3083014950560937,0.3368128847015139,0.3368128847015139,0.965129331899667,0.965129331899667,0.15335077233671085,0.15335077233671085
113,752,5806,Dmult,OpenSees 2-D,208.1984151323765,49.0,0.19699224289506673,1164.1921994601685,0.011015132733819079,0.011015132733819079,0.9999331616754917,0.9999331616754917,0.007336247317256989,0.007336247317256989,0.6063025098448491,0.6063025098448491,0.8811548188019609,0.8811548188019609,0.2585893939735619,0.2585893939735619,0.7240074500511611,0.7240074500511611,0.2650707913132885,0.2650707913132885,0.9839589501111163,0.9839589501111163,0.6143086210968344,0.6143086210968344,0.7471297755162952,0.7471297755162952,0.4245301372919993,0.4245301372919993
113,752,5806,Dmult p84,OpenSees 2-D,208.1984151323765,49.0,0.19699224289506673,1164.1921994601685,0.004961121430554715,0.004961121430554715,0.9999732549422479,0.9999732549422479,0.003351661350738343,0.003351661350738343,0.5391445910883799,0.5391445910883799,0.9103735739510583,0.9103735739510583,0.18858297012102299,0.18858297012102299,0.6608664188698383,0.6608664188698383,0.3700973594979738,0.3700973594979738,0.754761757675604,0.754761757675604,0.5498710087484634,0.5498710087484634,0.8202399585626826,0.8202399585626826,0.3219145876955268,0.3219145876955268
114,622,4804,GINO,OpenSees 2-D,122.11753911182528,48.0,0.29356732629239557,1216.6388992532566,0.12384795996754187,0.08160586941879822,0.9895518345201231,0.9881887314543601,0.07065505583137303,0.06332273977147793,0.6209489517875038,0.4089289647248261,0.8225408132338986,0.8581955783327319,0.23322713825473207,0.21050573085835378,0.44819037583491367,0.23546307793612734,0.7667716385809032,0.8566708364044912,0.44131168794054954,0.24176892677162728,0.5202036536807271,0.3308518445310206,0.8246218977183392,0.8857061732614683,0.24915650179659257,0.169933802547593
114,622,4804,1D Base Case,OpenSees 2-D,122.11753911182528,48.0,0.29356732629239557,1216.6388992532566,0.29177854269741765,0.23634187132902687,0.993983029222331,0.9960004459336805,0.11975869921907904,0.09841874997725236,0.750849670686643,0.7319882540982543,0.5848910765351051,0.7185271513724049,0.39670082184991656,0.3328063707443572,0.6295642508891286,0.43659842421429756,0.21615328022168856,0.3697820783280282,0.5540083793281746,0.3820231575452855,0.6536100180366283,0.6009982659308014,0.6173633529433412,0.7287628202779858,0.3548287240465137,0.26799657885619543
114,622,4804,Toro Vs,OpenSees 2-D,122.11753911182528,48.0,0.29356732629239557,1216.6388992532566,0.16633739903916778,0.16633739903916778,0.9989309304490562,0.9989309304490562,0.07132535393914924,0.07132535393914924,0.3059144714100459,0.3059144714100459,0.8611301677476524,0.8611301677476524,0.30340142359034405,0.30340142359034405,0.4046416919397378,0.4046416919397378,0.4161559794647696,0.4161559794647696,0.35281961748697277,0.35281961748697277,0.30062371864990967,0.30062371864990967,0.8518864045643876,0.8518864045643876,0.2394711670762459,0.2394711670762459
114,622,4804,Passeri tts,OpenSees 2-D,122.11753911182528,48.0,0.29356732629239557,1216.6388992532566,0.2357690042278352,0.2357690042278352,0.9960576244229826,0.9960576244229826,0.09822122165415495,0.09822122165415495,0.6915549754060571,0.6915549754060571,0.7342665330333988,0.7342665330333988,0.32837747557199626,0.32837747557199626,0.4320210505815482,0.4320210505815482,0.37542704254664705,0.37542704254664705,0.3769499041453207,0.3769499041453207,0.5715500452770472,0.5715500452770472,0.7411794025556928,0.7411794025556928,0.26482313670141533,0.26482313670141533
114,622,4804,Pretell median,OpenSees 2-D,122.11753911182528,48.0,0.29356732629239557,1216.6388992532566,0.16929176002641613,0.16929176002641613,0.9902733443269588,0.9902733443269588,0.03526150876721995,0.03526150876721995,0.34123584512248956,0.34123584512248956,0.9033832601172386,0.9033832601172386,0.15733615880098267,0.15733615880098267,0.42230078217246525,0.42230078217246525,0.791342895743796,0.791342895743796,0.4792386799432363,0.4792386799432363,0.3264932316750103,0.3264932316750103,0.9044926637422908,0.9044926637422908,0.22727591368895447,0.22727591368895447
114,622,4804,Pretell percentile,OpenSees 2-D,122.11753911182528,48.0,0.29356732629239557,1216.6388992532566,0.5521235936651625,0.5521235936651625,0.9751926278657672,0.9751926278657672,0.10823322382872017,0.10823322382872017,0.8177645579583841,0.8177645579583841,0.9315836171255318,0.9315836171255318,0.3270434640470813,0.3270434640470813,0.24489679395732622,0.24489679395732622,0.8111598255711003,0.8111598255711003,0.26899524188237345,0.26899524188237345,0.6892259897939428,0.6892259897939428,0.9280103762938162,0.9280103762938162,0.23014300221300715,0.23014300221300715
114,622,4804,Dmult,OpenSees 2-D,122.11753911182528,48.0,0.29356732629239557,1216.6388992532566,0.3362930635174169,0.3362930635174169,0.984116500320975,0.984116500320975,0.1522839120873929,0.1522839120873929,0.4947153222748276,0.4947153222748276,0.7361926740647055,0.7361926740647055,0.42431018847262103,0.42431018847262103,0.8036372132755418,0.8036372132755418,0.36681909110171823,0.36681909110171823,1.8489813154882686,1.8489813154882686,0.5333349080743243,0.5333349080743243,0.6783195416200358,0.6783195416200358,0.8277358861932679,0.8277358861932679
114,622,4804,Dmult p84,OpenSees 2-D,122.11753911182528,48.0,0.29356732629239557,1216.6388992532566,0.30495096915497394,0.30495096915497394,0.9886943037766861,0.9886943037766861,0.1329307624755497,0.1329307624755497,0.4285296213836287,0.4285296213836287,0.7697085971056871,0.7697085971056871,0.3653070805276639,0.3653070805276639,0.7423831283763823,0.7423831283763823,0.3797102091265332,0.3797102091265332,1.4253823896514306,1.4253823896514306,0.47656308106360806,0.47656308106360806,0.7309722973435256,0.7309722973435256,0.6550017274027422,0.6550017274027422
115,943,7238,GINO,OpenSees 2-D,167.64043396317638,64.0,0.1769767239689827,990.086273372659,0.058554521803064356,0.05736365311248691,0.9964024871105567,0.9962668947485422,0.03620288424078732,0.04668416420740254,0.36654109524403394,0.36241040153996784,0.9167079680949203,0.9308560125985704,0.15431810592368617,0.13710031011769397,0.4131341914004934,0.43870931574737454,0.7403004105206168,0.7612512154168045,0.35151955656169626,0.37918890169053376,0.34996645819132877,0.3472701625436998,0.915106382147699,0.929507101503111,0.18199828605797505,0.1901856660995859
115,943,7238,1D Base Case,OpenSees 2-D,167.64043396317638,64.0,0.1769767239689827,990.086273372659,0.12988152957370272,0.11994234012180002,0.9970705896119505,0.9974020288590884,0.053014768133713905,0.04933064542169659,0.540492811179848,0.5102450767171761,0.7011548534116356,0.7517495953109645,0.2867973733846236,0.24347226600080377,0.48240415508644285,0.3666179652294679,0.5225241445676962,0.7274983680137596,0.37520792607228204,0.3130841858751078,0.49800157971811915,0.4591849238361477,0.7539040138943959,0.8064294651642028,0.23591715498748567,0.1998868707541227
115,943,7238,Toro Vs,OpenSees 2-D,167.64043396317638,64.0,0.1769767239689827,990.086273372659,0.05370533497772655,0.05370533497772655,0.9999329120177245,0.9999329120177245,0.025091507400964178,0.025091507400964178,0.3812186833919841,0.3812186833919841,0.8139367645718691,0.8139367645718691,0.2908684224374243,0.2908684224374243,0.4906892772786163,0.4906892772786163,0.3905617943001699,0.3905617943001699,0.39888810814243814,0.39888810814243814,0.3696364632612622,0.3696364632612622,0.846884673236938,0.846884673236938,0.2356533921714181,0.2356533921714181
115,943,7238,Passeri tts,OpenSees 2-D,167.64043396317638,64.0,0.1769767239689827,990.086273372659,0.11943550288436731,0.11943550288436731,0.9974522493947905,0.9974522493947905,0.04916494774465302,0.04916494774465302,0.4849773621463128,0.4849773621463128,0.7617402458711467,0.7617402458711467,0.2414076832763598,0.2414076832763598,0.3736257992494442,0.3736257992494442,0.7136783185949223,0.7136783185949223,0.3161183119833121,0.3161183119833121,0.43911043867701544,0.43911043867701544,0.8140138152910645,0.8140138152910645,0.20027144588769571,0.20027144588769571
115,943,7238,Pretell median,OpenSees 2-D,167.64043396317638,64.0,0.1769767239689827,990.086273372659,0.001635924988766115,0.001635924988766115,0.9999936489458776,0.9999936489458776,0.0013216927996491615,0.0013216927996491615,0.28906925634436914,0.28906925634436914,0.9384379115119132,0.9384379115119132,0.11239852940199996,0.11239852940199996,0.3503284270658244,0.3503284270658244,0.7854844863942351,0.7854844863942351,0.2994048673917663,0.2994048673917663,0.27652230091477886,0.27652230091477886,0.9360773460964451,0.9360773460964451,0.1389738548875954,0.1389738548875954
115,943,7238,Pretell percentile,OpenSees 2-D,167.64043396317638,64.0,0.1769767239689827,990.086273372659,0.0720770066577086,0.0720770066577086,0.999479635746925,0.999479635746925,0.025496747021009215,0.025496747021009215,0.5646290110255869,0.5646290110255869,0.9320579176944748,0.9320579176944748,0.1717716570105307,0.1717716570105307,0.38414735682541246,0.38414735682541246,0.8207265616542136,0.8207265616542136,0.3991023452440668,0.3991023452440668,0.5044095564836191,0.5044095564836191,0.9295557484425199,0.9295557484425199,0.20014117939593584,0.20014117939593584
115,943,7238,Dmult,OpenSees 2-D,167.64043396317638,64.0,0.1769767239689827,990.086273372659,0.2051865096312374,0.2051865096312374,0.9893847966617905,0.9893847966617905,0.09166581600135064,0.09166581600135064,0.5702286841384385,0.5702286841384385,0.7051353054028076,0.7051353054028076,0.4022292625286228,0.4022292625286228,0.7702357807314735,0.7702357807314735,0.33856359443739187,0.33856359443739187,1.3894876516843953,1.3894876516843953,0.5631879877480642,0.5631879877480642,0.7141139215937625,0.7141139215937625,0.6390724924485981,0.6390724924485981
115,943,7238,Dmult p84,OpenSees 2-D,167.64043396317638,64.0,0.1769767239689827,990.086273372659,0.17594903797934075,0.17594903797934075,0.9925744339992936,0.9925744339992936,0.07557385275194489,0.07557385275194489,0.5072635641400435,0.5072635641400435,0.7434104459582526,0.7434104459582526,0.3332793286420451,0.3332793286420451,0.6988291069256004,0.6988291069256004,0.39574843350461325,0.39574843350461325,1.0103834318362197,1.0103834318362197,0.5029008047003352,0.5029008047003352,0.767498672960715,0.767498672960715,0.4800688481984712,0.4800688481984712
116,195,1448,GINO,OpenSees 2-D,281.2500529528118,23.0,0.2492096997797489,980.2784046669706,0.12553198420398554,0.0905776933190903,0.2353861350907302,0.2613834926106734,0.10161335302839987,0.07121426868252737,0.08068616483606958,0.09395719965890967,0.9640628811181903,0.9813947137021107,0.06398338617802016,0.08689262690486856,0.4747146846640172,0.4620082223759759,0.8498808130151645,0.8435357457857183,0.36953414267761914,0.39807709652343753,0.4602651010305006,0.44232251771703446,0.8724883288885996,0.8684231041245389,0.1840966393505127,0.19031976589354827
116,195,1448,1D Base Case,OpenSees 2-D,281.2500529528118,23.0,0.2492096997797489,980.2784046669706,0.005830994743363132,0.006074673625065565,0.9995306672099483,0.9999110657492782,0.004270658216418453,0.004693062778685494,0.1831149789680391,0.18799430648433335,0.9958271221654816,0.9950004953999949,0.09677120678766801,0.10656819296115821,0.8504945824221201,0.8761900767176815,0.28899397384936354,0.06692231495497783,0.6944671828478044,0.7973553189337748,0.8242157869514563,0.8384307040863898,0.43592792394497254,0.2729212101724007,0.2735896064087785,0.3126873914877086
116,195,1448,Toro Vs,OpenSees 2-D,281.2500529528118,23.0,0.2492096997797489,980.2784046669706,0.005390234300915442,0.005390234300915442,0.9999160441015263,0.9999160441015263,0.0041820109208569045,0.0041820109208569045,0.16297652432068355,0.16297652432068355,0.9973115578188829,0.9973115578188829,0.09165044424490436,0.09165044424490436,0.7324121833488717,0.7324121833488717,0.35017067962708703,0.35017067962708703,0.6317333258257462,0.6317333258257462,0.7009233776689903,0.7009233776689903,0.5228377875658319,0.5228377875658319,0.2500655011347824,0.2500655011347824
116,195,1448,Passeri tts,OpenSees 2-D,281.2500529528118,23.0,0.2492096997797489,980.2784046669706,0.0060725821506643326,0.0060725821506643326,0.9999111165428305,0.9999111165428305,0.00469152468119464,0.00469152468119464,0.18783217147724446,0.18783217147724446,0.9950282836572935,0.9950282836572935,0.10648326315987058,0.10648326315987058,0.8656662073497132,0.8656662073497132,0.07426287203807228,0.07426287203807228,0.7935996308222913,0.7935996308222913,0.8283867774807564,0.8283867774807564,0.2817461117196772,0.2817461117196772,0.31134688337418126,0.31134688337418126
116,195,1448,Pretell median,OpenSees 2-D,281.2500529528118,23.0,0.2492096997797489,980.2784046669706,0.0026256514217734965,0.0026256514217734965,0.9999253028747088,0.9999253028747088,0.0021138459779814337,0.0021138459779814337,0.08502759809612907,0.08502759809612907,0.9993073719351905,0.9993073719351905,0.04411413007134946,0.04411413007134946,0.6321974844752887,0.6321974844752887,0.5649070565121701,0.5649070565121701,0.5116114421738742,0.5116114421738742,0.6044366895984646,0.6044366895984646,0.6613159773376684,0.6613159773376684,0.19303808987455434,0.19303808987455434
116,195,1448,Pretell percentile,OpenSees 2-D,281.2500529528118,23.0,0.2492096997797489,980.2784046669706,0.0003114508542048001,0.0003114508542048001,0.9999329936511514,0.9999329936511514,0.0002448106773902028,0.0002448106773902028,0.01446585576416783,0.01446585576416783,0.9999447300521765,0.9999447300521765,0.0056446917786715034,0.0056446917786715034,0.8171440421715391,0.8171440421715391,0.5287656824356194,0.5287656824356194,0.6205747881324928,0.6205747881324928,0.7808372418980652,0.7808372418980652,0.6369256823253693,0.6369256823253693,0.2189802671170605,0.2189802671170605
116,195,1448,Dmult,OpenSees 2-D,281.2500529528118,23.0,0.2492096997797489,980.2784046669706,0.0069496689651407035,0.0069496689651407035,0.999905516681799,0.999905516681799,0.005348230836592951,0.005348230836592951,0.21222140106624002,0.21222140106624002,0.9927085397718185,0.9927085397718185,0.12292940967037107,0.12292940967037107,0.7898635914938346,0.7898635914938346,0.22824933516425816,0.22824933516425816,0.6545086695008631,0.6545086695008631,0.7564276190245507,0.7564276190245507,0.41352307214195927,0.41352307214195927,0.26782873801922097,0.26782873801922097
116,195,1448,Dmult p84,OpenSees 2-D,281.2500529528118,23.0,0.2492096997797489,980.2784046669706,0.006546530654632129,0.006546530654632129,0.9999080884337094,0.9999080884337094,0.005046218054188791,0.005046218054188791,0.201548215180392,0.201548215180392,0.9937410890213999,0.9937410890213999,0.11554086143891248,0.11554086143891248,0.787575940637531,0.787575940637531,0.19292336174428143,0.19292336174428143,0.6850570403045194,0.6850570403045194,0.7540827793000054,0.7540827793000054,0.3884136847183451,0.3884136847183451,0.27619839885722164,0.27619839885722164
117,34,303,GINO,OpenSees 2-D,221.92468400044476,84.0,0.19287578146904705,983.2750932902787,0.0432514829047898,0.030404837495166093,0.9947482910115656,0.9960082748559301,0.0327260234230047,0.02744434457986533,0.27182846737395255,0.3455169283801873,0.9670822429358195,0.952402403426974,0.11688504481199806,0.09906000901648498,0.4184231568528693,0.40556150373962935,0.7129336873633216,0.5732192449468201,0.3097996698214257,0.2989942554316022,0.28653004475211546,0.33956000443274575,0.9531226069419878,0.949268435914558,0.15494950607915006,0.14397151270895914
117,34,303,1D Base Case,OpenSees 2-D,221.92468400044476,84.0,0.19287578146904705,983.2750932902787,0.07158231380898981,0.07032251735835654,0.9992858079120879,0.9992858099611995,0.03173173744658523,0.03161504523780156,0.42935365220222044,0.4445896339418663,0.7977826664497896,0.7795052314873521,0.26305014187836556,0.25597676665313407,0.593426037981282,0.44430823703692335,0.3589683595315852,0.4252009030946961,0.43234091141974706,0.42125766319930313,0.4399618465484706,0.4278854264070936,0.8105381190978753,0.8163141401952567,0.24134046966672598,0.23529847794892683
117,34,303,Toro Vs,OpenSees 2-D,221.92468400044476,84.0,0.19287578146904705,983.2750932902787,0.010907655830489768,0.010907655830489768,0.9997388958902506,0.9997388958902506,0.008546388168819691,0.008546388168819691,0.5638041384898906,0.5638041384898906,0.7157383645858566,0.7157383645858566,0.32595226384375253,0.32595226384375253,0.4553158476295028,0.4553158476295028,0.1994022287163204,0.1994022287163204,0.42132783692919545,0.42132783692919545,0.531010927126022,0.531010927126022,0.7638408607744342,0.7638408607744342,0.24824165793743103,0.24824165793743103
117,34,303,Passeri tts,OpenSees 2-D,221.92468400044476,84.0,0.19287578146904705,983.2750932902787,0.06983741553235437,0.06983741553235437,0.9993104949454326,0.9993104949454326,0.031457541429369906,0.031457541429369906,0.4403916675317677,0.4403916675317677,0.7852173767305461,0.7852173767305461,0.2556649312335362,0.2556649312335362,0.4414856435176614,0.4414856435176614,0.41859425287222013,0.41859425287222013,0.4184019658878679,0.4184019658878679,0.4240012535501626,0.4240012535501626,0.8211452898622997,0.8211452898622997,0.2341503069310941,0.2341503069310941
117,34,303,Pretell median,OpenSees 2-D,221.92468400044476,84.0,0.19287578146904705,983.2750932902787,0.004830598461671518,0.004830598461671518,0.9999854482506477,0.9999854482506477,0.0015930024623308928,0.0015930024623308928,0.2635374859262946,0.2635374859262946,0.9301016878622173,0.9301016878622173,0.09194928884461925,0.09194928884461925,0.3463793253255945,0.3463793253255945,0.6863379174000006,0.6863379174000006,0.2972946074572763,0.2972946074572763,0.2639262807201153,0.2639262807201153,0.9377217988421475,0.9377217988421475,0.1321954501252483,0.1321954501252483
117,34,303,Pretell percentile,OpenSees 2-D,221.92468400044476,84.0,0.19287578146904705,983.2750932902787,0.08484091548953646,0.08484091548953646,0.9989555586215472,0.9989555586215472,0.03011900013286433,0.03011900013286433,0.4004614490416947,0.4004614490416947,0.9183591280363161,0.9183591280363161,0.19638984177558994,0.19638984177558994,0.292074065131622,0.292074065131622,0.704675735363204,0.704675735363204,0.22759967437992787,0.22759967437992787,0.37512246166564245,0.37512246166564245,0.9320893398027754,0.9320893398027754,0.14911848861215427,0.14911848861215427
117,34,303,Dmult,OpenSees 2-D,221.92468400044476,84.0,0.19287578146904705,983.2750932902787,0.1384209148629474,0.1384209148629474,0.9955383898551569,0.9955383898551569,0.06362700912534397,0.06362700912534397,0.6750535651899383,0.6750535651899383,0.6549648962794742,0.6549648962794742,0.47434108709081946,0.47434108709081946,0.7747896258453046,0.7747896258453046,0.18393714867736669,0.18393714867736669,1.5372082838355317,1.5372082838355317,0.6620656412641298,0.6620656412641298,0.6464017731939816,0.6464017731939816,0.7025946786635524,0.7025946786635524
117,34,303,Dmult p84,OpenSees 2-D,221.92468400044476,84.0,0.19287578146904705,983.2750932902787,0.11266694352902047,0.11266694352902047,0.9972600494541476,0.9972600494541476,0.050576581445212404,0.050576581445212404,0.6217255464299911,0.6217255464299911,0.7034876339430495,0.7034876339430495,0.3943806664894328,0.3943806664894328,0.7078480074886615,0.7078480074886615,0.22163126024114274,0.22163126024114274,1.1748563225302493,1.1748563225302493,0.6088222150374837,0.6088222150374837,0.7110378963789137,0.7110378963789137,0.5472157163382415,0.5472157163382415
118,286,2121,GINO,OpenSees 2-D,165.73674505789162,56.0,0.1906398642808199,1197.379760177833,0.04491012521023825,0.030390312778633546,0.9864470285908059,0.9898605567078369,0.0374201291358883,0.02621167860865081,0.12490847142795883,0.0888827159867582,0.9907226189296127,0.9919083924653804,0.09263534728380857,0.09409906163389023,0.3822888027784434,0.27850089713074305,0.8345288320018431,0.8879139745854099,0.3436890970408663,0.2691255251401652,0.23268596585856477,0.15914436255448297,0.9510742396476501,0.9732749122394297,0.16117883334700667,0.13159773980225264
118,286,2121,1D Base Case,OpenSees 2-D,165.73674505789162,56.0,0.1906398642808199,1197.379760177833,0.03721913634800979,0.030707218112317063,0.9998209927990634,0.9998640269570794,0.017410337222347794,0.015550101891549031,0.29066741675988084,0.25300475121434374,0.9270770923711096,0.930763954300123,0.15052104177406095,0.12940996682388284,0.5791819554398805,0.4791609278163409,0.7192333643629008,0.7335795813826698,0.4186884087510794,0.3725766993998483,0.39372654568990323,0.3196608245040337,0.8624716126768145,0.8945587344625553,0.1977908736229178,0.17466737049915393
118,286,2121,Toro Vs,OpenSees 2-D,165.73674505789162,56.0,0.1906398642808199,1197.379760177833,0.004167410736042008,0.004167410736042008,0.9998729392051006,0.9998729392051006,0.0019985803286380562,0.0019985803286380562,0.42607706710082266,0.42607706710082266,0.8877589289593396,0.8877589289593396,0.20716893928520025,0.20716893928520025,0.5918184458467336,0.5918184458467336,0.6620813247261369,0.6620813247261369,0.3723157029062286,0.3723157029062286,0.4606873711217283,0.4606873711217283,0.822532252674212,0.822532252674212,0.19316068091776345,0.19316068091776345
118,286,2121,Passeri tts,OpenSees 2-D,165.73674505789162,56.0,0.1906398642808199,1197.379760177833,0.030489423223326293,0.030489423223326293,0.9998694728966319,0.9998694728966319,0.015463446651388896,0.015463446651388896,0.24285328215436805,0.24285328215436805,0.9352846417969157,0.9352846417969157,0.12860383702657163,0.12860383702657163,0.482027569620503,0.482027569620503,0.7424525015101562,0.7424525015101562,0.3631207942154372,0.3631207942154372,0.3154417491592793,0.3154417491592793,0.8976079700272017,0.8976079700272017,0.17108563541136063,0.17108563541136063
118,286,2121,Pretell median,OpenSees 2-D,165.73674505789162,56.0,0.1906398642808199,1197.379760177833,0.0015503987993661496,0.0015503987993661496,0.9999993314371008,0.9999993314371008,0.0007962969147652359,0.0007962969147652359,0.05235648920453771,0.05235648920453771,0.99711807887127,0.99711807887127,0.0343176591988417,0.0343176591988417,0.3264286754325948,0.3264286754325948,0.9052039693128874,0.9052039693128874,0.22093109744194675,0.22093109744194675,0.17101740086803643,0.17101740086803643,0.9709402282690652,0.9709402282690652,0.0878998857845017,0.0878998857845017
118,286,2121,Pretell percentile,OpenSees 2-D,165.73674505789162,56.0,0.1906398642808199,1197.379760177833,0.027685071059356584,0.027685071059356584,0.9999036404579916,0.9999036404579916,0.013885228241147646,0.013885228241147646,0.29987289096877645,0.29987289096877645,0.9889042003465851,0.9889042003465851,0.13824253203164716,0.13824253203164716,0.2746739346827542,0.2746739346827542,0.8867511768302463,0.8867511768302463,0.19453314980067682,0.19453314980067682,0.282782053141896,0.282782053141896,0.9648093243805671,0.9648093243805671,0.11441919192413269,0.11441919192413269
118,286,2121,Dmult,OpenSees 2-D,165.73674505789162,56.0,0.1906398642808199,1197.379760177833,0.08478551959902103,0.08478551959902103,0.9982365383466351,0.9982365383466351,0.04469623301761362,0.04469623301761362,0.6007383307287801,0.6007383307287801,0.8446349989106795,0.8446349989106795,0.33872500629823765,0.33872500629823765,0.8138844113668899,0.8138844113668899,0.6534871399884339,0.6534871399884339,1.6404847382360956,1.6404847382360956,0.6431891779082659,0.6431891779082659,0.6606479504033301,0.6606479504033301,0.6914308418282695,0.6914308418282695
118,286,2121,Dmult p84,OpenSees 2-D,165.73674505789162,56.0,0.1906398642808199,1197.379760177833,0.06478714455923616,0.06478714455923616,0.9990193716419575,0.9990193716419575,0.03331829490641171,0.03331829490641171,0.5340353384897129,0.5340353384897129,0.87887181743257,0.87887181743257,0.2615307862485351,0.2615307862485351,0.7620206773856201,0.7620206773856201,0.6794352592334157,0.6794352592334157,1.2841131438823261,1.2841131438823261,0.5844060815521457,0.5844060815521457,0.7387529098209774,0.7387529098209774,0.5395602394506188,0.5395602394506188
119,314,2405,GINO,OpenSees 2-D,315.09864889594195,34.0,0.2778384046629071,1225.8340206974456,0.19466546670365412,0.3080473686548761,-0.019959090590437465,-0.24192746467775775,0.10616711082145047,0.13292963616260461,0.14329231121582534,0.13829392224119044,0.9910231006374262,0.996435515328143,0.07027609263543867,0.06920354596918805,0.5266295438326143,0.3565644589453964,0.8567369737756824,0.8987616083440904,0.32038866889376816,0.21626943444720303,0.48694129002681413,0.3359736370610625,0.8672459792603702,0.9095498155315727,0.17037735069095813,0.1429807385041891
119,314,2405,1D Base Case,OpenSees 2-D,315.09864889594195,34.0,0.2778384046629071,1225.8340206974456,0.004575588594299597,0.001227063197113325,0.9997348461814999,0.9998842200612243,0.0024471259511184497,0.0009065805394648417,0.39354563438640006,0.098160406938572,0.9881312577815707,0.9992785523403915,0.07023435862865039,0.03620671694073863,0.5840162009709122,0.29322427683111363,0.7713504526165806,0.9220218794196309,0.4251937540439828,0.2988300163994735,0.5538212571691316,0.2706670861272988,0.8153992315822869,0.9348133421691237,0.17074461558688056,0.11576982401085002
119,314,2405,Toro Vs,OpenSees 2-D,315.09864889594195,34.0,0.2778384046629071,1225.8340206974456,0.00023965488780350742,0.00023965488780350742,0.9998891565702783,0.9998891565702783,0.00018507627341262772,0.00018507627341262772,0.03499850805739357,0.03499850805739357,0.9971331549356647,0.9971331549356647,0.008548434249443612,0.008548434249443612,0.49207654649656735,0.49207654649656735,0.8631484671869737,0.8631484671869737,0.3440826680312375,0.3440826680312375,0.45079928967354443,0.45079928967354443,0.8782146489168056,0.8782146489168056,0.12305824078146063,0.12305824078146063
119,314,2405,Passeri tts,OpenSees 2-D,315.09864889594195,34.0,0.2778384046629071,1225.8340206974456,0.0012231713184533992,0.0012231713184533992,0.9998842725920651,0.9998842725920651,0.0009038323819506359,0.0009038323819506359,0.09641263301467522,0.09641263301467522,0.9993412623943662,0.9993412623943662,0.035768736862607356,0.035768736862607356,0.2903294789638573,0.2903294789638573,0.926267279313436,0.926267279313436,0.2961830051540312,0.2961830051540312,0.26796135420564493,0.26796135420564493,0.9390179224409323,0.9390179224409323,0.11471101419637583,0.11471101419637583
119,314,2405,Pretell median,OpenSees 2-D,315.09864889594195,34.0,0.2778384046629071,1225.8340206974456,0.002182430407607053,0.002182430407607053,0.9998911359083779,0.9998911359083779,0.0016313869659419391,0.0016313869659419391,0.19293644048674002,0.19293644048674002,0.9960643302386345,0.9960643302386345,0.04895870304779602,0.04895870304779602,0.3424533191463511,0.3424533191463511,0.8740440181149347,0.8740440181149347,0.3026871835199127,0.3026871835199127,0.320630487620939,0.320630487620939,0.9001756508628025,0.9001756508628025,0.12119911058438794,0.12119911058438794
119,314,2405,Pretell percentile,OpenSees 2-D,315.09864889594195,34.0,0.2778384046629071,1225.8340206974456,0.007415470053854987,0.007415470053854987,0.9998962610193783,0.9998962610193783,0.005435265595260434,0.005435265595260434,0.9163958893659274,0.9163958893659274,0.9772170512358025,0.9772170512358025,0.18043675713470664,0.18043675713470664,0.5854027920849061,0.5854027920849061,0.8870602848918099,0.8870602848918099,0.4320370789891873,0.4320370789891873,0.6227365348049009,0.6227365348049009,0.9095248323753297,0.9095248323753297,0.20724634774496867,0.20724634774496867
119,314,2405,Dmult,OpenSees 2-D,315.09864889594195,34.0,0.2778384046629071,1225.8340206974456,0.00247364616509099,0.00247364616509099,0.9998792172400969,0.9998792172400969,0.0018066276487194578,0.0018066276487194578,0.19500698193154015,0.19500698193154015,0.9930788443583759,0.9930788443583759,0.07248659007304045,0.07248659007304045,0.5422635412324875,0.5422635412324875,0.8876466786699433,0.8876466786699433,0.5293610821348556,0.5293610821348556,0.501153906303722,0.501153906303722,0.8964223355343015,0.8964223355343015,0.2076546754461634,0.2076546754461634
119,314,2405,Dmult p84,OpenSees 2-D,315.09864889594195,34.0,0.2778384046629071,1225.8340206974456,0.0018712141133706795,0.0018712141133706795,0.9998817034085996,0.9998817034085996,0.0013717502604229004,0.0013717502604229004,0.1561285253876652,0.1561285253876652,0.996261395512941,0.996261395512941,0.056225715566715524,0.056225715566715524,0.4661374537482553,0.4661374537482553,0.9108837925514911,0.9108837925514911,0.43696192081692226,0.43696192081692226,0.4302819769192957,0.4302819769192957,0.9224214316344538,0.9224214316344538,0.17028449954708547,0.17028449954708547
120,970,7462,GINO,OpenSees 2-D,182.334163431289,37.0,0.14598082564771175,953.0458050240453,0.08904808084938823,0.05877566033912752,0.6842241786593076,0.8120117145080068,0.06522158637983748,0.03984673963046591,0.20184446791622385,0.12100866044581624,0.9785565937186814,0.993454526548856,0.09604172600572225,0.07144267272051977,0.4495140680269622,0.28391689753436006,0.8074556851710568,0.9378881227206107,0.3137034112102686,0.27726304102644894,0.26504514080214525,0.16606634964561603,0.9508519116355717,0.9813988126241285,0.1614362669582538,0.13242122504607612
120,970,7462,1D Base Case,OpenSees 2-D,182.334163431289,37.0,0.14598082564771175,953.0458050240453,0.014269900582501622,0.01474782947513869,0.9999383263320241,0.9999546165866408,0.008444490736965671,0.010239788485052059,0.48658802892101,0.3852906876386668,0.7892341912041351,0.8241742646639907,0.2304923830381212,0.2309970486022566,0.4480070600846815,0.49049976069080087,0.7542196678166608,0.6334253254349163,0.25175800664017445,0.32484262222334026,0.4661961418460216,0.3995723292313986,0.816319655238285,0.8347848309950112,0.16021858899343538,0.1865779583286143
120,970,7462,Toro Vs,OpenSees 2-D,182.334163431289,37.0,0.14598082564771175,953.0458050240453,0.00938645754154282,0.00938645754154282,0.9999881726729607,0.9999881726729607,0.006656317417259436,0.006656317417259436,0.43328914408184555,0.43328914408184555,0.8803029643260548,0.8803029643260548,0.22769114757441186,0.22769114757441186,0.5744739566881046,0.5744739566881046,0.6054454518758363,0.6054454518758363,0.3415965492247248,0.3415965492247248,0.45517172720552795,0.45517172720552795,0.8487843635691444,0.8487843635691444,0.19019584759701808,0.19019584759701808
120,970,7462,Passeri tts,OpenSees 2-D,182.334163431289,37.0,0.14598082564771175,953.0458050240453,0.014725636181537695,0.014725636181537695,0.9999550679883691,0.9999550679883691,0.010226013711448372,0.010226013711448372,0.37022250048902655,0.37022250048902655,0.834497394087482,0.834497394087482,0.22957999591343414,0.22957999591343414,0.4876784277794639,0.4876784277794639,0.6471903209613286,0.6471903209613286,0.319392609537539,0.319392609537539,0.38811003009882294,0.38811003009882294,0.8431093135751376,0.8431093135751376,0.18424051691117588,0.18424051691117588
120,970,7462,Pretell median,OpenSees 2-D,182.334163431289,37.0,0.14598082564771175,953.0458050240453,0.005187643060949288,0.005187643060949288,0.9999919497683574,0.9999919497683574,0.003755445482544089,0.003755445482544089,0.11596024505375323,0.11596024505375323,0.9943228825187054,0.9943228825187054,0.060149550993123614,0.060149550993123614,0.48544202145301846,0.48544202145301846,0.6630220968007027,0.6630220968007027,0.28674937188788185,0.28674937188788185,0.24139939277256775,0.24139939277256775,0.9498118630114817,0.9498118630114817,0.11972155137758617,0.11972155137758617
120,970,7462,Pretell percentile,OpenSees 2-D,182.334163431289,37.0,0.14598082564771175,953.0458050240453,0.00533160156151321,0.00533160156151321,0.9999946637914319,0.9999946637914319,0.003311622453994311,0.003311622453994311,0.33684663730303466,0.33684663730303466,0.9796282394449526,0.9796282394449526,0.18010627488509645,0.18010627488509645,0.49286826343462636,0.49286826343462636,0.6291201280709028,0.6291201280709028,0.31030751230544323,0.31030751230544323,0.3662214370661753,0.3662214370661753,0.9385674796902509,0.9385674796902509,0.16379857963133207,0.16379857963133207
120,970,7462,Dmult,OpenSees 2-D,182.334163431289,37.0,0.14598082564771175,953.0458050240453,0.02592477889281391,0.02592477889281391,0.9998421922185629,0.9998421922185629,0.017940417609685844,0.017940417609685844,0.5979621744275231,0.5979621744275231,0.8363805462025643,0.8363805462025643,0.3512841943405235,0.3512841943405235,0.7491551081529589,0.7491551081529589,0.2834896617320631,0.2834896617320631,0.804250582689221,0.804250582689221,0.6171098099577627,0.6171098099577627,0.7235666056020109,0.7235666056020109,0.39315210840677445,0.39315210840677445
120,970,7462,Dmult p84,OpenSees 2-D,182.334163431289,37.0,0.14598082564771175,953.0458050240453,0.02138200065486854,0.02138200065486854,0.9998949439427327,0.9998949439427327,0.014782606094466504,0.014782606094466504,0.5374134776723145,0.5374134776723145,0.8513154227592374,0.8513154227592374,0.29733156545826245,0.29733156545826245,0.6966456767374819,0.6966456767374819,0.4223026276071518,0.4223026276071518,0.6155836217764299,0.6155836217764299,0.5604945330063075,0.5604945330063075,0.7846550464853199,0.7846550464853199,0.3098276493922925,0.3098276493922925
121,547,4244,GINO,OpenSees 2-D,187.79583946249005,97.0,0.29614019449800255,1092.3489382008888,0.31472827195257297,0.36634166548399943,0.8968279758910298,0.8600660266637875,0.1259486510645038,0.1257314074828022,0.4746246558684089,0.3935466444685649,0.7695003826779582,0.8478433316091473,0.2672898945134199,0.25970016627765613,0.5352716207192447,0.524761344528926,0.6925419977728259,0.6833190132587981,0.9025187033303346,0.6502224185122687,0.38072012226495344,0.3912795475532399,0.8597201669819918,0.8512552327934523,0.44015054239221946,0.3494938889815717
121,547,4244,1D Base Case,OpenSees 2-D,187.79583946249005,97.0,0.29614019449800255,1092.3489382008888,0.7304167020346194,0.7345127311269675,0.43112274191297867,0.42631563776297837,0.2916477773085007,0.2904570064798378,0.9271538921011192,0.9281190849373165,0.22413411638401542,0.2240530598998864,0.5017931763826712,0.49804242768702633,0.6371656447748754,0.6650835686451961,0.4878183575578666,0.372528836878096,0.639908992341961,0.5213465432308665,0.7596417246345588,0.7641445382029115,0.42777655511976576,0.43079597896947114,0.47658282229246296,0.4335439707048545
121,547,4244,Toro Vs,OpenSees 2-D,187.79583946249005,97.0,0.29614019449800255,1092.3489382008888,0.5214201094458049,0.5214201094458049,0.7766779161225207,0.7766779161225207,0.2110828020828318,0.2110828020828318,0.7086989364845545,0.7086989364845545,0.2303643949223076,0.2303643949223076,0.48044914343662626,0.48044914343662626,0.6096377073411536,0.6096377073411536,0.6422233130132471,0.6422233130132471,0.47522424003019836,0.47522424003019836,0.5675273349542486,0.5675273349542486,0.6658979209419268,0.6658979209419268,0.38434220777054845,0.38434220777054845
121,547,4244,Passeri tts,OpenSees 2-D,187.79583946249005,97.0,0.29614019449800255,1092.3489382008888,0.7127036612028229,0.7127036612028229,0.4443773921957595,0.4443773921957595,0.28759609630094185,0.28759609630094185,0.9235489779367526,0.9235489779367526,0.22688729479867706,0.22688729479867706,0.49746281911312246,0.49746281911312246,0.6568444094180798,0.6568444094180798,0.39864857958887434,0.39864857958887434,0.5164343882995941,0.5164343882995941,0.747361759648496,0.747361759648496,0.44259291757577734,0.44259291757577734,0.43064951534412427,0.43064951534412427
121,547,4244,Pretell median,OpenSees 2-D,187.79583946249005,97.0,0.29614019449800255,1092.3489382008888,0.06779520588455744,0.06779520588455744,0.9960231927780611,0.9960231927780611,0.018353696610176187,0.018353696610176187,0.3807230789729941,0.3807230789729941,0.8856564967861466,0.8856564967861466,0.0950076006779127,0.0950076006779127,0.5105086160703132,0.5105086160703132,0.77713702476714,0.77713702476714,0.3928455091968256,0.3928455091968256,0.23755223001327852,0.23755223001327852,0.9491850414487859,0.9491850414487859,0.1724220022358244,0.1724220022358244
121,547,4244,Pretell percentile,OpenSees 2-D,187.79583946249005,97.0,0.29614019449800255,1092.3489382008888,0.32516610122201073,0.32516610122201073,0.9882769257607511,0.9882769257607511,0.09646191874400623,0.09646191874400623,0.31680357370541734,0.31680357370541734,0.8756411618492765,0.8756411618492765,0.16464792895974983,0.16464792895974983,0.5256728101592633,0.5256728101592633,0.7083669718048604,0.7083669718048604,0.529128769749164,0.529128769749164,0.3512565127406073,0.3512565127406073,0.9421772893735904,0.9421772893735904,0.26835111966053454,0.26835111966053454
121,547,4244,Dmult,OpenSees 2-D,187.79583946249005,97.0,0.29614019449800255,1092.3489382008888,0.6577427730506974,0.6577427730506974,0.700087322384227,0.700087322384227,0.31922951564749025,0.31922951564749025,0.7010774442832133,0.7010774442832133,0.11833442753385447,0.11833442753385447,0.42412839048981366,0.42412839048981366,0.8318177552984747,0.8318177552984747,0.7232284637322381,0.7232284637322381,1.7266365261059304,1.7266365261059304,0.6862221185323177,0.6862221185323177,0.5593516681794671,0.5593516681794671,0.8432916317606414,0.8432916317606414
121,547,4244,Dmult p84,OpenSees 2-D,187.79583946249005,97.0,0.29614019449800255,1092.3489382008888,0.6289112305520247,0.6289112305520247,0.6673113272819923,0.6673113272819923,0.29392805518720344,0.29392805518720344,0.7027059986569884,0.7027059986569884,0.15833078667748313,0.15833078667748313,0.4174347202894501,0.4174347202894501,0.7805366962284698,0.7805366962284698,0.6962603955604422,0.6962603955604422,1.2082912774231047,1.2082912774231047,0.6599776428561366,0.6599776428561366,0.5685998322843815,0.5685998322843815,0.6510071825004429,0.6510071825004429
122,333,2574,GINO,OpenSees 2-D,246.08046267776467,92.0,0.24687292855232953,1118.5697265269964,0.09096644622989515,0.09010809034245791,0.9867958179338572,0.9872071791340223,0.060822714979706025,0.06615118369868239,0.47811639160909764,0.48388478018503817,0.8217439766839343,0.8161289404959787,0.25501906366960625,0.26095721424393864,0.45837883598991463,0.46373332742974394,0.6173914651487598,0.707114241543133,0.4209448187408398,0.3451356230859315,0.45900204143865375,0.4645009948710638,0.8461442794380635,0.8355144400653769,0.24512435590307285,0.22223754664779644
122,333,2574,1D Base Case,OpenSees 2-D,246.08046267776467,92.0,0.24687292855232953,1118.5697265269964,0.1289207994096845,0.1279505102689781,0.9978207794277222,0.9977702061474254,0.05736270987492538,0.05796106935756503,0.6005074548784202,0.590776224246562,0.6144527927815207,0.6319288592260953,0.42794967928601985,0.38932758718464827,0.6411291832802966,0.7045176083771592,0.24702469993286844,0.08927149152458029,0.4767383552639742,0.5011918731338678,0.5816069331170735,0.5856972141163117,0.6797790818142418,0.6646217986453585,0.3153202765844208,0.31250180602739597
122,333,2574,Toro Vs,OpenSees 2-D,246.08046267776467,92.0,0.24687292855232953,1118.5697265269964,0.07123824414096096,0.07123824414096096,0.9999466486105573,0.9999466486105573,0.03582005505649089,0.03582005505649089,0.6056049442964813,0.6056049442964813,0.7449401431804524,0.7449401431804524,0.31930213863144563,0.31930213863144563,0.6426911412810217,0.6426911412810217,0.22164239446522613,0.22164239446522613,0.44321307134237553,0.44321307134237553,0.588706206290461,0.588706206290461,0.7499751762145392,0.7499751762145392,0.26345223582903693,0.26345223582903693
122,333,2574,Passeri tts,OpenSees 2-D,246.08046267776467,92.0,0.24687292855232953,1118.5697265269964,0.12753122986920618,0.12753122986920618,0.9978105800880407,0.9978105800880407,0.05781441121649964,0.05781441121649964,0.581263218902567,0.581263218902567,0.6453880890645298,0.6453880890645298,0.3864646931652373,0.3864646931652373,0.6951249607630463,0.6951249607630463,0.10113597986240418,0.10113597986240418,0.4934114558189746,0.4934114558189746,0.5765741099903173,0.5765741099903173,0.6765590411832728,0.6765590411832728,0.3088684614119872,0.3088684614119872
122,333,2574,Pretell median,OpenSees 2-D,246.08046267776467,92.0,0.24687292855232953,1118.5697265269964,0.02478608580045209,0.02478608580045209,0.9998604453750467,0.9998604453750467,0.007997978580933209,0.007997978580933209,0.25552036303691467,0.25552036303691467,0.9648437525592437,0.9648437525592437,0.07874401121915534,0.07874401121915534,0.6383628258389819,0.6383628258389819,0.6750168410924586,0.6750168410924586,0.39834150683415315,0.39834150683415315,0.31907244919692906,0.31907244919692906,0.9293012952950602,0.9293012952950602,0.16584202326102682,0.16584202326102682
122,333,2574,Pretell percentile,OpenSees 2-D,246.08046267776467,92.0,0.24687292855232953,1118.5697265269964,0.13149354486310172,0.13149354486310172,0.9980090800445046,0.9980090800445046,0.04383933738188596,0.04383933738188596,0.3531950979724453,0.3531950979724453,0.9466676633226273,0.9466676633226273,0.32401924418728023,0.32401924418728023,0.5263529267547873,0.5263529267547873,0.6272879105790844,0.6272879105790844,0.34907033557088785,0.34907033557088785,0.3679648876009019,0.3679648876009019,0.9214475866573614,0.9214475866573614,0.2347241587896549,0.2347241587896549
122,333,2574,Dmult,OpenSees 2-D,246.08046267776467,92.0,0.24687292855232953,1118.5697265269964,0.1821022724141648,0.1821022724141648,0.9934998058831852,0.9934998058831852,0.08489221029206546,0.08489221029206546,0.697791212908208,0.697791212908208,0.6756146044675274,0.6756146044675274,0.46018810428479506,0.46018810428479506,0.8182207873795071,0.8182207873795071,0.1719401569140775,0.1719401569140775,1.1849567802770828,1.1849567802770828,0.6903272083349116,0.6903272083349116,0.644876068809234,0.644876068809234,0.5825035779846405,0.5825035779846405
122,333,2574,Dmult p84,OpenSees 2-D,246.08046267776467,92.0,0.24687292855232953,1118.5697265269964,0.1605902761531926,0.1605902761531926,0.9953886519967364,0.9953886519967364,0.07351404028165429,0.07351404028165429,0.6565032287734849,0.6565032287734849,0.688030723537394,0.688030723537394,0.40869339553832584,0.40869339553832584,0.7739380513908461,0.7739380513908461,0.17889501108270178,0.17889501108270178,0.8728094079681898,0.8728094079681898,0.6498753703447916,0.6498753703447916,0.6812997884416293,0.6812997884416293,0.4538212255489432,0.4538212255489432
123,182,1361,GINO,OpenSees 2-D,302.0608369062366,92.0,0.17767420541495085,1110.855400622187,0.043769998117010454,0.04272857938537796,0.972273698189791,0.9795828232365255,0.03649244070542846,0.03569499755558735,0.17744350551646182,0.21841517102468058,0.984621737083594,0.9841643287248657,0.09507841836653819,0.06841971783419552,0.33465530355243533,0.43856995056529746,0.8803895065933683,0.8246195991702959,0.2506901748581663,0.24682305276597277,0.22333668531227005,0.2887259836132804,0.9664850214363445,0.9546889716785716,0.1290374409572196,0.1194072329628047
123,182,1361,1D Base Case,OpenSees 2-D,302.0608369062366,92.0,0.17767420541495085,1110.855400622187,0.03342604307747378,0.02930523127820982,0.999822926315318,0.999817114714342,0.01889576268944275,0.01630586699293323,0.40881038375125767,0.41134410232359475,0.8266476232161272,0.8220934315173244,0.19521043776395372,0.19900126541532057,0.5969678180250031,0.6074362144195312,0.5229125169023877,0.422371030979038,0.4609665674123791,0.5218082577138251,0.4532928936570198,0.4616193418086504,0.7999691862773847,0.7838367719141109,0.22651494686482385,0.24804032327196163
123,182,1361,Toro Vs,OpenSees 2-D,302.0608369062366,92.0,0.17767420541495085,1110.855400622187,0.00949717959681561,0.00949717959681561,0.9999985834716663,0.9999985834716663,0.005895740944122632,0.005895740944122632,0.5144525083534567,0.5144525083534567,0.8297015313259142,0.8297015313259142,0.19888280227144645,0.19888280227144645,0.6431431616971729,0.6431431616971729,0.4493601030712688,0.4493601030712688,0.48788276087330573,0.48788276087330573,0.5387833814709184,0.5387833814709184,0.7658725253312212,0.7658725253312212,0.2324873163175339,0.2324873163175339
123,182,1361,Passeri tts,OpenSees 2-D,302.0608369062366,92.0,0.17767420541495085,1110.855400622187,0.02918616837636801,0.02918616837636801,0.9998209598793923,0.9998209598793923,0.016251113185433555,0.016251113185433555,0.4035260363907366,0.4035260363907366,0.8303563187142738,0.8303563187142738,0.19793093491229485,0.19793093491229485,0.6044024915400575,0.6044024915400575,0.4389082626875688,0.4389082626875688,0.5156561696999911,0.5156561696999911,0.4558010766060976,0.4558010766060976,0.7910306049171011,0.7910306049171011,0.24554682948358705,0.24554682948358705
123,182,1361,Pretell median,OpenSees 2-D,302.0608369062366,92.0,0.17767420541495085,1110.855400622187,0.0006380885949559043,0.0006380885949559043,0.9999950644311738,0.9999950644311738,0.0005325631461585488,0.0005325631461585488,0.14381033927701503,0.14381033927701503,0.9863261940048867,0.9863261940048867,0.04659580246346441,0.04659580246346441,0.38569813417889426,0.38569813417889426,0.844289694749417,0.844289694749417,0.3100080702412248,0.3100080702412248,0.23081592347628757,0.23081592347628757,0.9532297733194528,0.9532297733194528,0.1226679624246235,0.1226679624246235
123,182,1361,Pretell percentile,OpenSees 2-D,302.0608369062366,92.0,0.17767420541495085,1110.855400622187,0.016561829662051393,0.016561829662051393,0.9999807688935863,0.9999807688935863,0.009172667566383349,0.009172667566383349,0.4658815631663377,0.4658815631663377,0.9757942700136554,0.9757942700136554,0.14228207361788386,0.14228207361788386,0.31128787804276997,0.31128787804276997,0.8538909625919765,0.8538909625919765,0.25713650372781227,0.25713650372781227,0.41762190055582865,0.41762190055582865,0.9480127252263352,0.9480127252263352,0.13589283203833363,0.13589283203833363
123,182,1361,Dmult,OpenSees 2-D,302.0608369062366,92.0,0.17767420541495085,1110.855400622187,0.04738735501058991,0.04738735501058991,0.9994424459691176,0.9994424459691176,0.026655474381121532,0.026655474381121532,0.5743592121078058,0.5743592121078058,0.815963217917075,0.815963217917075,0.2579991574633429,0.2579991574633429,0.7671521437217897,0.7671521437217897,0.4554986993312292,0.4554986993312292,1.080304745321552,1.080304745321552,0.617336814778915,0.617336814778915,0.701844376692999,0.701844376692999,0.46483582413493874,0.46483582413493874
123,182,1361,Dmult p84,OpenSees 2-D,302.0608369062366,92.0,0.17767420541495085,1110.855400622187,0.03907154830499234,0.03907154830499234,0.9996360651928097,0.9996360651928097,0.021819789070558128,0.021819789070558128,0.5149725135256462,0.5149725135256462,0.8317630970458162,0.8317630970458162,0.22573804857850743,0.22573804857850743,0.7186400031636916,0.7186400031636916,0.4702940285617569,0.4702940285617569,0.8294495213507436,0.8294495213507436,0.5636839256811541,0.5636839256811541,0.7493387196481737,0.7493387196481737,0.36566567322100785,0.36566567322100785
124,49,407,GINO,OpenSees 2-D,203.70707214093707,25.0,0.13651368189603091,972.564830372619,0.12668021844148905,0.09578696159493796,0.1019498093499734,0.09587056227676134,0.09205284339399514,0.06962904240083292,0.19627450624980838,0.1632760966016983,0.978892492212159,0.9769067024181551,0.07716650705724397,0.05943480332568234,0.2817006917806969,0.24528639344636502,0.9579788385178557,0.9557178438625443,0.18889417988448404,0.19772438015092642,0.2431992270210017,0.21132541689641235,0.9590723601303951,0.9643658164109022,0.12148141026464089,0.11140413889082046
124,49,407,1D Base Case,OpenSees 2-D,203.70707214093707,25.0,0.13651368189603091,972.564830372619,0.0019548811944965095,0.0026012763355277293,0.9998443373648507,0.9998413379062485,0.0014088471565222578,0.001970985859962414,0.2880351290398363,0.3076764673513764,0.9909717298046166,0.9906145800183617,0.04802437263573153,0.06557621548177893,0.3359120576391624,0.3720235928547548,0.9145851581120726,0.8861126911183987,0.25015932614469377,0.31189771666785415,0.3085609013303679,0.34021121643786906,0.940506084533291,0.9297673555451708,0.10245617244614509,0.12952691052926948
124,49,407,Toro Vs,OpenSees 2-D,203.70707214093707,25.0,0.13651368189603091,972.564830372619,0.0010287076515763357,0.0010287076515763357,0.9998294711253204,0.9998294711253204,0.0008506528267650801,0.0008506528267650801,0.527740125243797,0.527740125243797,0.8419625674410776,0.8419625674410776,0.06896965487328899,0.06896965487328899,0.6072886702563728,0.6072886702563728,0.7574702388137277,0.7574702388137277,0.3421135409647637,0.3421135409647637,0.5650042194102401,0.5650042194102401,0.8099965434882866,0.8099965434882866,0.1407283642890218,0.1407283642890218
124,49,407,Passeri tts,OpenSees 2-D,203.70707214093707,25.0,0.13651368189603091,972.564830372619,0.002595947416661643,0.002595947416661643,0.9998412382201294,0.9998412382201294,0.001967363958776747,0.001967363958776747,0.3153902274777349,0.3153902274777349,0.9880068493047902,0.9880068493047902,0.06526760784660222,0.06526760784660222,0.38637616177096135,0.38637616177096135,0.8800918754566738,0.8800918754566738,0.31215734204963247,0.31215734204963247,0.35179592910340096,0.35179592910340096,0.9273512891253549,0.9273512891253549,0.12952392945692393,0.12952392945692393
124,49,407,Pretell median,OpenSees 2-D,203.70707214093707,25.0,0.13651368189603091,972.564830372619,0.0017333044053352872,0.0017333044053352872,0.9998374245116889,0.9998374245116889,0.0013583504808687675,0.0013583504808687675,0.2865607277700802,0.2865607277700802,0.9710056781755045,0.9710056781755045,0.036782393671512766,0.036782393671512766,0.37821509254002644,0.37821509254002644,0.8976723061153262,0.8976723061153262,0.2686041503673982,0.2686041503673982,0.33638587421998223,0.33638587421998223,0.9359445383571727,0.9359445383571727,0.10552159339834728,0.10552159339834728
124,49,407,Pretell percentile,OpenSees 2-D,203.70707214093707,25.0,0.13651368189603091,972.564830372619,0.001422384605976698,0.001422384605976698,0.999823442313377,0.999823442313377,0.0011234452152321394,0.0011234452152321394,0.2407694583607001,0.2407694583607001,0.9573915423102821,0.9573915423102821,0.06100030714493919,0.06100030714493919,0.42674834750812274,0.42674834750812274,0.8620544316881775,0.8620544316881775,0.3435619775278389,0.3435619775278389,0.35339550609407827,0.35339550609407827,0.9119305082201957,0.9119305082201957,0.1389399901035566,0.1389399901035566
124,49,407,Dmult,OpenSees 2-D,203.70707214093707,25.0,0.13651368189603091,972.564830372619,0.005820254598590259,0.005820254598590259,0.999855872395691,0.999855872395691,0.004229236418361768,0.004229236418361768,0.6498976350618261,0.6498976350618261,0.8803806825307358,0.8803806825307358,0.19842599841427816,0.19842599841427816,0.7095222542374016,0.7095222542374016,0.6870951828430012,0.6870951828430012,0.5589696684859924,0.5589696684859924,0.6731467107512866,0.6731467107512866,0.7649478005750462,0.7649478005750462,0.25664741624080734,0.25664741624080734
124,49,407,Dmult p84,OpenSees 2-D,203.70707214093707,25.0,0.13651368189603091,972.564830372619,0.004463097276931986,0.004463097276931986,0.9998505624234464,0.9998505624234464,0.0032742594067256578,0.0032742594067256578,0.5973981579508195,0.5973981579508195,0.9058079047955199,0.9058079047955199,0.1578007426831025,0.1578007426831025,0.6567199686890045,0.6567199686890045,0.7445349118601883,0.7445349118601883,0.4629306703984631,0.4629306703984631,0.6214116756787293,0.6214116756787293,0.8185174498775186,0.8185174498775186,0.2105119482367468,0.2105119482367468
125,518,4037,GINO,OpenSees 2-D,241.78790053246294,28.0,0.28760730028152465,1162.1503850759352,0.1349167337448896,0.14517533805002303,0.22083217641794728,-0.024323116674088808,0.1004963506940632,0.10169410864151468,0.24476478111178587,0.043850338187633654,0.9613142863074025,0.9974502757703663,0.0830502950617727,0.05914566154886615,0.48550407055260414,0.3631364927493651,0.8259583113780911,0.8066199104414393,0.40217649122574783,0.3007593195390217,0.35249958737013315,0.26145332559436973,0.8864297375073024,0.9077235849312063,0.20085058319046561,0.1586023983278476
125,518,4037,1D Base Case,OpenSees 2-D,241.78790053246294,28.0,0.28760730028152465,1162.1503850759352,0.008521414258230988,0.004652868496815232,0.999887214349012,0.9999485010711008,0.00563832553362492,0.0033089925997377453,0.37523328491107116,0.20806928175241754,0.9275516491812171,0.9637530585510062,0.175425171486858,0.1130423264946975,0.8864788478195985,0.7902402842667668,0.8127309732581635,0.7520132937286856,0.39433632840057686,0.3104860833245498,0.6146858564688558,0.5743219757515822,0.7020718415028578,0.76119245509796,0.19261868032302804,0.1437409745219099
125,518,4037,Toro Vs,OpenSees 2-D,241.78790053246294,28.0,0.28760730028152465,1162.1503850759352,0.0032164500779217928,0.0032164500779217928,0.9999561715493311,0.9999561715493311,0.0022598054102896344,0.0022598054102896344,0.1426313796790322,0.1426313796790322,0.9988948430180751,0.9988948430180751,0.07344557605921906,0.07344557605921906,0.4030597939796859,0.4030597939796859,0.6790396268656266,0.6790396268656266,0.31845893862494723,0.31845893862494723,0.29935280729835484,0.29935280729835484,0.8521993256324721,0.8521993256324721,0.13428523323009864,0.13428523323009864
125,518,4037,Passeri tts,OpenSees 2-D,241.78790053246294,28.0,0.28760730028152465,1162.1503850759352,0.004648183029405757,0.004648183029405757,0.9999485797715825,0.9999485797715825,0.0033056666630078245,0.0033056666630078245,0.2067104036806664,0.2067104036806664,0.9631602916982592,0.9631602916982592,0.11251671545506071,0.11251671545506071,0.7533770148926687,0.7533770148926687,0.753382815614924,0.753382815614924,0.3107682654143421,0.3107682654143421,0.5488225797606262,0.5488225797606262,0.7685731019209718,0.7685731019209718,0.1436808908635907,0.1436808908635907
125,518,4037,Pretell median,OpenSees 2-D,241.78790053246294,28.0,0.28760730028152465,1162.1503850759352,0.005801177778720895,0.005801177778720895,0.9999699143841586,0.9999699143841586,0.00427772528802874,0.00427772528802874,0.33050179593084605,0.33050179593084605,0.968293416542007,0.968293416542007,0.12653495404496348,0.12653495404496348,0.35940616804986053,0.35940616804986053,0.8865699799348685,0.8865699799348685,0.3288885401356325,0.3288885401356325,0.3319999604668699,0.3319999604668699,0.8534991977456857,0.8534991977456857,0.15456867911177047,0.15456867911177047
125,518,4037,Pretell percentile,OpenSees 2-D,241.78790053246294,28.0,0.28760730028152465,1162.1503850759352,0.013623744069794507,0.013623744069794507,0.9999626361165458,0.9999626361165458,0.00987239457559735,0.00987239457559735,1.1778470301758015,1.1778470301758015,0.9684840999268508,0.9684840999268508,0.33357084508343093,0.33357084508343093,0.4045027247491937,0.4045027247491937,0.8670443939699257,0.8670443939699257,0.23614775449353254,0.23614775449353254,0.8140440781419286,0.8140440781419286,0.8839756438141937,0.8839756438141937,0.18617830569922472,0.18617830569922472
125,518,4037,Dmult,OpenSees 2-D,241.78790053246294,28.0,0.28760730028152465,1162.1503850759352,0.0069668786766675485,0.0069668786766675485,0.9999359589669209,0.9999359589669209,0.005010604624819792,0.005010604624819792,0.3701119798586565,0.3701119798586565,0.9931263912027973,0.9931263912027973,0.1892595551465627,0.1892595551465627,0.4883540239830708,0.4883540239830708,0.6023676395393535,0.6023676395393535,0.40871387864879893,0.40871387864879893,0.4200157391082353,0.4200157391082353,0.7500438705506574,0.7500438705506574,0.20158143568973533,0.20158143568973533
125,518,4037,Dmult p84,OpenSees 2-D,241.78790053246294,28.0,0.28760730028152465,1162.1503850759352,0.005951843913441875,0.005951843913441875,0.9999417107137513,0.9999417107137513,0.004263046071419413,0.004263046071419413,0.3148979038156305,0.3148979038156305,0.9906873935969646,0.9906873935969646,0.160125922860545,0.160125922860545,0.4510584770412401,0.4510584770412401,0.6581466412952187,0.6581466412952187,0.35730290007541443,0.35730290007541443,0.3782653057610077,0.3782653057610077,0.7798996807892569,0.7798996807892569,0.17458585800955534,0.17458585800955534
126,102,794,GINO,OpenSees 2-D,150.74890620553055,45.0,0.24461066611111162,938.1482708592675,0.04386833958641977,0.04308467359304306,0.9807837352474325,0.9845785039184558,0.03761700436922086,0.03653145466343597,0.14622047371706984,0.22714628946937668,0.9859142596536856,0.9783911995934387,0.08184660137800967,0.12564266883670017,0.35344481017489693,0.35684392422635935,0.8826817285397064,0.8416866943295798,0.3444675227868664,0.3005445907520336,0.21410702840677265,0.24959986014777003,0.9646540495398116,0.9661296045824403,0.15828356491803344,0.1556694165464244
126,102,794,1D Base Case,OpenSees 2-D,150.74890620553055,45.0,0.24461066611111162,938.1482708592675,0.05229716919020027,0.049636665050322215,0.9996258142174851,0.9996516924601248,0.029885220039184306,0.02844591491988049,0.539919302733716,0.5506878602369706,0.6813461440787877,0.6749929860270784,0.3016505416574722,0.28563899844590573,0.6527246803116065,0.5365155235681076,0.33188246754181716,0.39556396243265474,0.5161039160239393,0.44847949308518104,0.5537290830151226,0.5280769988363848,0.6795415813969155,0.7092431260401121,0.281591360119335,0.25261559233554326
126,102,794,Toro Vs,OpenSees 2-D,150.74890620553055,45.0,0.24461066611111162,938.1482708592675,0.03168457242934406,0.03168457242934406,0.9999590679729943,0.9999590679729943,0.018671259575265296,0.018671259575265296,0.46549909512264165,0.46549909512264165,0.8148101599126023,0.8148101599126023,0.26728188564707966,0.26728188564707966,0.4994550964151096,0.4994550964151096,0.5842439985632513,0.5842439985632513,0.36457823469894035,0.36457823469894035,0.45546372444023353,0.45546372444023353,0.8123760234017597,0.8123760234017597,0.2143218886900959,0.2143218886900959
126,102,794,Passeri tts,OpenSees 2-D,150.74890620553055,45.0,0.24461066611111162,938.1482708592675,0.04953153716918657,0.04953153716918657,0.9996565339830603,0.9996565339830603,0.028395469206199814,0.028395469206199814,0.5317681314853673,0.5317681314853673,0.6877489420533885,0.6877489420533885,0.2838580639451228,0.2838580639451228,0.5246280426038151,0.5246280426038151,0.41509633986059313,0.41509633986059313,0.4363770132967023,0.4363770132967023,0.5112032026825304,0.5112032026825304,0.7209838494963459,0.7209838494963459,0.24782778805955258,0.24782778805955258
126,102,794,Pretell median,OpenSees 2-D,150.74890620553055,45.0,0.24461066611111162,938.1482708592675,0.0052482056695944196,0.0052482056695944196,0.9999873471807013,0.9999873471807013,0.002852519957110644,0.002852519957110644,0.05773072707100883,0.05773072707100883,0.9967181584950155,0.9967181584950155,0.04787570860101029,0.04787570860101029,0.3158617770454711,0.3158617770454711,0.8735323678328029,0.8735323678328029,0.23489997960687847,0.23489997960687847,0.14577618039622037,0.14577618039622037,0.9788292522123766,0.9788292522123766,0.09757608742769927,0.09757608742769927
126,102,794,Pretell percentile,OpenSees 2-D,150.74890620553055,45.0,0.24461066611111162,938.1482708592675,0.02634400788651833,0.02634400788651833,0.9998964339493306,0.9998964339493306,0.013954061409485035,0.013954061409485035,0.28376983926301036,0.28376983926301036,0.9887085146200756,0.9887085146200756,0.14766266454015847,0.14766266454015847,0.3215499275021198,0.3215499275021198,0.8427418198415281,0.8427418198415281,0.3229512300131757,0.3229512300131757,0.281294486931353,0.281294486931353,0.9731816652014182,0.9731816652014182,0.16221565135997879,0.16221565135997879
126,102,794,Dmult,OpenSees 2-D,150.74890620553055,45.0,0.24461066611111162,938.1482708592675,0.08585534639845473,0.08585534639845473,0.9984883201578031,0.9984883201578031,0.05044492104376843,0.05044492104376843,0.6321376115369135,0.6321376115369135,0.7236068278442572,0.7236068278442572,0.34067905118684827,0.34067905118684827,0.7596358771940976,0.7596358771940976,0.5674802676383204,0.5674802676383204,1.3261840378587173,1.3261840378587173,0.6363793173882484,0.6363793173882484,0.6474173860614654,0.6474173860614654,0.5840238509719244,0.5840238509719244
126,102,794,Dmult p84,OpenSees 2-D,150.74890620553055,45.0,0.24461066611111162,938.1482708592675,0.07218422107503432,0.07218422107503432,0.9990031453889789,0.9990031453889789,0.04185000646279337,0.04185000646279337,0.5829019713564539,0.5829019713564539,0.7391766388901774,0.7391766388901774,0.30621444212311855,0.30621444212311855,0.7019371009838283,0.7019371009838283,0.5675884697696651,0.5675884697696651,1.0087055717310762,1.0087055717310762,0.5870789727646077,0.5870789727646077,0.7020393470621681,0.7020393470621681,0.4595587850047899,0.4595587850047899
127,687,5308,GINO,OpenSees 2-D,141.97963791483616,19.0,0.2428702974691987,955.0877704479568,0.1661228718619361,0.1485509666795954,0.23609946625475944,0.07369147256354436,0.12601644766356618,0.11038005986701263,0.27597177630549025,0.24514688475703553,0.9351284467233224,0.9561041174089552,0.1372718411488306,0.11145869740153,0.4077741219155064,0.4087499889667407,0.6943177029562323,0.7630147405116313,0.331460582162365,0.45946262171099184,0.2981555791613719,0.2625065264217755,0.9057932936305297,0.9533947712790022,0.2012985127837251,0.23288254777276057
127,687,5308,1D Base Case,OpenSees 2-D,141.97963791483616,19.0,0.2428702974691987,955.0877704479568,0.014087608001833977,0.020513924337635586,0.9997905585891687,0.9997967240836205,0.009939051239514869,0.015363568453160866,0.7741099158805482,0.8290989961627059,0.39326687659085796,0.2207846558444672,0.36413374730061154,0.47764957423938553,0.737915376295819,0.9025713001606449,0.27011166068365167,0.0786164541811093,0.5058639859461644,0.684671992688588,0.7482702942095115,0.8227319693400669,0.4673184456679883,0.317235108018753,0.28977118720517114,0.38830731867142776
127,687,5308,Toro Vs,OpenSees 2-D,141.97963791483616,19.0,0.2428702974691987,955.0877704479568,0.018560947490098692,0.018560947490098692,0.9998287273924283,0.9998287273924283,0.013939642273276414,0.013939642273276414,0.7000171638795732,0.7000171638795732,0.5744538719320995,0.5744538719320995,0.36682606823148056,0.36682606823148056,0.7260379966495139,0.7260379966495139,0.16969536513860806,0.16969536513860806,0.6007138509368075,0.6007138509368075,0.691006680959351,0.691006680959351,0.5755707975594859,0.5755707975594859,0.3251765430929735,0.3251765430929735
127,687,5308,Passeri tts,OpenSees 2-D,141.97963791483616,19.0,0.2428702974691987,955.0877704479568,0.020507304253077993,0.020507304253077993,0.9997970397403138,0.9997970397403138,0.015358908093744548,0.015358908093744548,0.8183692837504652,0.8183692837504652,0.23267842356938706,0.23267842356938706,0.4743724975572314,0.4743724975572314,0.8942317671331319,0.8942317671331319,0.08985383341874918,0.08985383341874918,0.6824528225416677,0.6824528225416677,0.8124300038920396,0.8124300038920396,0.327373029109285,0.327373029109285,0.38654585498956373,0.38654585498956373
127,687,5308,Pretell median,OpenSees 2-D,141.97963791483616,19.0,0.2428702974691987,955.0877704479568,0.010270074665249386,0.010270074665249386,0.9998940517686453,0.9998940517686453,0.007898778403185829,0.007898778403185829,0.5582767535572203,0.5582767535572203,0.787472435075464,0.787472435075464,0.22128000671796388,0.22128000671796388,0.5714069775806224,0.5714069775806224,0.37200210713846665,0.37200210713846665,0.45545977885778316,0.45545977885778316,0.5503389468640271,0.5503389468640271,0.8080167733226925,0.8080167733226925,0.2285594970567283,0.2285594970567283
127,687,5308,Pretell percentile,OpenSees 2-D,141.97963791483616,19.0,0.2428702974691987,955.0877704479568,0.0020193313403351816,0.0020193313403351816,0.9999386931229876,0.9999386931229876,0.0018671369831774237,0.0018671369831774237,0.5110729149770756,0.5110729149770756,0.7532357198011823,0.7532357198011823,0.1750900506705341,0.1750900506705341,0.7887866715540165,0.7887866715540165,0.35416946493730656,0.35416946493730656,0.646144707015206,0.646144707015206,0.5353367849632771,0.5353367849632771,0.7736552758007293,0.7736552758007293,0.27933116060059443,0.27933116060059443
127,687,5308,Dmult,OpenSees 2-D,141.97963791483616,19.0,0.2428702974691987,955.0877704479568,0.025556173815200693,0.025556173815200693,0.9997198529913611,0.9997198529913611,0.019083945773537978,0.019083945773537978,0.7940812711395434,0.7940812711395434,0.49477259042476285,0.49477259042476285,0.47780336776857,0.47780336776857,0.7072167470705976,0.7072167470705976,0.07615553323992862,0.07615553323992862,0.6161150497336798,0.6161150497336798,0.7731072942786651,0.7731072942786651,0.4882073320302711,0.4882073320302711,0.3656606587580972,0.3656606587580972
127,687,5308,Dmult p84,OpenSees 2-D,141.97963791483616,19.0,0.2428702974691987,955.0877704479568,0.023556790738533156,0.023556790738533156,0.9997510986084058,0.9997510986084058,0.01760310133578578,0.01760310133578578,0.7761805058963936,0.7761805058963936,0.4601037586824199,0.4601037586824199,0.45565363483286625,0.45565363483286625,0.7014857375516607,0.7014857375516607,0.10122293379124564,0.10122293379124564,0.5798252105451248,0.5798252105451248,0.7565619754346611,0.7565619754346611,0.48604220155974504,0.48604220155974504,0.34579599960817853,0.34579599960817853
128,651,5038,GINO,OpenSees 2-D,214.98341347559776,85.0,0.248399880155921,913.1280400580059,0.056499046927711793,0.03241946576852492,0.9979003625144603,0.9986387579945225,0.032148707407949784,0.026499871519354623,0.30124443530017364,0.25136555909479413,0.939227992802959,0.9664005339086655,0.10924791875552742,0.073363295175966,0.5174756846750043,0.45263763647881716,0.5745228773578216,0.6680356449948913,0.41962264702618085,0.4580429195228641,0.3181340695875474,0.282990217616739,0.926063264834683,0.938472667975015,0.19089434967860391,0.19159896541756635
128,651,5038,1D Base Case,OpenSees 2-D,214.98341347559776,85.0,0.248399880155921,913.1280400580059,0.22463344588945117,0.22225690442995188,0.9923829293205227,0.9924702471890197,0.08661822667719592,0.08614288313906107,0.6669937388838189,0.6268638379702548,0.5156343294712495,0.5502342621372275,0.4267743076010659,0.4068719825027829,0.6567796081878867,0.6561314818136579,0.10971651373999573,0.0800147562732239,0.5275718986324529,0.6307315917065777,0.6295949651567293,0.5985116401218586,0.5978250337820848,0.6038954224673495,0.34299883613869686,0.37296766094680844
128,651,5038,Toro Vs,OpenSees 2-D,214.98341347559776,85.0,0.248399880155921,913.1280400580059,0.14770224815353755,0.14770224815353755,0.9978401285725711,0.9978401285725711,0.05813107166859072,0.05813107166859072,0.5260143791000093,0.5260143791000093,0.7253215804813777,0.7253215804813777,0.3897261753568285,0.3897261753568285,0.6091250656412281,0.6091250656412281,0.33797706471954725,0.33797706471954725,0.5516098098873877,0.5516098098873877,0.5121932565769038,0.5121932565769038,0.7437094720407795,0.7437094720407795,0.33032716115164096,0.33032716115164096
128,651,5038,Passeri tts,OpenSees 2-D,214.98341347559776,85.0,0.248399880155921,913.1280400580059,0.22162208679391537,0.22162208679391537,0.9925807647746445,0.9925807647746445,0.08593699575361398,0.08593699575361398,0.6091601405767567,0.6091601405767567,0.5641494486133337,0.5641494486133337,0.40205231444185674,0.40205231444185674,0.6514368571235198,0.6514368571235198,0.09724227274265863,0.09724227274265863,0.6243391259119915,0.6243391259119915,0.5844906942941255,0.5844906942941255,0.615880257650932,0.615880257650932,0.36921233691551897,0.36921233691551897
128,651,5038,Pretell median,OpenSees 2-D,214.98341347559776,85.0,0.248399880155921,913.1280400580059,0.019378027664927328,0.019378027664927328,0.9999815998180256,0.9999815998180256,0.006833153680244461,0.006833153680244461,0.15511936385808264,0.15511936385808264,0.9760656981008068,0.9760656981008068,0.08528673000051185,0.08528673000051185,0.5858341188117311,0.5858341188117311,0.7016213971796615,0.7016213971796615,0.5404361109056092,0.5404361109056092,0.27579449000820044,0.27579449000820044,0.9302675895064941,0.9302675895064941,0.21713026160520235,0.21713026160520235
128,651,5038,Pretell percentile,OpenSees 2-D,214.98341347559776,85.0,0.248399880155921,913.1280400580059,0.08038870796657685,0.08038870796657685,0.9992874626453175,0.9992874626453175,0.022403610336850337,0.022403610336850337,0.375851123679877,0.375851123679877,0.974185472912414,0.974185472912414,0.18404046850873712,0.18404046850873712,0.4317833141651486,0.4317833141651486,0.7691616213254662,0.7691616213254662,0.3907984910299042,0.3907984910299042,0.3645038765694608,0.3645038765694608,0.9409642113401254,0.9409642113401254,0.1998328760309852,0.1998328760309852
128,651,5038,Dmult,OpenSees 2-D,214.98341347559776,85.0,0.248399880155921,913.1280400580059,0.2997709407770009,0.2997709407770009,0.9807319862510179,0.9807319862510179,0.12487258899569195,0.12487258899569195,0.6595857054770885,0.6595857054770885,0.6022977792815486,0.6022977792815486,0.5096612793620963,0.5096612793620963,0.8379878654983444,0.8379878654983444,0.25463071835596424,0.25463071835596424,1.5279082272188136,1.5279082272188136,0.6630033641564955,0.6630033641564955,0.5852936560104471,0.5852936560104471,0.7313716694837058,0.7313716694837058
128,651,5038,Dmult p84,OpenSees 2-D,214.98341347559776,85.0,0.248399880155921,913.1280400580059,0.27197837650513834,0.27197837650513834,0.9853311150408054,0.9853311150408054,0.10944402507709979,0.10944402507709979,0.6159737598078552,0.6159737598078552,0.6212895714639964,0.6212895714639964,0.45928511756048185,0.45928511756048185,0.7929516982873512,0.7929516982873512,0.25914206882744867,0.25914206882744867,1.1472828265160406,1.1472828265160406,0.6210042848326233,0.6210042848326233,0.6273254182584127,0.6273254182584127,0.5776399333257437,0.5776399333257437
129,41,348,GINO,OpenSees 2-D,158.22102378729463,32.0,0.2937549220398068,1194.9507193914058,0.14569351025073457,0.1333417272998318,0.6514389819658378,0.7353887457393982,0.1274959084625212,0.12776044221201258,0.45016889852936354,0.5064616552337606,0.8193467350389275,0.7921406993066255,0.2799505835455469,0.37705626872872416,0.5605708716036073,0.6649555516194519,0.42939731747930393,0.3116859000108992,0.5328224346297816,0.579849544898179,0.4672360193776883,0.5373622394766583,0.8058241240341806,0.761246837959898,0.31509659514597005,0.36078037610718433
129,41,348,1D Base Case,OpenSees 2-D,158.22102378729463,32.0,0.2937549220398068,1194.9507193914058,0.020757472480858404,0.021546714151096335,0.9999156031376916,0.9999552840160849,0.013702421417538791,0.014203578255737356,0.4616844644580246,0.4514922858904083,0.752880716365572,0.7597986542664203,0.23582521440981752,0.25595727999205514,0.7646629011976616,0.8135820108234244,-0.17436155466969036,-0.1920532621292321,0.6396213759909519,0.6381021922122353,0.5320608293561945,0.5473805871880907,0.7124359751698065,0.6915652816978322,0.299410893415917,0.305094203661407
129,41,348,Toro Vs,OpenSees 2-D,158.22102378729463,32.0,0.2937549220398068,1194.9507193914058,0.016261110479549853,0.016261110479549853,0.9999547692778883,0.9999547692778883,0.010742370570593688,0.010742370570593688,0.5021500012069094,0.5021500012069094,0.8278619931940758,0.8278619931940758,0.22860616657702504,0.22860616657702504,0.725652218934915,0.725652218934915,-0.05544886835436961,-0.05544886835436961,0.5345792350948027,0.5345792350948027,0.551425277618764,0.551425277618764,0.7587861665562329,0.7587861665562329,0.2594444119559962,0.2594444119559962
129,41,348,Passeri tts,OpenSees 2-D,158.22102378729463,32.0,0.2937549220398068,1194.9507193914058,0.02152484045148113,0.02152484045148113,0.9999554008321306,0.9999554008321306,0.014190187268440103,0.014190187268440103,0.4412455775701098,0.4412455775701098,0.7704955467244514,0.7704955467244514,0.2540933923304322,0.2540933923304322,0.8075789520329376,0.8075789520329376,-0.1969561135541323,-0.1969561135541323,0.6326727523335598,0.6326727523335598,0.5391930033157849,0.5391930033157849,0.7001030169870782,0.7001030169870782,0.3026300465598296,0.3026300465598296
129,41,348,Pretell median,OpenSees 2-D,158.22102378729463,32.0,0.2937549220398068,1194.9507193914058,0.003486452753136104,0.003486452753136104,0.9999407005458681,0.9999407005458681,0.0024383862144002942,0.0024383862144002942,0.12733376132464164,0.12733376132464164,0.9903481635274003,0.9903481635274003,0.05732247576221124,0.05732247576221124,0.529214001405467,0.529214001405467,0.7747226640868567,0.7747226640868567,0.34800454108432055,0.34800454108432055,0.2750009819869938,0.2750009819869938,0.9386945329749311,0.9386945329749311,0.13985176728321566,0.13985176728321566
129,41,348,Pretell percentile,OpenSees 2-D,158.22102378729463,32.0,0.2937549220398068,1194.9507193914058,0.007300514485537703,0.007300514485537703,0.9999012149441456,0.9999012149441456,0.005536091574943685,0.005536091574943685,0.25509254871432024,0.25509254871432024,0.980837195237025,0.980837195237025,0.1327553693928215,0.1327553693928215,0.4524316786077015,0.4524316786077015,0.8013326034561793,0.8013326034561793,0.4149095830108777,0.4149095830108777,0.30682132233979653,0.30682132233979653,0.9435012116867892,0.9435012116867892,0.18698259692288396,0.18698259692288396
129,41,348,Dmult,OpenSees 2-D,158.22102378729463,32.0,0.2937549220398068,1194.9507193914058,0.033765343316783186,0.033765343316783186,0.9998921088554233,0.9998921088554233,0.022508227756498404,0.022508227756498404,0.6601794093136327,0.6601794093136327,0.7636024108011947,0.7636024108011947,0.38315009482276885,0.38315009482276885,0.8074862710855857,0.8074862710855857,0.2845060498912225,0.2845060498912225,0.846329537554108,0.846329537554108,0.6832366448797883,0.6832366448797883,0.6565521006167108,0.6565521006167108,0.4190382463055428,0.4190382463055428
129,41,348,Dmult p84,OpenSees 2-D,158.22102378729463,32.0,0.2937549220398068,1194.9507193914058,0.02891386454971112,0.02891386454971112,0.9999262435524224,0.9999262435524224,0.019171993434493585,0.019171993434493585,0.6099842958404473,0.6099842958404473,0.7807003723672922,0.7807003723672922,0.3303332393690412,0.3303332393690412,0.7884867432276361,0.7884867432276361,0.19378093338837538,0.19378093338837538,0.7002843729086594,0.7002843729086594,0.642912545187899,0.642912545187899,0.6987439918757472,0.6987439918757472,0.35090970003081595,0.35090970003081595
130,553,4261,GINO,OpenSees 2-D,324.9197991445763,18.0,0.19213616643100978,897.6669370546688,0.10495970638473645,0.0838087633412959,0.04978261664112109,0.2420355106553693,0.07811174771358588,0.06973367665295765,0.07401346289963924,0.10127816479120924,0.8619918896349271,0.5468596877183819,0.0568152568433789,0.08480794349130519,0.8312619798926348,0.7261337177103283,0.6539147377942534,0.49068438847675666,0.3430185387198956,0.4120678355657247,0.817823831692975,0.7088421075714015,0.705883337731676,0.5827444098504205,0.1644401773047322,0.19407291232393037
130,553,4261,1D Base Case,OpenSees 2-D,324.9197991445763,18.0,0.19213616643100978,897.6669370546688,0.0018053584802290932,0.0020216347475113155,0.9985756442166226,0.9998453234181839,0.0012334723035142647,0.0016309068384954026,0.037487420819136925,0.04352582137230754,0.9998299161677894,0.9997712674019968,0.021739361992955383,0.030616349128416882,0.8704699809913861,0.7588207761818988,0.5316161831477666,0.4064832700134287,0.37441141168469194,0.4417320519800325,0.8562420469669384,0.7404755405518787,0.6068445255094443,0.5151921669280293,0.13799751799375878,0.16436194032500984
130,553,4261,Toro Vs,OpenSees 2-D,324.9197991445763,18.0,0.19213616643100978,897.6669370546688,0.0017151044890729619,0.0017151044890729619,0.999847389003512,0.999847389003512,0.0013992547994460037,0.0013992547994460037,0.03646050052211694,0.03646050052211694,0.9998858668184875,0.9998858668184875,0.025607037193103383,0.025607037193103383,0.7199843176404261,0.7199843176404261,0.6402378793854042,0.6402378793854042,0.38828231954323755,0.38828231954323755,0.7025713123149827,0.7025713123149827,0.7001248436657104,0.7001248436657104,0.14407066217787026,0.14407066217787026
130,553,4261,Passeri tts,OpenSees 2-D,324.9197991445763,18.0,0.19213616643100978,897.6669370546688,0.0020207292776479595,0.0020207292776479595,0.9998453475180793,0.9998453475180793,0.00163022625630089,0.00163022625630089,0.043494672374605046,0.043494672374605046,0.9997726045814097,0.9997726045814097,0.030595998798494325,0.030595998798494325,0.752455775486744,0.752455775486744,0.41909914753362243,0.41909914753362243,0.43995893892953425,0.43995893892953425,0.7342649117462147,0.7342649117462147,0.5267955511475675,0.5267955511475675,0.16373500745459063,0.16373500745459063
130,553,4261,Pretell median,OpenSees 2-D,324.9197991445763,18.0,0.19213616643100978,897.6669370546688,0.0013226840688440797,0.0013226840688440797,0.9998486382723453,0.9998486382723453,0.0011015037239925727,0.0011015037239925727,0.02845405344974265,0.02845405344974265,0.9999272352141578,0.9999272352141578,0.01978893735570115,0.01978893735570115,0.5950927190302113,0.5950927190302113,0.8178402381079527,0.8178402381079527,0.29075677922910587,0.29075677922910587,0.5806981308862177,0.5806981308862177,0.8413341919817536,0.8413341919817536,0.10808708024029479,0.10808708024029479
130,553,4261,Pretell percentile,OpenSees 2-D,324.9197991445763,18.0,0.19213616643100978,897.6669370546688,0.00020215701573568056,0.00020215701573568056,0.9998530302324405,0.9998530302324405,0.00016749150897108774,0.00016749150897108774,0.00015313141654794285,0.00015313141654794285,0.999999766346101,0.999999766346101,0.00014585707204508685,0.00014585707204508685,0.4820553981860253,0.4820553981860253,0.8256400707098013,0.8256400707098013,0.3617528861873677,0.3617528861873677,0.47038095888280096,0.47038095888280096,0.848740266402148,0.848740266402148,0.12671588931533212,0.12671588931533212
130,553,4261,Dmult,OpenSees 2-D,324.9197991445763,18.0,0.19213616643100978,897.6669370546688,0.002317532178715281,0.002317532178715281,0.9998436649469311,0.9998436649469311,0.0018544510335399716,0.0018544510335399716,0.04982331089149298,0.04982331089149298,0.9996645748926681,0.9996645748926681,0.035213135318517934,0.035213135318517934,0.7697606383283822,0.7697606383283822,0.5192903658374667,0.5192903658374667,0.43304814170567385,0.43304814170567385,0.7511597717462194,0.7511597717462194,0.6149081929992196,0.6149081929992196,0.16277984805428025,0.16277984805428025
130,553,4261,Dmult p84,OpenSees 2-D,324.9197991445763,18.0,0.19213616643100978,897.6669370546688,0.002172727622315859,0.002172727622315859,0.9998444755978864,0.9998444755978864,0.0017450664973109973,0.0017450664973109973,0.04676951722368198,0.04676951722368198,0.9997180689887915,0.9997180689887915,0.03297412195108935,0.03297412195108935,0.7528838329165878,0.7528838329165878,0.4996197818265193,0.4996197818265193,0.42684226600126773,0.42684226600126773,0.734687604257245,0.734687604257245,0.5987785560172728,0.5987785560172728,0.1598978029598294,0.1598978029598294
131,366,2925,GINO,OpenSees 2-D,193.80481861045493,71.0,0.28703931048512454,1109.2007280057576,0.05837199717121766,0.042448697829624335,0.9950265873214237,0.9946803423470003,0.03837823648084292,0.03911958675401651,0.41442922565120716,0.48196561727755466,0.934457192095513,0.8991375254957362,0.17826140406994306,0.21868108686005538,0.3768959102445068,0.4333114730363708,0.7515251858846684,0.721010992078699,0.4016074852142902,0.44156065246965626,0.3758392327411145,0.43947976787269877,0.923885294319652,0.8962805562760658,0.2074734238142795,0.2338424097863021
131,366,2925,1D Base Case,OpenSees 2-D,193.80481861045493,71.0,0.28703931048512454,1109.2007280057576,0.22558376285681742,0.22633841973695423,0.9916962076742697,0.9923507959530427,0.09735248675713477,0.09987319146935894,0.7210917566199372,0.6737437396953849,0.494191041489871,0.5014378478021075,0.4616174189578915,0.42706033071090943,0.6544817521429391,0.6950401743201192,0.2216652134701279,0.20186685206488264,0.5435840619201723,0.5716970660472623,0.6586241094899642,0.6308430992733014,0.5878324709253848,0.600716732660043,0.3628130177244249,0.36316768934409027
131,366,2925,Toro Vs,OpenSees 2-D,193.80481861045493,71.0,0.28703931048512454,1109.2007280057576,0.18057889428891463,0.18057889428891463,0.9974041082935415,0.9974041082935415,0.07958878781559867,0.07958878781559867,0.43912236142803424,0.43912236142803424,0.6831140542871282,0.6831140542871282,0.37202677262771167,0.37202677262771167,0.47719409291722403,0.47719409291722403,0.6001146654208949,0.6001146654208949,0.4340495931143298,0.4340495931143298,0.41625440399295294,0.41625440399295294,0.7881085222468366,0.7881085222468366,0.2913814651137885,0.2913814651137885
131,366,2925,Passeri tts,OpenSees 2-D,193.80481861045493,71.0,0.28703931048512454,1109.2007280057576,0.2260078052237998,0.2260078052237998,0.9924165425046121,0.9924165425046121,0.09974227430908583,0.09974227430908583,0.6503932421966668,0.6503932421966668,0.5126116412399537,0.5126116412399537,0.4243869104241087,0.4243869104241087,0.6766814357529426,0.6766814357529426,0.20638620664907664,0.20638620664907664,0.5657583020994171,0.5657583020994171,0.6101194235377166,0.6101194235377166,0.6121944103970116,0.6121944103970116,0.3602412748702086,0.3602412748702086
131,366,2925,Pretell median,OpenSees 2-D,193.80481861045493,71.0,0.28703931048512454,1109.2007280057576,0.01915693505970932,0.01915693505970932,0.9999785302655271,0.9999785302655271,0.008757148227679415,0.008757148227679415,0.29931196112703207,0.29931196112703207,0.8910904435856843,0.8910904435856843,0.20879809171080055,0.20879809171080055,0.4752073944133301,0.4752073944133301,0.664416190229218,0.664416190229218,0.38125294446695174,0.38125294446695174,0.30376160618447523,0.30376160618447523,0.8969072915558048,0.8969072915558048,0.19914295995636108,0.19914295995636108
131,366,2925,Pretell percentile,OpenSees 2-D,193.80481861045493,71.0,0.28703931048512454,1109.2007280057576,0.14524293628441096,0.14524293628441096,0.9975013738182035,0.9975013738182035,0.04321968590810788,0.04321968590810788,0.6777444576793922,0.6777444576793922,0.8917436863341567,0.8917436863341567,0.2694698268667318,0.2694698268667318,0.5272938617169418,0.5272938617169418,0.6023113888647028,0.6023113888647028,0.5480832909680985,0.5480832909680985,0.6112870040452577,0.6112870040452577,0.892051966078506,0.892051966078506,0.2877969899666918,0.2877969899666918
131,366,2925,Dmult,OpenSees 2-D,193.80481861045493,71.0,0.28703931048512454,1109.2007280057576,0.2837906395076909,0.2837906395076909,0.9841612256741538,0.9841612256741538,0.13286987284775326,0.13286987284775326,0.5917399887382642,0.5917399887382642,0.5453827166553203,0.5453827166553203,0.484977641466684,0.484977641466684,0.7213791007522256,0.7213791007522256,0.5237753429957418,0.5237753429957418,1.1196024719893098,1.1196024719893098,0.5746315937616374,0.5746315937616374,0.6786615111456793,0.6786615111456793,0.5838586131329772,0.5838586131329772
131,366,2925,Dmult p84,OpenSees 2-D,193.80481861045493,71.0,0.28703931048512454,1109.2007280057576,0.26263175973431097,0.26263175973431097,0.9873639657581209,0.9873639657581209,0.1197839200262182,0.1197839200262182,0.5493584883898862,0.5493584883898862,0.5667852565085336,0.5667852565085336,0.4343034863027826,0.4343034863027826,0.6598170210754669,0.6598170210754669,0.4939480167824765,0.4939480167824765,0.7692019074596363,0.7692019074596363,0.5319795944199166,0.5319795944199166,0.7022034958096517,0.7022034958096517,0.441436085510884,0.441436085510884
132,534,4136,GINO,OpenSees 2-D,137.06154337592005,73.0,0.2658001936972141,892.267210316728,0.1185760530405658,0.1355721368854718,0.9852111719101055,0.98608299431823,0.05754382261553963,0.06200434087459064,0.3100196878832356,0.3113904968646189,0.7944750403456182,0.7616849478497876,0.2109301414713248,0.2210416717486437,0.3889967044625099,0.25905003317234343,0.8748154453088701,0.9187037495571561,0.34612697017994914,0.20750339087664887,0.23666968597286608,0.20792464705802402,0.9355713866739712,0.9480596624913348,0.20456381991981853,0.16064020763752695
132,534,4136,1D Base Case,OpenSees 2-D,137.06154337592005,73.0,0.2658001936972141,892.267210316728,0.6888837934063039,0.7028517181196473,0.598694146182502,0.6092219716899748,0.21546376238717938,0.20386093443458053,0.45498787357815507,0.40148059224697963,0.7462147608665362,0.8045647514042301,0.26222229515107676,0.20448189611892145,0.6295067672237851,0.5368662544822133,0.5009776349265593,0.5561480689121189,0.44860301611304376,0.337096041627277,0.6347864139618554,0.6235746495533976,0.6204958163246227,0.651105961822214,0.3110900610204011,0.2506795104573266
132,534,4136,Toro Vs,OpenSees 2-D,137.06154337592005,73.0,0.2658001936972141,892.267210316728,0.3049539424497219,0.3049539424497219,0.8942089525236574,0.8942089525236574,0.11646322140970232,0.11646322140970232,0.4580769594187369,0.4580769594187369,0.48340848298563754,0.48340848298563754,0.3058164528780247,0.3058164528780247,0.5321369247458959,0.5321369247458959,0.7136312968275106,0.7136312968275106,0.2881877677084581,0.2881877677084581,0.3870847289212134,0.3870847289212134,0.7921182791880511,0.7921182791880511,0.23337278205476358,0.23337278205476358
132,534,4136,Passeri tts,OpenSees 2-D,137.06154337592005,73.0,0.2658001936972141,892.267210316728,0.6679179431631878,0.6679179431631878,0.6256418237769261,0.6256418237769261,0.20088989703786006,0.20088989703786006,0.41080674342723517,0.41080674342723517,0.789424439256743,0.789424439256743,0.20666920103666803,0.20666920103666803,0.5306803791172848,0.5306803791172848,0.5840831660015177,0.5840831660015177,0.3239676076020614,0.3239676076020614,0.5997196973155314,0.5997196973155314,0.662327298608137,0.662327298608137,0.24570088693497294,0.24570088693497294
132,534,4136,Pretell median,OpenSees 2-D,137.06154337592005,73.0,0.2658001936972141,892.267210316728,0.19909113235877157,0.19909113235877157,0.9897331048400794,0.9897331048400794,0.05343374597367629,0.05343374597367629,0.2331487413027848,0.2331487413027848,0.8875763899835326,0.8875763899835326,0.13142448733679923,0.13142448733679923,0.5005327850089858,0.5005327850089858,0.8567695677518844,0.8567695677518844,0.4175838824133151,0.4175838824133151,0.27995816439105525,0.27995816439105525,0.9275789609244657,0.9275789609244657,0.20428351613648674,0.20428351613648674
132,534,4136,Pretell percentile,OpenSees 2-D,137.06154337592005,73.0,0.2658001936972141,892.267210316728,0.6885343929648028,0.6885343929648028,0.9759286844006708,0.9759286844006708,0.18115740015271117,0.18115740015271117,0.3065388782747917,0.3065388782747917,0.8921039196949458,0.8921039196949458,0.19259984791179546,0.19259984791179546,0.3157132933942941,0.3157132933942941,0.8854320527091858,0.8854320527091858,0.23783475646885047,0.23783475646885047,0.5748340082660033,0.5748340082660033,0.9268042016017166,0.9268042016017166,0.2044272091910852,0.2044272091910852
132,534,4136,Dmult,OpenSees 2-D,137.06154337592005,73.0,0.2658001936972141,892.267210316728,0.5163990500771867,0.5163990500771867,0.8388466690243274,0.8388466690243274,0.25159720789813605,0.25159720789813605,0.5545735126628246,0.5545735126628246,0.27433222604155855,0.27433222604155855,0.44325787593237675,0.44325787593237675,0.8596070433363981,0.8596070433363981,0.7786463224696132,0.7786463224696132,2.4039574158468207,2.4039574158468207,0.5958954572233423,0.5958954572233423,0.6393278907251312,0.6393278907251312,1.062421481090448,1.062421481090448
132,534,4136,Dmult p84,OpenSees 2-D,137.06154337592005,73.0,0.2658001936972141,892.267210316728,0.46549971923837086,0.46549971923837086,0.8192411385895645,0.8192411385895645,0.21197823626272283,0.21197823626272283,0.5071924687747488,0.5071924687747488,0.37873565852327207,0.37873565852327207,0.37910479216481,0.37910479216481,0.8075334064150247,0.8075334064150247,0.7682827756745014,0.7682827756745014,1.8336615981979256,1.8336615981979256,0.546645364738737,0.546645364738737,0.681605362447188,0.681605362447188,0.82970537971067,0.82970537971067
133,275,2038,GINO,OpenSees 2-D,143.7795459684312,87.0,0.20518740378320216,1097.3952426073297,0.3797323769764872,0.41233746043643554,0.9497649419446906,0.947555676386337,0.08145226632892866,0.08844105744120817,0.21841716092219074,0.28050352199638656,0.9488789712773489,0.9206189631022901,0.13895643708889902,0.19073655025488268,0.3552479973120768,0.24465039789128176,0.8453270834618475,0.9355774558843327,0.3527670024502611,0.3355596870541505,0.3399370523171644,0.36430209061021057,0.9252280562876185,0.9353120688024807,0.19366367519938615,0.20562122564984034
133,275,2038,1D Base Case,OpenSees 2-D,143.7795459684312,87.0,0.20518740378320216,1097.3952426073297,0.5522627073633093,0.5681187600268759,0.7856616988430596,0.7911910899093186,0.15364110175444995,0.14304553322008018,0.43425979461206915,0.3486097206271705,0.7044558118011498,0.7611896489687588,0.22376980740280816,0.18557382805362438,0.5125722861820369,0.4011709278475666,0.6945251647140362,0.895555639560358,0.41464023587140975,0.35485097272226673,0.5173321914185144,0.5016789417980199,0.751907765639414,0.7881677314199577,0.26602941038989336,0.22993592549590872
133,275,2038,Toro Vs,OpenSees 2-D,143.7795459684312,87.0,0.20518740378320216,1097.3952426073297,0.20371604142209657,0.20371604142209657,0.9476745934166242,0.9476745934166242,0.06611711936433189,0.06611711936433189,0.4960567960143467,0.4960567960143467,0.3473175638507902,0.3473175638507902,0.27514836713247376,0.27514836713247376,0.5199067839435487,0.5199067839435487,0.7551733713927903,0.7551733713927903,0.39743420492475995,0.39743420492475995,0.35012828806152657,0.35012828806152657,0.8428470293849462,0.8428470293849462,0.24478747364092426,0.24478747364092426
133,275,2038,Passeri tts,OpenSees 2-D,143.7795459684312,87.0,0.20518740378320216,1097.3952426073297,0.5348709605956625,0.5348709605956625,0.8030237476648623,0.8030237476648623,0.1408204551040624,0.1408204551040624,0.3493111367061156,0.3493111367061156,0.7629649683115102,0.7629649683115102,0.18479809563960545,0.18479809563960545,0.41142867251337406,0.41142867251337406,0.8962444678729538,0.8962444678729538,0.35509752610454404,0.35509752610454404,0.47980540782332376,0.47980540782332376,0.7957141986962472,0.7957141986962472,0.22901072211489387,0.22901072211489387
133,275,2038,Pretell median,OpenSees 2-D,143.7795459684312,87.0,0.20518740378320216,1097.3952426073297,0.3642995437419327,0.3642995437419327,0.9446436752448119,0.9446436752448119,0.07203313247510382,0.07203313247510382,0.2616761029620902,0.2616761029620902,0.9159540531159185,0.9159540531159185,0.12838586682203687,0.12838586682203687,0.42733169790720693,0.42733169790720693,0.9205852377115972,0.9205852377115972,0.3145451941939106,0.3145451941939106,0.352100143670638,0.352100143670638,0.8995518581867591,0.8995518581867591,0.17381817438076608,0.17381817438076608
133,275,2038,Pretell percentile,OpenSees 2-D,143.7795459684312,87.0,0.20518740378320216,1097.3952426073297,0.7412304515485199,0.7412304515485199,0.9362382192169333,0.9362382192169333,0.15099028150418572,0.15099028150418572,0.24952561920263003,0.24952561920263003,0.8907373339677096,0.8907373339677096,0.18300778911101243,0.18300778911101243,0.30942885910225365,0.30942885910225365,0.9321426030747919,0.9321426030747919,0.31249130709082495,0.31249130709082495,0.6073262034854969,0.6073262034854969,0.8873783078771038,0.8873783078771038,0.21712089274155746,0.21712089274155746
133,275,2038,Dmult,OpenSees 2-D,143.7795459684312,87.0,0.20518740378320216,1097.3952426073297,0.4476159576912482,0.4476159576912482,0.9004637653205956,0.9004637653205956,0.22862187768561754,0.22862187768561754,0.6585444103539305,0.6585444103539305,0.0771081862632316,0.0771081862632316,0.5349059076725011,0.5349059076725011,0.8737855185894354,0.8737855185894354,0.754094194800465,0.754094194800465,2.5552722757309225,2.5552722757309225,0.5782349341777648,0.5782349341777648,0.7048297232926661,0.7048297232926661,1.1348347259975395,1.1348347259975395
133,275,2038,Dmult p84,OpenSees 2-D,143.7795459684312,87.0,0.20518740378320216,1097.3952426073297,0.37666955602427565,0.37666955602427565,0.8982772231760708,0.8982772231760708,0.1768968912346811,0.1768968912346811,0.6087268418152673,0.6087268418152673,0.20453569531121657,0.20453569531121657,0.42100933177531963,0.42100933177531963,0.8182706346399893,0.8182706346399893,0.7738391672575964,0.7738391672575964,1.9108537847400484,1.9108537847400484,0.5194958576846586,0.5194958576846586,0.7533991946668948,0.7533991946668948,0.8570155361237511,0.8570155361237511
134,675,5223,GINO,OpenSees 2-D,282.52435517961936,45.0,0.25827857237309215,1245.6735650339538,0.10979196739537918,0.05870920583688682,0.4981458605911426,0.6928525512394682,0.08306928159584517,0.0435266452585188,0.36290994798948517,0.4355635578241326,0.9574209175300863,0.9370466493162406,0.09678705209873918,0.12604966561105674,0.4827963723902052,0.5112532382385133,0.7285090510267107,0.6790652057675585,0.32528024526884247,0.3506785959183327,0.3801954554024985,0.4360403582902611,0.9284884906988492,0.9169006181760714,0.17195845003226243,0.17578673409521506
134,675,5223,1D Base Case,OpenSees 2-D,282.52435517961936,45.0,0.25827857237309215,1245.6735650339538,0.007711914975544612,0.008344358793780225,0.9999228833453098,0.9999728152016885,0.005387712852609157,0.005897161257175326,0.6094181360157072,0.6900411622026461,0.7329634011657609,0.636634257638699,0.2179527093811832,0.26873227746914186,0.6380249723065335,0.4678313791655906,0.45367918698170034,0.38214014452998935,0.3935805904719686,0.3306465290625595,0.6069972795880753,0.67321626122843,0.7390127748473473,0.676664628906068,0.20502471897795718,0.19840997485264975
134,675,5223,Toro Vs,OpenSees 2-D,282.52435517961936,45.0,0.25827857237309215,1245.6735650339538,0.0053983522211393225,0.0053983522211393225,0.9999809897625958,0.9999809897625958,0.003843847201049941,0.003843847201049941,0.7661739874107666,0.7661739874107666,0.647186449060772,0.647186449060772,0.24637674862220704,0.24637674862220704,0.41702030396474987,0.41702030396474987,0.28524335214652186,0.28524335214652186,0.3212482164277292,0.3212482164277292,0.7439879660803147,0.7439879660803147,0.6785910783681487,0.6785910783681487,0.18769524685673483,0.18769524685673483
134,675,5223,Passeri tts,OpenSees 2-D,282.52435517961936,45.0,0.25827857237309215,1245.6735650339538,0.008333676051651804,0.008333676051651804,0.9999729278366433,0.9999729278366433,0.00589003838183055,0.00589003838183055,0.6891610707511541,0.6891610707511541,0.6477446846430907,0.6477446846430907,0.2679496682767887,0.2679496682767887,0.4509329556837649,0.4509329556837649,0.4009798927135138,0.4009798927135138,0.32309182549683607,0.32309182549683607,0.6717508817378546,0.6717508817378546,0.6865402301859753,0.6865402301859753,0.19552855284056994,0.19552855284056994
134,675,5223,Pretell median,OpenSees 2-D,282.52435517961936,45.0,0.25827857237309215,1245.6735650339538,0.002413899938271633,0.002413899938271633,0.9999818668827648,0.9999818668827648,0.0017481604571065823,0.0017481604571065823,0.5804614188873427,0.5804614188873427,0.8293140793874036,0.8293140793874036,0.12869108437257054,0.12869108437257054,0.3593262683614751,0.3593262683614751,0.6731734058110331,0.6731734058110331,0.22542734618565158,0.22542734618565158,0.5650671609770136,0.5650671609770136,0.8341550957835566,0.8341550957835566,0.11811875263673652,0.11811875263673652
134,675,5223,Pretell percentile,OpenSees 2-D,282.52435517961936,45.0,0.25827857237309215,1245.6735650339538,0.003525267673445148,0.003525267673445148,0.9999792755806268,0.9999792755806268,0.0024707084557078333,0.0024707084557078333,0.5301526230789796,0.5301526230789796,0.7823398861795371,0.7823398861795371,0.21923004388012332,0.21923004388012332,0.7401715807615763,0.7401715807615763,0.7213067878355711,0.7213067878355711,0.39272632768288784,0.39272632768288784,0.5388262693388414,0.5388262693388414,0.7972366390350116,0.7972366390350116,0.20408797581254548,0.20408797581254548
134,675,5223,Dmult,OpenSees 2-D,282.52435517961936,45.0,0.25827857237309215,1245.6735650339538,0.011969814472921963,0.011969814472921963,0.9999574940636694,0.9999574940636694,0.008483311588841011,0.008483311588841011,0.804400952545615,0.804400952545615,0.632330580799596,0.632330580799596,0.33355299469565913,0.33355299469565913,0.5719886483045645,0.5719886483045645,-0.020628150546824185,-0.020628150546824185,0.532024583921997,0.532024583921997,0.7858202666607715,0.7858202666607715,0.6469237828805563,0.6469237828805563,0.28924366183749106,0.28924366183749106
134,675,5223,Dmult p84,OpenSees 2-D,282.52435517961936,45.0,0.25827857237309215,1245.6735650339538,0.01030381453278445,0.01030381453278445,0.9999653091766173,0.9999653091766173,0.007291527251188634,0.007291527251188634,0.7748625329795145,0.7748625329795145,0.6468566622696164,0.6468566622696164,0.30263907886752744,0.30263907886752744,0.5100860551927515,0.5100860551927515,0.15835132142965763,0.15835132142965763,0.4286888309770319,0.4286888309770319,0.7554003742870143,0.7554003742870143,0.6751153106216164,0.6751153106216164,0.2433848490401354,0.2433848490401354
135,832,6357,GINO,OpenSees 2-D,229.33354076870077,35.0,0.16489328518509866,966.832667971848,0.1341461715206152,0.10410391478561784,0.14219405930667872,0.1378707797394273,0.07940173918097335,0.06172697295935842,0.31697594361794124,0.08259943678953072,0.9547640459001586,0.9915713638354452,0.09089952965993166,0.05878719806187909,0.3586496674608593,0.3285154410130639,0.820363102201876,0.8406255569987807,0.24712983125193505,0.24090675033088166,0.31929352262948707,0.17415468659604932,0.9387071871163193,0.9686133115895477,0.14155590854949743,0.12355796257014777
135,832,6357,1D Base Case,OpenSees 2-D,229.33354076870077,35.0,0.16489328518509866,966.832667971848,0.008814232510398985,0.005781932745047841,0.9999376779877025,0.9999904857826457,0.005484924983307918,0.0038541830026537017,0.5678381020871458,0.43034479426060923,0.7603204876812427,0.8045602632595559,0.1956226329887676,0.17218654575934114,0.5732473129785776,0.5032476477662268,0.3290182176636324,0.49335231541954516,0.3731249191668495,0.3047454531500824,0.5574867478888305,0.43632654242887303,0.7627714180826901,0.8046214269285559,0.19120023534918534,0.15966583638125997
135,832,6357,Toro Vs,OpenSees 2-D,229.33354076870077,35.0,0.16489328518509866,966.832667971848,0.0031208702362804843,0.0031208702362804843,0.999987912963613,0.999987912963613,0.002079018020758412,0.002079018020758412,0.3615975059808827,0.3615975059808827,0.9036223992176883,0.9036223992176883,0.1156953576459254,0.1156953576459254,0.5287824325447791,0.5287824325447791,0.39223307514002664,0.39223307514002664,0.3146484465107139,0.3146484465107139,0.39701900113317723,0.39701900113317723,0.8638231676182188,0.8638231676182188,0.14556321987979293,0.14556321987979293
135,832,6357,Passeri tts,OpenSees 2-D,229.33354076870077,35.0,0.16489328518509866,966.832667971848,0.005772423254920833,0.005772423254920833,0.9999904897025524,0.9999904897025524,0.0038479138759638944,0.0038479138759638944,0.40708989336353174,0.40708989336353174,0.8162221583393072,0.8162221583393072,0.16960564565807254,0.16960564565807254,0.4953129896711655,0.4953129896711655,0.5091452573383335,0.5091452573383335,0.3014883331349466,0.3014883331349466,0.41793456960071207,0.41793456960071207,0.814846012242044,0.814846012242044,0.15774938015124043,0.15774938015124043
135,832,6357,Pretell median,OpenSees 2-D,229.33354076870077,35.0,0.16489328518509866,966.832667971848,0.0008752332962829685,0.0008752332962829685,0.9999847105450304,0.9999847105450304,0.0008128935818515458,0.0008128935818515458,0.15947538327474137,0.15947538327474137,0.9741118030664584,0.9741118030664584,0.034887413504176644,0.034887413504176644,0.2717843722800148,0.2717843722800148,0.9398957828098862,0.9398957828098862,0.10316752591222875,0.10316752591222875,0.1874690787497971,0.1874690787497971,0.9629762156932892,0.9629762156932892,0.0468593708741811,0.0468593708741811
135,832,6357,Pretell percentile,OpenSees 2-D,229.33354076870077,35.0,0.16489328518509866,966.832667971848,0.007270867173187867,0.007270867173187867,0.9999672694337546,0.9999672694337546,0.005384541816805523,0.005384541816805523,0.6787589551286418,0.6787589551286418,0.9421007138136671,0.9421007138136671,0.2064163032466411,0.2064163032466411,0.27195623345374015,0.27195623345374015,0.9144032467677812,0.9144032467677812,0.19299833187918589,0.19299833187918589,0.5878477711306886,0.5878477711306886,0.9383524107945972,0.9383524107945972,0.1313588967675893,0.1313588967675893
135,832,6357,Dmult,OpenSees 2-D,229.33354076870077,35.0,0.16489328518509866,966.832667971848,0.01031710581242286,0.01031710581242286,0.9999843812812828,0.9999843812812828,0.007097550180332035,0.007097550180332035,0.5151661405016817,0.5151661405016817,0.8591860654545892,0.8591860654545892,0.24956488488260253,0.24956488488260253,0.6533877727441766,0.6533877727441766,0.2241041133801464,0.2241041133801464,0.48411475170002016,0.48411475170002016,0.5362480357002966,0.5362480357002966,0.7828111489969612,0.7828111489969612,0.24679377112290402,0.24679377112290402
135,832,6357,Dmult p84,OpenSees 2-D,229.33354076870077,35.0,0.16489328518509866,966.832667971848,0.008361338905206841,0.008361338905206841,0.999988315095251,0.999988315095251,0.005689192627455837,0.005689192627455837,0.4494199236831303,0.4494199236831303,0.8634469584057802,0.8634469584057802,0.1987143042943212,0.1987143042943212,0.6052135911774912,0.6052135911774912,0.3338432140540189,0.3338432140540189,0.36864377332205855,0.36864377332205855,0.4778865864564715,0.4778865864564715,0.81975996582676,0.81975996582676,0.1906308293706264,0.1906308293706264
136,303,2310,GINO,OpenSees 2-D,287.64132612708875,82.0,0.1485941756516695,823.0446047551784,0.06894061247341167,0.052741769735158275,0.939992009190051,0.9414998932956732,0.05425009720451483,0.04426070296418604,0.10647997801604335,0.0960799321862535,0.9947932403777967,0.9975674635297862,0.061439413321721335,0.07259707896505643,0.21547035175810475,0.20669116679886182,0.9599380527514877,0.9691473235932597,0.19721629511096475,0.17153767549661725,0.1446255569754046,0.13742588512752688,0.9841836406044429,0.9831986746024556,0.10644506130693425,0.0973085561507981
136,303,2310,1D Base Case,OpenSees 2-D,287.64132612708875,82.0,0.1485941756516695,823.0446047551784,0.024950945837827393,0.02429264087720329,0.9998857381919416,0.9998933014112312,0.01480561059479829,0.014735476135928918,0.3635330506733217,0.339421140268276,0.8594467658644502,0.8735155903475796,0.16575471240402248,0.15455383777356957,0.5976725904482153,0.6150248579786641,0.5895115204232444,0.5741567099323672,0.40688507531192275,0.4047480075295874,0.4350039185588415,0.43342601083241866,0.814388018110178,0.812912226984198,0.19731815378855913,0.19318537061500154
136,303,2310,Toro Vs,OpenSees 2-D,287.64132612708875,82.0,0.1485941756516695,823.0446047551784,0.00908078757472979,0.00908078757472979,0.999998822742352,0.999998822742352,0.006190187122306734,0.006190187122306734,0.46976362260323745,0.46976362260323745,0.8635781075168346,0.8635781075168346,0.17218005622421984,0.17218005622421984,0.6931747511851154,0.6931747511851154,0.47250341943301183,0.47250341943301183,0.42218784026880984,0.42218784026880984,0.5358123828628083,0.5358123828628083,0.7681857122237534,0.7681857122237534,0.20158632645415675,0.20158632645415675
136,303,2310,Passeri tts,OpenSees 2-D,287.64132612708875,82.0,0.1485941756516695,823.0446047551784,0.024207705883149577,0.024207705883149577,0.9998955207734225,0.9998955207734225,0.014693358945429984,0.014693358945429984,0.33107205374688664,0.33107205374688664,0.8804475175686854,0.8804475175686854,0.15339609164693044,0.15339609164693044,0.6149577679563536,0.6149577679563536,0.5898201950404135,0.5898201950404135,0.3991176776713913,0.3991176776713913,0.42916330326038515,0.42916330326038515,0.8185435720395111,0.8185435720395111,0.19085269030996654,0.19085269030996654
136,303,2310,Pretell median,OpenSees 2-D,287.64132612708875,82.0,0.1485941756516695,823.0446047551784,0.006293038395247921,0.006293038395247921,0.9999893018448524,0.9999893018448524,0.004005110589328003,0.004005110589328003,0.20853562774709192,0.20853562774709192,0.9814383058949274,0.9814383058949274,0.062286958388117625,0.062286958388117625,0.43284261657614054,0.43284261657614054,0.8512427814060964,0.8512427814060964,0.25007280130570253,0.25007280130570253,0.2901345942389686,0.2901345942389686,0.9271699818161523,0.9271699818161523,0.10761335667969597,0.10761335667969597
136,303,2310,Pretell percentile,OpenSees 2-D,287.64132612708875,82.0,0.1485941756516695,823.0446047551784,0.0025420683229857946,0.0025420683229857946,0.9999994133482932,0.9999994133482932,0.0014081220084304392,0.0014081220084304392,0.43159644299055044,0.43159644299055044,0.9786960146629705,0.9786960146629705,0.08428393627057022,0.08428393627057022,0.3831269279693849,0.3831269279693849,0.8418007774018228,0.8418007774018228,0.25072645658957743,0.25072645658957743,0.40650898829965176,0.40650898829965176,0.9258245686996593,0.9258245686996593,0.1135322833904738,0.1135322833904738
136,303,2310,Dmult,OpenSees 2-D,287.64132612708875,82.0,0.1485941756516695,823.0446047551784,0.040181677035062036,0.040181677035062036,0.999635481363485,0.999635481363485,0.024265951123227048,0.024265951123227048,0.5444632015715372,0.5444632015715372,0.8583292753075408,0.8583292753075408,0.23874798830665706,0.23874798830665706,0.790291679103527,0.790291679103527,0.4883489503107297,0.4883489503107297,0.9818977968956382,0.9818977968956382,0.6160450891110215,0.6160450891110215,0.7129716828176835,0.7129716828176835,0.42378170829859996,0.42378170829859996
136,303,2310,Dmult p84,OpenSees 2-D,287.64132612708875,82.0,0.1485941756516695,823.0446047551784,0.03298186809252805,0.03298186809252805,0.9997686433414573,0.9997686433414573,0.019889269680803606,0.019889269680803606,0.477157695245512,0.477157695245512,0.8759165855761176,0.8759165855761176,0.19425360037863593,0.19425360037863593,0.7452139145094182,0.7452139145094182,0.5360368776068474,0.5360368776068474,0.740738930582362,0.740738930582362,0.5603644793508745,0.5603644793508745,0.7637085350433397,0.7637085350433397,0.3244959502056987,0.3244959502056987
137,113,867,GINO,OpenSees 2-D,194.48150890276074,54.0,0.18722940273582933,1222.8837500850434,0.048452667176929774,0.047471274119553784,0.9763943528717824,0.9743370043457616,0.040044470203286296,0.03691749108561686,0.13414706591033068,0.12285376852495573,0.9834495729986589,0.9851838297271133,0.08501812810743577,0.07373797015282735,0.3817054716245895,0.44066079338489095,0.8803927077904881,0.8542879547708414,0.4039691559059983,0.451152590292935,0.21514199720039842,0.2532086408501366,0.9576261204683094,0.9402888842571844,0.18091020757048032,0.19294591952834134
137,113,867,1D Base Case,OpenSees 2-D,194.48150890276074,54.0,0.18722940273582933,1222.8837500850434,0.02336296365115373,0.02212064178249342,0.9999064126265451,0.9999475271409577,0.014125257520933727,0.013098038309576066,0.3079726931698409,0.27982694654677115,0.8969753931004566,0.913072746273061,0.1594952651017423,0.13489679529167783,0.6154218721699809,0.651587527087086,0.4108072651296141,0.43955554174001954,0.44710216492061394,0.4939479407294663,0.39244424727720284,0.412183132056545,0.8412158151322531,0.8228660243387966,0.20927817738506435,0.21793513125116817
137,113,867,Toro Vs,OpenSees 2-D,194.48150890276074,54.0,0.18722940273582933,1222.8837500850434,0.008283131039020434,0.008283131039020434,0.9999909838776541,0.9999909838776541,0.0052896575390365165,0.0052896575390365165,0.37608883436759166,0.37608883436759166,0.9137112147225692,0.9137112147225692,0.1558849627547235,0.1558849627547235,0.6733103452087125,0.6733103452087125,0.5793592393435013,0.5793592393435013,0.45397175676448037,0.45397175676448037,0.46867355302714875,0.46867355302714875,0.8192675341496188,0.8192675341496188,0.20750698383264796,0.20750698383264796
137,113,867,Passeri tts,OpenSees 2-D,194.48150890276074,54.0,0.18722940273582933,1222.8837500850434,0.022045504175301562,0.022045504175301562,0.9999488960249234,0.9999488960249234,0.013059992074358937,0.013059992074358937,0.2617058940954507,0.2617058940954507,0.9202176387753054,0.9202176387753054,0.13351193021261387,0.13351193021261387,0.6462706443106835,0.6462706443106835,0.46037510354813055,0.46037510354813055,0.48535479422651184,0.48535479422651184,0.40184844528295116,0.40184844528295116,0.8299878192904498,0.8299878192904498,0.21449875426908893,0.21449875426908893
137,113,867,Pretell median,OpenSees 2-D,194.48150890276074,54.0,0.18722940273582933,1222.8837500850434,0.0007094904126194468,0.0007094904126194468,0.9999942586021469,0.9999942586021469,0.0005603283046272565,0.0005603283046272565,0.07067301380695393,0.07067301380695393,0.9987714431456574,0.9987714431456574,0.037173228513767094,0.037173228513767094,0.45434442228722816,0.45434442228722816,0.9257021467425381,0.9257021467425381,0.24311666156819123,0.24311666156819123,0.24637675012256693,0.24637675012256693,0.9399949942549939,0.9399949942549939,0.0964389150096166,0.0964389150096166
137,113,867,Pretell percentile,OpenSees 2-D,194.48150890276074,54.0,0.18722940273582933,1222.8837500850434,0.019483080332869794,0.019483080332869794,0.9999293230163778,0.9999293230163778,0.01156736001995803,0.01156736001995803,0.43724644328176276,0.43724644328176276,0.9946292118367094,0.9946292118367094,0.1567669705052741,0.1567669705052741,0.369281075099871,0.369281075099871,0.8908933382906761,0.8908933382906761,0.2831340222061733,0.2831340222061733,0.4055325559204791,0.4055325559204791,0.9353889924427837,0.9353889924427837,0.1501755749307282,0.1501755749307282
137,113,867,Dmult,OpenSees 2-D,194.48150890276074,54.0,0.18722940273582933,1222.8837500850434,0.04670171537931395,0.04670171537931395,0.9995795770235931,0.9995795770235931,0.028250719548579453,0.028250719548579453,0.5475057931955245,0.5475057931955245,0.8828879717457567,0.8828879717457567,0.3004019098896722,0.3004019098896722,0.805809084513639,0.805809084513639,0.5357080573063855,0.5357080573063855,1.0233194181322118,1.0233194181322118,0.6156642628628547,0.6156642628628547,0.7136551865158516,0.7136551865158516,0.4581701211551787,0.4581701211551787
137,113,867,Dmult p84,OpenSees 2-D,194.48150890276074,54.0,0.18722940273582933,1222.8837500850434,0.03682764205806245,0.03682764205806245,0.9997648022577237,0.9997648022577237,0.022029642629948967,0.022029642629948967,0.4757285877733711,0.4757285877733711,0.9068086422249555,0.9068086422249555,0.2279286537346238,0.2279286537346238,0.7659608737233382,0.7659608737233382,0.5484952866084214,0.5484952866084214,0.7761869161451802,0.7761869161451802,0.5594423625628526,0.5594423625628526,0.7709126506450571,0.7709126506450571,0.34775439169168243,0.34775439169168243
138,749,5786,GINO,OpenSees 2-D,144.25120670423362,66.0,0.2896682599559426,963.3242511739768,0.310079098750062,0.3063486916787808,0.9191228907474362,0.9123105702459259,0.09529544413831442,0.11692275799493017,0.3918112973030841,0.371973694490871,0.9060560623655434,0.9008669399088192,0.21081185465291125,0.18418734000227355,0.46574659623638864,0.5351824421289778,0.7827890283774024,0.7427151345759748,0.5023457917460237,0.5559669565563081,0.3703110201665339,0.3816377211629644,0.8648368801553278,0.8441777137893424,0.2724179889553917,0.2907676020936155
138,749,5786,1D Base Case,OpenSees 2-D,144.25120670423362,66.0,0.2896682599559426,963.3242511739768,0.4505230350131245,0.4325211255043946,0.9853522585867852,0.9859265948883349,0.12641787599121784,0.12182824570620393,0.6442289706685322,0.6487783255598971,0.6441000809299722,0.6767071961969081,0.405474054629559,0.37064162253787236,0.6313834965926465,0.621633331090527,0.3318771652003397,0.44358964075490126,0.6069344256230403,0.6407970791837839,0.5698053491023337,0.5652938576891031,0.6646331215772798,0.6576679341189499,0.3783155219538581,0.3781113504728575
138,749,5786,Toro Vs,OpenSees 2-D,144.25120670423362,66.0,0.2896682599559426,963.3242511739768,0.4365427864416034,0.4365427864416034,0.9404840442612191,0.9404840442612191,0.08872148038057359,0.08872148038057359,0.49669521361065094,0.49669521361065094,0.6912314324433241,0.6912314324433241,0.3478529656115481,0.3478529656115481,0.6183534893715071,0.6183534893715071,0.546918456531995,0.546918456531995,0.6223925833201384,0.6223925833201384,0.4971063664882463,0.4971063664882463,0.7567201306918062,0.7567201306918062,0.35324581197871363,0.35324581197871363
138,749,5786,Passeri tts,OpenSees 2-D,144.25120670423362,66.0,0.2896682599559426,963.3242511739768,0.4300962411817363,0.4300962411817363,0.9863540756973675,0.9863540756973675,0.12121058190060806,0.12121058190060806,0.6207656499386883,0.6207656499386883,0.6855125013780047,0.6855125013780047,0.3671427018716906,0.3671427018716906,0.6182274285126297,0.6182274285126297,0.47094569924803026,0.47094569924803026,0.6351808152840329,0.6351808152840329,0.5504911571029599,0.5504911571029599,0.6690943484243336,0.6690943484243336,0.37487979957613154,0.37487979957613154
138,749,5786,Pretell median,OpenSees 2-D,144.25120670423362,66.0,0.2896682599559426,963.3242511739768,0.1385661019123797,0.1385661019123797,0.9872085975905718,0.9872085975905718,0.029553836808280994,0.029553836808280994,0.23088437335055273,0.23088437335055273,0.9478447306796631,0.9478447306796631,0.12071954848727272,0.12071954848727272,0.5748051614333675,0.5748051614333675,0.7953305567907814,0.7953305567907814,0.4693421226398481,0.4693421226398481,0.2949883501963234,0.2949883501963234,0.9197680905894932,0.9197680905894932,0.21082945035302703,0.21082945035302703
138,749,5786,Pretell percentile,OpenSees 2-D,144.25120670423362,66.0,0.2896682599559426,963.3242511739768,0.3063098694715837,0.3063098694715837,0.9863648867049793,0.9863648867049793,0.11596118101650434,0.11596118101650434,0.45621360728363514,0.45621360728363514,0.946034637154796,0.946034637154796,0.2593541776618907,0.2593541776618907,0.42223963163332273,0.42223963163332273,0.8318639376804052,0.8318639376804052,0.4380128563968413,0.4380128563968413,0.3954156184344085,0.3954156184344085,0.9273454440096521,0.9273454440096521,0.27169716639323815,0.27169716639323815
138,749,5786,Dmult,OpenSees 2-D,144.25120670423362,66.0,0.2896682599559426,963.3242511739768,0.6240519854211769,0.6240519854211769,0.9182453856088602,0.9182453856088602,0.21765032553599437,0.21765032553599437,0.6412095299166597,0.6412095299166597,0.5657019508711143,0.5657019508711143,0.4390054568382957,0.4390054568382957,0.8795745393909528,0.8795745393909528,0.46469925729571265,0.46469925729571265,2.0006851909768426,2.0006851909768426,0.681616210315378,0.681616210315378,0.5744088164582213,0.5744088164582213,0.9081190678309816,0.9081190678309816
138,749,5786,Dmult p84,OpenSees 2-D,144.25120670423362,66.0,0.2896682599559426,963.3242511739768,0.5833837635025468,0.5833837635025468,0.937022193002922,0.937022193002922,0.18673445617113726,0.18673445617113726,0.5894775817454067,0.5894775817454067,0.6135541231874929,0.6135541231874929,0.3672433760068755,0.3672433760068755,0.8376364561702153,0.8376364561702153,0.5013461359678334,0.5013461359678334,1.5180011547473171,1.5180011547473171,0.6367432212529998,0.6367432212529998,0.6282193764724272,0.6282193764724272,0.7068304766235216,0.7068304766235216
139,908,6948,GINO,OpenSees 2-D,356.1113357731149,86.0,0.29150833990424874,1018.355520419634,0.06902672664741209,0.06713121668080642,0.9237413240992467,0.9427325663597063,0.05471275051546184,0.05464479753675618,0.18295594539252882,0.2201426272401622,0.9809089239890108,0.9805880281160492,0.11453465073701606,0.12300775560451807,0.5397960379360679,0.5707761415556316,0.6612093028675452,0.5297279405751606,0.48385161617663447,0.5555969897580628,0.344685597281868,0.3771094592738957,0.8807653174293658,0.8498883161823837,0.2228579235633385,0.2504869522345421
139,908,6948,1D Base Case,OpenSees 2-D,356.1113357731149,86.0,0.29150833990424874,1018.355520419634,0.043276166483718535,0.037802061738645414,0.9996302923747391,0.9996485069291657,0.027085026926882454,0.023163077510679683,0.7136480063341422,0.7184501028393031,0.46878844484097065,0.47006391840747636,0.36925275316237754,0.3442865232193668,0.7551633863167714,0.7234590016064514,0.057753793638020336,0.0538480411324377,0.5783382244736501,0.6297646491988336,0.7048227060095749,0.6960783162582822,0.4819872776439621,0.4774602930526962,0.3226739639388997,0.33181066131413967
139,908,6948,Toro Vs,OpenSees 2-D,356.1113357731149,86.0,0.29150833990424874,1018.355520419634,0.0291425316969422,0.0291425316969422,0.9998342094403639,0.9998342094403639,0.017693588561435256,0.017693588561435256,0.3862425054981394,0.3862425054981394,0.7534318359806512,0.7534318359806512,0.25601226702785573,0.25601226702785573,0.6814615026049866,0.6814615026049866,0.1956868018415032,0.1956868018415032,0.6056427944054608,0.6056427944054608,0.4992090863887108,0.4992090863887108,0.665750520257656,0.665750520257656,0.2949714141467703,0.2949714141467703
139,908,6948,Passeri tts,OpenSees 2-D,356.1113357731149,86.0,0.29150833990424874,1018.355520419634,0.03776086343267432,0.03776086343267432,0.9996507274700898,0.9996507274700898,0.023139598690066175,0.023139598690066175,0.6911477331771139,0.6911477331771139,0.48388632366839174,0.48388632366839174,0.3420765981564486,0.3420765981564486,0.7183322172112032,0.7183322172112032,0.059031968050858794,0.059031968050858794,0.6271282636932762,0.6271282636932762,0.6778141134081571,0.6778141134081571,0.48834436681342497,0.48834436681342497,0.33021673128110446,0.33021673128110446
139,908,6948,Pretell median,OpenSees 2-D,356.1113357731149,86.0,0.29150833990424874,1018.355520419634,0.002614630607568529,0.002614630607568529,0.999992326374526,0.999992326374526,0.0023150055982912466,0.0023150055982912466,0.3390918656738243,0.3390918656738243,0.9180380373619003,0.9180380373619003,0.12327366404574874,0.12327366404574874,0.5594842673449558,0.5594842673449558,0.720791579070698,0.720791579070698,0.4547257333938784,0.4547257333938784,0.41997951616427365,0.41997951616427365,0.8101918175053362,0.8101918175053362,0.19694635786098402,0.19694635786098402
139,908,6948,Pretell percentile,OpenSees 2-D,356.1113357731149,86.0,0.29150833990424874,1018.355520419634,0.033635358292326674,0.033635358292326674,0.9999166337464505,0.9999166337464505,0.020888657334910753,0.020888657334910753,1.22789981095946,1.22789981095946,0.8623040494055982,0.8623040494055982,0.3137063896924233,0.3137063896924233,0.5119749271493458,0.5119749271493458,0.6827322365214991,0.6827322365214991,0.5016474580321109,0.5016474580321109,0.9866919490472751,0.9866919490472751,0.784014188311326,0.784014188311326,0.2769995572861846,0.2769995572861846
139,908,6948,Dmult,OpenSees 2-D,356.1113357731149,86.0,0.29150833990424874,1018.355520419634,0.043909915005653916,0.043909915005653916,0.9995115642581905,0.9995115642581905,0.027169991280879772,0.027169991280879772,0.4837022691026977,0.4837022691026977,0.5976243726997387,0.5976243726997387,0.3072309178931132,0.3072309178931132,0.7640744730907896,0.7640744730907896,0.11483497188664098,0.11483497188664098,0.8810584090167942,0.8810584090167942,0.5835337724937181,0.5835337724937181,0.5462155855973972,0.5462155855973972,0.4100492154721199,0.4100492154721199
139,908,6948,Dmult p84,OpenSees 2-D,356.1113357731149,86.0,0.29150833990424874,1018.355520419634,0.04080049353202679,0.04080049353202679,0.999583184096073,0.999583184096073,0.025120588819845427,0.025120588819845427,0.5056772111162164,0.5056772111162164,0.5661654208626228,0.5661654208626228,0.31327150872068366,0.31327150872068366,0.737575183832943,0.737575183832943,0.10154198965831542,0.10154198965831542,0.7726641305921658,0.7726641305921658,0.5825322674882865,0.5825322674882865,0.5397860965761213,0.5397860965761213,0.37320610441040897,0.37320610441040897
140,437,3519,GINO,OpenSees 2-D,166.317576845069,89.0,0.11787733491510154,1280.6331599162438,0.1806257088565659,0.16000631223528006,0.9886798750782789,0.9907383189207,0.05243625223936863,0.05301348012146436,0.31946745879761035,0.3271811874115063,0.9299130006478697,0.9462151559646826,0.17199208333705313,0.22224446482040097,0.3868897896937422,0.4291440027307004,0.798465905144454,0.7672590243698617,0.27211763201926853,0.31737544456013933,0.25282204296528776,0.26026758262474375,0.9561041813040648,0.9532243151023224,0.16519148449163895,0.19630946308468158
140,437,3519,1D Base Case,OpenSees 2-D,166.317576845069,89.0,0.11787733491510154,1280.6331599162438,0.2310705585324829,0.2328147179845514,0.9598149261261403,0.9572979995812863,0.060450410094886546,0.0605209534716863,0.5357830410606853,0.5681986322149805,0.6598481507038902,0.6219183282988195,0.2007573312178487,0.23272212673160464,0.49386339644594884,0.5286561942235495,0.8131785912699494,0.8512386343647526,0.34495008848683945,0.33234859662959987,0.3689545898614163,0.3944981254239744,0.8832857654001603,0.863647647771087,0.20211737386895867,0.20732098055493153
140,437,3519,Toro Vs,OpenSees 2-D,166.317576845069,89.0,0.11787733491510154,1280.6331599162438,0.4960050785122454,0.4960050785122454,0.8892227896137631,0.8892227896137631,0.09336152722126134,0.09336152722126134,0.6676324696187468,0.6676324696187468,0.3867178035537615,0.3867178035537615,0.33742514969819437,0.33742514969819437,0.6476687020805332,0.6476687020805332,0.5360997854341191,0.5360997854341191,0.40227669692624696,0.40227669692624696,0.5676056378775759,0.5676056378775759,0.7370901538625587,0.7370901538625587,0.27470092336108626,0.27470092336108626
140,437,3519,Passeri tts,OpenSees 2-D,166.317576845069,89.0,0.11787733491510154,1280.6331599162438,0.2380362642236108,0.2380362642236108,0.9591166938967358,0.9591166938967358,0.06017416874465213,0.06017416874465213,0.5733583434648737,0.5733583434648737,0.6119560834827513,0.6119560834827513,0.23584991187425783,0.23584991187425783,0.5417209249301846,0.5417209249301846,0.8327215130701544,0.8327215130701544,0.33796461368589215,0.33796461368589215,0.4005919804370957,0.4005919804370957,0.8613266139411033,0.8613266139411033,0.21010354741296783,0.21010354741296783
140,437,3519,Pretell median,OpenSees 2-D,166.317576845069,89.0,0.11787733491510154,1280.6331599162438,0.10573979282278849,0.10573979282278849,0.9939994500507724,0.9939994500507724,0.014425644115480633,0.014425644115480633,0.48805689237553546,0.48805689237553546,0.8039345325655952,0.8039345325655952,0.12423275726476701,0.12423275726476701,0.5252758432998461,0.5252758432998461,0.8663997419959198,0.8663997419959198,0.31314055293399534,0.31314055293399534,0.32599462540323226,0.32599462540323226,0.9133969877627179,0.9133969877627179,0.15191799614674667,0.15191799614674667
140,437,3519,Pretell percentile,OpenSees 2-D,166.317576845069,89.0,0.11787733491510154,1280.6331599162438,0.20474566590023782,0.20474566590023782,0.989450908371797,0.989450908371797,0.060976271575098384,0.060976271575098384,0.4749162268958896,0.4749162268958896,0.7545926908534359,0.7545926908534359,0.18757730233638653,0.18757730233638653,0.4626023011542863,0.4626023011542863,0.8173621291364062,0.8173621291364062,0.29185711912611545,0.29185711912611545,0.33694333245143704,0.33694333245143704,0.9049847811696842,0.9049847811696842,0.17976487744634082,0.17976487744634082
140,437,3519,Dmult,OpenSees 2-D,166.317576845069,89.0,0.11787733491510154,1280.6331599162438,0.6496588398148906,0.6496588398148906,0.904510100395196,0.904510100395196,0.23146248637655992,0.23146248637655992,0.7476083914233923,0.7476083914233923,0.28233949674406594,0.28233949674406594,0.3853556227116287,0.3853556227116287,0.8889346253935164,0.8889346253935164,0.5532945452575728,0.5532945452575728,2.339188572900276,2.339188572900276,0.7111219954739397,0.7111219954739397,0.6109488369141775,0.6109488369141775,1.0153345575603814,1.0153345575603814
140,437,3519,Dmult p84,OpenSees 2-D,166.317576845069,89.0,0.11787733491510154,1280.6331599162438,0.5896905790819552,0.5896905790819552,0.9213256564530823,0.9213256564530823,0.18268514433361188,0.18268514433361188,0.7166474356151082,0.7166474356151082,0.3468787590412361,0.3468787590412361,0.2992586334026022,0.2992586334026022,0.8451197247452155,0.8451197247452155,0.5806810390787659,0.5806810390787659,1.7823527627172124,1.7823527627172124,0.6626018656713883,0.6626018656713883,0.6764455495281938,0.6764455495281938,0.7775408574885692,0.7775408574885692
141,491,3876,GINO,OpenSees 2-D,147.1806658427896,91.0,0.11322924531996251,1011.1066624560915,0.23911166348902294,0.2700194887325645,0.9730282086739658,0.9731259931916569,0.06024431507760549,0.06322275777600467,0.29871822234876705,0.33379743457709316,0.9180674823483808,0.8993428405966927,0.15874370739470237,0.16756170708989065,0.361906127879838,0.33650419489701955,0.7951256010262869,0.8206969344284384,0.2627391972392985,0.2180510478339278,0.26843568256402633,0.29541940177187836,0.9527617904775942,0.9483698812983715,0.16066734152932713,0.1487143440904436
141,491,3876,1D Base Case,OpenSees 2-D,147.1806658427896,91.0,0.11322924531996251,1011.1066624560915,0.39102643577022794,0.39290942444116583,0.847081544699361,0.8476110477297943,0.13604197065410034,0.13409738715724542,0.480305341434581,0.49884103171800576,0.8311224006841362,0.8229751849497561,0.17757455335551223,0.1734101887825593,0.4346922532193589,0.40056217118782794,0.757864030109152,0.8242507823977437,0.2778520277177714,0.23863793999116056,0.4207201526669843,0.4264756145691089,0.8230663829554817,0.8173361871724005,0.19813526543680882,0.18248042113670987
141,491,3876,Toro Vs,OpenSees 2-D,147.1806658427896,91.0,0.11322924531996251,1011.1066624560915,0.37994861540763425,0.37994861540763425,0.8888088008094043,0.8888088008094043,0.09500513043465274,0.09500513043465274,0.670809048619457,0.670809048619457,0.308580536089272,0.308580536089272,0.3531555668480372,0.3531555668480372,0.5047390489136441,0.5047390489136441,0.6487750740370063,0.6487750740370063,0.28966599678362626,0.28966599678362626,0.490812286008294,0.490812286008294,0.7734213472405903,0.7734213472405903,0.24058156458080882,0.24058156458080882
141,491,3876,Passeri tts,OpenSees 2-D,147.1806658427896,91.0,0.11322924531996251,1011.1066624560915,0.3724346311653968,0.3724346311653968,0.8562882614688376,0.8562882614688376,0.1321356411970729,0.1321356411970729,0.510189371307524,0.510189371307524,0.8123634312584244,0.8123634312584244,0.17744519363553288,0.17744519363553288,0.4119314666020752,0.4119314666020752,0.8145131161266753,0.8145131161266753,0.2399120100238764,0.2399120100238764,0.4195655768061384,0.4195655768061384,0.8205268547284191,0.8205268547284191,0.18345023601799215,0.18345023601799215
141,491,3876,Pretell median,OpenSees 2-D,147.1806658427896,91.0,0.11322924531996251,1011.1066624560915,0.15138293102415315,0.15138293102415315,0.986826578748253,0.986826578748253,0.036506367668746965,0.036506367668746965,0.4590051016409117,0.4590051016409117,0.914818577594738,0.914818577594738,0.12855973092723227,0.12855973092723227,0.4229141748300635,0.4229141748300635,0.9312375607059306,0.9312375607059306,0.29231196878887317,0.29231196878887317,0.29926386407926486,0.29926386407926486,0.9156419204277839,0.9156419204277839,0.15365433703833675,0.15365433703833675
141,491,3876,Pretell percentile,OpenSees 2-D,147.1806658427896,91.0,0.11322924531996251,1011.1066624560915,0.28668614822668903,0.28668614822668903,0.9839466276706409,0.9839466276706409,0.06348324401083591,0.06348324401083591,0.423878625777866,0.423878625777866,0.8877418598096137,0.8877418598096137,0.12214094113756277,0.12214094113756277,0.3565652597513958,0.3565652597513958,0.922952952179324,0.922952952179324,0.2253136590148553,0.2253136590148553,0.3373290974107582,0.3373290974107582,0.9112903600125096,0.9112903600125096,0.13772119840026076,0.13772119840026076
141,491,3876,Dmult,OpenSees 2-D,147.1806658427896,91.0,0.11322924531996251,1011.1066624560915,0.5741970382531795,0.5741970382531795,0.8468826651232406,0.8468826651232406,0.2517851748255028,0.2517851748255028,0.7891241479338856,0.7891241479338856,0.006420708247615382,0.006420708247615382,0.560387337041907,0.560387337041907,0.8809938906471699,0.8809938906471699,0.5907313617442094,0.5907313617442094,2.694267205900606,2.694267205900606,0.671267138279001,0.671267138279001,0.6340212894593034,0.6340212894593034,1.1992345343667101,1.1992345343667101
141,491,3876,Dmult p84,OpenSees 2-D,147.1806658427896,91.0,0.11322924531996251,1011.1066624560915,0.51169547096617,0.51169547096617,0.8606516729757017,0.8606516729757017,0.19770613025206812,0.19770613025206812,0.7528178069642107,0.7528178069642107,0.15147389028525948,0.15147389028525948,0.4446972692298626,0.4446972692298626,0.8261731485337359,0.8261731485337359,0.6201085804786175,0.6201085804786175,2.0383437334600973,2.0383437334600973,0.6196667761190694,0.6196667761190694,0.6910597809289162,0.6910597809289162,0.9160266330682167,0.9160266330682167
142,526,4088,GINO,OpenSees 2-D,156.93329174337424,57.0,0.20968070961534976,1044.7896507387577,0.05803194233905509,0.07032597973396768,0.9903388025984214,0.9843581528873853,0.04421624669411042,0.05595649880878262,0.29582245978776056,0.34717010891659805,0.9311456179522144,0.8813841033647704,0.17829436369360527,0.24977688858288105,0.41434375753933705,0.34272843492511607,0.71063913684993,0.683565204365283,0.3357279835620559,0.3404774645681633,0.30022634311296825,0.33365119413122146,0.9315436201592491,0.8968278889186616,0.18646878969773983,0.21368495375679536
142,526,4088,1D Base Case,OpenSees 2-D,156.93329174337424,57.0,0.20968070961534976,1044.7896507387577,0.1044057654000824,0.09321599936498688,0.9986409990754652,0.9987215990055656,0.04748173956824844,0.04433498164272598,0.573100239089112,0.5813251829127971,0.6455191244019808,0.5923722681334966,0.3868711571700644,0.44572289602556614,0.5862885211247416,0.564700936640011,0.35544227621075775,0.22663842809088602,0.4259077163623971,0.4680234341350292,0.552846402629585,0.5571052526482961,0.7060521876841013,0.6611431085535364,0.28174765672674523,0.31304231432988416
142,526,4088,Toro Vs,OpenSees 2-D,156.93329174337424,57.0,0.20968070961534976,1044.7896507387577,0.04545248420888539,0.04545248420888539,0.9999854657628955,0.9999854657628955,0.02477675978585635,0.02477675978585635,0.5648673308126096,0.5648673308126096,0.6521954104227985,0.6521954104227985,0.3975440237039585,0.3975440237039585,0.5321895417289123,0.5321895417289123,0.09999674777522088,0.09999674777522088,0.4947799235884099,0.4947799235884099,0.5387313112261602,0.5387313112261602,0.7172300817929704,0.7172300817929704,0.30110804629218074,0.30110804629218074
142,526,4088,Passeri tts,OpenSees 2-D,156.93329174337424,57.0,0.20968070961534976,1044.7896507387577,0.09287220751502889,0.09287220751502889,0.9987469649374899,0.9987469649374899,0.04421004367864861,0.04421004367864861,0.5694255200328997,0.5694255200328997,0.6027730061743559,0.6027730061743559,0.44264816761547576,0.44264816761547576,0.5542159833121898,0.5542159833121898,0.23083123580712192,0.23083123580712192,0.46725273166823195,0.46725273166823195,0.54586442728007,0.54586442728007,0.6712436504121045,0.6712436504121045,0.31180642165605094,0.31180642165605094
142,526,4088,Pretell median,OpenSees 2-D,156.93329174337424,57.0,0.20968070961534976,1044.7896507387577,0.017081585381997413,0.017081585381997413,0.9999272217169546,0.9999272217169546,0.006196977945786392,0.006196977945786392,0.33365054608179223,0.33365054608179223,0.8883407534632694,0.8883407534632694,0.21162610884228095,0.21162610884228095,0.5032969867565902,0.5032969867565902,0.44455229576123934,0.44455229576123934,0.45149372077759486,0.45149372077759486,0.3485537928142524,0.3485537928142524,0.8898814183759489,0.8898814183759489,0.22367957720586773,0.22367957720586773
142,526,4088,Pretell percentile,OpenSees 2-D,156.93329174337424,57.0,0.20968070961534976,1044.7896507387577,0.11166043695573438,0.11166043695573438,0.9984805315637071,0.9984805315637071,0.04090388168764611,0.04090388168764611,0.4118538384189705,0.4118538384189705,0.8703669000272449,0.8703669000272449,0.22399550331402157,0.22399550331402157,0.41901015992313556,0.41901015992313556,0.4455552454748034,0.4455552454748034,0.352634090906529,0.352634090906529,0.3980393466449845,0.3980393466449845,0.8840398209771793,0.8840398209771793,0.20493694140216775,0.20493694140216775
142,526,4088,Dmult,OpenSees 2-D,156.93329174337424,57.0,0.20968070961534976,1044.7896507387577,0.16477558446817372,0.16477558446817372,0.9938662411756667,0.9938662411756667,0.08183117194815177,0.08183117194815177,0.7093142919648183,0.7093142919648183,0.512612607228013,0.512612607228013,0.6134212848552101,0.6134212848552101,0.8332730166979105,0.8332730166979105,0.027359556950564263,0.027359556950564263,1.7036970040003254,1.7036970040003254,0.7013977324312864,0.7013977324312864,0.5319288305357079,0.5319288305357079,0.8089612470385299,0.8089612470385299
142,526,4088,Dmult p84,OpenSees 2-D,156.93329174337424,57.0,0.20968070961534976,1044.7896507387577,0.13959769916827955,0.13959769916827955,0.9958843439548786,0.9958843439548786,0.06753771884255691,0.06753771884255691,0.6668147255111243,0.6668147255111243,0.5582132708699578,0.5582132708699578,0.5509664344226689,0.5509664344226689,0.7802544283867597,0.7802544283867597,0.0693379425862225,0.0693379425862225,1.3272732249331929,1.3272732249331929,0.6586309712123395,0.6586309712123395,0.5933112580420634,0.5933112580420634,0.653473760648313,0.653473760648313
143,141,1043,GINO,OpenSees 2-D,123.44674799303039,29.0,0.2028368482366204,1051.8362399751636,0.15901899589674384,0.223408378949926,0.5649497013682913,0.4270021874904548,0.1375093714361141,0.18729774355870726,0.3180546672380207,0.3226671426849583,0.9150542542445002,0.9129909838435425,0.1863672575115915,0.17688081618854196,0.36319593214788803,0.3642292067185021,0.8107381452653702,0.8773647287536196,0.33830281265942597,0.38456395492519857,0.3219999091274382,0.32450190292517056,0.9092359272004489,0.9257844608023253,0.22244444168691652,0.2532158393259296
143,141,1043,1D Base Case,OpenSees 2-D,123.44674799303039,29.0,0.2028368482366204,1051.8362399751636,0.011541073473393818,0.007836816941685877,0.9998793209801029,0.9999750527239318,0.006879455966895947,0.004945507502635149,0.39946637778436156,0.4484147631139335,0.8631394694225945,0.7598919202512221,0.21100407930971277,0.2405264391784651,0.39201080540596556,0.2690990041151486,0.8231999041707672,0.9593517656044824,0.2891913383051411,0.213247530834445,0.38595495278286557,0.416431434024287,0.8661637110701127,0.8295972015778988,0.16692600178812678,0.14852549517151759
143,141,1043,Toro Vs,OpenSees 2-D,123.44674799303039,29.0,0.2028368482366204,1051.8362399751636,0.016047153632809598,0.016047153632809598,0.9999390655822907,0.9999390655822907,0.009854361768444926,0.009854361768444926,0.5072883360644668,0.5072883360644668,0.7720128979639304,0.7720128979639304,0.27915830640923006,0.27915830640923006,0.5507359973886686,0.5507359973886686,0.6492937834890652,0.6492937834890652,0.40294677933854833,0.40294677933854833,0.5007453365488913,0.5007453365488913,0.8153848809090168,0.8153848809090168,0.22822789131021667,0.22822789131021667
143,141,1043,Passeri tts,OpenSees 2-D,123.44674799303039,29.0,0.2028368482366204,1051.8362399751636,0.00787477968588922,0.00787477968588922,0.9999749799311944,0.9999749799311944,0.004966170432558913,0.004966170432558913,0.4344018145851087,0.4344018145851087,0.7729866447274466,0.7729866447274466,0.23737451015678881,0.23737451015678881,0.2872816023552994,0.2872816023552994,0.9552606006851186,0.9552606006851186,0.2196116270056807,0.2196116270056807,0.40587978751541676,0.40587978751541676,0.8388048916018768,0.8388048916018768,0.1498145821504205,0.1498145821504205
143,141,1043,Pretell median,OpenSees 2-D,123.44674799303039,29.0,0.2028368482366204,1051.8362399751636,0.007725652697608009,0.007725652697608009,0.9999745278424802,0.9999745278424802,0.004860031939518068,0.004860031939518068,0.3683008707360104,0.3683008707360104,0.870898698278958,0.870898698278958,0.205871045896742,0.205871045896742,0.3850333015090603,0.3850333015090603,0.8407176785656522,0.8407176785656522,0.3106589520703911,0.3106589520703911,0.36135283451347777,0.36135283451347777,0.8996609984086781,0.8996609984086781,0.1721929581724908,0.1721929581724908
143,141,1043,Pretell percentile,OpenSees 2-D,123.44674799303039,29.0,0.2028368482366204,1051.8362399751636,0.029670290130615264,0.029670290130615264,0.9999010064047337,0.9999010064047337,0.018424406727075574,0.018424406727075574,0.39615116872173367,0.39615116872173367,0.9002498766003385,0.9002498766003385,0.2770872261840014,0.2770872261840014,0.5192884795990604,0.5192884795990604,0.8434787383624155,0.8434787383624155,0.5401070195197591,0.5401070195197591,0.4056207689062835,0.4056207689062835,0.9139772435205249,0.9139772435205249,0.2786121670415926,0.2786121670415926
143,141,1043,Dmult,OpenSees 2-D,123.44674799303039,29.0,0.2028368482366204,1051.8362399751636,0.012787085444184705,0.012787085444184705,0.9998702363129817,0.9998702363129817,0.008908518623891852,0.008908518623891852,0.6466134948150168,0.6466134948150168,0.8494526372114792,0.8494526372114792,0.38584034210613893,0.38584034210613893,0.7354633595461084,0.7354633595461084,0.47321293532846914,0.47321293532846914,0.8558039884438992,0.8558039884438992,0.643395407906625,0.643395407906625,0.7580702918984294,0.7580702918984294,0.41840148010556855,0.41840148010556855
143,141,1043,Dmult p84,OpenSees 2-D,123.44674799303039,29.0,0.2028368482366204,1051.8362399751636,0.005001982363764366,0.005001982363764366,0.9999359513689607,0.9999359513689607,0.0037037077405231,0.0037037077405231,0.5943679092664756,0.5943679092664756,0.8520460150434679,0.8520460150434679,0.3149733457695912,0.3149733457695912,0.6728560594852868,0.6728560594852868,0.5864500198767563,0.5864500198767563,0.607418894848309,0.607418894848309,0.5909086176309838,0.5909086176309838,0.8147497247717493,0.8147497247717493,0.30838491463696854,0.30838491463696854
144,706,5465,GINO,OpenSees 2-D,234.17739021656638,21.0,0.11117903161793947,1116.358373901244,0.1975192050561692,0.22962059110541877,-0.015325918818849493,-0.40259999859903794,0.1415050978489659,0.15799690055992172,0.0647630595285091,0.07166692262951296,0.9820555812868277,0.9825410493554275,0.0561501398220537,0.0606473832447152,0.25115267492088234,0.31696601055496754,0.9518657044966565,0.9174760513664628,0.2269074222521081,0.18366963412012693,0.24075069943864547,0.3048390380444781,0.9596573461579838,0.929723750717877,0.14578942398199204,0.13777750211143158
144,706,5465,1D Base Case,OpenSees 2-D,234.17739021656638,21.0,0.11117903161793947,1116.358373901244,0.0035570809078016717,0.004029568156986776,0.9993766293998936,0.9995548591854876,0.0027797158468539198,0.003175822620995541,0.12348242717914883,0.14362379857600127,0.9979983977560856,0.9972785283040091,0.06343267963367524,0.07463207648343709,0.6302164737964728,0.7149380728364787,0.5728614670905626,0.4490340053078276,0.4803032542707942,0.5069057890282351,0.5954718923130924,0.6808457283792255,0.6639999998691968,0.5553916415840806,0.18810884343127934,0.20091818702226186
144,706,5465,Toro Vs,OpenSees 2-D,234.17739021656638,21.0,0.11117903161793947,1116.358373901244,0.0032043172237162867,0.0032043172237162867,0.9995676575817636,0.9995676575817636,0.0025584118939735705,0.0025584118939735705,0.10012373708652465,0.10012373708652465,0.9995749651721757,0.9995749651721757,0.05354808596585933,0.05354808596585933,0.6525123594474582,0.6525123594474582,0.6642805582998007,0.6642805582998007,0.4297879979654656,0.4297879979654656,0.6210365290298264,0.6210365290298264,0.7232515875484296,0.7232515875484296,0.1673856692405615,0.1673856692405615
144,706,5465,Passeri tts,OpenSees 2-D,234.17739021656638,21.0,0.11117903161793947,1116.358373901244,0.004027008694434768,0.004027008694434768,0.9995549683181139,0.9995549683181139,0.0031739421606202054,0.0031739421606202054,0.14331633880749264,0.14331633880749264,0.9973123653138065,0.9973123653138065,0.0744989762573333,0.0744989762573333,0.7036539235530589,0.7036539235530589,0.4639744706159717,0.4639744706159717,0.5032469972377447,0.5032469972377447,0.6701257057971988,0.6701257057971988,0.5685014120863457,0.5685014120863457,0.19959702166662774,0.19959702166662774
144,706,5465,Pretell median,OpenSees 2-D,234.17739021656638,21.0,0.11117903161793947,1116.358373901244,0.0019190785987739734,0.0019190785987739734,0.9995739505870181,0.9995739505870181,0.0015833714223812874,0.0015833714223812874,0.07271690721978172,0.07271690721978172,0.9993875023700683,0.9993875023700683,0.035155503786014064,0.035155503786014064,0.46518677660428626,0.46518677660428626,0.8042954596811979,0.8042954596811979,0.24954206941964363,0.24954206941964363,0.44276068633773663,0.44276068633773663,0.8383457231994578,0.8383457231994578,0.09844055543051296,0.09844055543051296
144,706,5465,Pretell percentile,OpenSees 2-D,234.17739021656638,21.0,0.11117903161793947,1116.358373901244,0.0009884142762466774,0.0009884142762466774,0.9995829677925169,0.9995829677925169,0.000847651129790534,0.000847651129790534,0.03334648532572327,0.03334648532572327,0.9998918365455326,0.9998918365455326,0.015758654534679943,0.015758654534679943,0.5086239239795345,0.5086239239795345,0.8008084408747222,0.8008084408747222,0.3019314193397328,0.3019314193397328,0.48376714592845255,0.48376714592845255,0.8349424481644869,0.8349424481644869,0.11070027102473713,0.11070027102473713
144,706,5465,Dmult,OpenSees 2-D,234.17739021656638,21.0,0.11117903161793947,1116.358373901244,0.0054355344078851975,0.0054355344078851975,0.9995363185773359,0.9995363185773359,0.004228200565935362,0.004228200565935362,0.19158015403312367,0.19158015403312367,0.9935107964779182,0.9935107964779182,0.10314437746746902,0.10314437746746902,0.7427780491978716,0.7427780491978716,0.5588860741771544,0.5588860741771544,0.48908479076317857,0.48908479076317857,0.707996187481533,0.707996187481533,0.6428727632621642,0.6428727632621642,0.20360286020543056,0.20360286020543056
144,706,5465,Dmult p84,OpenSees 2-D,234.17739021656638,21.0,0.11117903161793947,1116.358373901244,0.004822729625894765,0.004822729625894765,0.9995443694893409,0.9995443694893409,0.0037694491040211574,0.0037694491040211574,0.17248161632844058,0.17248161632844058,0.9951372307145799,0.9951372307145799,0.09119351688417335,0.09119351688417335,0.7136039854881258,0.7136039854881258,0.5606496112734503,0.5606496112734503,0.4632072404255163,0.4632072404255163,0.6799984699644177,0.6799984699644177,0.6473834837994615,0.6473834837994615,0.1907998964005901,0.1907998964005901
145,548,4249,GINO,OpenSees 2-D,187.79583946249005,97.0,0.29614019449800255,1092.3489382008888,0.14844940701039944,0.049744693704312164,0.9885876295025471,0.9984337457942649,0.06505560665849922,0.04428601315212462,0.39034354672784316,0.2947731746157152,0.8889029807086456,0.9385149781348571,0.1795277647360256,0.12205456666589067,0.4665331344238865,0.3673737036181589,0.7017401383875126,0.8359244980947339,0.6592754531178582,0.4729186764062109,0.2585577574715412,0.18878685267300874,0.9467469086821771,0.9692388220894622,0.30737420034253277,0.21763801134518462
145,548,4249,1D Base Case,OpenSees 2-D,187.79583946249005,97.0,0.29614019449800255,1092.3489382008888,0.6367794376076693,0.6463266846625375,0.5900781564367983,0.5790273245778753,0.23925676054367795,0.25197965769632125,0.8670684711132405,0.8324979017531173,0.19217836227601987,0.11680497540803868,0.5142980269205506,0.5057911447480025,0.6398271911570432,0.6874065396830877,0.30147139841345233,0.22591262977282128,0.523830959949999,0.6996985566657197,0.6899606961707923,0.6971341441188335,0.5160292431697973,0.4913984839491916,0.421370110248952,0.4848247184511151
145,548,4249,Toro Vs,OpenSees 2-D,187.79583946249005,97.0,0.29614019449800255,1092.3489382008888,0.5828403603876546,0.5828403603876546,0.8467078937806488,0.8467078937806488,0.1978189464336298,0.1978189464336298,0.7271499965038006,0.7271499965038006,0.1367329910180202,0.1367329910180202,0.42525831883235066,0.42525831883235066,0.6121080346131605,0.6121080346131605,0.7018750663746945,0.7018750663746945,0.6107987539258342,0.6107987539258342,0.6215238791779011,0.6215238791779011,0.6745388540872546,0.6745388540872546,0.41059369077551766,0.41059369077551766
145,548,4249,Passeri tts,OpenSees 2-D,187.79583946249005,97.0,0.29614019449800255,1092.3489382008888,0.63199340955685,0.63199340955685,0.6000355092116902,0.6000355092116902,0.24893777208204176,0.24893777208204176,0.8296839920198973,0.8296839920198973,0.11945511097187297,0.11945511097187297,0.5042942890470581,0.5042942890470581,0.681047759090044,0.681047759090044,0.252770199825209,0.252770199825209,0.6909936759284043,0.6909936759284043,0.6868674725007005,0.6868674725007005,0.5038331376357437,0.5038331376357437,0.48026429351777356,0.48026429351777356
145,548,4249,Pretell median,OpenSees 2-D,187.79583946249005,97.0,0.29614019449800255,1092.3489382008888,0.3515048330075714,0.3515048330075714,0.9433206372275206,0.9433206372275206,0.05999798450514424,0.05999798450514424,0.6069182567113298,0.6069182567113298,0.6270394369205304,0.6270394369205304,0.1822913351413441,0.1822913351413441,0.62159727276819,0.62159727276819,0.6835510518831466,0.6835510518831466,0.6326941366387908,0.6326941366387908,0.4548558508097881,0.4548558508097881,0.8591512265887015,0.8591512265887015,0.2971296429427805,0.2971296429427805
145,548,4249,Pretell percentile,OpenSees 2-D,187.79583946249005,97.0,0.29614019449800255,1092.3489382008888,0.3668019569611315,0.3668019569611315,0.9175739463148697,0.9175739463148697,0.15358557188424407,0.15358557188424407,0.5543842449157161,0.5543842449157161,0.6055069877290087,0.6055069877290087,0.26687782742379695,0.26687782742379695,0.5283833834216963,0.5283833834216963,0.6661434429355737,0.6661434429355737,0.6336069554859457,0.6336069554859457,0.43479556577438644,0.43479556577438644,0.8473577210002893,0.8473577210002893,0.35558073280670555,0.35558073280670555
145,548,4249,Dmult,OpenSees 2-D,187.79583946249005,97.0,0.29614019449800255,1092.3489382008888,0.7146673088615447,0.7146673088615447,0.7885646060902236,0.7885646060902236,0.33108608495811265,0.33108608495811265,0.7816996387109586,0.7816996387109586,0.026355987679724757,0.026355987679724757,0.5326906929978371,0.5326906929978371,0.8676458896239292,0.8676458896239292,0.6398072345371553,0.6398072345371553,1.9347700560816592,1.9347700560816592,0.7477363405671098,0.7477363405671098,0.5302449026866299,0.5302449026866299,0.9528568572632714,0.9528568572632714
145,548,4249,Dmult p84,OpenSees 2-D,187.79583946249005,97.0,0.29614019449800255,1092.3489382008888,0.6791621899275324,0.6791621899275324,0.7735286430564072,0.7735286430564072,0.292565636467461,0.292565636467461,0.7692140708241061,0.7692140708241061,0.06138659228820413,0.06138659228820413,0.4750930383893645,0.4750930383893645,0.8237778496620932,0.8237778496620932,0.6211038224423173,0.6211038224423173,1.4253066334937243,1.4253066334937243,0.7168278871945821,0.7168278871945821,0.5594434934124566,0.5594434934124566,0.7437832060032241,0.7437832060032241
146,609,4713,GINO,OpenSees 2-D,176.7226450134401,84.0,0.10420899577438832,1086.0182527087534,0.06865226851976619,0.06305360644432441,0.9973534314400782,0.997882193932485,0.05539594839348777,0.051821344323131124,0.1504596805833618,0.07233513586827667,0.9817992688404935,0.9966776062709082,0.10893065879043566,0.09946109750553418,0.2874628218629067,0.3264386937476817,0.8957727229280363,0.9174857128019465,0.22828862439911185,0.2811880341151725,0.1642669127308292,0.15722473396222575,0.9743983321346706,0.9747934638371798,0.13196879811454054,0.1463916117050665
146,609,4713,1D Base Case,OpenSees 2-D,176.7226450134401,84.0,0.10420899577438832,1086.0182527087534,0.09699408772999765,0.06906692485582838,0.999157506998599,0.9994215767404963,0.01598861287094258,0.010504181767809859,0.28251801582091096,0.1935160883545807,0.9367269477441822,0.964497503290805,0.12169770665852629,0.11494993636003678,0.5038736824471263,0.575695009981835,0.8271805562828641,0.8562181297285846,0.32357097583855454,0.3391266519563365,0.2963774623116467,0.29450633654232194,0.9222167677238131,0.9135439873091971,0.15535516804588193,0.15685577271146228
146,609,4713,Toro Vs,OpenSees 2-D,176.7226450134401,84.0,0.10420899577438832,1086.0182527087534,0.24332678899614482,0.24332678899614482,0.9359714273694956,0.9359714273694956,0.04738067480629533,0.04738067480629533,0.47199036820599893,0.47199036820599893,0.8484207654855876,0.8484207654855876,0.24163833508061966,0.24163833508061966,0.6771253920102387,0.6771253920102387,0.49347107161184917,0.49347107161184917,0.37871066524560626,0.37871066524560626,0.47748230230168487,0.47748230230168487,0.786364214436396,0.786364214436396,0.2216234695423514,0.2216234695423514
146,609,4713,Passeri tts,OpenSees 2-D,176.7226450134401,84.0,0.10420899577438832,1086.0182527087534,0.06623746467574648,0.06623746467574648,0.9994058829093435,0.9994058829093435,0.009804896097412604,0.009804896097412604,0.19396998704210602,0.19396998704210602,0.9616003997684583,0.9616003997684583,0.1141611081347054,0.1141611081347054,0.5858778214194631,0.5858778214194631,0.8450036565521445,0.8450036565521445,0.33893506612608004,0.33893506612608004,0.29840795588158125,0.29840795588158125,0.9108967616607421,0.9108967616607421,0.15630731921863406,0.15630731921863406
146,609,4713,Pretell median,OpenSees 2-D,176.7226450134401,84.0,0.10420899577438832,1086.0182527087534,0.010788928969278673,0.010788928969278673,0.999980447990438,0.999980447990438,0.0022048998095415754,0.0022048998095415754,0.20034404245363466,0.20034404245363466,0.9672226505754506,0.9672226505754506,0.08760637369328098,0.08760637369328098,0.5174506271095101,0.5174506271095101,0.9033873816215728,0.9033873816215728,0.2702703220121615,0.2702703220121615,0.2731704167213435,0.2731704167213435,0.9249875478981787,0.9249875478981787,0.12164823974558035,0.12164823974558035
146,609,4713,Pretell percentile,OpenSees 2-D,176.7226450134401,84.0,0.10420899577438832,1086.0182527087534,0.1882962749542855,0.1882962749542855,0.9984049184291344,0.9984049184291344,0.036429391753978226,0.036429391753978226,0.39158948611597205,0.39158948611597205,0.9651726279793136,0.9651726279793136,0.13473968336005632,0.13473968336005632,0.4633166245919521,0.4633166245919521,0.8622131662546042,0.8622131662546042,0.2864062585687709,0.2864062585687709,0.36862474076274326,0.36862474076274326,0.9220373739533936,0.9220373739533936,0.15341438262097906,0.15341438262097906
146,609,4713,Dmult,OpenSees 2-D,176.7226450134401,84.0,0.10420899577438832,1086.0182527087534,0.4381778503578176,0.4381778503578176,0.9409825780763995,0.9409825780763995,0.1167445893658293,0.1167445893658293,0.6273589030006198,0.6273589030006198,0.7723908582200801,0.7723908582200801,0.5035097138602046,0.5035097138602046,0.8842852214684082,0.8842852214684082,0.4966622388787736,0.4966622388787736,2.015342142166865,2.015342142166865,0.6474037180349256,0.6474037180349256,0.6562005984565086,0.6562005984565086,0.8972832701945044,0.8972832701945044
146,609,4713,Dmult p84,OpenSees 2-D,176.7226450134401,84.0,0.10420899577438832,1086.0182527087534,0.3717338422166665,0.3717338422166665,0.9584094136740733,0.9584094136740733,0.08334372099604775,0.08334372099604775,0.5578245447439044,0.5578245447439044,0.8305896056126683,0.8305896056126683,0.39345980276582015,0.39345980276582015,0.8428339164601834,0.8428339164601834,0.5460837861557686,0.5460837861557686,1.5302888849179879,1.5302888849179879,0.588197828003747,0.588197828003747,0.7288097045301932,0.7288097045301932,0.6828093528996586,0.6828093528996586
147,961,7404,GINO,OpenSees 2-D,190.93246261753734,22.0,0.15516961738467216,1255.0909764050814,0.16287270678356322,0.08398871998129034,0.09331597266655367,-0.22233248766523334,0.16241891731875996,0.07105730236797925,0.14712905216570193,0.09343364484726194,0.9909115356799224,0.9961537357357809,0.06334016364010898,0.05134681183674153,0.2710201224048912,0.24781753045178892,0.9461102986832796,0.933458607888513,0.2434252836726187,0.2339023681433972,0.23642798080566602,0.2143912088079706,0.9576599498987844,0.9469947865982681,0.16104751943901524,0.1221399282300042
147,961,7404,1D Base Case,OpenSees 2-D,190.93246261753734,22.0,0.15516961738467216,1255.0909764050814,0.0032484162481378467,0.0015253692873953666,0.9997764675132486,0.9999673382871652,0.0021438198447544074,0.001054825619641983,0.1886940104638204,0.08288661211290095,0.9962891209541626,0.9991123200202904,0.06023635171981559,0.024961424720965148,0.33313262553570466,0.2765260342276913,0.9485021110822613,0.9664789796332163,0.21378554256858384,0.18706477675774064,0.2875796220798085,0.2360632937668522,0.9405060559153927,0.973784084940203,0.09364618236061306,0.07333028824837345
147,961,7404,Toro Vs,OpenSees 2-D,190.93246261753734,22.0,0.15516961738467216,1255.0909764050814,0.0029405508081494776,0.0029405508081494776,0.9999729191622047,0.9999729191622047,0.001989720482092299,0.001989720482092299,0.14777011184009753,0.14777011184009753,0.983629292726559,0.983629292726559,0.06389609149919165,0.06389609149919165,0.3408513394025953,0.3408513394025953,0.935234059039286,0.935234059039286,0.2556356816482471,0.2556356816482471,0.29525171555062474,0.29525171555062474,0.9140613929758927,0.9140613929758927,0.10933771819537627,0.10933771819537627
147,961,7404,Passeri tts,OpenSees 2-D,190.93246261753734,22.0,0.15516961738467216,1255.0909764050814,0.0015299427736832419,0.0015299427736832419,0.999967398092715,0.999967398092715,0.0010576682776458027,0.0010576682776458027,0.08722524954440579,0.08722524954440579,0.9990001606989382,0.9990001606989382,0.025700900909423705,0.025700900909423705,0.2440498514833282,0.2440498514833282,0.9704924009287325,0.9704924009287325,0.18210859887160197,0.18210859887160197,0.20952688640484926,0.20952688640484926,0.9774188623536734,0.9774188623536734,0.07181846377506383,0.07181846377506383
147,961,7404,Pretell median,OpenSees 2-D,190.93246261753734,22.0,0.15516961738467216,1255.0909764050814,0.00568630815838526,0.00568630815838526,0.9999773974195116,0.9999773974195116,0.003969041111399059,0.003969041111399059,0.447381753594779,0.447381753594779,0.9838213703631382,0.9838213703631382,0.1419786829280218,0.1419786829280218,0.3135007509446548,0.3135007509446548,0.933174778536826,0.933174778536826,0.25522444456574556,0.25522444456574556,0.33718385665418266,0.33718385665418266,0.860408460754146,0.860408460754146,0.13331132486540717,0.13331132486540717
147,961,7404,Pretell percentile,OpenSees 2-D,190.93246261753734,22.0,0.15516961738467216,1255.0909764050814,0.01137073984530555,0.01137073984530555,0.9999794641223335,0.9999794641223335,0.008066551637951511,0.008066551637951511,1.221144749006491,1.221144749006491,0.9644805404780222,0.9644805404780222,0.29389882268915085,0.29389882268915085,0.3940298651633881,0.3940298651633881,0.9608834156808228,0.9608834156808228,0.18406418250434314,0.18406418250434314,0.6617880307044989,0.6617880307044989,0.9007546772938958,0.9007546772938958,0.1554154037565484,0.1554154037565484
147,961,7404,Dmult,OpenSees 2-D,190.93246261753734,22.0,0.15516961738467216,1255.0909764050814,0.0015593811926355853,0.0015593811926355853,0.9999539565606951,0.9999539565606951,0.0013002621512594762,0.0013002621512594762,0.22974051836855744,0.22974051836855744,0.9825469817031793,0.9825469817031793,0.07141623761415872,0.07141623761415872,0.5152779408951708,0.5152779408951708,0.9073520759646603,0.9073520759646603,0.3970757507881538,0.3970757507881538,0.44705011943152706,0.44705011943152706,0.8980361450320145,0.8980361450320145,0.16085647581304224,0.16085647581304224
147,961,7404,Dmult p84,OpenSees 2-D,190.93246261753734,22.0,0.15516961738467216,1255.0909764050814,0.0004036842113966395,0.0004036842113966395,0.9999599651003925,0.9999599651003925,0.0003775743001490589,0.0003775743001490589,0.15697980269014009,0.15697980269014009,0.9907733554459203,0.9907733554459203,0.03859797020080631,0.03859797020080631,0.42567813592503545,0.42567813592503545,0.9413434223803321,0.9413434223803321,0.29499471789259213,0.29499471789259213,0.3659113170896855,0.3659113170896855,0.9379506148925221,0.9379506148925221,0.1149596933277013,0.1149596933277013
148,973,7501,GINO,OpenSees 2-D,264.14721504428144,37.0,0.2812460053712129,989.6374036043122,0.2080387120236042,0.2632386533152217,-0.12255098516788235,-0.4780041881915315,0.1570217522276081,0.18395488958142175,0.49165323006788886,0.15853167565837176,0.9353112217694536,0.9820040223152124,0.12566306301649174,0.07538699131771351,0.444137369518133,0.4323702561542406,0.6759781258227429,0.5055323371465963,0.33547714049855704,0.37804455160438666,0.47783516539602405,0.242205644657841,0.8964500655733145,0.9416052913309436,0.21007353135910525,0.219315901810347
148,973,7501,1D Base Case,OpenSees 2-D,264.14721504428144,37.0,0.2812460053712129,989.6374036043122,0.01716676713700533,0.01782140474238769,0.999886743818107,0.9997922702466386,0.01024545973029121,0.013272816405208124,0.8419048827194419,0.7158717712533293,0.48673261016859715,0.4128456394805045,0.35611963543928365,0.37820637423168096,0.6686906435546031,0.6681778260344758,0.21683903982556635,-0.09058892489213802,0.45963491588960526,0.5350901751427416,0.8025581173035993,0.689009997089613,0.5277522299770296,0.4855940272370086,0.2712940220987488,0.30538895931128673
148,973,7501,Toro Vs,OpenSees 2-D,264.14721504428144,37.0,0.2812460053712129,989.6374036043122,0.015652032596304,0.015652032596304,0.9998247869352355,0.9998247869352355,0.011702948386085056,0.011702948386085056,0.5175561475395987,0.5175561475395987,0.7319163735474762,0.7319163735474762,0.26228296636851006,0.26228296636851006,0.5302250858553103,0.5302250858553103,0.14831669683097992,0.14831669683097992,0.3902729924690904,0.3902729924690904,0.5073547997193226,0.5073547997193226,0.7311877483502897,0.7311877483502897,0.21937646920986445,0.21937646920986445
148,973,7501,Passeri tts,OpenSees 2-D,264.14721504428144,37.0,0.2812460053712129,989.6374036043122,0.01781393410207506,0.01781393410207506,0.9997925964572647,0.9997925964572647,0.013267612145698951,0.013267612145698951,0.698680332363527,0.698680332363527,0.4246278704793076,0.4246278704793076,0.37524314766028677,0.37524314766028677,0.6592224989134529,0.6592224989134529,-0.08391447973997052,-0.08391447973997052,0.5316687168952716,0.5316687168952716,0.6738036611164022,0.6738036611164022,0.4962466021044967,0.4962466021044967,0.30330065946242574,0.30330065946242574
148,973,7501,Pretell median,OpenSees 2-D,264.14721504428144,37.0,0.2812460053712129,989.6374036043122,0.0055735238467994955,0.0055735238467994955,0.9998924035293055,0.9998924035293055,0.004408058259068627,0.004408058259068627,0.34266327500555527,0.34266327500555527,0.922577039834674,0.922577039834674,0.09478129030914344,0.09478129030914344,0.4164380077558429,0.4164380077558429,0.5253370971998857,0.5253370971998857,0.2804321948640485,0.2804321948640485,0.35009096502242465,0.35009096502242465,0.9111379067513923,0.9111379067513923,0.12812847568583405,0.12812847568583405
148,973,7501,Pretell percentile,OpenSees 2-D,264.14721504428144,37.0,0.2812460053712129,989.6374036043122,0.008627130602816474,0.008627130602816474,0.9999354962191461,0.9999354962191461,0.005826473320089954,0.005826473320089954,0.5280260205765525,0.5280260205765525,0.9005041938613804,0.9005041938613804,0.24689518361846513,0.24689518361846513,0.6512401548352602,0.6512401548352602,0.5191048966105078,0.5191048966105078,0.48109059523394015,0.48109059523394015,0.5416822677062546,0.5416822677062546,0.8936493655861485,0.8936493655861485,0.2444895290794501,0.2444895290794501
148,973,7501,Dmult,OpenSees 2-D,264.14721504428144,37.0,0.2812460053712129,989.6374036043122,0.02084571754546018,0.02084571754546018,0.9997507811455647,0.9997507811455647,0.015483838761599299,0.015483838761599299,0.6252370131516565,0.6252370131516565,0.6020224523400851,0.6020224523400851,0.3590878926015807,0.3590878926015807,0.6180623610675978,0.6180623610675978,0.058292343201735666,0.058292343201735666,0.5032612859182094,0.5032612859182094,0.6084236819683443,0.6084236819683443,0.619476080077358,0.619476080077358,0.2892871614184072,0.2892871614184072
148,973,7501,Dmult p84,OpenSees 2-D,264.14721504428144,37.0,0.2812460053712129,989.6374036043122,0.0194857854955137,0.0194857854955137,0.9997697480531925,0.9997697480531925,0.014487508498349391,0.014487508498349391,0.6042845641512863,0.6042845641512863,0.5660306872431865,0.5660306872431865,0.3460364618033669,0.3460364618033669,0.6003052904417894,0.6003052904417894,0.04111476630777502,0.04111476630777502,0.45646443428463046,0.45646443428463046,0.588616883575421,0.588616883575421,0.6079461610208506,0.6079461610208506,0.26864411851505304,0.26864411851505304
149,648,5025,GINO,OpenSees 2-D,214.98341347559776,85.0,0.248399880155921,913.1280400580059,0.04523253826561359,0.0332979959543088,0.9976072174633371,0.9971425557438952,0.03161782611812902,0.029821045184456815,0.3145123314485636,0.3740922639542803,0.9441177192360017,0.94193704439459,0.14450294099340835,0.13794947598998447,0.45812399322923836,0.32483861970898764,0.8049770714133634,0.8476254722430184,0.34821960205387,0.3438572853179171,0.32945415887753304,0.33836723497885596,0.9122318553863997,0.9287317645076558,0.17629398215822215,0.1721722584728262
149,648,5025,1D Base Case,OpenSees 2-D,214.98341347559776,85.0,0.248399880155921,913.1280400580059,0.16870878782975443,0.15793525902639627,0.9953373711896251,0.995658427804288,0.06452459778518752,0.058801942680992494,0.5633975474830251,0.5548417824180593,0.6626283286575153,0.6869909494125969,0.3049524132480618,0.28565240384141155,0.6451130960878478,0.5718069930937938,0.36606051364810127,0.3811459046033954,0.47171537294433863,0.4804176128630392,0.5483033067566453,0.5229582486866184,0.6809921628867802,0.7098127407159521,0.27916971372975274,0.27442256559283457
149,648,5025,Toro Vs,OpenSees 2-D,214.98341347559776,85.0,0.248399880155921,913.1280400580059,0.07874597486707537,0.07874597486707537,0.9993053887206801,0.9993053887206801,0.030790131210522133,0.030790131210522133,0.413847491001627,0.413847491001627,0.8178798117997058,0.8178798117997058,0.30669299333392885,0.30669299333392885,0.5498900764326256,0.5498900764326256,0.5705071411163336,0.5705071411163336,0.42119236140202804,0.42119236140202804,0.41801669006758824,0.41801669006758824,0.8105030648413214,0.8105030648413214,0.2502017704145712,0.2502017704145712
149,648,5025,Passeri tts,OpenSees 2-D,214.98341347559776,85.0,0.248399880155921,913.1280400580059,0.15726069788505764,0.15726069788505764,0.9957423064536665,0.9957423064536665,0.05859605529554539,0.05859605529554539,0.5301071087534633,0.5301071087534633,0.7001745599437192,0.7001745599437192,0.2806942803970891,0.2806942803970891,0.5675785173923724,0.5675785173923724,0.401751341469278,0.401751341469278,0.4721476795360977,0.4721476795360977,0.504532331341479,0.504532331341479,0.7208850525625085,0.7208850525625085,0.2699685913102018,0.2699685913102018
149,648,5025,Pretell median,OpenSees 2-D,214.98341347559776,85.0,0.248399880155921,913.1280400580059,0.003248722536796635,0.003248722536796635,0.999988206198739,0.999988206198739,0.002458829710484664,0.002458829710484664,0.23237882045888253,0.23237882045888253,0.9754332312170613,0.9754332312170613,0.06701730661229241,0.06701730661229241,0.38034262832079924,0.38034262832079924,0.9086587118566967,0.9086587118566967,0.36787439725444615,0.36787439725444615,0.2539719226832928,0.2539719226832928,0.948829582953476,0.948829582953476,0.14972182142141352,0.14972182142141352
149,648,5025,Pretell percentile,OpenSees 2-D,214.98341347559776,85.0,0.248399880155921,913.1280400580059,0.10579243570881329,0.10579243570881329,0.9989111541257402,0.9989111541257402,0.033823328882368664,0.033823328882368664,0.5989294648301642,0.5989294648301642,0.9684815700462769,0.9684815700462769,0.2209175073863791,0.2209175073863791,0.2562998918517653,0.2562998918517653,0.8934653071927137,0.8934653071927137,0.2728752703819885,0.2728752703819885,0.5044292352769363,0.5044292352769363,0.9473651861781822,0.9473651861781822,0.17361976195843876,0.17361976195843876
149,648,5025,Dmult,OpenSees 2-D,214.98341347559776,85.0,0.248399880155921,913.1280400580059,0.24038525583797324,0.24038525583797324,0.9860603714021561,0.9860603714021561,0.09753164853762337,0.09753164853762337,0.5712598192240899,0.5712598192240899,0.7164260692459659,0.7164260692459659,0.4186134252218533,0.4186134252218533,0.7991405388415765,0.7991405388415765,0.5482893730370639,0.5482893730370639,1.539783772626325,1.539783772626325,0.5927791891066619,0.5927791891066619,0.6642049922016727,0.6642049922016727,0.698644424973938,0.698644424973938
149,648,5025,Dmult p84,OpenSees 2-D,214.98341347559776,85.0,0.248399880155921,913.1280400580059,0.21080951097718187,0.21080951097718187,0.9899391753900311,0.9899391753900311,0.0821030846190312,0.0821030846190312,0.5135997653781457,0.5135997653781457,0.7394190251733513,0.7394190251733513,0.3640097819751127,0.3640097819751127,0.7448536858910403,0.7448536858910403,0.5561480414683241,0.5561480414683241,1.159158371923552,1.159158371923552,0.5397164938862119,0.5397164938862119,0.7128112286238931,0.7128112286238931,0.543644444382438,0.543644444382438
