sample,local_idx,sample_idx,method,reference,Vs1,H,CoV,Vs2,rel_l2_low,rel_l2_low_central,rel_l2_mid,rel_l2_mid_central,rel_l2_high,rel_l2_high_central,rel_l2_all,rel_l2_all_central
0,39,333,GINO,OpenSees 2-D,158.22102378729463,32.0,0.2937549220398068,1194.9507193914058,0.1251905275685659,0.0880403997117466,0.3143201710739482,0.306369117660321,0.5357099961775469,0.3212291747414523,0.3850949197555444,0.2997918208249744
0,39,333,1D Base Case,OpenSees 2-D,158.22102378729463,32.0,0.2937549220398068,1194.9507193914058,0.0097144778597171,0.0131472501389108,0.3929286554373241,0.5805832659619392,0.5030892183473297,0.3273262142245309,0.416527724517593,0.487440806097625
0,39,333,Pretell's approach,OpenSees 2-D,158.22102378729463,32.0,0.2937549220398068,1194.9507193914058,0.0082920158037317,0.0098272210187759,0.5717549349571619,0.8846306542731142,0.4273934728376052,0.3379592656351038,0.5145455951262754,0.71360969665613
1,339,2655,GINO,OpenSees 2-D,228.34419907752724,53.0,0.1308274684473872,1106.143249038946,0.0764706393147288,0.0827859421098476,0.1763143241729766,0.1324913101399367,0.2799288566430669,0.1741948686079098,0.2022950016211961,0.1415471278722765
1,339,2655,1D Base Case,OpenSees 2-D,228.34419907752724,53.0,0.1308274684473872,1106.143249038946,0.0063536910739222,0.0032180702848557,0.2091714103028968,0.1762994079490162,0.5338757020150869,0.4501060542595639,0.3124310494420104,0.2639751999015866
1,339,2655,Pretell's approach,OpenSees 2-D,228.34419907752724,53.0,0.1308274684473872,1106.143249038946,0.0068919101273108,0.0025334332514047,0.3235204100464964,0.2625554940009237,0.4115487481467518,0.2418362839974443,0.3392902747783082,0.2514566964479279
2,188,1399,GINO,OpenSees 2-D,189.7341404244504,24.0,0.2855846079066395,895.9073790000466,0.1385370386269976,0.1150762593362448,0.2303200715950222,0.1987257797396709,0.438792733352829,0.4352085184726802,0.2954952398718919,0.2626755861629335
2,188,1399,1D Base Case,OpenSees 2-D,189.7341404244504,24.0,0.2855846079066395,895.9073790000466,0.0054281523737678,0.0059278747994271,0.463008005604254,0.4307121358272908,0.664911754268089,0.5994948539017197,0.5123445994853971,0.4613285956703634
2,188,1399,Pretell's approach,OpenSees 2-D,189.7341404244504,24.0,0.2855846079066395,895.9073790000466,0.0039504453640095,0.0027122524131168,0.3839844724789302,0.4878735586188804,0.6527419936554874,0.4001840444267773,0.4604017716010752,0.4598618172937604
3,403,3229,GINO,OpenSees 2-D,130.42607289849633,83.0,0.2976677659898996,943.9792966622842,0.260721560414657,0.2229765425586326,0.3552967957287104,0.3790209263511688,0.4735796525052296,0.5155910213251669,0.2927974240384395,0.2815803242256247
3,403,3229,1D Base Case,OpenSees 2-D,130.42607289849633,83.0,0.2976677659898996,943.9792966622842,0.6254306102499142,0.6295407720698598,0.701239615717206,0.7325567479693652,0.5585131355266285,0.6643831306844825,0.6347465964150136,0.6528554561132771
3,403,3229,Pretell's approach,OpenSees 2-D,130.42607289849633,83.0,0.2976677659898996,943.9792966622842,0.5091833125589756,0.6212121043968097,0.5972882826234811,0.6828380822668171,0.5543139292589467,0.6746361845573721,0.526694899784682,0.6365990864416655
4,525,4086,GINO,OpenSees 2-D,156.93329174337424,57.0,0.2096807096153497,1044.7896507387577,0.0685964251810869,0.0544773045770306,0.3907010864426214,0.3761405572769134,0.485994110360623,0.3598363931652867,0.3919755567589527,0.3561429079302312
4,525,4086,1D Base Case,OpenSees 2-D,156.93329174337424,57.0,0.2096807096153497,1044.7896507387577,0.0654499816443293,0.0427310636799382,0.4460757332538136,0.4094963115858568,0.4824087332969995,0.200450449874277,0.434851165858706,0.3689844991550098
4,525,4086,Pretell's approach,OpenSees 2-D,156.93329174337424,57.0,0.2096807096153497,1044.7896507387577,0.0801391533277684,0.0527208294812856,0.4845313723870803,0.5157952563606112,0.4418152760722291,0.2688339203252609,0.4599386070369279,0.4658886992716405
5,189,1405,GINO,OpenSees 2-D,189.7341404244504,24.0,0.2855846079066395,895.9073790000466,0.1307625375093069,0.1054674798757338,0.3838852730440063,0.3635909284285095,0.3975895504246869,0.5235352593281858,0.3776376672283451,0.3758944590214298
5,189,1405,1D Base Case,OpenSees 2-D,189.7341404244504,24.0,0.2855846079066395,895.9073790000466,0.0125640448499882,0.0152008287463194,0.7240474462083925,0.7240292614072942,0.9660099094844408,1.1231913833073697,0.7608111914979274,0.7582643434048605
5,189,1405,Pretell's approach,OpenSees 2-D,189.7341404244504,24.0,0.2855846079066395,895.9073790000466,0.0035517734540306,0.0038866310521764,0.553449269050578,0.6149082158747419,0.4790935489655666,0.3190631207763512,0.5239962965819905,0.5832331607748068
6,812,6209,GINO,OpenSees 2-D,134.14269923349184,26.0,0.2839863210916519,1130.6444920753804,0.2275816097520882,0.1274908758407741,0.3430653627122686,0.4537480366369089,0.8501292836317496,0.7713224844246824,0.4340912116214205,0.5173736207669828
6,812,6209,1D Base Case,OpenSees 2-D,134.14269923349184,26.0,0.2839863210916519,1130.6444920753804,0.0328180074612272,0.0053858620155584,0.6661696988033575,1.131081552153029,0.7542932858209764,0.6848345092425188,0.6573417778485484,0.9427989087109956
6,812,6209,Pretell's approach,OpenSees 2-D,134.14269923349184,26.0,0.2839863210916519,1130.6444920753804,0.02474717262609,0.0261279216212881,0.7434411169325859,1.3903647744024263,0.5426111862621534,0.5229135058387024,0.6977924622785086,1.1139606234619914
7,87,700,GINO,OpenSees 2-D,164.11181541402712,95.0,0.1591707941144705,1049.1750357007936,0.1368130721575462,0.1541435650713597,0.2803367789646096,0.2969668291634683,0.3383700834010738,0.3853374826285544,0.2142773331550377,0.2448995873980512
7,87,700,1D Base Case,OpenSees 2-D,164.11181541402712,95.0,0.1591707941144705,1049.1750357007936,0.29110221873301,0.2900967201168915,0.5233531897253948,0.5082132177618347,0.5447125825616113,0.5708876592514215,0.3975387313541894,0.4062337413042093
7,87,700,Pretell's approach,OpenSees 2-D,164.11181541402712,95.0,0.1591707941144705,1049.1750357007936,0.3908781513273207,0.4068434771492391,0.3990829504215992,0.3204177099208014,0.4743264538442951,0.5025472153523574,0.4053975225548568,0.4091764929642795
8,732,5674,GINO,OpenSees 2-D,276.0262964964348,25.0,0.2678596438840032,1108.5087479781032,0.1328229465155696,0.0906747704261839,0.1348637964708313,0.0768914348850489,0.6264287573638141,0.3269132477379269,0.6014218264262633,0.3020055954160049
8,732,5674,1D Base Case,OpenSees 2-D,276.0262964964348,25.0,0.2678596438840032,1108.5087479781032,0.006165265788873,0.0059719198243128,0.2503393209834084,0.2449775969415484,0.8604862582441206,0.7923481236521381,0.8266024212942006,0.7323042939106191
8,732,5674,Pretell's approach,OpenSees 2-D,276.0262964964348,25.0,0.2678596438840032,1108.5087479781032,0.0022021184925328,0.002139417943612,0.1724303476191427,0.1275739838102465,0.7062248804983291,0.3773282651720085,0.6778924945718138,0.3491505293260443
9,483,3823,GINO,OpenSees 2-D,189.73753870077093,82.0,0.2549427602440118,1125.5531570163855,0.1119124576322446,0.1490643309739969,0.3138923703996422,0.349161667392975,0.3791873263483387,0.3607201663186919,0.2869916804937896,0.3126210333704366
9,483,3823,1D Base Case,OpenSees 2-D,189.73753870077093,82.0,0.2549427602440118,1125.5531570163855,0.3198898484781159,0.2998120671440715,0.6100976420606117,0.5875091733802115,0.5873791199968813,0.6182507699973174,0.5430087336927566,0.535242958047456
9,483,3823,Pretell's approach,OpenSees 2-D,189.73753870077093,82.0,0.2549427602440118,1125.5531570163855,0.4358055826587509,0.145494758439507,0.5627320637579613,0.3464634866655788,0.4487636004104298,0.4469960805519096,0.5140079731055412,0.3324250915814973
10,5,40,GINO,OpenSees 2-D,265.7281021271786,30.0,0.1504425639286637,1021.9334664726358,0.1498035981783139,0.1620891741725807,0.1517084268217949,0.1395226020173943,0.4138299176021721,0.2901738908865107,0.3758149569127156,0.2656957939600606
10,5,40,1D Base Case,OpenSees 2-D,265.7281021271786,30.0,0.1504425639286637,1021.9334664726358,0.0037238921265051,0.0056514270147021,0.4335779257085102,0.4823362880073008,0.6763896867094096,0.6821912996617073,0.6308776798209604,0.64083562529048
10,5,40,Pretell's approach,OpenSees 2-D,265.7281021271786,30.0,0.1504425639286637,1021.9334664726358,0.002041603720131,0.0030160395562122,0.2848282626474179,0.2580752202736025,0.5735750757621262,0.4253818713296152,0.5260103022841579,0.3938816469826762
11,597,4520,GINO,OpenSees 2-D,226.636542366128,36.0,0.2384542470797896,1014.0811699534812,0.0823480358070438,0.045871567724241,0.2665997873707181,0.2020191858908004,0.4022497684628168,0.222617755234977,0.2983773824826222,0.2000494826515174
11,597,4520,1D Base Case,OpenSees 2-D,226.636542366128,36.0,0.2384542470797896,1014.0811699534812,0.0058996706165565,0.0019883279002901,0.3279447337995909,0.1816441521091588,0.5534798554336965,0.1989175418763257,0.3852850840702457,0.179323026197239
11,597,4520,Pretell's approach,OpenSees 2-D,226.636542366128,36.0,0.2384542470797896,1014.0811699534812,0.0043936109666934,0.0035041957624657,0.4267117434469407,0.4120748783964145,0.3835392123009622,0.3735781232525302,0.4068040853568006,0.391987452886973
12,699,5396,GINO,OpenSees 2-D,238.81110316876217,61.0,0.214666705019772,1104.0173947608328,0.0565809557007515,0.0422480898614441,0.3448580764827429,0.3308677154186049,0.4023561669898587,0.3568579407910764,0.3483353391860859,0.3329312747487186
12,699,5396,1D Base Case,OpenSees 2-D,238.81110316876217,61.0,0.214666705019772,1104.0173947608328,0.0290544870107635,0.0418444316610008,0.6031306441723069,0.6654560598495313,0.6937310299747258,0.8240159912385447,0.6075702608965569,0.6913705189159444
12,699,5396,Pretell's approach,OpenSees 2-D,238.81110316876217,61.0,0.214666705019772,1104.0173947608328,0.0266541457469635,0.0275229264674508,0.6963449864645741,0.7719341029722883,0.6131253997874455,0.780677383094468,0.6770531090169908,0.7668125247101664
13,953,7343,GINO,OpenSees 2-D,146.29610715353328,34.0,0.2125997029244899,882.3956287443269,0.0676870416722619,0.0790044545414769,0.1962947287975794,0.0960314355917733,0.3596347266123699,0.3584661892925099,0.2322432925914421,0.1677093817955459
13,953,7343,1D Base Case,OpenSees 2-D,146.29610715353328,34.0,0.2125997029244899,882.3956287443269,0.0239695813690008,0.0242768709696518,0.559200892135444,0.5587481307917638,0.5646643042866182,0.5479024255462632,0.5460188138912009,0.5432927022447072
13,953,7343,Pretell's approach,OpenSees 2-D,146.29610715353328,34.0,0.2125997029244899,882.3956287443269,0.0213333221949835,0.0083128361515,0.6023880561102452,0.2679083160533769,0.4116877516144918,0.3400504010937318,0.5551219933549073,0.2744104782268998
14,442,3540,GINO,OpenSees 2-D,232.90156909952375,27.0,0.2187564650550484,1028.941478887828,0.1453186803239537,0.1507893068666511,0.3574967679695766,0.42636116972995,0.3757305694899923,0.3798455303818022,0.3602807012976905,0.3973618459892745
14,442,3540,1D Base Case,OpenSees 2-D,232.90156909952375,27.0,0.2187564650550484,1028.941478887828,0.0054596089029117,0.0056623453434025,0.5037390453923358,0.5142418777665916,0.6045935979502892,0.5895608659441683,0.5448770511848451,0.5407433951222584
14,442,3540,Pretell's approach,OpenSees 2-D,232.90156909952375,27.0,0.2187564650550484,1028.941478887828,0.0034746241428627,0.0024539536447282,0.3965861266535545,0.4054966570223293,0.5143875934730848,0.3925669530624843,0.4497436260028791,0.3911090560728166
15,893,6755,GINO,OpenSees 2-D,172.4728690775164,98.0,0.1278202375397086,1133.7607909616702,0.0861255049553015,0.0724458595799354,0.1421858267079783,0.1525362545964078,0.2848469360931942,0.2258239805899481,0.136992314365622,0.1227012192548567
15,893,6755,1D Base Case,OpenSees 2-D,172.4728690775164,98.0,0.1278202375397086,1133.7607909616702,0.2262822154128435,0.2318265006281912,0.5082724901654282,0.5345899174879559,0.5259135497285429,0.557101937386689,0.3541296087329073,0.3755908357594286
15,893,6755,Pretell's approach,OpenSees 2-D,172.4728690775164,98.0,0.1278202375397086,1133.7607909616702,0.2205659455249227,0.1620710215138711,0.4603288159266612,0.4560423205956643,0.4404016739720608,0.4666130004000137,0.3216761272748871,0.305837875421607
16,861,6535,GINO,OpenSees 2-D,176.01347809939273,20.0,0.2044354684650898,1185.2351935758222,0.1581509080280815,0.1559428497472766,0.1922945214333543,0.0859276197400632,0.3331497559690546,0.2552926324249716,0.2923312098743032,0.2187853815938753
16,861,6535,1D Base Case,OpenSees 2-D,176.01347809939273,20.0,0.2044354684650898,1185.2351935758222,0.0038592614274699,0.0022420934094494,0.3798438846656736,0.1859545035618566,0.4661766286496188,0.3931986224589199,0.4311607674323006,0.3385590706904564
16,861,6535,Pretell's approach,OpenSees 2-D,176.01347809939273,20.0,0.2044354684650898,1185.2351935758222,0.002925390105057,0.002585872268913,0.3734708699837152,0.2068230389381485,0.5249502326748235,0.5056975095805779,0.4723401350066032,0.4311219207744191
17,385,3063,GINO,OpenSees 2-D,162.8854639149095,31.0,0.2589456051588058,961.1735787268042,0.0837708745324031,0.073749442276691,0.3140291200805152,0.095189911667482,0.4656741712465615,0.5038970403041622,0.3316551268725093,0.2279708016464407
17,385,3063,1D Base Case,OpenSees 2-D,162.8854639149095,31.0,0.2589456051588058,961.1735787268042,0.023940165119635,0.0306192053924271,0.7136381503295292,0.7442239457002661,0.651803743474281,0.8072744379002041,0.6921414949484631,0.7448326762842041
17,385,3063,Pretell's approach,OpenSees 2-D,162.8854639149095,31.0,0.2589456051588058,961.1735787268042,0.0088596438315185,0.0049712290646269,0.5960692098904656,0.4315555655417267,0.4405454271368961,0.5559757952978963,0.5668379218595991,0.4498262494172753
18,332,2569,GINO,OpenSees 2-D,246.08046267776467,92.0,0.2468729285523295,1118.5697265269964,0.0674548561414555,0.0533370368041356,0.2742934586044789,0.2947308784349121,0.4892752381404862,0.3237951165835054,0.3078396299625943,0.2817111308396918
18,332,2569,1D Base Case,OpenSees 2-D,246.08046267776467,92.0,0.2468729285523295,1118.5697265269964,0.1930226829414628,0.1915774630587617,0.696136886414866,0.6959105779746101,0.6267123605685828,0.621751561082833,0.6469457412915091,0.6458913257579229
18,332,2569,Pretell's approach,OpenSees 2-D,246.08046267776467,92.0,0.2468729285523295,1118.5697265269964,0.1077041308655331,0.0394125405962725,0.5215860525744414,0.4531859926118824,0.4139621790679889,0.3255684016161339,0.4750437603422273,0.4087991205989758
19,790,6073,GINO,OpenSees 2-D,185.7519503247115,55.0,0.2536833180114627,944.8379616276762,0.0768887926054276,0.094916912855392,0.2694896152646909,0.2750471117384266,0.4021496494420233,0.4056753339063303,0.3041226882661241,0.309962865003021
19,790,6073,1D Base Case,OpenSees 2-D,185.7519503247115,55.0,0.2536833180114627,944.8379616276762,0.0344765515174702,0.0298450483492667,0.4324602755478189,0.4282414278873065,0.5477817458208143,0.5266025591011525,0.4546295846126358,0.4457629943559227
19,790,6073,Pretell's approach,OpenSees 2-D,185.7519503247115,55.0,0.2536833180114627,944.8379616276762,0.0274284338566577,0.0302942903437877,0.3952832822238794,0.341720670801924,0.3399499493086969,0.3969861717001632,0.3701360611241878,0.3484108477139221
20,359,2865,GINO,OpenSees 2-D,177.79504469842436,99.0,0.2149843137711286,999.5990701320468,0.1657967854926811,0.1643437264777356,0.3987804512372265,0.3350581595687901,0.38143175771347,0.3084246603293027,0.2524151923581836,0.2202364051061161
20,359,2865,1D Base Case,OpenSees 2-D,177.79504469842436,99.0,0.2149843137711286,999.5990701320468,0.5106194187344584,0.5168934437059851,0.6463448078847588,0.6502721408203043,0.623244238761941,0.4479677609930639,0.5502487601875065,0.5420381996937366
20,359,2865,Pretell's approach,OpenSees 2-D,177.79504469842436,99.0,0.2149843137711286,999.5990701320468,0.4319950473250405,0.1970859234139015,0.5539895219660075,0.5119676342319687,0.4870628091092724,0.3725074382643975,0.4631503857113797,0.2999097521925529
21,590,4494,GINO,OpenSees 2-D,162.81304167035267,78.0,0.1498799065127968,1201.8775771934456,0.1387825124912381,0.1801148077826105,0.3051465694741054,0.3295916086964045,0.4233512656926145,0.4040554666441572,0.2729382824273992,0.2894994117338346
21,590,4494,1D Base Case,OpenSees 2-D,162.81304167035267,78.0,0.1498799065127968,1201.8775771934456,0.2151452696723655,0.1918434652045445,0.5044065318796863,0.5193502284517227,0.4625613636697269,0.342798452133555,0.4055891275189874,0.4007852645317578
21,590,4494,Pretell's approach,OpenSees 2-D,162.81304167035267,78.0,0.1498799065127968,1201.8775771934456,0.2174546559010929,0.14045731291823,0.546698175854922,0.5547695302165825,0.3926316346117594,0.3094026880648002,0.4213191290784535,0.412770211049566
22,504,3974,GINO,OpenSees 2-D,166.9827449821557,41.0,0.2767880152910947,858.6420902239915,0.0613453450173855,0.0396528514962652,0.1047057846651766,0.069424927210065,0.3897134525679891,0.3529845304213833,0.2042590955132157,0.176330989424032
22,504,3974,1D Base Case,OpenSees 2-D,166.9827449821557,41.0,0.2767880152910947,858.6420902239915,0.0437659541577932,0.0531415542645876,0.6746657328841412,0.6440899593178738,0.6407696909487566,0.7120183326267414,0.6475788513347654,0.6452261352782702
22,504,3974,Pretell's approach,OpenSees 2-D,166.9827449821557,41.0,0.2767880152910947,858.6420902239915,0.0212910085643768,0.0239793657072918,0.4938497926964181,0.5114060999375923,0.4305483769875912,0.6035401018969029,0.4658382112251502,0.5217794014644971
23,962,7407,GINO,OpenSees 2-D,190.9324626175373,22.0,0.1551696173846721,1255.0909764050814,0.1758620648079053,0.153015623266855,0.3057875670294819,0.2663255732721335,0.3975898963254089,0.5005355196155169,0.3310114052304884,0.3366869928033009
23,962,7407,1D Base Case,OpenSees 2-D,190.9324626175373,22.0,0.1551696173846721,1255.0909764050814,0.0077042341461627,0.0077727594695722,0.665591487580203,0.5394736140586507,0.7269821783096253,0.9611671368738453,0.6703784188869271,0.6585270758172244
23,962,7407,Pretell's approach,OpenSees 2-D,190.9324626175373,22.0,0.1551696173846721,1255.0909764050814,0.0020292863643735,0.0009439826322106,0.4384064472443669,0.1915748602568718,0.5483925784030833,0.3123624764172763,0.464333143131003,0.2234636999816664
24,375,2989,GINO,OpenSees 2-D,152.1637712597265,59.0,0.1451793171465397,1042.8236518036715,0.0413817238231933,0.0329812565609282,0.1590021079075355,0.1605357409323323,0.4055081691048515,0.2919359544380139,0.2024147751002199,0.180791358066435
24,375,2989,1D Base Case,OpenSees 2-D,152.1637712597265,59.0,0.1451793171465397,1042.8236518036715,0.0450089120995988,0.0399572926741264,0.2906871382174848,0.2459390495835205,0.4624181778623151,0.3922699833411971,0.3067371684865846,0.2638358429876479
24,375,2989,Pretell's approach,OpenSees 2-D,152.1637712597265,59.0,0.1451793171465397,1042.8236518036715,0.0244285394767708,0.0154381621020929,0.2129274157958712,0.1324204405360332,0.3375200066578394,0.2641147193939473,0.2243650430881684,0.1548750085295577
25,114,882,GINO,OpenSees 2-D,253.5532033615742,89.0,0.2226570691913366,1071.4956690352062,0.0400744162357556,0.0395074555249819,0.5141686599044467,0.5940682029309238,0.4321720444566612,0.4951452420347192,0.4670219947497803,0.5370435740945664
25,114,882,1D Base Case,OpenSees 2-D,253.5532033615742,89.0,0.2226570691913366,1071.4956690352062,0.0776783494776111,0.0704564021497046,0.5182567051079264,0.5319162510980039,0.5041307797277498,0.5429375914033033,0.487531183732025,0.506697418969242
25,114,882,Pretell's approach,OpenSees 2-D,253.5532033615742,89.0,0.2226570691913366,1071.4956690352062,0.0770328135800568,0.037785429679626,0.7131546502334059,0.5832520891085259,0.4271438904569388,0.4078210655814389,0.613961358560281,0.509993243653868
26,170,1245,GINO,OpenSees 2-D,215.59339641087303,67.0,0.2574893483892083,1161.3110622775987,0.0712485746981123,0.0590476037611341,0.4754885608394398,0.4819583679747936,0.4769714698975137,0.4617534871038359,0.4680875365913853,0.4732862187144316
26,170,1245,1D Base Case,OpenSees 2-D,215.59339641087303,67.0,0.2574893483892083,1161.3110622775987,0.0749522670883577,0.0836046911849434,0.6841008918614168,0.7166879116307905,0.6692014125454588,0.6982923865254864,0.6712744328924403,0.705152802055432
26,170,1245,Pretell's approach,OpenSees 2-D,215.59339641087303,67.0,0.2574893483892083,1161.3110622775987,0.0669992675643584,0.1714335882183338,0.666322723984219,0.898258867715902,0.5469350207889933,0.4697596358247585,0.6421654338933661,0.8462595531597661
27,851,6477,GINO,OpenSees 2-D,195.64024453812883,39.0,0.2952466946095228,905.3399911988492,0.1078571843917447,0.1132717520859067,0.43610700053955,0.4947381700862571,0.4249069234549147,0.3944991004012775,0.4243972705758634,0.4696044953966978
27,851,6477,1D Base Case,OpenSees 2-D,195.64024453812883,39.0,0.2952466946095228,905.3399911988492,0.0242935471986743,0.0164564231235132,0.6732465237477305,0.7259467025316805,0.6439865561447542,0.3082989271442732,0.6520709531426272,0.6686879889827388
27,851,6477,Pretell's approach,OpenSees 2-D,195.64024453812883,39.0,0.2952466946095228,905.3399911988492,0.0144097913897294,0.0035682374940965,0.5667644685670875,0.0983042952729842,0.5301148005961924,0.2355543780868198,0.5468271554870304,0.1183619843459952
28,123,914,GINO,OpenSees 2-D,178.44511897406224,26.0,0.1155283138155937,851.3991839099931,0.1729033237862292,0.1910981661241451,0.3498086548614439,0.389588147720295,0.4708995768532052,0.7290556607114745,0.372006181818088,0.4538307924567688
28,123,914,1D Base Case,OpenSees 2-D,178.44511897406224,26.0,0.1155283138155937,851.3991839099931,0.0050237281599645,0.0062423503098864,0.489721498817465,0.4959272634074564,0.5748938799583233,0.7342114348245384,0.4994739829246251,0.5327043618556091
28,123,914,Pretell's approach,OpenSees 2-D,178.44511897406224,26.0,0.1155283138155937,851.3991839099931,0.0018025063016273,0.0013097005060673,0.3886003771983163,0.3041330269825653,0.2914734154571636,0.3953344005798854,0.365464462544949,0.3158130461501761
29,301,2287,GINO,OpenSees 2-D,201.82716843861007,48.0,0.2598275061696767,1020.4178397178569,0.1359335428522764,0.1066977158613838,0.5049772661311428,0.3810319986525097,0.4193092502634173,0.2507741427013238,0.4766006269526017,0.3389654050615405
29,301,2287,1D Base Case,OpenSees 2-D,201.82716843861007,48.0,0.2598275061696767,1020.4178397178569,0.033351763617216,0.0190332079331945,0.6961728808174826,0.6904304412123108,0.5180062822395222,0.2954066630654916,0.6460688006911876,0.5882162716577805
29,301,2287,Pretell's approach,OpenSees 2-D,201.82716843861007,48.0,0.2598275061696767,1020.4178397178569,0.0266598044298955,0.0132096521476534,0.7571715769369807,0.7478184752389607,0.3758983579239404,0.2383727570199427,0.6785143559806182,0.6285577187268039
30,615,4746,GINO,OpenSees 2-D,258.854824998878,32.0,0.2089939348399639,810.0918046414628,0.2095684752344304,0.2042903225557402,0.1839127189125165,0.2012564865850618,0.4130897207186283,0.3244463823466431,0.2796210245881284,0.2581869083960791
30,615,4746,1D Base Case,OpenSees 2-D,258.854824998878,32.0,0.2089939348399639,810.0918046414628,0.0044120786493567,0.0066813985782381,0.3873397128235225,0.3922062309151138,0.6240199553991186,0.540380082684897,0.4688908387875735,0.4521736045146923
30,615,4746,Pretell's approach,OpenSees 2-D,258.854824998878,32.0,0.2089939348399639,810.0918046414628,0.0050853349473689,0.0011344680961612,0.4941338458563939,0.455893722061961,0.8482500790848596,0.4616693030455717,0.6207526145088251,0.4506640920106723
31,602,4626,GINO,OpenSees 2-D,194.11367715125328,35.0,0.1216885151341557,1061.9289309034427,0.1662241409703163,0.1316996059331786,0.2147926450875983,0.2926880916780092,0.4235307356538728,0.3764070116179721,0.2733134996009902,0.3097071126134186
31,602,4626,1D Base Case,OpenSees 2-D,194.11367715125328,35.0,0.1216885151341557,1061.9289309034427,0.0048055774857605,0.0045766155770982,0.2477072264959088,0.235902660111299,0.3585550731337901,0.3752430531173175,0.2700861570781312,0.2721009381614848
31,602,4626,Pretell's approach,OpenSees 2-D,194.11367715125328,35.0,0.1216885151341557,1061.9289309034427,0.0036446371848445,0.0026619024348466,0.3955250114145192,0.3257467576711673,0.3300519645865417,0.3003160130649518,0.3706988677249997,0.3096811325344449
32,711,5498,GINO,OpenSees 2-D,209.5948098689007,77.0,0.2975836420431733,1393.7879918175431,0.0954691004863769,0.0827266682510299,0.3037841121393298,0.3041458540666872,0.3920947131455299,0.4779302683616289,0.2970155207779191,0.3006400354919636
32,711,5498,1D Base Case,OpenSees 2-D,209.5948098689007,77.0,0.2975836420431733,1393.7879918175431,0.238623480024025,0.2364426025926218,0.7940957842577883,0.7951561058113156,0.7380310881704166,0.8077063475826236,0.7473342594566554,0.7507892953327189
32,711,5498,Pretell's approach,OpenSees 2-D,209.5948098689007,77.0,0.2975836420431733,1393.7879918175431,0.1015695388115022,0.0979140693198676,0.3894325665440901,0.3273428274460684,0.4171590369119062,0.3889311140558793,0.3710226910357302,0.3130741056537723
33,786,6053,GINO,OpenSees 2-D,279.15730034799924,59.0,0.1580777021124959,1121.1243372507952,0.072172877744681,0.0939351806130306,0.1779142682568707,0.2679074208104874,0.2359389677613653,0.2663886394604419,0.1898689512915034,0.2621281862444794
33,786,6053,1D Base Case,OpenSees 2-D,279.15730034799924,59.0,0.1580777021124959,1121.1243372507952,0.0104605667031022,0.008952208377064,0.330829931596556,0.2923110691232019,0.576196738086022,0.5049354815356883,0.3948213848564238,0.3376848343396754
33,786,6053,Pretell's approach,OpenSees 2-D,279.15730034799924,59.0,0.1580777021124959,1121.1243372507952,0.0058562247555671,0.0084038187158174,0.3310580306916492,0.4057853845749492,0.4641323302305131,0.5365829680480587,0.3595358613702812,0.425102459770513
34,918,7046,GINO,OpenSees 2-D,300.8348445880424,28.0,0.1317877247929573,1067.9494670873023,0.1347280120151831,0.1802384526488122,0.0559919742995983,0.038366519247652,0.214440229848816,0.2265012599930419,0.2052865289441239,0.2186635856386379
34,918,7046,1D Base Case,OpenSees 2-D,300.8348445880424,28.0,0.1317877247929573,1067.9494670873023,0.0024152071937882,0.0025429141607048,0.0953592567187605,0.0965869140130924,0.517952197734146,0.5198710635304951,0.491379156791397,0.4966136325005182
34,918,7046,Pretell's approach,OpenSees 2-D,300.8348445880424,28.0,0.1317877247929573,1067.9494670873023,0.0014077259371797,0.0006534184582408,0.0528910207966576,0.0199960233870235,0.4181249714084121,0.1893756171704647,0.3964115426719372,0.1807686146466271
35,508,3998,GINO,OpenSees 2-D,168.9719802826556,86.0,0.1990333180874586,958.4849171516609,0.1982524963067909,0.1632930816636916,0.4293675387114487,0.4322173917550734,0.4090132318805515,0.467582193296163,0.3156522261740891,0.3323498740714468
35,508,3998,1D Base Case,OpenSees 2-D,168.9719802826556,86.0,0.1990333180874586,958.4849171516609,0.5411199738722323,0.5833684932409683,0.7187553023940285,0.7780771383833165,0.4692904990274639,0.5340150529660393,0.5731241347523057,0.6213480871241924
35,508,3998,Pretell's approach,OpenSees 2-D,168.9719802826556,86.0,0.1990333180874586,958.4849171516609,0.5209420103276724,0.5335717742172491,0.8707382428554971,1.205828215003694,0.4069740428963496,0.480773889737674,0.6000262093554134,0.7306228273919149
36,718,5545,GINO,OpenSees 2-D,142.5768747917249,38.0,0.1890873065218329,1050.9310518285752,0.0513177162141436,0.0792657950296189,0.362187687969033,0.4269629643879093,0.4918886256553872,0.557628442072325,0.3752054625132205,0.4325839556296296
36,718,5545,1D Base Case,OpenSees 2-D,142.5768747917249,38.0,0.1890873065218329,1050.9310518285752,0.0331521011075667,0.0356801978170751,0.5678029375126419,0.6171785928898023,0.3814576664651633,0.4778660620347685,0.5280459081582798,0.5892376329927306
36,718,5545,Pretell's approach,OpenSees 2-D,142.5768747917249,38.0,0.1890873065218329,1050.9310518285752,0.0147733829223496,0.0141994439841212,0.3366662416592066,0.271131545230132,0.3416243577939774,0.3781010477120959,0.3282957518089497,0.2777635233071431
37,599,4547,GINO,OpenSees 2-D,210.6887704355034,93.0,0.1528308881446719,787.9885233298637,0.051247050796128,0.0422370755918212,0.2226103930894663,0.217473424947571,0.3088297361509328,0.3536294254324358,0.2212860470198054,0.2236503823515008
37,599,4547,1D Base Case,OpenSees 2-D,210.6887704355034,93.0,0.1528308881446719,787.9885233298637,0.1047543572642118,0.0560624006843723,0.3450128371868293,0.3699315287056222,0.4974057724641675,0.3779282326331227,0.3489454795119127,0.331391748439756
37,599,4547,Pretell's approach,OpenSees 2-D,210.6887704355034,93.0,0.1528308881446719,787.9885233298637,0.1510073901708725,0.1911221582649172,0.6138261791266169,0.7992601809478964,0.3430092819567426,0.3969212222471933,0.5141939821039512,0.6610835351069567
38,221,1652,GINO,OpenSees 2-D,165.0096656917946,69.0,0.291242990642786,1082.6185914667983,0.0844441917917717,0.0899886327391381,0.2837545088723264,0.2493716100855788,0.5069341418853391,0.5227576626436712,0.2776988963972353,0.2679632505791495
38,221,1652,1D Base Case,OpenSees 2-D,165.0096656917946,69.0,0.291242990642786,1082.6185914667983,0.3371213811870789,0.3199248047218148,0.6919557763590775,0.7014719641962767,0.6271986969108533,0.5516194317509813,0.6264062524859269,0.6203072132994393
38,221,1652,Pretell's approach,OpenSees 2-D,165.0096656917946,69.0,0.291242990642786,1082.6185914667983,0.2204051807010854,0.0662155042076318,0.3508290295199941,0.291496334826766,0.3781049804077143,0.3067935377732908,0.328847195992953,0.2602779098179736
39,654,5056,GINO,OpenSees 2-D,155.85309161955587,30.0,0.139903949201107,1100.9499837906333,0.1157763876001147,0.076880894064557,0.188560737094975,0.1650678833314483,0.3183779571592943,0.1781293937174145,0.2191396890770709,0.1639877491275248
39,654,5056,1D Base Case,OpenSees 2-D,155.85309161955587,30.0,0.139903949201107,1100.9499837906333,0.0058449030710742,0.0036919171768205,0.2149782480689973,0.1799954577695043,0.4679691573380704,0.2526551750725435,0.2820649269978073,0.1916035783284019
39,654,5056,Pretell's approach,OpenSees 2-D,155.85309161955587,30.0,0.139903949201107,1100.9499837906333,0.0069605714889533,0.0062761480926047,0.3192088622842272,0.3203218138927632,0.4039852016336038,0.3292346803942844,0.3306807022862424,0.3127182859810748
40,111,862,GINO,OpenSees 2-D,194.48150890276077,54.0,0.1872294027358293,1222.8837500850434,0.0584998801891568,0.0597761256159702,0.1196874814894396,0.1509217552221553,0.3983632891834713,0.2828278372282467,0.2421366721389596,0.1956877398365589
40,111,862,1D Base Case,OpenSees 2-D,194.48150890276077,54.0,0.1872294027358293,1222.8837500850434,0.0241262443018211,0.0159024037341551,0.3835721342326497,0.3895245083403754,0.5282535176244707,0.4344154233553384,0.423631197143512,0.3902184836517747
40,111,862,Pretell's approach,OpenSees 2-D,194.48150890276077,54.0,0.1872294027358293,1222.8837500850434,0.0183917411570908,0.0183886297910217,0.4242893045290593,0.29914003989716,0.3429813460350954,0.2474248690028465,0.3871338504513438,0.2740223776272966
41,475,3757,GINO,OpenSees 2-D,181.19113888748743,67.0,0.2453754544258117,1053.7421121028358,0.0408061280717599,0.0380482553419263,0.1860810301936987,0.151029118865464,0.3633115895976582,0.5027208277271089,0.2034831052565739,0.2019158149949456
41,475,3757,1D Base Case,OpenSees 2-D,181.19113888748743,67.0,0.2453754544258117,1053.7421121028358,0.1081077520979128,0.1040213372615958,0.5514538735756327,0.5466591626835471,0.565961889048281,0.5165669655825509,0.5330914174285113,0.5238752736556714
41,475,3757,Pretell's approach,OpenSees 2-D,181.19113888748743,67.0,0.2453754544258117,1053.7421121028358,0.1194577123997575,0.1935602543727148,0.4709853431551298,0.6204467048264043,0.3879632780667526,0.3815568456435649,0.4470672836025247,0.5817562101429755
42,484,3832,GINO,OpenSees 2-D,189.73753870077093,82.0,0.2549427602440118,1125.5531570163855,0.1048787944005896,0.0965629767463504,0.2499783809867319,0.2032274314493333,0.4033770037418831,0.4538630206309519,0.2440983694274268,0.2478471220263155
42,484,3832,1D Base Case,OpenSees 2-D,189.73753870077093,82.0,0.2549427602440118,1125.5531570163855,0.4289161454222887,0.4144703007151589,0.738021193788576,0.7505541935468711,0.5593261994838127,0.6344438545507358,0.6300475560263493,0.6408391977539923
42,484,3832,Pretell's approach,OpenSees 2-D,189.73753870077093,82.0,0.2549427602440118,1125.5531570163855,0.1911204720964975,0.1435943351979237,0.3856915065772396,0.2922764591113032,0.4109716156107764,0.4829120811113689,0.3396774391641226,0.3035200457325807
43,329,2547,GINO,OpenSees 2-D,214.7478680468775,37.0,0.1573005935177207,1374.5599606957485,0.1241933348188944,0.0814507117360006,0.1723344837375252,0.2201611427349326,0.4562387413658054,0.4026056009953831,0.2470160395762538,0.2442298671837189
43,329,2547,1D Base Case,OpenSees 2-D,214.7478680468775,37.0,0.1573005935177207,1374.5599606957485,0.0075409268321618,0.0072136105399011,0.3908394528645021,0.4025399022122849,0.5939115836213454,0.4579394485796153,0.4271293223633671,0.4009822519285096
43,329,2547,Pretell's approach,OpenSees 2-D,214.7478680468775,37.0,0.1573005935177207,1374.5599606957485,0.0039361508378637,0.0030545467417027,0.350279517066159,0.1525527914152468,0.3703109492718881,0.4903860682052303,0.3470144268691291,0.2167319690058743
44,279,2081,GINO,OpenSees 2-D,233.90475631375517,58.0,0.2960107229650021,987.6378811194868,0.0685929806971827,0.0429213426312923,0.3507044723498601,0.3890143566600056,0.5271112283333608,0.5083130110251927,0.3843094107102765,0.4065458760059139
44,279,2081,1D Base Case,OpenSees 2-D,233.90475631375517,58.0,0.2960107229650021,987.6378811194868,0.033346855592912,0.0360896127180764,0.5527843822639599,0.5214917490732688,0.629389450513511,0.6100327815088447,0.5548706518536337,0.5272779901960619
44,279,2081,Pretell's approach,OpenSees 2-D,233.90475631375517,58.0,0.2960107229650021,987.6378811194868,0.0209427708748058,0.0037498610520587,0.5384647762299799,0.1445383504515973,0.3562108077825409,0.2841630237768637,0.4925250310955227,0.1789976669694035
45,277,2053,GINO,OpenSees 2-D,208.7308069285918,30.0,0.1064570799469947,909.3311175461351,0.0791919683124423,0.0670456156841677,0.2714378426129918,0.2817671039471928,0.2934361236300922,0.2784759611871329,0.2706150413760995,0.2767697420445805
45,277,2053,1D Base Case,OpenSees 2-D,208.7308069285918,30.0,0.1064570799469947,909.3311175461351,0.0055664046660771,0.0071949669055924,0.5072481700684833,0.5423832282799369,0.4746119587208051,0.543239827691001,0.4922968605648851,0.5332788673234135
45,277,2053,Pretell's approach,OpenSees 2-D,208.7308069285918,30.0,0.1064570799469947,909.3311175461351,0.0027716407479988,0.0030712142845105,0.3714952082343384,0.2496352007248035,0.356216362445789,0.3595704956273061,0.3619445140115555,0.2641762122595237
46,349,2789,GINO,OpenSees 2-D,197.28912232287496,19.0,0.2105953210964798,1155.8100464383233,0.1005790087552306,0.0734782996606639,0.0688057273826045,0.032990203588254,0.36595057647566,0.5038206497536966,0.3418442938065991,0.44195271495031
46,349,2789,1D Base Case,OpenSees 2-D,197.28912232287496,19.0,0.2105953210964798,1155.8100464383233,0.0050551969173169,0.0034019738998221,0.2379339568344897,0.1749872191787617,0.7115207983463875,0.6638897062948245,0.6663370741494224,0.585772760268941
46,349,2789,Pretell's approach,OpenSees 2-D,197.28912232287496,19.0,0.2105953210964798,1155.8100464383233,0.0015650506934798,0.0020282032629137,0.1058116469733401,0.120874502785646,0.4814847547402081,0.7016708671489834,0.4493450769641713,0.6165440923438096
47,956,7360,GINO,OpenSees 2-D,114.2589674732085,92.0,0.2566343206912279,1038.1516395347062,0.2518149580133872,0.2239987804654272,0.5802329891812129,0.5241513091047507,0.5606036204461317,0.5814136377663209,0.4017577780144563,0.3858785231844591
47,956,7360,1D Base Case,OpenSees 2-D,114.2589674732085,92.0,0.2566343206912279,1038.1516395347062,0.6591701169447918,0.6708780114685038,0.6493981657356317,0.6509602095159405,0.5810477529402938,0.660269853469408,0.6515079737412897,0.6635375908919103
47,956,7360,Pretell's approach,OpenSees 2-D,114.2589674732085,92.0,0.2566343206912279,1038.1516395347062,0.4139799857809298,0.2740660448735457,0.5466401754920928,0.5558248166886924,0.5571259408340901,0.6506878397920078,0.4674318513778671,0.4269838313592578
48,187,1395,GINO,OpenSees 2-D,189.7341404244504,24.0,0.2855846079066395,895.9073790000466,0.1601770197557669,0.1774282937273575,0.2771069339637469,0.318641365445765,0.3819609864779074,0.3749778132951398,0.3146373435035983,0.3382241746343596
48,187,1395,1D Base Case,OpenSees 2-D,189.7341404244504,24.0,0.2855846079066395,895.9073790000466,0.0091275706521524,0.0029496385215321,0.4582159679400298,0.2209619336033029,0.6142053463806741,0.3775241852375225,0.5090496482946666,0.2951939769186564
48,187,1395,Pretell's approach,OpenSees 2-D,189.7341404244504,24.0,0.2855846079066395,895.9073790000466,0.0027115240704675,0.0008835222580374,0.3644797850665165,0.4126319670988231,0.3687646308590777,0.2604453739734303,0.3562255916286306,0.3381698989841217
49,65,551,GINO,OpenSees 2-D,131.82879545966745,22.0,0.1982836745679378,1036.0135123697632,0.114327846376588,0.0771890121869877,0.2460311053903605,0.2217995971285344,0.4194408565956511,0.4100249983578813,0.2705166104919294,0.2633130444503592
49,65,551,1D Base Case,OpenSees 2-D,131.82879545966745,22.0,0.1982836745679378,1036.0135123697632,0.0176924319497057,0.0123398242859674,0.6533893561112001,0.8353979514915135,0.6210407816282096,0.5638006352537844,0.6332365247738351,0.7585485219605874
49,65,551,Pretell's approach,OpenSees 2-D,131.82879545966745,22.0,0.1982836745679378,1036.0135123697632,0.0093110338338768,0.0079808281198758,0.5036249803380446,0.7889010215999154,0.4108424098081259,0.4431840382415228,0.4800160775979671,0.7043990282478139
50,974,7514,GINO,OpenSees 2-D,264.14721504428144,37.0,0.2812460053712129,989.6374036043122,0.1433990469447029,0.1245631144131345,0.780063686828114,0.8349538980856509,0.417964193444629,0.494773171214164,0.7632269810624163,0.8291595172111612
50,974,7514,1D Base Case,OpenSees 2-D,264.14721504428144,37.0,0.2812460053712129,989.6374036043122,0.0192478784572367,0.0273527335750111,0.9408616988574058,0.961417216225311,0.7068431824242248,0.8435092192174786,0.9268597231466136,0.9581973818358772
50,974,7514,Pretell's approach,OpenSees 2-D,264.14721504428144,37.0,0.2812460053712129,989.6374036043122,0.0077182694418146,0.0028420081766172,0.8939159287874364,0.8709630283086189,0.5132842751377663,0.3873412381383699,0.8754350041661609,0.8637341257427795
51,611,4723,GINO,OpenSees 2-D,176.7226450134401,84.0,0.1042089957743883,1086.0182527087534,0.1111378449005607,0.1279690266570871,0.1656038194964479,0.1153266529014933,0.2787817851790267,0.3311969857523264,0.1743240865886493,0.171345768841192
51,611,4723,1D Base Case,OpenSees 2-D,176.7226450134401,84.0,0.1042089957743883,1086.0182527087534,0.0880397776848838,0.0627257717565844,0.2810434923066639,0.2328755068514935,0.4678827304243212,0.4913088217471389,0.2831651853920528,0.2675319114362476
51,611,4723,Pretell's approach,OpenSees 2-D,176.7226450134401,84.0,0.1042089957743883,1086.0182527087534,0.166336093951824,0.053115533068833,0.3655594442045833,0.2700416315419958,0.3902236591963222,0.4337552274210319,0.3325332587158489,0.2719826033401318
52,583,4446,GINO,OpenSees 2-D,173.18461406963465,28.0,0.2275954792276024,1274.164890998728,0.0823579144317099,0.0784355758655592,0.1172861876630623,0.1004629025026798,0.3837310535274508,0.2481466097739883,0.192960347637602,0.1405174160598001
52,583,4446,1D Base Case,OpenSees 2-D,173.18461406963465,28.0,0.2275954792276024,1274.164890998728,0.0076030509679206,0.004025965179858,0.3789385572713122,0.4042406527530561,0.5319374540075972,0.2806478646052062,0.4020034737775904,0.3709238141145963
52,583,4446,Pretell's approach,OpenSees 2-D,173.18461406963465,28.0,0.2275954792276024,1274.164890998728,0.0045529989248094,0.0027280146903274,0.3475147602937918,0.3982695350711442,0.3101635877344942,0.1835228370554613,0.3326065653526684,0.354031595899249
53,948,7306,GINO,OpenSees 2-D,206.4534454159544,81.0,0.1240257073193788,1105.6192977485405,0.0555308958944987,0.0493145899326303,0.1787741528644022,0.217188530127606,0.331061887598411,0.3301412494836758,0.2076003615151949,0.233465166266151
53,948,7306,1D Base Case,OpenSees 2-D,206.4534454159544,81.0,0.1240257073193788,1105.6192977485405,0.0288966030246597,0.0271943755241011,0.1870404783962142,0.1744586325104409,0.5204193938408466,0.4868421606398311,0.2706046770699536,0.2547301306871933
53,948,7306,Pretell's approach,OpenSees 2-D,206.4534454159544,81.0,0.1240257073193788,1105.6192977485405,0.0249632108181285,0.0304428401643175,0.1891373636600712,0.2283185308346298,0.3535488058125026,0.3015360499333063,0.2200233756429682,0.2341218155996929
54,69,590,GINO,OpenSees 2-D,153.7319045966208,80.0,0.1293483335524797,877.634440604738,0.0715695309883079,0.1175747459197813,0.2096744100284127,0.1487935950528524,0.288295692637989,0.192537236135274,0.1614361172780455,0.1376123230136563
54,69,590,1D Base Case,OpenSees 2-D,153.7319045966208,80.0,0.1293483335524797,877.634440604738,0.2230445893878319,0.2213194792984789,0.4721054360529826,0.4751565960324899,0.5487809281331317,0.5196742949818742,0.3628819424418174,0.3562385752473264
54,69,590,Pretell's approach,OpenSees 2-D,153.7319045966208,80.0,0.1293483335524797,877.634440604738,0.1693555455570018,0.0312782022944165,0.4345796530880372,0.4031235625202015,0.4442750217600417,0.4683289494709895,0.3113085340867639,0.2720644850502925
55,410,3290,GINO,OpenSees 2-D,187.0582705142781,49.0,0.1122217904776334,1055.7186211362691,0.0708592285796918,0.0578447369270501,0.0675777638166592,0.0600114364221035,0.2240283845798189,0.1739767386044154,0.1193255720709282,0.0968789705996218
55,410,3290,1D Base Case,OpenSees 2-D,187.0582705142781,49.0,0.1122217904776334,1055.7186211362691,0.012205592788228,0.0129379525888416,0.2386545808581792,0.2396270725305045,0.4177231320997426,0.4291225155359973,0.2809156308433475,0.2866166853468845
55,410,3290,Pretell's approach,OpenSees 2-D,187.0582705142781,49.0,0.1122217904776334,1055.7186211362691,0.0069721217698064,0.0019266754728071,0.1773783216128893,0.0272783994007489,0.3397062098254441,0.3265627625057712,0.2181997723683789,0.154038531431813
56,689,5334,GINO,OpenSees 2-D,160.31606648834193,88.0,0.286337204836309,994.4471206508136,0.3362265041796037,0.3017596416034563,0.5358782803075306,0.5969384833280417,0.5737757194165415,0.5984055057674282,0.4166265132244764,0.4344268802679019
56,689,5334,1D Base Case,OpenSees 2-D,160.31606648834193,88.0,0.286337204836309,994.4471206508136,0.5504058528368796,0.5531580489470912,0.752450650430129,0.786701164548359,0.682001750720635,0.6169082478591054,0.6163611169724265,0.6380905142935525
56,689,5334,Pretell's approach,OpenSees 2-D,160.31606648834193,88.0,0.286337204836309,994.4471206508136,0.3703853726559701,0.5465034740013976,0.5662717380667834,0.7344185925688365,0.511702433762682,0.5058950424674169,0.4380071152830992,0.608810490359781
57,637,4929,GINO,OpenSees 2-D,162.21536391785304,25.0,0.1728468023240566,1334.955769257144,0.1203845401443364,0.14307540130609,0.2607664601304964,0.1480889121510867,0.328027199706616,0.3147393123707547,0.2758019211371914,0.2305962874373283
57,637,4929,1D Base Case,OpenSees 2-D,162.21536391785304,25.0,0.1728468023240566,1334.955769257144,0.0050702981837202,0.0077015154897357,0.4163656567340869,0.5560346651273577,0.4016983573205485,0.4279989119565939,0.3998326068005589,0.4909508692143826
57,637,4929,Pretell's approach,OpenSees 2-D,162.21536391785304,25.0,0.1728468023240566,1334.955769257144,0.0028531141241875,0.001221630588175,0.4092238414209544,0.4590306915750598,0.3010910355991008,0.1781994535066555,0.3687891574943567,0.3556144841391874
58,177,1286,GINO,OpenSees 2-D,155.18901866887444,47.0,0.1558289742097258,959.1791661360844,0.0493814340852306,0.0446527177865081,0.092812496667309,0.0843053508024969,0.3179633465657819,0.2996092296069766,0.1656217804976428,0.1624289212363892
58,177,1286,1D Base Case,OpenSees 2-D,155.18901866887444,47.0,0.1558289742097258,959.1791661360844,0.0296837902545047,0.0324203804295931,0.3584198371501604,0.37159238953266,0.4347256325835174,0.4880813651922391,0.3651289956870209,0.3927105359053964
58,177,1286,Pretell's approach,OpenSees 2-D,155.18901866887444,47.0,0.1558289742097258,959.1791661360844,0.0181805198043982,0.0129767216463123,0.2315905272579601,0.2189594814693111,0.3893622533214514,0.3996770023087793,0.2659751032940416,0.2678844439597661
59,736,5687,GINO,OpenSees 2-D,276.0262964964348,25.0,0.2678596438840032,1108.5087479781032,0.1062295837155102,0.0651026279190047,0.091309538745895,0.0710148596632755,0.3795479716306767,0.2777174780939113,0.3550088843513324,0.2487447300793561
59,736,5687,1D Base Case,OpenSees 2-D,276.0262964964348,25.0,0.2678596438840032,1108.5087479781032,0.0045987583626026,0.0012517264760946,0.2088585154846486,0.0651831087307934,0.5953385090342239,0.4966032655755059,0.5575933194116064,0.4418239005627495
59,736,5687,Pretell's approach,OpenSees 2-D,276.0262964964348,25.0,0.2678596438840032,1108.5087479781032,0.0017332234197058,0.0022752704169244,0.0833321350618761,0.0994348023505999,0.5202932583605919,0.9849683909574922,0.4848822963646973,0.875804259258695
60,982,7571,GINO,OpenSees 2-D,115.0111146854982,22.0,0.2216604843735695,1104.9944564163814,0.0725155520871648,0.0566786962337291,0.2968947543987935,0.3470760102966082,0.5614083596077046,0.3726722713851338,0.3368223639971582,0.3383020519179325
60,982,7571,1D Base Case,OpenSees 2-D,115.0111146854982,22.0,0.2216604843735695,1104.9944564163814,0.0271129783934112,0.021439818284574,0.7482979930386902,0.7844333137268852,0.6449127273132432,0.5787179245265988,0.710981925523752,0.7151020756608597
60,982,7571,Pretell's approach,OpenSees 2-D,115.0111146854982,22.0,0.2216604843735695,1104.9944564163814,0.0060226854292119,0.0060918994009637,0.3713863795500284,0.5138807814516447,0.3168068251977092,0.2934775264440278,0.3524566520661871,0.4564848571123804
61,117,889,GINO,OpenSees 2-D,253.5532033615742,89.0,0.2226570691913366,1071.4956690352062,0.0366751244659714,0.0270108986233133,0.2851811804768541,0.3121262593034915,0.3298684588680838,0.3318299526931982,0.2852181426041185,0.3066264857972227
61,117,889,1D Base Case,OpenSees 2-D,253.5532033615742,89.0,0.2226570691913366,1071.4956690352062,0.054632121276184,0.0538611442343049,0.4364741925532308,0.4221126824568585,0.5438553676340306,0.54053572221832,0.4443020773630678,0.4335161427574308
61,117,889,Pretell's approach,OpenSees 2-D,253.5532033615742,89.0,0.2226570691913366,1071.4956690352062,0.0569079104313633,0.011614132575901,0.3957090521556585,0.0983994682063741,0.4345416584055656,0.4265208703801382,0.3914036394163296,0.1981679714068669
62,586,4474,GINO,OpenSees 2-D,162.81304167035267,78.0,0.1498799065127968,1201.8775771934456,0.190659439213551,0.2099160595171065,0.3330013134344202,0.3769698250625829,0.3115336607547471,0.2793018880687813,0.2838781456837252,0.319357541652945
62,586,4474,1D Base Case,OpenSees 2-D,162.81304167035267,78.0,0.1498799065127968,1201.8775771934456,0.2783228659891574,0.2761548273192784,0.5350054128417111,0.58438938513259,0.5013695374307104,0.4470913163994357,0.4491639430096542,0.4852290996434938
62,586,4474,Pretell's approach,OpenSees 2-D,162.81304167035267,78.0,0.1498799065127968,1201.8775771934456,0.1626380513986448,0.196837830925665,0.4198749790863677,0.507939917184994,0.3880789379327954,0.3514330091893706,0.3399855425092891,0.411064574857603
63,372,2977,GINO,OpenSees 2-D,152.1637712597265,59.0,0.1451793171465397,1042.8236518036715,0.0564176956788671,0.0514323353818065,0.2767297029426837,0.3353548708281206,0.2689252421895009,0.2443705681697225,0.2627620468062314,0.309038846572466
63,372,2977,1D Base Case,OpenSees 2-D,152.1637712597265,59.0,0.1451793171465397,1042.8236518036715,0.0415393487125314,0.049019466420438,0.2662861367002562,0.2957881123284945,0.4652083835165529,0.5609488176666627,0.2931109121164019,0.3375526170642248
63,372,2977,Pretell's approach,OpenSees 2-D,152.1637712597265,59.0,0.1451793171465397,1042.8236518036715,0.0704740571544092,0.0980284466924033,0.4052199686548044,0.4683770621316441,0.3685657421152672,0.3858069306844105,0.3808243691010791,0.437548814026551
64,10,88,GINO,OpenSees 2-D,191.35022152686955,60.0,0.2392275439575314,813.7837618794513,0.0484074896102553,0.0538860186143698,0.1959645426646955,0.1941784625345115,0.4701667616639513,0.2722620149054612,0.3006003838805351,0.2096180620605889
64,10,88,1D Base Case,OpenSees 2-D,191.35022152686955,60.0,0.2392275439575314,813.7837618794513,0.0490159608931425,0.0408012896243879,0.4773983459182966,0.4709835219915328,0.5718680829672713,0.42296868125268,0.4919392536754904,0.440093324872979
64,10,88,Pretell's approach,OpenSees 2-D,191.35022152686955,60.0,0.2392275439575314,813.7837618794513,0.033624803272352,0.0543826185992423,0.414026525037918,0.6846424431830997,0.4556211638621015,0.5242757723283108,0.4129600099988858,0.6194445987967914
65,628,4872,GINO,OpenSees 2-D,213.40427906371383,39.0,0.1261519130319356,931.3609844735406,0.1071468620445284,0.0625226361966843,0.2151588231839004,0.2047975908666872,0.3477102633988511,0.2557024933752327,0.2458510184980228,0.2110596358864624
65,628,4872,1D Base Case,OpenSees 2-D,213.40427906371383,39.0,0.1261519130319356,931.3609844735406,0.0047249257884228,0.002861128000396,0.2568564477138544,0.1592186939109867,0.4897203734939974,0.2907234651155461,0.3155873546366024,0.1879583869059479
65,628,4872,Pretell's approach,OpenSees 2-D,213.40427906371383,39.0,0.1261519130319356,931.3609844735406,0.0044606060935915,0.001198288032289,0.3126115926949318,0.104291092815854,0.384041734002899,0.2541621490496191,0.322446449408806,0.1432495023961955
66,927,7086,GINO,OpenSees 2-D,139.00239207672394,52.0,0.1663794327527284,1004.2557916079942,0.04085193603752,0.0300129749445558,0.3546690725326255,0.3864903540682846,0.3037409226458611,0.3681532780483305,0.3289102995822948,0.3625631694952652
66,927,7086,1D Base Case,OpenSees 2-D,139.00239207672394,52.0,0.1663794327527284,1004.2557916079942,0.0632639578611768,0.051978236296606,0.3505449135283537,0.265951917493023,0.4239568269967241,0.3617164300690442,0.3435696009978658,0.2633785789681779
66,927,7086,Pretell's approach,OpenSees 2-D,139.00239207672394,52.0,0.1663794327527284,1004.2557916079942,0.0461131414130763,0.0172420328550159,0.3832022047467934,0.3217106124023401,0.3708552269894213,0.3592354647853109,0.3610246597687783,0.3076778079772407
67,669,5188,GINO,OpenSees 2-D,188.13474051747795,44.0,0.2202451396733522,1147.857582958127,0.1366964436475724,0.1167753375231574,0.2796829060414368,0.3037002200531776,0.501690899352753,0.2806189631699556,0.3496734857547064,0.2859519645957994
67,669,5188,1D Base Case,OpenSees 2-D,188.13474051747795,44.0,0.2202451396733522,1147.857582958127,0.0238076070992082,0.0111145685821599,0.5004073747620305,0.5319680518456426,0.4933411106472539,0.3304574628105153,0.4801428221917851,0.4588939107623949
67,669,5188,Pretell's approach,OpenSees 2-D,188.13474051747795,44.0,0.2202451396733522,1147.857582958127,0.0177505372324126,0.0161880747331633,0.5524950394548145,0.7240276815002972,0.4200699694467592,0.3101506771932242,0.4975063046848534,0.6005520784093942
68,63,541,GINO,OpenSees 2-D,131.82879545966745,22.0,0.1982836745679378,1036.0135123697632,0.0833112640896537,0.0966513037653591,0.3066109010564767,0.2924210518078293,0.3790810574205837,0.3184149959779418,0.3138075460820923,0.2883099703982575
68,63,541,1D Base Case,OpenSees 2-D,131.82879545966745,22.0,0.1982836745679378,1036.0135123697632,0.0128173303596423,0.003869908717969,0.5568471938179195,0.5992460918886611,0.5752125511260052,0.429376908802109,0.5473904201697942,0.5382686882985918
68,63,541,Pretell's approach,OpenSees 2-D,131.82879545966745,22.0,0.1982836745679378,1036.0135123697632,0.0035021808641825,0.0087710541693181,0.424039599468812,0.6759219489582127,0.3921442645742995,0.5075213825805276,0.4090524937185658,0.6115427546180039
69,735,5681,GINO,OpenSees 2-D,276.0262964964348,25.0,0.2678596438840032,1108.5087479781032,0.0976495535326641,0.073087493088342,0.0968547253378487,0.0787579153383296,0.6471319526693268,0.6087378644297532,0.6166473168155955,0.5819241951177118
69,735,5681,1D Base Case,OpenSees 2-D,276.0262964964348,25.0,0.2678596438840032,1108.5087479781032,0.0039437962425228,0.0032082701542745,0.1744397280837642,0.1102763064561611,0.6813653734954097,0.5641111022448917,0.6499627533037666,0.5394885183457423
69,735,5681,Pretell's approach,OpenSees 2-D,276.0262964964348,25.0,0.2678596438840032,1108.5087479781032,0.0021377781757018,0.003463519489481,0.1030737275190766,0.115051107290844,0.6911989721663556,0.6409974609660753,0.6583695540032523,0.6129054270143601
70,500,3947,GINO,OpenSees 2-D,231.97220947353455,74.0,0.1848936110734939,1074.7409662605282,0.0930400657192905,0.0684322644244196,0.2565113586842609,0.172586356833529,0.4026152702552528,0.4152478617306804,0.2959007101946602,0.2347516964980108
70,500,3947,1D Base Case,OpenSees 2-D,231.97220947353455,74.0,0.1848936110734939,1074.7409662605282,0.0376072265111457,0.0088800324500391,0.3933718647212384,0.3755383155257101,0.5926501290452901,0.2853730632553284,0.4433676543065697,0.3393338963941186
70,500,3947,Pretell's approach,OpenSees 2-D,231.97220947353455,74.0,0.1848936110734939,1074.7409662605282,0.0409008876365449,0.0332088426333237,0.7194236306475718,0.8624983216165452,0.4834677379598636,0.4822831420892652,0.6369277496803063,0.7543094381773311
71,1,21,GINO,OpenSees 2-D,181.7140147682988,84.0,0.2612825533375144,1217.371260806998,0.130922175830659,0.1341586585689426,0.2744463220187857,0.2775055247341901,0.3783829268166261,0.5297299397738734,0.2412073445233596,0.2912960165987979
71,1,21,1D Base Case,OpenSees 2-D,181.7140147682988,84.0,0.2612825533375144,1217.371260806998,0.3644057557261593,0.3480964680707171,0.6886410550740453,0.6630501170508555,0.6071153528271889,0.6837982617979906,0.5505091156948073,0.5593182648926874
71,1,21,Pretell's approach,OpenSees 2-D,181.7140147682988,84.0,0.2612825533375144,1217.371260806998,0.3245363469914037,0.1636538816023817,0.538138866556029,0.6612685073459346,0.4680346989128296,0.4876449656778969,0.44195222393433,0.4864574056179807
72,42,358,GINO,OpenSees 2-D,158.22102378729463,32.0,0.2937549220398068,1194.9507193914058,0.1313233885866046,0.1430786196600132,0.589824579680534,0.7866116029215745,0.8427776375256545,0.8770065418886124,0.6262985078228755,0.7830396459140254
72,42,358,1D Base Case,OpenSees 2-D,158.22102378729463,32.0,0.2937549220398068,1194.9507193914058,0.0311993602247041,0.0226120002064298,0.6554302998573911,0.2974062539980845,0.5544860080032282,0.4935296834594344,0.6137320750465061,0.341874085629286
72,42,358,Pretell's approach,OpenSees 2-D,158.22102378729463,32.0,0.2937549220398068,1194.9507193914058,0.0094571288495775,0.0040772325649578,0.5688166014505901,0.6734775766792896,0.3760163755422482,0.3671485938803956,0.516550970644015,0.595105335433678
73,634,4913,GINO,OpenSees 2-D,227.53253067498767,90.0,0.2655224490910768,1064.7749838119346,0.0943516769561592,0.1019046116302248,0.3670359743012011,0.352089469922563,0.4108896143212233,0.3230151250753005,0.3577808289289112,0.3366246499012161
73,634,4913,1D Base Case,OpenSees 2-D,227.53253067498767,90.0,0.2655224490910768,1064.7749838119346,0.151564963185587,0.1503623261087809,0.5930678725641354,0.5843992822907529,0.6147309956003224,0.5302288098184684,0.572847606314714,0.5578090957228331
73,634,4913,Pretell's approach,OpenSees 2-D,227.53253067498767,90.0,0.2655224490910768,1064.7749838119346,0.1455354154290297,0.0171032007169194,0.424730895046936,0.1919971790456106,0.4914226646478628,0.299698973189039,0.4166870316048245,0.1966755184388779
74,529,4102,GINO,OpenSees 2-D,156.93329174337424,57.0,0.2096807096153497,1044.7896507387577,0.0545066222536944,0.0381848533530713,0.3574829591266637,0.4065324477903073,0.4303045704060974,0.4085983926970662,0.3481962495268211,0.3873779072939096
74,529,4102,1D Base Case,OpenSees 2-D,156.93329174337424,57.0,0.2096807096153497,1044.7896507387577,0.139428489570976,0.1378726206054551,0.6517104155532546,0.6451325196487532,0.631005224497302,0.6499617100044348,0.6183611210967845,0.6160635301970154
74,529,4102,Pretell's approach,OpenSees 2-D,156.93329174337424,57.0,0.2096807096153497,1044.7896507387577,0.1034584357622271,0.1056816044425422,0.5592268456549759,0.4644532547819509,0.3910715850461899,0.3838074997163086,0.5170145031125427,0.435773313157078
75,167,1216,GINO,OpenSees 2-D,244.6008924203642,33.0,0.1462434293702244,1267.7498236664114,0.0976490512793862,0.0688764437847415,0.2040936512295296,0.1526710263535874,0.3201691423428913,0.2421513892442779,0.2280099580082468,0.1697232191027547
75,167,1216,1D Base Case,OpenSees 2-D,244.6008924203642,33.0,0.1462434293702244,1267.7498236664114,0.0042223545474751,0.0050852338982149,0.440386859286157,0.44583069483799,0.5375363442655763,0.5364052712258636,0.4528397984803624,0.4560817052668792
75,167,1216,Pretell's approach,OpenSees 2-D,244.6008924203642,33.0,0.1462434293702244,1267.7498236664114,0.002082611598304,0.0011779384392932,0.3330854750322693,0.2635447302056182,0.3788660789851413,0.311007103995742,0.336473375801553,0.2683867569623693
76,809,6202,GINO,OpenSees 2-D,134.14269923349184,26.0,0.2839863210916519,1130.6444920753804,0.2337607301878243,0.1249616614280222,0.5026156156895794,0.4719827830834037,0.5933226629451,0.6179568018041393,0.5143858619268098,0.491065834590235
76,809,6202,1D Base Case,OpenSees 2-D,134.14269923349184,26.0,0.2839863210916519,1130.6444920753804,0.013317802634809,0.0220161122337129,0.5109717379678211,0.3424967216209518,0.5250631024564163,0.716872223911785,0.4987982027337909,0.4223099400873811
76,809,6202,Pretell's approach,OpenSees 2-D,134.14269923349184,26.0,0.2839863210916519,1130.6444920753804,0.0197610195711714,0.0200602401159478,0.65565141199645,0.7133929039364487,0.4091927643518588,0.6128313420566212,0.5835863197745055,0.683755184423841
77,821,6250,GINO,OpenSees 2-D,216.45552737671449,20.0,0.1478452920913696,1015.640788809876,0.1107061512591547,0.118464884288044,0.0871370442794311,0.0978929766149992,0.366616793750277,0.517340354524037,0.3504087334139815,0.4934673791307302
77,821,6250,1D Base Case,OpenSees 2-D,216.45552737671449,20.0,0.1478452920913696,1015.640788809876,0.0014418881517045,0.0015578709006747,0.0440943787434812,0.041480462551814,0.4080501488730805,0.2994616813365683,0.3887685737484751,0.2851998238738144
77,821,6250,Pretell's approach,OpenSees 2-D,216.45552737671449,20.0,0.1478452920913696,1015.640788809876,0.0011476436555848,0.0010127205069267,0.0322333080464699,0.028930349017347,0.3686620559578749,0.1523399171707134,0.3511967930957066,0.1451644279874527
78,76,628,GINO,OpenSees 2-D,217.2639001708952,36.0,0.2339379481971263,1101.8545230013024,0.0913024565740966,0.0623007821027754,0.2026898133881674,0.2061434975418146,0.2961429865482446,0.2409374013740416,0.2240298670761459,0.2069747984219606
78,76,628,1D Base Case,OpenSees 2-D,217.2639001708952,36.0,0.2339379481971263,1101.8545230013024,0.0119423697154383,0.0040896929506207,0.4533733671921713,0.3548982439334252,0.5035356450091713,0.2951459258349947,0.4502916014153313,0.3282158981673023
78,76,628,Pretell's approach,OpenSees 2-D,217.2639001708952,36.0,0.2339379481971263,1101.8545230013024,0.0048630305077788,0.0095177137536722,0.5895916525471976,0.6454369155631895,0.3059245581982541,0.4511156983947943,0.5106220098141652,0.5814032853917721
79,313,2402,GINO,OpenSees 2-D,315.09864889594195,34.0,0.2778384046629071,1225.8340206974456,0.3542121516400261,0.1937791961823654,0.735147235425807,0.2308313986194519,0.581139540575122,0.4178623529911934,0.6818999151646028,0.3474071305276933
79,313,2402,1D Base Case,OpenSees 2-D,315.09864889594195,34.0,0.2778384046629071,1225.8340206974456,0.0091263999107358,0.0028384415944836,0.8086914218791355,0.2630894905112466,0.8416348721828603,0.8665063872724514,0.8052660199014792,0.6705291266213976
79,313,2402,Pretell's approach,OpenSees 2-D,315.09864889594195,34.0,0.2778384046629071,1225.8340206974456,0.0037749500534103,0.0035426107049969,0.7474965407650217,0.2967562691991434,0.9093789765135744,1.4154381010826569,0.7882162011405274,1.0799821353313586
80,296,2255,GINO,OpenSees 2-D,141.69398694671386,68.0,0.1519174948334694,1210.207721450867,0.1697197161862886,0.1875755397692313,0.3177583616938548,0.2754085859000126,0.4124767172918372,0.315114680059549,0.2900670935296592,0.2520176493615208
80,296,2255,1D Base Case,OpenSees 2-D,141.69398694671386,68.0,0.1519174948334694,1210.207721450867,0.1789575850636846,0.1442662302538197,0.5689031986467555,0.5050173375373349,0.4582855946900095,0.3716580771477789,0.4439175959975735,0.3851121473501227
80,296,2255,Pretell's approach,OpenSees 2-D,141.69398694671386,68.0,0.1519174948334694,1210.207721450867,0.2883551576613813,0.2825042800532332,0.5289899986414847,0.6742883579448238,0.4260465323595313,0.4271152298982537,0.4372926515827886,0.5213468244491686
81,502,3965,GINO,OpenSees 2-D,166.9827449821557,41.0,0.2767880152910947,858.6420902239915,0.063116966178699,0.045801925200868,0.07695765378739,0.0691022461008613,0.3336794357395781,0.2828934618185946,0.1609850998521027,0.1356161184060303
81,502,3965,1D Base Case,OpenSees 2-D,166.9827449821557,41.0,0.2767880152910947,858.6420902239915,0.0447058750609842,0.0514743972377506,0.6992884208038506,0.7034995166165395,0.6209933908637886,0.6879328395777019,0.6655988940940691,0.6842380316146092
81,502,3965,Pretell's approach,OpenSees 2-D,166.9827449821557,41.0,0.2767880152910947,858.6420902239915,0.0227522154651908,0.0115395382949231,0.4295588534700569,0.3743634055916816,0.4303645203312344,0.4027979536749955,0.4180020384881085,0.3710861404390156
82,490,3874,GINO,OpenSees 2-D,147.1806658427896,91.0,0.1132292453199625,1011.1066624560916,0.0829146420053778,0.0771432137043659,0.3475919837312151,0.3828617751425075,0.3702142752832482,0.2762946215698997,0.2106827087315004,0.1926651361624255
82,490,3874,1D Base Case,OpenSees 2-D,147.1806658427896,91.0,0.1132292453199625,1011.1066624560916,0.2039982304518979,0.2051597407982478,0.509843541760892,0.3964697417657817,0.5359981233421165,0.4424629025374516,0.3363701489870114,0.2754841472448995
82,490,3874,Pretell's approach,OpenSees 2-D,147.1806658427896,91.0,0.1132292453199625,1011.1066624560916,0.2356460567375073,0.1420847090836308,0.4832151831573721,0.3943627699371338,0.4375007559297666,0.3635935941054437,0.3284983416670805,0.2323870223888105
83,720,5554,GINO,OpenSees 2-D,193.12554694617756,50.0,0.2286787232384085,1071.8885520515405,0.0463832624456397,0.0309086213817627,0.3032200628125919,0.2875216489567433,0.3138420984554648,0.2886574373710401,0.2985389313097997,0.2817791166097304
83,720,5554,1D Base Case,OpenSees 2-D,193.12554694617756,50.0,0.2286787232384085,1071.8885520515405,0.0306209511591277,0.0300109008903366,0.5497098008962764,0.5698410920183923,0.5312880903925327,0.5171355265542824,0.5338884220685214,0.5474645419941042
83,720,5554,Pretell's approach,OpenSees 2-D,193.12554694617756,50.0,0.2286787232384085,1071.8885520515405,0.0215213534459538,0.0445672129186677,0.4093986429461783,0.6482000442965677,0.4104310294154237,0.6847851669032746,0.4003485152902021,0.6423152953097369
84,837,6405,GINO,OpenSees 2-D,149.79656870015046,51.0,0.1369849991053343,1286.5085752353218,0.0690672104549581,0.0706118214367562,0.3333853956112464,0.3403915817613101,0.3224769134188077,0.2883290532465186,0.319064102077238,0.3121368648343877
84,837,6405,1D Base Case,OpenSees 2-D,149.79656870015046,51.0,0.1369849991053343,1286.5085752353218,0.0360601441893911,0.0446932796384454,0.3361251983420087,0.3914117189090456,0.4452182924883583,0.4206212447503888,0.3628111163208687,0.3877008626326893
84,837,6405,Pretell's approach,OpenSees 2-D,149.79656870015046,51.0,0.1369849991053343,1286.5085752353218,0.0132287996931509,0.0078998166501458,0.3017205036346487,0.3591735950319908,0.3397963366380581,0.2811324821299913,0.3040146675921347,0.3220091580898936
85,543,4214,GINO,OpenSees 2-D,183.63636932657303,17.0,0.1301711112260818,997.4855722303688,0.1017889419400322,0.0717028157791353,0.0875198182082414,0.0594183102385132,0.4488256646623709,0.2774569669146332,0.422039895838401,0.2582852762963089
85,543,4214,1D Base Case,OpenSees 2-D,183.63636932657303,17.0,0.1301711112260818,997.4855722303688,0.003678608248141,0.0025831427524143,0.1383837505057388,0.0967668545432058,0.5975707457429903,0.3668516564903336,0.5616318111339133,0.3412786957510652
85,543,4214,Pretell's approach,OpenSees 2-D,183.63636932657303,17.0,0.1301711112260818,997.4855722303688,0.0014082524905709,0.0010790280728264,0.0581883642623933,0.047014138442012,0.3935078259794232,0.2474882417856228,0.3693102918505366,0.2298283163913049
86,641,4978,GINO,OpenSees 2-D,173.52533731451618,60.0,0.2513325922191143,1191.714795005294,0.1245488580817315,0.1134454957624633,0.5805007971054177,0.6082507498308352,0.5313212111880689,0.6161790932093829,0.5639412043322809,0.5982921047456176
86,641,4978,1D Base Case,OpenSees 2-D,173.52533731451618,60.0,0.2513325922191143,1191.714795005294,0.1160530142746942,0.1367606941871609,0.6604387379435562,0.7105725972867696,0.6054303489323314,0.7240993599576554,0.6414306773025461,0.699088439447071
86,641,4978,Pretell's approach,OpenSees 2-D,173.52533731451618,60.0,0.2513325922191143,1191.714795005294,0.264894447319582,0.4128662491133753,0.664912656908795,0.8778343851708493,0.5035276488970614,0.4366535805422527,0.6407494349228209,0.8566928631450401
87,939,7182,GINO,OpenSees 2-D,243.1823402296533,97.0,0.1882246877998113,1379.9470493636725,0.0556822580508338,0.0701911904502961,0.4121832474224721,0.4081599829251809,0.2869433878442356,0.274763181832242,0.3823011578446643,0.3783092675873962
87,939,7182,1D Base Case,OpenSees 2-D,243.1823402296533,97.0,0.1882246877998113,1379.9470493636725,0.0789565989365972,0.0802203337114402,0.4267939213052085,0.4511429787199159,0.5606955651444461,0.5525220364697049,0.4283956025686585,0.4474840965978987
87,939,7182,Pretell's approach,OpenSees 2-D,243.1823402296533,97.0,0.1882246877998113,1379.9470493636725,0.0439863087322019,0.0601430873210702,0.2944275541297181,0.400716069509167,0.3986857099639136,0.452538853106579,0.2972441486034239,0.3918839516185707
88,617,4757,GINO,OpenSees 2-D,258.854824998878,32.0,0.2089939348399639,810.0918046414628,0.1093701141282106,0.1397486823734757,0.2627428424817556,0.2073727288436265,0.3084961510139453,0.3321841290313183,0.2717137159232723,0.239180106026961
88,617,4757,1D Base Case,OpenSees 2-D,258.854824998878,32.0,0.2089939348399639,810.0918046414628,0.0053275132097257,0.0073659463646286,0.5422645936246725,0.6061898145860644,0.6418725681365787,0.7435781286642194,0.5608252100681933,0.6314270139121521
88,617,4757,Pretell's approach,OpenSees 2-D,258.854824998878,32.0,0.2089939348399639,810.0918046414628,0.0048545405515993,0.0005148997770389,0.5036183840912466,0.2473336618680282,0.7062870452337697,0.4929707560782753,0.5546222470998127,0.3155721317395667
89,290,2158,GINO,OpenSees 2-D,170.14859943352397,91.0,0.2816834408789873,1355.5277389238297,0.3455488394487525,0.3609259565829928,0.3718096468497839,0.4487332613050744,0.4679820373128519,0.4481532629302451,0.3684862191229459,0.3875473003029904
89,290,2158,1D Base Case,OpenSees 2-D,170.14859943352397,91.0,0.2816834408789873,1355.5277389238297,0.5230434442631143,0.5217988972885953,0.5245717121222824,0.4078236920687454,0.6345339279983295,0.6308583996027269,0.5382950695871755,0.5084860107300753
89,290,2158,Pretell's approach,OpenSees 2-D,170.14859943352397,91.0,0.2816834408789873,1355.5277389238297,0.3819055876828473,0.3946394731023095,0.3225929804283197,0.2564157950009804,0.4527315704691793,0.2700618547814086,0.379316640304611,0.3618981948295401
90,779,5989,GINO,OpenSees 2-D,159.04078356017536,16.0,0.1861714312806725,870.286317108344,0.1682698073330326,0.1840384307563903,0.0841740475162782,0.0855275752614075,0.3113886945711793,0.3142799335550494,0.2930424157917599,0.2801872604979433
90,779,5989,1D Base Case,OpenSees 2-D,159.04078356017536,16.0,0.1861714312806725,870.286317108344,0.002534291570406,0.0025315073757166,0.1052256517376905,0.0761893724896451,0.4432527727435615,0.6012454107934768,0.4138582825304467,0.5221132502172217
90,779,5989,Pretell's approach,OpenSees 2-D,159.04078356017536,16.0,0.1861714312806725,870.286317108344,0.0012538797498073,0.0019214276261713,0.0487159656209009,0.0882986322750565,0.3772865883624234,0.7183317442031042,0.3515354566042302,0.6237278106716343
91,910,6969,GINO,OpenSees 2-D,186.67718958333168,29.0,0.1966839576140046,1213.725295866754,0.0958504114448932,0.1260415917367201,0.2493586238090867,0.3153676233950973,0.3193832375248112,0.2326965327707982,0.2591965073469605,0.2985498465354818
91,910,6969,1D Base Case,OpenSees 2-D,186.67718958333168,29.0,0.1966839576140046,1213.725295866754,0.0075672177561792,0.0137636527538676,0.5316413385937142,0.5168249294188314,0.4661859628853056,0.6851399466243108,0.5063928937412625,0.5428828422239206
91,910,6969,Pretell's approach,OpenSees 2-D,186.67718958333168,29.0,0.1966839576140046,1213.725295866754,0.0071099182652564,0.010234082053813,0.6472977703500192,0.7353304094174161,0.3739109233154421,0.4683414209186624,0.5877138495725768,0.684825338784649
92,212,1594,GINO,OpenSees 2-D,238.22189618352004,81.0,0.2801766905933618,969.197684059806,0.0691053989287669,0.0700779024863358,0.3344076832004805,0.3399672337830335,0.4239201018488562,0.307914060731598,0.33963384302512,0.317169001370831
92,212,1594,1D Base Case,OpenSees 2-D,238.22189618352004,81.0,0.2801766905933618,969.197684059806,0.1374425882091527,0.1237009511450832,0.76016132928165,0.745100657591947,0.6457283004577515,0.6353848819625034,0.7052440543295354,0.6879632637519454
92,212,1594,Pretell's approach,OpenSees 2-D,238.22189618352004,81.0,0.2801766905933618,969.197684059806,0.0774605182352621,0.0548530771249222,0.6967901281058481,0.6914177777472152,0.3948642847747953,0.2890758271041938,0.6162137141208118,0.6001628036403751
93,555,4268,GINO,OpenSees 2-D,324.9197991445763,18.0,0.1921361664310097,897.6669370546688,0.0800213050861687,0.064032442302998,0.0700189154102053,0.0334571476378204,0.6369369515788662,0.1655477276087317,0.6271114690051053,0.161621579296785
93,555,4268,1D Base Case,OpenSees 2-D,324.9197991445763,18.0,0.1921361664310097,897.6669370546688,0.0015398167319435,0.0012238300002549,0.0318419612249464,0.0256538703032146,0.8324238682166633,0.5828423657358993,0.8194104782796495,0.5675857582138587
93,555,4268,Pretell's approach,OpenSees 2-D,324.9197991445763,18.0,0.1921361664310097,897.6669370546688,0.0010364917882677,0.000713610210729,0.0202511164073573,0.014340594406626,0.7874304047005422,0.2295864103027507,0.7751152725210303,0.2235828716685808
94,967,7452,GINO,OpenSees 2-D,182.334163431289,37.0,0.1459808256477117,953.0458050240452,0.0903050485514015,0.0744559430606794,0.1478497237478272,0.0621155714992874,0.3393716949799755,0.3751023763810122,0.2065813071353086,0.2144104578815108
94,967,7452,1D Base Case,OpenSees 2-D,182.334163431289,37.0,0.1459808256477117,953.0458050240452,0.0118346691923806,0.0051749400099107,0.4231898966880899,0.4420482229049253,0.421780027258949,0.3951268407999614,0.410137406817672,0.4121265862094249
94,967,7452,Pretell's approach,OpenSees 2-D,182.334163431289,37.0,0.1459808256477117,953.0458050240452,0.0048485452436552,0.0087773063418257,0.3668274754598422,0.650478210826648,0.279074175929364,0.2566249457682594,0.3368310347971438,0.5331422219068357
95,672,5210,GINO,OpenSees 2-D,185.1058674795539,71.0,0.1534932749345898,1036.662040499138,0.040487760037883,0.0377480216425829,0.1132899342848255,0.1057323081919047,0.2541603685729711,0.2812467731296802,0.1357323429778025,0.1363157225285397
95,672,5210,1D Base Case,OpenSees 2-D,185.1058674795539,71.0,0.1534932749345898,1036.662040499138,0.0588592313392758,0.0561454732585866,0.3377140897351348,0.3041749211340294,0.4350615449421521,0.3536361968771268,0.3374363718979863,0.2970273818514175
95,672,5210,Pretell's approach,OpenSees 2-D,185.1058674795539,71.0,0.1534932749345898,1036.662040499138,0.0462485715638699,0.0519397518929924,0.2827764625377365,0.3349935609816239,0.3613806210874927,0.3703567065346295,0.2820239961045046,0.3242357703840497
96,317,2430,GINO,OpenSees 2-D,197.44177633684973,64.0,0.1132965886965394,1069.9077450394534,0.0567013438005639,0.0464581348479564,0.1101365670970213,0.0814774686521928,0.273899279341545,0.271092134404459,0.1594003943634362,0.1391292552015322
96,317,2430,1D Base Case,OpenSees 2-D,197.44177633684973,64.0,0.1132965886965394,1069.9077450394534,0.0156624980258252,0.0139249358642375,0.24631703569884,0.2586695457309154,0.460490768116218,0.4089983263588892,0.3011051671166772,0.2879523220401783
96,317,2430,Pretell's approach,OpenSees 2-D,197.44177633684973,64.0,0.1132965886965394,1069.9077450394534,0.0174654236003692,0.0046309863826833,0.2370483347558949,0.1226064803240937,0.3448528932018384,0.2943439926763153,0.2589630365079631,0.1677181017401211
97,57,470,GINO,OpenSees 2-D,183.31594799720395,39.0,0.1648308804258704,1303.5981967738103,0.0895826159353462,0.1333907399638187,0.2950752275194813,0.3477635308473217,0.3495822058187702,0.2858526820361223,0.3016698785392985,0.3213536436860066
97,57,470,1D Base Case,OpenSees 2-D,183.31594799720395,39.0,0.1648308804258704,1303.5981967738103,0.0055837829317028,0.0043105332188956,0.3169173254257754,0.3380697472894513,0.401181838054727,0.4200078769091198,0.3309542483604478,0.3545769129014031
97,57,470,Pretell's approach,OpenSees 2-D,183.31594799720395,39.0,0.1648308804258704,1303.5981967738103,0.0066808459828319,0.0038054727366166,0.4370530301912587,0.3496851662768562,0.3757644727766995,0.2807895334606376,0.4071534833119568,0.3197378605384712
98,791,6081,GINO,OpenSees 2-D,185.7519503247115,55.0,0.2536833180114627,944.8379616276762,0.0523158360203913,0.0390548971115407,0.3592702412140131,0.3903329589874517,0.5853351908000183,0.3757037058832563,0.4155760400772964,0.3826375335938242
98,791,6081,1D Base Case,OpenSees 2-D,185.7519503247115,55.0,0.2536833180114627,944.8379616276762,0.0395592694207494,0.0524864679407341,0.4978598751461764,0.5636775277635995,0.7800469097108296,0.7522648319897814,0.5660054455250468,0.5852651119404262
98,791,6081,Pretell's approach,OpenSees 2-D,185.7519503247115,55.0,0.2536833180114627,944.8379616276762,0.0578970888031125,0.0381886055623421,0.6261481979261325,0.6915249764669393,0.5440891334489568,0.4299635670412242,0.5970949528313758,0.6511934501410859
99,535,4145,GINO,OpenSees 2-D,205.2167797086878,43.0,0.1709762278944254,1112.8607093618052,0.0607396348002909,0.0453211552405571,0.1943990909960812,0.2107802238724488,0.4023048798525183,0.3775916492613032,0.2468093229094478,0.2361435206359359
99,535,4145,1D Base Case,OpenSees 2-D,205.2167797086878,43.0,0.1709762278944254,1112.8607093618052,0.0094563567008132,0.0078122672548436,0.3212402061138005,0.2693591470859743,0.5704389110944377,0.5492157459191038,0.3779024142562009,0.3165919771431233
99,535,4145,Pretell's approach,OpenSees 2-D,205.2167797086878,43.0,0.1709762278944254,1112.8607093618052,0.0071451957925856,0.0081521851285398,0.4173259966481363,0.3364467269814886,0.4462097791970578,0.260122807243711,0.4142878280187377,0.3190812857799996
100,932,7127,GINO,OpenSees 2-D,157.65852605851168,68.0,0.1098951689898967,940.9359438302844,0.0560638523425421,0.0456034222852003,0.2593762163912541,0.3212646699742045,0.2517289639944262,0.2781871325784451,0.2378709741745971,0.2895013340757147
100,932,7127,1D Base Case,OpenSees 2-D,157.65852605851168,68.0,0.1098951689898967,940.9359438302844,0.1377168425952703,0.1350760416414782,0.3403226909630582,0.3326963438471355,0.459757788434496,0.5204510570001181,0.3369503565528789,0.3432577282973881
100,932,7127,Pretell's approach,OpenSees 2-D,157.65852605851168,68.0,0.1098951689898967,940.9359438302844,0.074448661213876,0.0491999469063728,0.2383941120147139,0.1897805114186552,0.4003816112950026,0.4029779950816373,0.2506938434457235,0.21871271211842
101,272,2011,GINO,OpenSees 2-D,143.7795459684312,87.0,0.2051874037832021,1097.3952426073297,0.1133500040466801,0.140727303081931,0.3740804585873734,0.4068954698859763,0.4008520036458693,0.3565234726809231,0.253440061342338,0.2739758008804332
101,272,2011,1D Base Case,OpenSees 2-D,143.7795459684312,87.0,0.2051874037832021,1097.3952426073297,0.4114387373043424,0.4059271964154148,0.6437656778183384,0.6683610186911103,0.5873648461739991,0.5628239641920971,0.5084737887240811,0.5169075669914831
101,272,2011,Pretell's approach,OpenSees 2-D,143.7795459684312,87.0,0.2051874037832021,1097.3952426073297,0.287872893650215,0.1227028972373732,0.4907963402952744,0.4928283591987935,0.473710452323542,0.4359818202067103,0.3780880841277405,0.3193944126223343
102,15,135,GINO,OpenSees 2-D,145.27946717719402,72.0,0.1785500245168805,1345.7170759497278,0.1637493750684608,0.1143816848512246,0.3440301137734023,0.2749114913372255,0.3992154228370476,0.2966224984216061,0.2881173375012507,0.2229076882913747
102,15,135,1D Base Case,OpenSees 2-D,145.27946717719402,72.0,0.1785500245168805,1345.7170759497278,0.459580583613043,0.5118111389234391,0.7608234109513111,0.8037093408481408,0.475217710164901,0.3565961177678022,0.5934531770707164,0.618973059424067
102,15,135,Pretell's approach,OpenSees 2-D,145.27946717719402,72.0,0.1785500245168805,1345.7170759497278,0.4835515309644578,0.3563189499572771,0.8189836406242116,1.0780816328646892,0.4111985450953794,0.3179609906922954,0.622833996829825,0.7159048515685282
103,432,3473,GINO,OpenSees 2-D,240.32223215849345,77.0,0.1035424122586846,1017.5154020442848,0.043364853825613,0.0448725994227628,0.208356758374347,0.1693240539185758,0.2668588760610739,0.2088974706221345,0.2166515359811539,0.1735356731387901
103,432,3473,1D Base Case,OpenSees 2-D,240.32223215849345,77.0,0.1035424122586846,1017.5154020442848,0.0190249864560285,0.0183775683932927,0.3225029723270115,0.3265941330696635,0.4552075686318864,0.4354742857548491,0.3456096745124083,0.3415020779902778
103,432,3473,Pretell's approach,OpenSees 2-D,240.32223215849345,77.0,0.1035424122586846,1017.5154020442848,0.0143883472062005,0.0214612026340067,0.2204361278317532,0.3013177231390371,0.3562480500472986,0.4678652234959277,0.2484264457113876,0.3311370595023173
104,503,3966,GINO,OpenSees 2-D,166.9827449821557,41.0,0.2767880152910947,858.6420902239915,0.059399532546224,0.0737527766614631,0.2379369919176586,0.1676161940181532,0.3575830104877744,0.3857375426727729,0.2594560142979876,0.2561269808734126
104,503,3966,1D Base Case,OpenSees 2-D,166.9827449821557,41.0,0.2767880152910947,858.6420902239915,0.0336842886109503,0.0331370285867837,0.6172272667227133,0.6530253076957743,0.6378206244263214,0.707880765472173,0.6074676960510089,0.6588408168122073
104,503,3966,Pretell's approach,OpenSees 2-D,166.9827449821557,41.0,0.2767880152910947,858.6420902239915,0.0212573976820569,0.0402377264236569,0.433715243862906,0.6167362733983712,0.4756351291153306,0.6337665794187014,0.4322516097006977,0.6105713707384286
105,828,6343,GINO,OpenSees 2-D,229.3335407687008,35.0,0.1648932851850986,966.832667971848,0.1050182527989974,0.1139670453192191,0.2106903492546684,0.1840534993356743,0.4707877014706482,0.4598809402829896,0.2674476116647987,0.2520588130971863
105,828,6343,1D Base Case,OpenSees 2-D,229.3335407687008,35.0,0.1648932851850986,966.832667971848,0.0103055178752932,0.0082632487868394,0.6381652695953858,0.6380181143854218,0.5225560200503223,0.3678639091091304,0.6071275275353346,0.5823670598480952
105,828,6343,Pretell's approach,OpenSees 2-D,229.3335407687008,35.0,0.1648932851850986,966.832667971848,0.0060419741456928,0.0062245062330691,0.5737372978867714,0.668307095385218,0.4306468277165132,0.2950142628123828,0.5406071763199094,0.6012357465566781
106,621,4799,GINO,OpenSees 2-D,196.38395899664368,66.0,0.1946417078375816,1022.4274552450872,0.0598663819553363,0.0635610904679616,0.2084869816258321,0.1447294329728629,0.4826018375432633,0.5313275838513726,0.2738507855824568,0.2736284411421361
106,621,4799,1D Base Case,OpenSees 2-D,196.38395899664368,66.0,0.1946417078375816,1022.4274552450872,0.0503820307878384,0.0528009741845792,0.4687926238436616,0.4705589503345626,0.7043770855729072,0.7246890832705823,0.5081981535291319,0.5249668136533953
106,621,4799,Pretell's approach,OpenSees 2-D,196.38395899664368,66.0,0.1946417078375816,1022.4274552450872,0.0562001809111683,0.039932581895642,0.4484056828955243,0.3810964591377943,0.5536357149551691,0.5896067802908969,0.4586201329848687,0.4259276237068098
107,137,1007,GINO,OpenSees 2-D,196.04164465102485,86.0,0.1103561615571379,1463.8155449755632,0.1088716209047578,0.1157622035083559,0.154512172483994,0.1616791003207093,0.2806270733190003,0.2401847786669044,0.1687208185654684,0.1704359362893812
107,137,1007,1D Base Case,OpenSees 2-D,196.04164465102485,86.0,0.1103561615571379,1463.8155449755632,0.0426219386312509,0.0492430401345124,0.2771792072931454,0.2884643347676741,0.4857673686556627,0.6004607243552369,0.2926483661052435,0.3347569462923206
107,137,1007,Pretell's approach,OpenSees 2-D,196.04164465102485,86.0,0.1103561615571379,1463.8155449755632,0.0541272049453347,0.12215382024699,0.220828287609482,0.3114433298226109,0.3948085614238686,0.4250795996980536,0.234988211556491,0.3156437813284596
108,702,5413,GINO,OpenSees 2-D,170.45071328486557,55.0,0.1219907013699412,872.6481219778424,0.0617508973098458,0.037639902584821,0.0962424113245817,0.0913751439217237,0.3039730110086308,0.2180701529134374,0.175632662552453,0.1338440002908659
108,702,5413,1D Base Case,OpenSees 2-D,170.45071328486557,55.0,0.1219907013699412,872.6481219778424,0.0253519921385363,0.025498852205549,0.2493913179077792,0.2411794199113327,0.484585909624743,0.4809356698915971,0.3223926019061148,0.314186475650967
108,702,5413,Pretell's approach,OpenSees 2-D,170.45071328486557,55.0,0.1219907013699412,872.6481219778424,0.0127986321822866,0.0352220325830682,0.1437659283412849,0.387216212737334,0.4120030627566783,0.493851153103083,0.2423122342053218,0.4056429306197751
109,287,2123,GINO,OpenSees 2-D,165.73674505789162,56.0,0.1906398642808199,1197.379760177833,0.0483788402960702,0.0377208484886744,0.2398359999700217,0.2230103404823817,0.318100625263908,0.3677757479453452,0.2508561532756002,0.254852742378132
109,287,2123,1D Base Case,OpenSees 2-D,165.73674505789162,56.0,0.1906398642808199,1197.379760177833,0.0905730005008947,0.0989143209281679,0.5995078429587722,0.601621894006682,0.4932789268550054,0.4836812596239714,0.5580998513577283,0.5594158202679
109,287,2123,Pretell's approach,OpenSees 2-D,165.73674505789162,56.0,0.1906398642808199,1197.379760177833,0.0286236676543241,0.0218275091344391,0.3186437703950978,0.3148061012367196,0.33970335758338,0.3557386587438332,0.3124795504840531,0.3144037784604815
110,451,3598,GINO,OpenSees 2-D,206.16668648672652,60.0,0.1833162100985646,964.3904823392696,0.0369488761354684,0.04128250020793,0.2296131111302235,0.237352648755759,0.3664751705271526,0.4344180505111201,0.2584993125226039,0.2861882248995343
110,451,3598,1D Base Case,OpenSees 2-D,206.16668648672652,60.0,0.1833162100985646,964.3904823392696,0.0476017289673604,0.0547323117192292,0.568875782364149,0.5982868303674683,0.7311150019381771,0.8029948025127112,0.5937371830178008,0.6366892460106256
110,451,3598,Pretell's approach,OpenSees 2-D,206.16668648672652,60.0,0.1833162100985646,964.3904823392696,0.0174153504276911,0.0014947654230304,0.366064834932032,0.3212290051425975,0.4447708883034581,0.5217326428623215,0.3758857563431363,0.3670199501372854
111,528,4098,GINO,OpenSees 2-D,156.93329174337424,57.0,0.2096807096153497,1044.7896507387577,0.0489576222796919,0.0430594547433375,0.2443186294960816,0.1946924530698281,0.3227432828038618,0.4196056133325641,0.2448548810915534,0.2234442267758589
111,528,4098,1D Base Case,OpenSees 2-D,156.93329174337424,57.0,0.2096807096153497,1044.7896507387577,0.1680558957314008,0.1690109184233913,0.7237550259474751,0.722652457422849,0.445893536171941,0.302623673725768,0.6470444987908142,0.6416956519217375
111,528,4098,Pretell's approach,OpenSees 2-D,156.93329174337424,57.0,0.2096807096153497,1044.7896507387577,0.0963339852227706,0.0219481266134797,0.3975745216010266,0.1321394361911079,0.3663096170921174,0.2421408185416348,0.3710122870996977,0.1424510759252695
112,300,2281,GINO,OpenSees 2-D,201.82716843861007,48.0,0.2598275061696767,1020.4178397178569,0.0727447110379212,0.0865771691303958,0.2961739659839813,0.3297756145590782,0.4236328671169591,0.3661177244162157,0.3370937596209249,0.3370513304475959
112,300,2281,1D Base Case,OpenSees 2-D,201.82716843861007,48.0,0.2598275061696767,1020.4178397178569,0.0262405995042071,0.0101197438808287,0.6128644837377951,0.6023349815186788,0.5034788505421873,0.5202062510275728,0.5551288068243951,0.5445361023147757
112,300,2281,Pretell's approach,OpenSees 2-D,201.82716843861007,48.0,0.2598275061696767,1020.4178397178569,0.0130163847343395,0.0029735430712391,0.6955878218074036,0.8350999136087967,0.3808218297874858,0.3544045289984296,0.5784213205849529,0.6239782973217631
113,752,5806,GINO,OpenSees 2-D,208.1984151323765,49.0,0.1969922428950667,1164.1921994601685,0.1308864037743806,0.0904426253761239,0.3199482426361779,0.2943839005611668,0.4214386349446401,0.4117742573773422,0.3400046332069507,0.3123214436859068
113,752,5806,1D Base Case,OpenSees 2-D,208.1984151323765,49.0,0.1969922428950667,1164.1921994601685,0.0030981882436396,0.0036275788066737,0.1667611541637518,0.130244355492522,0.5201343058229778,0.4518587592545461,0.2849552781349317,0.2223202542193665
113,752,5806,Pretell's approach,OpenSees 2-D,208.1984151323765,49.0,0.1969922428950667,1164.1921994601685,0.0057475621056886,0.0026414085899052,0.2380007407205243,0.0661371254181082,0.3378092294371129,0.3437814010706724,0.2590780521803978,0.1562085668356904
114,622,4804,GINO,OpenSees 2-D,122.11753911182528,48.0,0.2935673262923955,1216.6388992532566,0.1238479599675418,0.0816058694187982,0.6209489517875038,0.4089289647248261,0.4481903758349136,0.2354630779361273,0.5202036536807271,0.3308518445310206
114,622,4804,1D Base Case,OpenSees 2-D,122.11753911182528,48.0,0.2935673262923955,1216.6388992532566,0.2917785426974176,0.2363418713290268,0.750849670686643,0.7319882540982543,0.6295642508891286,0.4365984242142975,0.6536100180366283,0.6009982659308014
114,622,4804,Pretell's approach,OpenSees 2-D,122.11753911182528,48.0,0.2935673262923955,1216.6388992532566,0.2039969327752948,0.1611218102681454,0.6018858837245131,0.5755176388329124,0.4177904271759179,0.4062241299823597,0.5079461874047378,0.4791566513721002
115,943,7238,GINO,OpenSees 2-D,167.64043396317638,64.0,0.1769767239689827,990.086273372659,0.0585545218030643,0.0573636531124869,0.3665410952440339,0.3624104015399678,0.4131341914004934,0.4387093157473745,0.3499664581913287,0.3472701625436998
115,943,7238,1D Base Case,OpenSees 2-D,167.64043396317638,64.0,0.1769767239689827,990.086273372659,0.1298815295737027,0.1199423401218,0.540492811179848,0.5102450767171761,0.4824041550864428,0.3666179652294679,0.4980015797181191,0.4591849238361477
115,943,7238,Pretell's approach,OpenSees 2-D,167.64043396317638,64.0,0.1769767239689827,990.086273372659,0.055641424337532,0.0682191851263115,0.4264478640075521,0.464066120438284,0.3604575423881737,0.421941415181571,0.3889971162456674,0.4258200595948952
116,195,1448,GINO,OpenSees 2-D,281.2500529528118,23.0,0.2492096997797489,980.2784046669706,0.1255319842039855,0.0905776933190903,0.0806861648360695,0.0939571996589096,0.4747146846640172,0.4620082223759759,0.4602651010305006,0.4423225177170344
116,195,1448,1D Base Case,OpenSees 2-D,281.2500529528118,23.0,0.2492096997797489,980.2784046669706,0.0058309947433631,0.0060746736250655,0.1831149789680391,0.1879943064843333,0.8504945824221201,0.8761900767176815,0.8242157869514563,0.8384307040863898
116,195,1448,Pretell's approach,OpenSees 2-D,281.2500529528118,23.0,0.2492096997797489,980.2784046669706,0.0016132272513367,0.0020813491223646,0.0574818394155185,0.0791212915813489,0.629017888711424,0.745611657968024,0.6090890631465947,0.712721789369648
117,34,303,GINO,OpenSees 2-D,221.9246840004448,84.0,0.192875781469047,983.2750932902788,0.0432514829047898,0.030404837495166,0.2718284673739525,0.3455169283801873,0.4184231568528693,0.4055615037396293,0.2865300447521154,0.3395600044327457
117,34,303,1D Base Case,OpenSees 2-D,221.9246840004448,84.0,0.192875781469047,983.2750932902788,0.0715823138089898,0.0703225173583565,0.4293536522022204,0.4445896339418663,0.593426037981282,0.4443082370369233,0.4399618465484706,0.4278854264070936
117,34,303,Pretell's approach,OpenSees 2-D,221.9246840004448,84.0,0.192875781469047,983.2750932902788,0.0526783058223498,0.0507375607104807,0.3381732175753081,0.4049523938058456,0.4652844645736467,0.3457058748819981,0.3461053359981903,0.3834172082280938
118,286,2121,GINO,OpenSees 2-D,165.73674505789162,56.0,0.1906398642808199,1197.379760177833,0.0449101252102382,0.0303903127786335,0.1249084714279588,0.0888827159867582,0.3822888027784434,0.278500897130743,0.2326859658585647,0.1591443625544829
118,286,2121,1D Base Case,OpenSees 2-D,165.73674505789162,56.0,0.1906398642808199,1197.379760177833,0.0372191363480097,0.030707218112317,0.2906674167598808,0.2530047512143437,0.5791819554398805,0.4791609278163409,0.3937265456899032,0.3196608245040337
118,286,2121,Pretell's approach,OpenSees 2-D,165.73674505789162,56.0,0.1906398642808199,1197.379760177833,0.0157135832519785,0.0136198025818143,0.2662269529071582,0.1351672042494792,0.4284090258664453,0.3003864307434958,0.3169494905691523,0.1884447900129538
119,314,2405,GINO,OpenSees 2-D,315.09864889594195,34.0,0.2778384046629071,1225.8340206974456,0.1946654667036541,0.3080473686548761,0.1432923112158253,0.1382939222411904,0.5266295438326143,0.3565644589453964,0.4869412900268141,0.3359736370610625
119,314,2405,1D Base Case,OpenSees 2-D,315.09864889594195,34.0,0.2778384046629071,1225.8340206974456,0.0045755885942995,0.0012270631971133,0.3935456343864,0.098160406938572,0.5840162009709122,0.2932242768311136,0.5538212571691316,0.2706670861272988
119,314,2405,Pretell's approach,OpenSees 2-D,315.09864889594195,34.0,0.2778384046629071,1225.8340206974456,0.0031158038829555,0.0011124668037083,0.4336711315992129,0.0716388940950052,0.6706334246872578,0.5660667806599828,0.6343351751952632,0.5189875315937431
120,970,7462,GINO,OpenSees 2-D,182.334163431289,37.0,0.1459808256477117,953.0458050240452,0.0890480808493882,0.0587756603391275,0.2018444679162238,0.1210086604458162,0.4495140680269622,0.28391689753436,0.2650451408021452,0.166066349645616
120,970,7462,1D Base Case,OpenSees 2-D,182.334163431289,37.0,0.1459808256477117,953.0458050240452,0.0142699005825016,0.0147478294751386,0.48658802892101,0.3852906876386668,0.4480070600846815,0.4904997606908008,0.4661961418460216,0.3995723292313986
120,970,7462,Pretell's approach,OpenSees 2-D,182.334163431289,37.0,0.1459808256477117,953.0458050240452,0.0055581503365727,0.0047339917360547,0.3440390878826234,0.1351846223686638,0.3857449393223559,0.3549094854909057,0.3435539027908444,0.1984721143237642
121,547,4244,GINO,OpenSees 2-D,187.79583946249005,97.0,0.2961401944980025,1092.3489382008888,0.3147282719525729,0.3663416654839994,0.4746246558684089,0.3935466444685649,0.5352716207192447,0.524761344528926,0.3807201222649534,0.3912795475532399
121,547,4244,1D Base Case,OpenSees 2-D,187.79583946249005,97.0,0.2961401944980025,1092.3489382008888,0.7304167020346194,0.7345127311269675,0.9271538921011192,0.9281190849373164,0.6371656447748754,0.6650835686451961,0.7596417246345588,0.7641445382029115
121,547,4244,Pretell's approach,OpenSees 2-D,187.79583946249005,97.0,0.2961401944980025,1092.3489382008888,0.2846922334621481,0.3633987868679382,0.5082158004463997,0.4206189878185392,0.4815907737730122,0.4471531136640161,0.3629287004392777,0.3835480915144613
122,333,2574,GINO,OpenSees 2-D,246.08046267776467,92.0,0.2468729285523295,1118.5697265269964,0.0909664462298951,0.0901080903424579,0.4781163916090976,0.4838847801850381,0.4583788359899146,0.4637333274297439,0.4590020414386537,0.4645009948710638
122,333,2574,1D Base Case,OpenSees 2-D,246.08046267776467,92.0,0.2468729285523295,1118.5697265269964,0.1289207994096845,0.1279505102689781,0.6005074548784202,0.590776224246562,0.6411291832802966,0.7045176083771592,0.5816069331170735,0.5856972141163117
122,333,2574,Pretell's approach,OpenSees 2-D,246.08046267776467,92.0,0.2468729285523295,1118.5697265269964,0.0738717780638363,0.1145019122424321,0.3620437122275183,0.4845575972711549,0.4285252906317426,0.5213219606334032,0.3540309673961668,0.472715277587034
123,182,1361,GINO,OpenSees 2-D,302.0608369062366,92.0,0.1776742054149508,1110.855400622187,0.0437699981170104,0.0427285793853779,0.1774435055164618,0.2184151710246805,0.3346553035524353,0.4385699505652974,0.22333668531227,0.2887259836132804
123,182,1361,1D Base Case,OpenSees 2-D,302.0608369062366,92.0,0.1776742054149508,1110.855400622187,0.0334260430774737,0.0293052312782098,0.4088103837512576,0.4113441023235947,0.5969678180250031,0.6074362144195312,0.4532928936570198,0.4616193418086504
123,182,1361,Pretell's approach,OpenSees 2-D,302.0608369062366,92.0,0.1776742054149508,1110.855400622187,0.0193166253335953,0.0335517213170059,0.3843223778074887,0.4264590053133051,0.3261157196176815,0.2932217504028587,0.360591310650057,0.3839831308288566
124,49,407,GINO,OpenSees 2-D,203.70707214093707,25.0,0.1365136818960309,972.564830372619,0.126680218441489,0.0957869615949379,0.1962745062498083,0.1632760966016983,0.2817006917806969,0.245286393446365,0.2431992270210017,0.2113254168964123
124,49,407,1D Base Case,OpenSees 2-D,203.70707214093707,25.0,0.1365136818960309,972.564830372619,0.0019548811944965,0.0026012763355277,0.2880351290398363,0.3076764673513764,0.3359120576391624,0.3720235928547548,0.3085609013303679,0.340211216437869
124,49,407,Pretell's approach,OpenSees 2-D,203.70707214093707,25.0,0.1365136818960309,972.564830372619,0.0026163151043784,0.0005591059516433,0.3134342203738349,0.0868928186350651,0.4782219421965977,0.2725189090541969,0.4037314445785691,0.210491779697845
125,518,4037,GINO,OpenSees 2-D,241.7879005324629,28.0,0.2876073002815246,1162.1503850759352,0.1349167337448896,0.145175338050023,0.2447647811117858,0.0438503381876336,0.4855040705526041,0.3631364927493651,0.3524995873701331,0.2614533255943697
125,518,4037,1D Base Case,OpenSees 2-D,241.7879005324629,28.0,0.2876073002815246,1162.1503850759352,0.0085214142582309,0.0046528684968152,0.3752332849110711,0.2080692817524175,0.8864788478195985,0.7902402842667668,0.6146858564688558,0.5743219757515822
125,518,4037,Pretell's approach,OpenSees 2-D,241.7879005324629,28.0,0.2876073002815246,1162.1503850759352,0.0029062961092674,0.000519647129343,0.5292144282870167,0.646098343987262,0.6411231307220647,0.5952883186789251,0.5557502329342964,0.5930439998539988
126,102,794,GINO,OpenSees 2-D,150.74890620553057,45.0,0.2446106661111116,938.1482708592677,0.0438683395864197,0.043084673593043,0.1462204737170698,0.2271462894693766,0.3534448101748969,0.3568439242263593,0.2141070284067726,0.24959986014777
126,102,794,1D Base Case,OpenSees 2-D,150.74890620553057,45.0,0.2446106661111116,938.1482708592677,0.0522971691902002,0.0496366650503222,0.539919302733716,0.5506878602369706,0.6527246803116065,0.5365155235681076,0.5537290830151226,0.5280769988363848
126,102,794,Pretell's approach,OpenSees 2-D,150.74890620553057,45.0,0.2446106661111116,938.1482708592677,0.0219260252450901,0.0222581498579877,0.24494761099975,0.3307791140965095,0.4594742720122704,0.3993707225295147,0.3061530618707562,0.333257636926024
127,687,5308,GINO,OpenSees 2-D,141.97963791483616,19.0,0.2428702974691987,955.0877704479568,0.1661228718619361,0.1485509666795954,0.2759717763054902,0.2451468847570355,0.4077741219155064,0.4087499889667407,0.2981555791613719,0.2625065264217755
127,687,5308,1D Base Case,OpenSees 2-D,141.97963791483616,19.0,0.2428702974691987,955.0877704479568,0.0140876080018339,0.0205139243376355,0.7741099158805482,0.8290989961627059,0.737915376295819,0.9025713001606448,0.7482702942095115,0.8227319693400669
127,687,5308,Pretell's approach,OpenSees 2-D,141.97963791483616,19.0,0.2428702974691987,955.0877704479568,0.0046984838100658,0.0024260073885601,0.4660536947775176,0.5242847794871979,0.3823242034040837,0.3599533769957886,0.440819848330136,0.5022157761284748
128,651,5038,GINO,OpenSees 2-D,214.98341347559776,85.0,0.248399880155921,913.128040058006,0.0564990469277117,0.0324194657685249,0.3012444353001736,0.2513655590947941,0.5174756846750043,0.4526376364788171,0.3181340695875474,0.282990217616739
128,651,5038,1D Base Case,OpenSees 2-D,214.98341347559776,85.0,0.248399880155921,913.128040058006,0.2246334458894511,0.2222569044299518,0.6669937388838189,0.6268638379702548,0.6567796081878867,0.6561314818136579,0.6295949651567293,0.5985116401218586
128,651,5038,Pretell's approach,OpenSees 2-D,214.98341347559776,85.0,0.248399880155921,913.128040058006,0.0911928610820063,0.1104758976424052,0.395192435779222,0.2585211392716798,0.391461845538999,0.3533543613538006,0.3718203304610242,0.2650549528768587
129,41,348,GINO,OpenSees 2-D,158.22102378729463,32.0,0.2937549220398068,1194.9507193914058,0.1456935102507345,0.1333417272998318,0.4501688985293635,0.5064616552337606,0.5605708716036073,0.6649555516194519,0.4672360193776883,0.5373622394766583
129,41,348,1D Base Case,OpenSees 2-D,158.22102378729463,32.0,0.2937549220398068,1194.9507193914058,0.0207574724808584,0.0215467141510963,0.4616844644580246,0.4514922858904083,0.7646629011976616,0.8135820108234244,0.5320608293561945,0.5473805871880907
129,41,348,Pretell's approach,OpenSees 2-D,158.22102378729463,32.0,0.2937549220398068,1194.9507193914058,0.0075042573134574,0.005007751188918,0.3591576381740478,0.1478792273751773,0.4269087776405009,0.3829055601780969,0.3667979793431228,0.2221752873719314
130,553,4261,GINO,OpenSees 2-D,324.9197991445763,18.0,0.1921361664310097,897.6669370546688,0.1049597063847364,0.0838087633412959,0.0740134628996392,0.1012781647912092,0.8312619798926348,0.7261337177103283,0.817823831692975,0.7088421075714015
130,553,4261,1D Base Case,OpenSees 2-D,324.9197991445763,18.0,0.1921361664310097,897.6669370546688,0.001805358480229,0.0020216347475113,0.0374874208191369,0.0435258213723075,0.8704699809913861,0.7588207761818988,0.8562420469669384,0.7404755405518787
130,553,4261,Pretell's approach,OpenSees 2-D,324.9197991445763,18.0,0.1921361664310097,897.6669370546688,0.0011567082203246,0.000335484846211,0.0221372732991842,0.0061185397812315,0.799503168694851,0.2338155023388807,0.7864277961163646,0.228154996066377
131,366,2925,GINO,OpenSees 2-D,193.80481861045493,71.0,0.2870393104851245,1109.2007280057576,0.0583719971712176,0.0424486978296243,0.4144292256512071,0.4819656172775546,0.3768959102445068,0.4333114730363708,0.3758392327411145,0.4394797678726987
131,366,2925,1D Base Case,OpenSees 2-D,193.80481861045493,71.0,0.2870393104851245,1109.2007280057576,0.2255837628568174,0.2263384197369542,0.7210917566199372,0.6737437396953849,0.6544817521429391,0.6950401743201192,0.6586241094899642,0.6308430992733014
131,366,2925,Pretell's approach,OpenSees 2-D,193.80481861045493,71.0,0.2870393104851245,1109.2007280057576,0.1405461941773253,0.0308203823450505,0.6115735401256771,0.4766034421262661,0.4655945506562396,0.330631872025885,0.5448955688957912,0.4243994951958011
132,534,4136,GINO,OpenSees 2-D,137.06154337592005,73.0,0.2658001936972141,892.267210316728,0.1185760530405658,0.1355721368854718,0.3100196878832356,0.3113904968646189,0.3889967044625099,0.2590500331723434,0.236669685972866,0.207924647058024
132,534,4136,1D Base Case,OpenSees 2-D,137.06154337592005,73.0,0.2658001936972141,892.267210316728,0.6888837934063039,0.7028517181196473,0.454987873578155,0.4014805922469796,0.6295067672237851,0.5368662544822133,0.6347864139618554,0.6235746495533976
132,534,4136,Pretell's approach,OpenSees 2-D,137.06154337592005,73.0,0.2658001936972141,892.267210316728,0.4856693684070403,0.6247662878468029,0.2888545737910536,0.1819486636078551,0.4659979941421032,0.3688405597990015,0.4468160322769174,0.5213622447826529
133,275,2038,GINO,OpenSees 2-D,143.7795459684312,87.0,0.2051874037832021,1097.3952426073297,0.3797323769764872,0.4123374604364355,0.2184171609221907,0.2805035219963865,0.3552479973120768,0.2446503978912817,0.3399370523171644,0.3643020906102105
133,275,2038,1D Base Case,OpenSees 2-D,143.7795459684312,87.0,0.2051874037832021,1097.3952426073297,0.5522627073633093,0.5681187600268759,0.4342597946120691,0.3486097206271705,0.5125722861820369,0.4011709278475666,0.5173321914185144,0.5016789417980199
133,275,2038,Pretell's approach,OpenSees 2-D,143.7795459684312,87.0,0.2051874037832021,1097.3952426073297,0.5233433516961219,0.5784832222695999,0.3785528456558283,0.3923822645255105,0.4561292108570002,0.3562563960310635,0.4790195697169905,0.5121023079930515
134,675,5223,GINO,OpenSees 2-D,282.52435517961936,45.0,0.2582785723730921,1245.6735650339538,0.1097919673953791,0.0587092058368868,0.3629099479894851,0.4355635578241326,0.4827963723902052,0.5112532382385133,0.3801954554024985,0.4360403582902611
134,675,5223,1D Base Case,OpenSees 2-D,282.52435517961936,45.0,0.2582785723730921,1245.6735650339538,0.0077119149755446,0.0083443587937802,0.6094181360157072,0.6900411622026461,0.6380249723065335,0.4678313791655906,0.6069972795880753,0.67321626122843
134,675,5223,Pretell's approach,OpenSees 2-D,282.52435517961936,45.0,0.2582785723730921,1245.6735650339538,0.0063634564728855,0.0085534567389019,0.5941924168548394,0.7947508670768529,0.5095183909171724,0.524896835842478,0.5750809506449105,0.7748520350541647
135,832,6357,GINO,OpenSees 2-D,229.3335407687008,35.0,0.1648932851850986,966.832667971848,0.1341461715206152,0.1041039147856178,0.3169759436179412,0.0825994367895307,0.3586496674608593,0.3285154410130639,0.319293522629487,0.1741546865960493
135,832,6357,1D Base Case,OpenSees 2-D,229.3335407687008,35.0,0.1648932851850986,966.832667971848,0.0088142325103989,0.0057819327450478,0.5678381020871458,0.4303447942606092,0.5732473129785776,0.5032476477662268,0.5574867478888305,0.436326542428873
135,832,6357,Pretell's approach,OpenSees 2-D,229.3335407687008,35.0,0.1648932851850986,966.832667971848,0.0031526922982021,0.0024858371398031,0.4467774600846029,0.4543908745957506,0.3571784712065909,0.2997160343593144,0.4238891314184781,0.4097780003819927
136,303,2310,GINO,OpenSees 2-D,287.64132612708875,82.0,0.1485941756516695,823.0446047551784,0.0689406124734116,0.0527417697351582,0.1064799780160433,0.0960799321862535,0.2154703517581047,0.2066911667988618,0.1446255569754046,0.1374258851275268
136,303,2310,1D Base Case,OpenSees 2-D,287.64132612708875,82.0,0.1485941756516695,823.0446047551784,0.0249509458378273,0.0242926408772032,0.3635330506733217,0.339421140268276,0.5976725904482153,0.6150248579786641,0.4350039185588415,0.4334260108324186
136,303,2310,Pretell's approach,OpenSees 2-D,287.64132612708875,82.0,0.1485941756516695,823.0446047551784,0.0120426774804706,0.0313604378552653,0.3263825602224268,0.6675601322906681,0.414614089479154,0.526893969946917,0.3460847812777027,0.6111272709530001
137,113,867,GINO,OpenSees 2-D,194.48150890276077,54.0,0.1872294027358293,1222.8837500850434,0.0484526671769297,0.0474712741195537,0.1341470659103306,0.1228537685249557,0.3817054716245895,0.4406607933848909,0.2151419972003984,0.2532086408501366
137,113,867,1D Base Case,OpenSees 2-D,194.48150890276077,54.0,0.1872294027358293,1222.8837500850434,0.0233629636511537,0.0221206417824934,0.3079726931698409,0.2798269465467711,0.6154218721699809,0.651587527087086,0.3924442472772028,0.412183132056545
137,113,867,Pretell's approach,OpenSees 2-D,194.48150890276077,54.0,0.1872294027358293,1222.8837500850434,0.0134122959681078,0.0059856517133594,0.3074589448751377,0.2313041922758005,0.4120971245296711,0.4530585605662919,0.325391426708752,0.3041035455073834
138,749,5786,GINO,OpenSees 2-D,144.25120670423362,66.0,0.2896682599559426,963.3242511739768,0.310079098750062,0.3063486916787808,0.3918112973030841,0.371973694490871,0.4657465962363886,0.5351824421289778,0.3703110201665339,0.3816377211629644
138,749,5786,1D Base Case,OpenSees 2-D,144.25120670423362,66.0,0.2896682599559426,963.3242511739768,0.4505230350131245,0.4325211255043946,0.6442289706685322,0.6487783255598971,0.6313834965926465,0.621633331090527,0.5698053491023337,0.5652938576891031
138,749,5786,Pretell's approach,OpenSees 2-D,144.25120670423362,66.0,0.2896682599559426,963.3242511739768,0.2860318077495062,0.2013348774619147,0.4062586686948093,0.2517247012578779,0.4877269689834209,0.5781870631536078,0.3728230360556101,0.3172058606612297
139,908,6948,GINO,OpenSees 2-D,356.1113357731149,86.0,0.2915083399042487,1018.355520419634,0.069026726647412,0.0671312166808064,0.1829559453925288,0.2201426272401622,0.5397960379360679,0.5707761415556316,0.344685597281868,0.3771094592738957
139,908,6948,1D Base Case,OpenSees 2-D,356.1113357731149,86.0,0.2915083399042487,1018.355520419634,0.0432761664837185,0.0378020617386454,0.7136480063341422,0.7184501028393031,0.7551633863167714,0.7234590016064514,0.7048227060095749,0.6960783162582822
139,908,6948,Pretell's approach,OpenSees 2-D,356.1113357731149,86.0,0.2915083399042487,1018.355520419634,0.0215082680611444,0.0089281092811709,0.9104456629622316,0.8103366611455687,0.6169504849720788,0.724592470878035,0.7894446881111651,0.7531228886188459
140,437,3519,GINO,OpenSees 2-D,166.317576845069,89.0,0.1178773349151015,1280.6331599162438,0.1806257088565659,0.16000631223528,0.3194674587976103,0.3271811874115063,0.3868897896937422,0.4291440027307004,0.2528220429652877,0.2602675826247437
140,437,3519,1D Base Case,OpenSees 2-D,166.317576845069,89.0,0.1178773349151015,1280.6331599162438,0.2310705585324829,0.2328147179845514,0.5357830410606853,0.5681986322149805,0.4938633964459488,0.5286561942235495,0.3689545898614163,0.3944981254239744
140,437,3519,Pretell's approach,OpenSees 2-D,166.317576845069,89.0,0.1178773349151015,1280.6331599162438,0.2509500762129697,0.079217534546719,0.5106020519666148,0.4995946845984748,0.4588061594588477,0.5012359510544316,0.3625863117292153,0.3214069195381171
141,491,3876,GINO,OpenSees 2-D,147.1806658427896,91.0,0.1132292453199625,1011.1066624560916,0.2391116634890229,0.2700194887325645,0.298718222348767,0.3337974345770931,0.361906127879838,0.3365041948970195,0.2684356825640263,0.2954194017718783
141,491,3876,1D Base Case,OpenSees 2-D,147.1806658427896,91.0,0.1132292453199625,1011.1066624560916,0.3910264357702279,0.3929094244411658,0.480305341434581,0.4988410317180057,0.4346922532193589,0.4005621711878279,0.4207201526669843,0.4264756145691089
141,491,3876,Pretell's approach,OpenSees 2-D,147.1806658427896,91.0,0.1132292453199625,1011.1066624560916,0.2305950765531586,0.367108624146658,0.4350153258779634,0.4547754483858043,0.4115017812385316,0.3767345464692083,0.3158997725568194,0.3949143103849246
142,526,4088,GINO,OpenSees 2-D,156.93329174337424,57.0,0.2096807096153497,1044.7896507387577,0.058031942339055,0.0703259797339676,0.2958224597877605,0.347170108916598,0.414343757539337,0.342728434925116,0.3002263431129682,0.3336511941312214
142,526,4088,1D Base Case,OpenSees 2-D,156.93329174337424,57.0,0.2096807096153497,1044.7896507387577,0.1044057654000824,0.0932159993649868,0.573100239089112,0.5813251829127971,0.5862885211247416,0.564700936640011,0.552846402629585,0.5571052526482961
142,526,4088,Pretell's approach,OpenSees 2-D,156.93329174337424,57.0,0.2096807096153497,1044.7896507387577,0.0821140869635882,0.0602759565506455,0.4607521224837353,0.5095113693020545,0.3893016899971156,0.3098082785452533,0.4357625269845169,0.467598520134483
143,141,1043,GINO,OpenSees 2-D,123.4467479930304,29.0,0.2028368482366204,1051.8362399751636,0.1590189958967438,0.223408378949926,0.3180546672380207,0.3226671426849583,0.363195932147888,0.3642292067185021,0.3219999091274382,0.3245019029251705
143,141,1043,1D Base Case,OpenSees 2-D,123.4467479930304,29.0,0.2028368482366204,1051.8362399751636,0.0115410734733938,0.0078368169416858,0.3994663777843615,0.4484147631139335,0.3920108054059655,0.2690990041151486,0.3859549527828655,0.416431434024287
143,141,1043,Pretell's approach,OpenSees 2-D,123.4467479930304,29.0,0.2028368482366204,1051.8362399751636,0.0095738041337719,0.0023551400978749,0.4489117730477748,0.2795066069460576,0.3149782680769906,0.3325180838471919,0.4082946665277189,0.2804384435667554
144,706,5465,GINO,OpenSees 2-D,234.1773902165664,21.0,0.1111790316179394,1116.358373901244,0.1975192050561692,0.2296205911054187,0.0647630595285091,0.0716669226295129,0.2511526749208823,0.3169660105549675,0.2407506994386454,0.3048390380444781
144,706,5465,1D Base Case,OpenSees 2-D,234.1773902165664,21.0,0.1111790316179394,1116.358373901244,0.0035570809078016,0.0040295681569867,0.1234824271791488,0.1436237985760012,0.6302164737964728,0.7149380728364787,0.5954718923130924,0.6808457283792255
144,706,5465,Pretell's approach,OpenSees 2-D,234.1773902165664,21.0,0.1111790316179394,1116.358373901244,0.0010886539618222,0.0007663524422536,0.0290630666515292,0.0204799756876882,0.2574273119621679,0.231540475979619,0.2429869225072146,0.2202517988716949
145,548,4249,GINO,OpenSees 2-D,187.79583946249005,97.0,0.2961401944980025,1092.3489382008888,0.1484494070103994,0.0497446937043121,0.3903435467278431,0.2947731746157152,0.4665331344238865,0.3673737036181589,0.2585577574715412,0.1887868526730087
145,548,4249,1D Base Case,OpenSees 2-D,187.79583946249005,97.0,0.2961401944980025,1092.3489382008888,0.6367794376076693,0.6463266846625375,0.8670684711132405,0.8324979017531173,0.6398271911570432,0.6874065396830877,0.6899606961707923,0.6971341441188335
145,548,4249,Pretell's approach,OpenSees 2-D,187.79583946249005,97.0,0.2961401944980025,1092.3489382008888,0.5383893554696111,0.6828720033846553,0.6866019906305671,0.6198016835521326,0.4872516001068085,0.4262346273161579,0.5672107325511994,0.6461942067373108
146,609,4713,GINO,OpenSees 2-D,176.7226450134401,84.0,0.1042089957743883,1086.0182527087534,0.0686522685197661,0.0630536064443244,0.1504596805833618,0.0723351358682766,0.2874628218629067,0.3264386937476817,0.1642669127308292,0.1572247339622257
146,609,4713,1D Base Case,OpenSees 2-D,176.7226450134401,84.0,0.1042089957743883,1086.0182527087534,0.0969940877299976,0.0690669248558283,0.2825180158209109,0.1935160883545807,0.5038736824471263,0.575695009981835,0.2963774623116467,0.2945063365423219
146,609,4713,Pretell's approach,OpenSees 2-D,176.7226450134401,84.0,0.1042089957743883,1086.0182527087534,0.1269089785310101,0.0296510597598982,0.3634008969916064,0.2229272050563428,0.4085690146339646,0.4860074941597642,0.3290770520949447,0.2719387138037518
147,961,7404,GINO,OpenSees 2-D,190.9324626175373,22.0,0.1551696173846721,1255.0909764050814,0.1628727067835632,0.0839887199812903,0.1471290521657019,0.0934336448472619,0.2710201224048912,0.2478175304517889,0.236427980805666,0.2143912088079706
147,961,7404,1D Base Case,OpenSees 2-D,190.9324626175373,22.0,0.1551696173846721,1255.0909764050814,0.0032484162481378,0.0015253692873953,0.1886940104638204,0.0828866121129009,0.3331326255357046,0.2765260342276913,0.2875796220798085,0.2360632937668522
147,961,7404,Pretell's approach,OpenSees 2-D,190.9324626175373,22.0,0.1551696173846721,1255.0909764050814,0.0017024211257597,0.0014338144754179,0.2877376915532582,0.0988763978945574,0.4472787654317155,0.4703932389867248,0.3928235639109081,0.3987867404886323
148,973,7501,GINO,OpenSees 2-D,264.14721504428144,37.0,0.2812460053712129,989.6374036043122,0.2080387120236042,0.2632386533152217,0.4916532300678888,0.1585316756583717,0.444137369518133,0.4323702561542406,0.477835165396024,0.242205644657841
148,973,7501,1D Base Case,OpenSees 2-D,264.14721504428144,37.0,0.2812460053712129,989.6374036043122,0.0171667671370053,0.0178214047423876,0.8419048827194419,0.7158717712533293,0.6686906435546031,0.6681778260344758,0.8025581173035993,0.689009997089613
148,973,7501,Pretell's approach,OpenSees 2-D,264.14721504428144,37.0,0.2812460053712129,989.6374036043122,0.007549332139546,0.0055727160996392,0.6466039864318525,0.4526926639461621,0.7285291276079459,0.3189560929089181,0.650930434034549,0.4182592236272184
149,648,5025,GINO,OpenSees 2-D,214.98341347559776,85.0,0.248399880155921,913.128040058006,0.0452325382656135,0.0332979959543088,0.3145123314485636,0.3740922639542803,0.4581239932292383,0.3248386197089876,0.329454158877533,0.3383672349788559
149,648,5025,1D Base Case,OpenSees 2-D,214.98341347559776,85.0,0.248399880155921,913.128040058006,0.1687087878297544,0.1579352590263962,0.5633975474830251,0.5548417824180593,0.6451130960878478,0.5718069930937938,0.5483033067566453,0.5229582486866184
149,648,5025,Pretell's approach,OpenSees 2-D,214.98341347559776,85.0,0.248399880155921,913.128040058006,0.0657363566922871,0.0053860502306741,0.4018842480351065,0.33258078347684,0.4134527969387538,0.3322697732362114,0.3790887761125761,0.3093098255390918
