index,sobol_id,replicate_id,rf_seed,r_passeri_fixed,r_passeri_dip,delta_r,rel_l1_geomean_arms,Vs1,H,CoV,rH,aHV,Vs2,dip_angle_deg
0,0,0,3225228,0.6188730361978929,0.5559934456991057,-0.06287959049878722,0.04197693427222887,181.71401476829877,54.0,0.26797559950500727,82.57714900188148,13.51265704265684,1143.255911211728,-1.2123646102845669
1,0,1,7005739,0.6055310743131791,0.5157369364583128,-0.08979413785486634,0.04197693427222887,181.71401476829877,54.0,0.26797559950500727,82.57714900188148,13.51265704265684,1143.255911211728,-1.2123646102845669
2,0,2,9301927,-0.08380224969767014,-0.05533996116738428,0.02846228853028586,0.04197693427222887,181.71401476829877,54.0,0.26797559950500727,82.57714900188148,13.51265704265684,1143.255911211728,-1.2123646102845669
3,0,3,621504,-0.07990922808846834,-0.051229627829995315,0.028679600258473027,0.04197693427222887,181.71401476829877,54.0,0.26797559950500727,82.57714900188148,13.51265704265684,1143.255911211728,-1.2123646102845669
4,0,4,1593157,0.5963195859465367,0.5328886484605438,-0.06343093748599282,0.04197693427222887,181.71401476829877,54.0,0.26797559950500727,82.57714900188148,13.51265704265684,1143.255911211728,-1.2123646102845669
5,0,5,7851696,0.6869802140736422,0.6148669998764553,-0.07211321419718686,0.04197693427222887,181.71401476829877,54.0,0.26797559950500727,82.57714900188148,13.51265704265684,1143.255911211728,-1.2123646102845669
6,0,6,5799740,0.5026291932461229,0.4978019796980595,-0.004827213548063369,0.04197693427222887,181.71401476829877,54.0,0.26797559950500727,82.57714900188148,13.51265704265684,1143.255911211728,-1.2123646102845669
7,0,7,4597342,0.6062355255311199,0.566091300513896,-0.04014422501722392,0.04197693427222887,181.71401476829877,54.0,0.26797559950500727,82.57714900188148,13.51265704265684,1143.255911211728,-1.2123646102845669
8,0,8,4295983,0.6340365777505786,0.560066899883275,-0.07396967786730368,0.04197693427222887,181.71401476829877,54.0,0.26797559950500727,82.57714900188148,13.51265704265684,1143.255911211728,-1.2123646102845669
9,0,9,5476400,0.7105051764508314,0.66672487897776,-0.04378029747307144,0.04197693427222887,181.71401476829877,54.0,0.26797559950500727,82.57714900188148,13.51265704265684,1143.255911211728,-1.2123646102845669
10,0,10,8175648,0.6431334124734002,0.6150101794146948,-0.028123233058705344,0.04197693427222887,181.71401476829877,54.0,0.26797559950500727,82.57714900188148,13.51265704265684,1143.255911211728,-1.2123646102845669
11,0,11,1895126,0.6666369924477732,0.6244982070337605,-0.042138785414012725,0.04197693427222887,181.71401476829877,54.0,0.26797559950500727,82.57714900188148,13.51265704265684,1143.255911211728,-1.2123646102845669
12,0,12,923174,0.679291842002396,0.6882943813438065,0.009002539341410487,0.04197693427222887,181.71401476829877,54.0,0.26797559950500727,82.57714900188148,13.51265704265684,1143.255911211728,-1.2123646102845669
13,0,13,9625558,0.6770293381852364,0.6228452804273428,-0.05418405775789359,0.04197693427222887,181.71401476829877,54.0,0.26797559950500727,82.57714900188148,13.51265704265684,1143.255911211728,-1.2123646102845669
14,0,14,6682717,0.6836844862773621,0.680092436392907,-0.003592049884455162,0.04197693427222887,181.71401476829877,54.0,0.26797559950500727,82.57714900188148,13.51265704265684,1143.255911211728,-1.2123646102845669
15,0,15,2924170,0.4168625595172508,0.36210249324032884,-0.05476006627692198,0.04197693427222887,181.71401476829877,54.0,0.26797559950500727,82.57714900188148,13.51265704265684,1143.255911211728,-1.2123646102845669
16,0,16,2529710,0.5965373621423214,0.5435926659786878,-0.05294469616363362,0.04197693427222887,181.71401476829877,54.0,0.26797559950500727,82.57714900188148,13.51265704265684,1143.255911211728,-1.2123646102845669
17,0,17,6290701,0.6272882058101613,0.5651078472186682,-0.06218035859149307,0.04197693427222887,181.71401476829877,54.0,0.26797559950500727,82.57714900188148,13.51265704265684,1143.255911211728,-1.2123646102845669
18,0,18,9861365,0.829286362700515,0.800092569999535,-0.029193792700979992,0.04197693427222887,181.71401476829877,54.0,0.26797559950500727,82.57714900188148,13.51265704265684,1143.255911211728,-1.2123646102845669
19,0,19,1161419,0.5701882676753762,0.5043596698854327,-0.06582859778994354,0.04197693427222887,181.71401476829877,54.0,0.26797559950500727,82.57714900188148,13.51265704265684,1143.255911211728,-1.2123646102845669
20,0,20,2289204,0.6854615063862671,0.6443947411114648,-0.04106676527480235,0.04197693427222887,181.71401476829877,54.0,0.26797559950500727,82.57714900188148,13.51265704265684,1143.255911211728,-1.2123646102845669
21,0,21,8567283,0.6139108149894468,0.5888653566774472,-0.025045458311999558,0.04197693427222887,181.71401476829877,54.0,0.26797559950500727,82.57714900188148,13.51265704265684,1143.255911211728,-1.2123646102845669
22,0,22,5240975,0.6079100211697983,0.6199103428106748,0.012000321640876499,0.04197693427222887,181.71401476829877,54.0,0.26797559950500727,82.57714900188148,13.51265704265684,1143.255911211728,-1.2123646102845669
23,0,23,4058119,0.5691234891982557,0.5422550794701677,-0.026868409728088016,0.04197693427222887,181.71401476829877,54.0,0.26797559950500727,82.57714900188148,13.51265704265684,1143.255911211728,-1.2123646102845669
24,0,24,4986614,0.5203287284820798,0.5142065006073492,-0.006122227874730601,0.04197693427222887,181.71401476829877,54.0,0.26797559950500727,82.57714900188148,13.51265704265684,1143.255911211728,-1.2123646102845669
25,0,25,6186568,0.5824096864158232,0.5819727836367783,-0.00043690277904495645,0.04197693427222887,181.71401476829877,54.0,0.26797559950500727,82.57714900188148,13.51265704265684,1143.255911211728,-1.2123646102845669
26,0,26,7621078,0.7445774088033075,0.7200613362837686,-0.024516072519538912,0.04197693427222887,181.71401476829877,54.0,0.26797559950500727,82.57714900188148,13.51265704265684,1143.255911211728,-1.2123646102845669
27,0,27,1360099,0.653973541948811,0.6108842546810177,-0.043089287267793264,0.04197693427222887,181.71401476829877,54.0,0.26797559950500727,82.57714900188148,13.51265704265684,1143.255911211728,-1.2123646102845669
28,0,28,232003,0.5576737178092568,0.5033500275160525,-0.054323690293204274,0.04197693427222887,181.71401476829877,54.0,0.26797559950500727,82.57714900188148,13.51265704265684,1143.255911211728,-1.2123646102845669
29,0,29,8914870,0.45783506702371096,0.41338719354492215,-0.04444787347878881,0.04197693427222887,181.71401476829877,54.0,0.26797559950500727,82.57714900188148,13.51265704265684,1143.255911211728,-1.2123646102845669
30,1,0,3225228,0.8336807090785937,0.8549647804109961,0.0212840713324024,0.025809925353677047,254.90187020693213,30.0,0.1534626644104719,39.42307441495359,37.76105748548582,1037.1168055502942,0.423505749553442
31,1,1,7005739,0.7662236781526358,0.7933765135098197,0.027152835357183935,0.025809925353677047,254.90187020693213,30.0,0.1534626644104719,39.42307441495359,37.76105748548582,1037.1168055502942,0.423505749553442
32,1,2,9301927,0.7946584384298955,0.8283272434655541,0.03366880503565861,0.025809925353677047,254.90187020693213,30.0,0.1534626644104719,39.42307441495359,37.76105748548582,1037.1168055502942,0.423505749553442
33,1,3,621504,0.8271264820355438,0.8528201974934585,0.025693715457914656,0.025809925353677047,254.90187020693213,30.0,0.1534626644104719,39.42307441495359,37.76105748548582,1037.1168055502942,0.423505749553442
34,1,4,1593157,0.7374614000624854,0.772814236291972,0.035352836229486595,0.025809925353677047,254.90187020693213,30.0,0.1534626644104719,39.42307441495359,37.76105748548582,1037.1168055502942,0.423505749553442
35,1,5,7851696,0.6976582572720694,0.734644682801456,0.03698642552938658,0.025809925353677047,254.90187020693213,30.0,0.1534626644104719,39.42307441495359,37.76105748548582,1037.1168055502942,0.423505749553442
36,1,6,5799740,0.8626979524684704,0.8756875756725013,0.012989623204030964,0.025809925353677047,254.90187020693213,30.0,0.1534626644104719,39.42307441495359,37.76105748548582,1037.1168055502942,0.423505749553442
37,1,7,4597342,0.8547743962848836,0.8763849912367011,0.021610594951817497,0.025809925353677047,254.90187020693213,30.0,0.1534626644104719,39.42307441495359,37.76105748548582,1037.1168055502942,0.423505749553442
38,1,8,4295983,0.7833262235527904,0.8166840538449435,0.03335783029215311,0.025809925353677047,254.90187020693213,30.0,0.1534626644104719,39.42307441495359,37.76105748548582,1037.1168055502942,0.423505749553442
39,1,9,5476400,0.7858125727354791,0.8019463541638516,0.016133781428372518,0.025809925353677047,254.90187020693213,30.0,0.1534626644104719,39.42307441495359,37.76105748548582,1037.1168055502942,0.423505749553442
40,1,10,8175648,0.8664856732288185,0.8873772263227784,0.020891553093959847,0.025809925353677047,254.90187020693213,30.0,0.1534626644104719,39.42307441495359,37.76105748548582,1037.1168055502942,0.423505749553442
41,1,11,1895126,0.8553519725767319,0.8725700001375947,0.01721802756086277,0.025809925353677047,254.90187020693213,30.0,0.1534626644104719,39.42307441495359,37.76105748548582,1037.1168055502942,0.423505749553442
42,1,12,923174,0.8662439630736787,0.8867140177493958,0.020470054675717164,0.025809925353677047,254.90187020693213,30.0,0.1534626644104719,39.42307441495359,37.76105748548582,1037.1168055502942,0.423505749553442
43,1,13,9625558,0.8679114062008182,0.8939524012474718,0.02604099504665358,0.025809925353677047,254.90187020693213,30.0,0.1534626644104719,39.42307441495359,37.76105748548582,1037.1168055502942,0.423505749553442
44,1,14,6682717,0.8013917243754902,0.8286906214615114,0.02729889708602118,0.025809925353677047,254.90187020693213,30.0,0.1534626644104719,39.42307441495359,37.76105748548582,1037.1168055502942,0.423505749553442
45,1,15,2924170,0.8448109649755088,0.8667308637948893,0.0219198988193805,0.025809925353677047,254.90187020693213,30.0,0.1534626644104719,39.42307441495359,37.76105748548582,1037.1168055502942,0.423505749553442
46,1,16,2529710,0.8049699555950531,0.8279710446367207,0.023001089041667533,0.025809925353677047,254.90187020693213,30.0,0.1534626644104719,39.42307441495359,37.76105748548582,1037.1168055502942,0.423505749553442
47,1,17,6290701,0.7957941308785798,0.8278291638919109,0.032035033013331105,0.025809925353677047,254.90187020693213,30.0,0.1534626644104719,39.42307441495359,37.76105748548582,1037.1168055502942,0.423505749553442
48,1,18,9861365,0.8498156595708876,0.876790006392046,0.0269743468211584,0.025809925353677047,254.90187020693213,30.0,0.1534626644104719,39.42307441495359,37.76105748548582,1037.1168055502942,0.423505749553442
49,1,19,1161419,0.8839132250082649,0.886610881357228,0.002697656348963129,0.025809925353677047,254.90187020693213,30.0,0.1534626644104719,39.42307441495359,37.76105748548582,1037.1168055502942,0.423505749553442
50,1,20,2289204,0.8454768228903853,0.8689603210586012,0.023483498168215933,0.025809925353677047,254.90187020693213,30.0,0.1534626644104719,39.42307441495359,37.76105748548582,1037.1168055502942,0.423505749553442
51,1,21,8567283,0.8315275923490506,0.8570120729922709,0.025484480643220286,0.025809925353677047,254.90187020693213,30.0,0.1534626644104719,39.42307441495359,37.76105748548582,1037.1168055502942,0.423505749553442
52,1,22,5240975,0.8162159719734692,0.843292205975734,0.027076234002264776,0.025809925353677047,254.90187020693213,30.0,0.1534626644104719,39.42307441495359,37.76105748548582,1037.1168055502942,0.423505749553442
53,1,23,4058119,0.8504178762735183,0.8694564049627261,0.019038528689207856,0.025809925353677047,254.90187020693213,30.0,0.1534626644104719,39.42307441495359,37.76105748548582,1037.1168055502942,0.423505749553442
54,1,24,4986614,0.7886544875252105,0.81381239636482,0.025157908839609444,0.025809925353677047,254.90187020693213,30.0,0.1534626644104719,39.42307441495359,37.76105748548582,1037.1168055502942,0.423505749553442
55,1,25,6186568,0.8404177282331387,0.8633689613867722,0.022951233153633566,0.025809925353677047,254.90187020693213,30.0,0.1534626644104719,39.42307441495359,37.76105748548582,1037.1168055502942,0.423505749553442
56,1,26,7621078,0.825450884916144,0.8457251378390447,0.020274252922900637,0.025809925353677047,254.90187020693213,30.0,0.1534626644104719,39.42307441495359,37.76105748548582,1037.1168055502942,0.423505749553442
57,1,27,1360099,0.8882772998401133,0.9003051511939533,0.012027851353839991,0.025809925353677047,254.90187020693213,30.0,0.1534626644104719,39.42307441495359,37.76105748548582,1037.1168055502942,0.423505749553442
58,1,28,232003,0.8294798238754651,0.8532289262407255,0.0237491023652604,0.025809925353677047,254.90187020693213,30.0,0.1534626644104719,39.42307441495359,37.76105748548582,1037.1168055502942,0.423505749553442
59,1,29,8914870,0.8506531963967001,0.8725616514802371,0.021908455083537004,0.025809925353677047,254.90187020693213,30.0,0.1534626644104719,39.42307441495359,37.76105748548582,1037.1168055502942,0.423505749553442
60,2,0,3225228,0.7690725293430409,0.7880866429785338,0.01901411363549288,0.04167635332823354,216.67642668606018,51.0,0.13994896914809943,74.33470762334764,20.025233146786718,1208.3555305629695,1.594426967203617
61,2,1,7005739,0.7366314141735711,0.7587667611471732,0.022135346973602088,0.04167635332823354,216.67642668606018,51.0,0.13994896914809943,74.33470762334764,20.025233146786718,1208.3555305629695,1.594426967203617
62,2,2,9301927,0.7966447974937978,0.7594504573631794,-0.0371943401306184,0.04167635332823354,216.67642668606018,51.0,0.13994896914809943,74.33470762334764,20.025233146786718,1208.3555305629695,1.594426967203617
63,2,3,621504,0.7875730046919552,0.7798901019294172,-0.007682902762538024,0.04167635332823354,216.67642668606018,51.0,0.13994896914809943,74.33470762334764,20.025233146786718,1208.3555305629695,1.594426967203617
64,2,4,1593157,0.7544245301638848,0.7629878433180416,0.008563313154156815,0.04167635332823354,216.67642668606018,51.0,0.13994896914809943,74.33470762334764,20.025233146786718,1208.3555305629695,1.594426967203617
65,2,5,7851696,0.7914438498554949,0.8092356710050903,0.017791821149595433,0.04167635332823354,216.67642668606018,51.0,0.13994896914809943,74.33470762334764,20.025233146786718,1208.3555305629695,1.594426967203617
66,2,6,5799740,0.7191389102559842,0.7341026086454163,0.014963698389432123,0.04167635332823354,216.67642668606018,51.0,0.13994896914809943,74.33470762334764,20.025233146786718,1208.3555305629695,1.594426967203617
67,2,7,4597342,0.7588401438966041,0.7603260932496498,0.0014859493530456902,0.04167635332823354,216.67642668606018,51.0,0.13994896914809943,74.33470762334764,20.025233146786718,1208.3555305629695,1.594426967203617
68,2,8,4295983,0.7923593346519785,0.794365516425977,0.002006181773998472,0.04167635332823354,216.67642668606018,51.0,0.13994896914809943,74.33470762334764,20.025233146786718,1208.3555305629695,1.594426967203617
69,2,9,5476400,0.7942416922570837,0.8016922930602303,0.007450600803146523,0.04167635332823354,216.67642668606018,51.0,0.13994896914809943,74.33470762334764,20.025233146786718,1208.3555305629695,1.594426967203617
70,2,10,8175648,0.8086888663570961,0.8004939589773209,-0.00819490737977524,0.04167635332823354,216.67642668606018,51.0,0.13994896914809943,74.33470762334764,20.025233146786718,1208.3555305629695,1.594426967203617
71,2,11,1895126,0.7922888257728108,0.8009903259074358,0.008701500134625006,0.04167635332823354,216.67642668606018,51.0,0.13994896914809943,74.33470762334764,20.025233146786718,1208.3555305629695,1.594426967203617
72,2,12,923174,0.8034642829541858,0.8069456535131863,0.0034813705590004407,0.04167635332823354,216.67642668606018,51.0,0.13994896914809943,74.33470762334764,20.025233146786718,1208.3555305629695,1.594426967203617
73,2,13,9625558,0.8182934463368176,0.8261188493447881,0.007825403007970522,0.04167635332823354,216.67642668606018,51.0,0.13994896914809943,74.33470762334764,20.025233146786718,1208.3555305629695,1.594426967203617
74,2,14,6682717,0.8334646455449133,0.8326022990644765,-0.0008623464804368153,0.04167635332823354,216.67642668606018,51.0,0.13994896914809943,74.33470762334764,20.025233146786718,1208.3555305629695,1.594426967203617
75,2,15,2924170,0.7847930730686452,0.8101211691675989,0.0253280960989537,0.04167635332823354,216.67642668606018,51.0,0.13994896914809943,74.33470762334764,20.025233146786718,1208.3555305629695,1.594426967203617
76,2,16,2529710,0.7369519710403484,0.7597965941454355,0.02284462310508717,0.04167635332823354,216.67642668606018,51.0,0.13994896914809943,74.33470762334764,20.025233146786718,1208.3555305629695,1.594426967203617
77,2,17,6290701,0.7442443234187398,0.7438730900735449,-0.00037123334519495454,0.04167635332823354,216.67642668606018,51.0,0.13994896914809943,74.33470762334764,20.025233146786718,1208.3555305629695,1.594426967203617
78,2,18,9861365,0.8302087188876957,0.8277090282747029,-0.002499690612992711,0.04167635332823354,216.67642668606018,51.0,0.13994896914809943,74.33470762334764,20.025233146786718,1208.3555305629695,1.594426967203617
79,2,19,1161419,0.8075542769377084,0.8289144267628246,0.021360149825116137,0.04167635332823354,216.67642668606018,51.0,0.13994896914809943,74.33470762334764,20.025233146786718,1208.3555305629695,1.594426967203617
80,2,20,2289204,0.7433059145887155,0.7538157606361581,0.01050984604744254,0.04167635332823354,216.67642668606018,51.0,0.13994896914809943,74.33470762334764,20.025233146786718,1208.3555305629695,1.594426967203617
81,2,21,8567283,0.7523440659089146,0.750130730528587,-0.00221333538032753,0.04167635332823354,216.67642668606018,51.0,0.13994896914809943,74.33470762334764,20.025233146786718,1208.3555305629695,1.594426967203617
82,2,22,5240975,0.7730262907828417,0.757185261194526,-0.01584102958831568,0.04167635332823354,216.67642668606018,51.0,0.13994896914809943,74.33470762334764,20.025233146786718,1208.3555305629695,1.594426967203617
83,2,23,4058119,0.8101544968640105,0.7939256419312964,-0.016228854932714087,0.04167635332823354,216.67642668606018,51.0,0.13994896914809943,74.33470762334764,20.025233146786718,1208.3555305629695,1.594426967203617
84,2,24,4986614,0.7387088358338446,0.7257655025138243,-0.01294333332002029,0.04167635332823354,216.67642668606018,51.0,0.13994896914809943,74.33470762334764,20.025233146786718,1208.3555305629695,1.594426967203617
85,2,25,6186568,0.8032170028055893,0.7781171982140972,-0.02509980459149208,0.04167635332823354,216.67642668606018,51.0,0.13994896914809943,74.33470762334764,20.025233146786718,1208.3555305629695,1.594426967203617
86,2,26,7621078,0.7442773868846224,0.7526205811358505,0.008343194251228092,0.04167635332823354,216.67642668606018,51.0,0.13994896914809943,74.33470762334764,20.025233146786718,1208.3555305629695,1.594426967203617
87,2,27,1360099,0.7939110019749881,0.7820464746911178,-0.01186452728387033,0.04167635332823354,216.67642668606018,51.0,0.13994896914809943,74.33470762334764,20.025233146786718,1208.3555305629695,1.594426967203617
88,2,28,232003,0.764519634186596,0.7584182900532401,-0.006101344133355835,0.04167635332823354,216.67642668606018,51.0,0.13994896914809943,74.33470762334764,20.025233146786718,1208.3555305629695,1.594426967203617
89,2,29,8914870,0.7288942381105529,0.7346891319085679,0.005794893798015011,0.04167635332823354,216.67642668606018,51.0,0.13994896914809943,74.33470762334764,20.025233146786718,1208.3555305629695,1.594426967203617
90,3,0,3225228,0.6609538622002453,0.6228349841615292,-0.038118878038716164,0.03938118255686357,158.30550237826546,35.0,0.22524072676897047,25.20396794192493,25.109185227266014,837.449827508864,-2.383018344640732
91,3,1,7005739,0.547942366261564,0.5016944807866024,-0.046247885474961614,0.03938118255686357,158.30550237826546,35.0,0.22524072676897047,25.20396794192493,25.109185227266014,837.449827508864,-2.383018344640732
92,3,2,9301927,0.6008288355621205,0.5679393102244897,-0.03288952533763079,0.03938118255686357,158.30550237826546,35.0,0.22524072676897047,25.20396794192493,25.109185227266014,837.449827508864,-2.383018344640732
93,3,3,621504,0.5432143354877311,0.49646621833715715,-0.046748117150573976,0.03938118255686357,158.30550237826546,35.0,0.22524072676897047,25.20396794192493,25.109185227266014,837.449827508864,-2.383018344640732
94,3,4,1593157,0.5816973632812508,0.5549930608642135,-0.02670430241703725,0.03938118255686357,158.30550237826546,35.0,0.22524072676897047,25.20396794192493,25.109185227266014,837.449827508864,-2.383018344640732
95,3,5,7851696,0.5653730752938102,0.5219046724767762,-0.04346840281703401,0.03938118255686357,158.30550237826546,35.0,0.22524072676897047,25.20396794192493,25.109185227266014,837.449827508864,-2.383018344640732
96,3,6,5799740,0.5898209483252654,0.5515537491345825,-0.03826719919068289,0.03938118255686357,158.30550237826546,35.0,0.22524072676897047,25.20396794192493,25.109185227266014,837.449827508864,-2.383018344640732
97,3,7,4597342,0.5798665020266947,0.53389412207654,-0.045972379950154685,0.03938118255686357,158.30550237826546,35.0,0.22524072676897047,25.20396794192493,25.109185227266014,837.449827508864,-2.383018344640732
98,3,8,4295983,0.7425992679522065,0.7180964635959127,-0.024502804356293817,0.03938118255686357,158.30550237826546,35.0,0.22524072676897047,25.20396794192493,25.109185227266014,837.449827508864,-2.383018344640732
99,3,9,5476400,0.6297819618554547,0.5964753658470177,-0.033306596008436995,0.03938118255686357,158.30550237826546,35.0,0.22524072676897047,25.20396794192493,25.109185227266014,837.449827508864,-2.383018344640732
100,3,10,8175648,0.7337006832242082,0.6933601868884597,-0.040340496335748544,0.03938118255686357,158.30550237826546,35.0,0.22524072676897047,25.20396794192493,25.109185227266014,837.449827508864,-2.383018344640732
101,3,11,1895126,0.6222267317218046,0.5768443424823219,-0.04538238923948279,0.03938118255686357,158.30550237826546,35.0,0.22524072676897047,25.20396794192493,25.109185227266014,837.449827508864,-2.383018344640732
102,3,12,923174,0.6510567219418222,0.6180422971374511,-0.03301442480437111,0.03938118255686357,158.30550237826546,35.0,0.22524072676897047,25.20396794192493,25.109185227266014,837.449827508864,-2.383018344640732
103,3,13,9625558,0.6937216080346134,0.6563962811220732,-0.0373253269125402,0.03938118255686357,158.30550237826546,35.0,0.22524072676897047,25.20396794192493,25.109185227266014,837.449827508864,-2.383018344640732
104,3,14,6682717,0.5952614794839783,0.5507668122397567,-0.044494667244221686,0.03938118255686357,158.30550237826546,35.0,0.22524072676897047,25.20396794192493,25.109185227266014,837.449827508864,-2.383018344640732
105,3,15,2924170,0.5272878711173418,0.4890685163634857,-0.03821935475385607,0.03938118255686357,158.30550237826546,35.0,0.22524072676897047,25.20396794192493,25.109185227266014,837.449827508864,-2.383018344640732
106,3,16,2529710,0.5992851793145548,0.5524990984029947,-0.04678608091156011,0.03938118255686357,158.30550237826546,35.0,0.22524072676897047,25.20396794192493,25.109185227266014,837.449827508864,-2.383018344640732
107,3,17,6290701,0.6164665652455709,0.5793423133680213,-0.03712425187754953,0.03938118255686357,158.30550237826546,35.0,0.22524072676897047,25.20396794192493,25.109185227266014,837.449827508864,-2.383018344640732
108,3,18,9861365,0.5694071900207689,0.5289112401312046,-0.04049594988956429,0.03938118255686357,158.30550237826546,35.0,0.22524072676897047,25.20396794192493,25.109185227266014,837.449827508864,-2.383018344640732
109,3,19,1161419,0.5270824342643262,0.49106751882345817,-0.036014915440868045,0.03938118255686357,158.30550237826546,35.0,0.22524072676897047,25.20396794192493,25.109185227266014,837.449827508864,-2.383018344640732
110,3,20,2289204,0.6233432265331857,0.5866373088203652,-0.0367059177128205,0.03938118255686357,158.30550237826546,35.0,0.22524072676897047,25.20396794192493,25.109185227266014,837.449827508864,-2.383018344640732
111,3,21,8567283,0.6236028347105806,0.5832341692631429,-0.04036866544743778,0.03938118255686357,158.30550237826546,35.0,0.22524072676897047,25.20396794192493,25.109185227266014,837.449827508864,-2.383018344640732
112,3,22,5240975,0.6832548491298047,0.6421701557912114,-0.041084693338593326,0.03938118255686357,158.30550237826546,35.0,0.22524072676897047,25.20396794192493,25.109185227266014,837.449827508864,-2.383018344640732
113,3,23,4058119,0.6252371811824189,0.5992052724274672,-0.02603190875495165,0.03938118255686357,158.30550237826546,35.0,0.22524072676897047,25.20396794192493,25.109185227266014,837.449827508864,-2.383018344640732
114,3,24,4986614,0.6720887118190131,0.6384544191093336,-0.033634292709679436,0.03938118255686357,158.30550237826546,35.0,0.22524072676897047,25.20396794192493,25.109185227266014,837.449827508864,-2.383018344640732
115,3,25,6186568,0.6969775861398365,0.6509631492935863,-0.04601443684625017,0.03938118255686357,158.30550237826546,35.0,0.22524072676897047,25.20396794192493,25.109185227266014,837.449827508864,-2.383018344640732
116,3,26,7621078,0.6796660567102477,0.6521052020284052,-0.02756085468184255,0.03938118255686357,158.30550237826546,35.0,0.22524072676897047,25.20396794192493,25.109185227266014,837.449827508864,-2.383018344640732
117,3,27,1360099,0.5903380407524887,0.5498681564012727,-0.04046988435121601,0.03938118255686357,158.30550237826546,35.0,0.22524072676897047,25.20396794192493,25.109185227266014,837.449827508864,-2.383018344640732
118,3,28,232003,0.6109788896978724,0.5702855156797184,-0.04069337401815398,0.03938118255686357,158.30550237826546,35.0,0.22524072676897047,25.20396794192493,25.109185227266014,837.449827508864,-2.383018344640732
119,3,29,8914870,0.607453329103934,0.5667636460735159,-0.04068968303041809,0.03938118255686357,158.30550237826546,35.0,0.22524072676897047,25.20396794192493,25.109185227266014,837.449827508864,-2.383018344640732
120,4,0,3225228,0.694913290367493,0.6502974169763324,-0.04461587339116069,0.037176839083877915,138.7100821454469,43.0,0.2895577881485224,53.42582343146205,24.648830796296103,1387.9696257752187,-2.0719126481562853
121,4,1,7005739,0.6709533480908358,0.6087656850952992,-0.062187662995536686,0.037176839083877915,138.7100821454469,43.0,0.2895577881485224,53.42582343146205,24.648830796296103,1387.9696257752187,-2.0719126481562853
122,4,2,9301927,0.7067425445203135,0.662748007172083,-0.043994537348230445,0.037176839083877915,138.7100821454469,43.0,0.2895577881485224,53.42582343146205,24.648830796296103,1387.9696257752187,-2.0719126481562853
123,4,3,621504,0.5932588675856535,0.5222215501577866,-0.0710373174278669,0.037176839083877915,138.7100821454469,43.0,0.2895577881485224,53.42582343146205,24.648830796296103,1387.9696257752187,-2.0719126481562853
124,4,4,1593157,0.7048951845815079,0.6460287961164577,-0.05886638846505021,0.037176839083877915,138.7100821454469,43.0,0.2895577881485224,53.42582343146205,24.648830796296103,1387.9696257752187,-2.0719126481562853
125,4,5,7851696,0.6432830337568783,0.5682466753336815,-0.07503635842319689,0.037176839083877915,138.7100821454469,43.0,0.2895577881485224,53.42582343146205,24.648830796296103,1387.9696257752187,-2.0719126481562853
126,4,6,5799740,0.737370464444185,0.7200700079059231,-0.017300456538261844,0.037176839083877915,138.7100821454469,43.0,0.2895577881485224,53.42582343146205,24.648830796296103,1387.9696257752187,-2.0719126481562853
127,4,7,4597342,0.5788082874999102,0.5428081420661517,-0.03600014543375851,0.037176839083877915,138.7100821454469,43.0,0.2895577881485224,53.42582343146205,24.648830796296103,1387.9696257752187,-2.0719126481562853
128,4,8,4295983,0.5782198763968026,0.49246051612327923,-0.08575936027352338,0.037176839083877915,138.7100821454469,43.0,0.2895577881485224,53.42582343146205,24.648830796296103,1387.9696257752187,-2.0719126481562853
129,4,9,5476400,0.6196614575123559,0.596163841717607,-0.02349761579474896,0.037176839083877915,138.7100821454469,43.0,0.2895577881485224,53.42582343146205,24.648830796296103,1387.9696257752187,-2.0719126481562853
130,4,10,8175648,0.6944508270665947,0.6802142038641042,-0.014236623202490417,0.037176839083877915,138.7100821454469,43.0,0.2895577881485224,53.42582343146205,24.648830796296103,1387.9696257752187,-2.0719126481562853
131,4,11,1895126,0.6588710891709334,0.6300237037049804,-0.028847385465953,0.037176839083877915,138.7100821454469,43.0,0.2895577881485224,53.42582343146205,24.648830796296103,1387.9696257752187,-2.0719126481562853
132,4,12,923174,0.8087510901175627,0.8150386651517539,0.006287575034191195,0.037176839083877915,138.7100821454469,43.0,0.2895577881485224,53.42582343146205,24.648830796296103,1387.9696257752187,-2.0719126481562853
133,4,13,9625558,0.5152429964342251,0.4510873160411758,-0.06415568039304931,0.037176839083877915,138.7100821454469,43.0,0.2895577881485224,53.42582343146205,24.648830796296103,1387.9696257752187,-2.0719126481562853
134,4,14,6682717,0.5454309295782223,0.47642325703592453,-0.06900767254229773,0.037176839083877915,138.7100821454469,43.0,0.2895577881485224,53.42582343146205,24.648830796296103,1387.9696257752187,-2.0719126481562853
135,4,15,2924170,0.6581208495361586,0.6387326319595659,-0.019388217576592703,0.037176839083877915,138.7100821454469,43.0,0.2895577881485224,53.42582343146205,24.648830796296103,1387.9696257752187,-2.0719126481562853
136,4,16,2529710,0.718362185250481,0.6925672299366171,-0.025794955313863888,0.037176839083877915,138.7100821454469,43.0,0.2895577881485224,53.42582343146205,24.648830796296103,1387.9696257752187,-2.0719126481562853
137,4,17,6290701,0.6589062228485569,0.6040498791407829,-0.054856343707774036,0.037176839083877915,138.7100821454469,43.0,0.2895577881485224,53.42582343146205,24.648830796296103,1387.9696257752187,-2.0719126481562853
138,4,18,9861365,0.569037873533341,0.49849677080502186,-0.07054110272831915,0.037176839083877915,138.7100821454469,43.0,0.2895577881485224,53.42582343146205,24.648830796296103,1387.9696257752187,-2.0719126481562853
139,4,19,1161419,0.6496738365392288,0.6038983598037748,-0.04577547673545401,0.037176839083877915,138.7100821454469,43.0,0.2895577881485224,53.42582343146205,24.648830796296103,1387.9696257752187,-2.0719126481562853
140,4,20,2289204,0.6686999938542101,0.6194473448226312,-0.04925264903157889,0.037176839083877915,138.7100821454469,43.0,0.2895577881485224,53.42582343146205,24.648830796296103,1387.9696257752187,-2.0719126481562853
141,4,21,8567283,0.6146912691168225,0.5789490873600694,-0.03574218175675303,0.037176839083877915,138.7100821454469,43.0,0.2895577881485224,53.42582343146205,24.648830796296103,1387.9696257752187,-2.0719126481562853
142,4,22,5240975,0.6492913794802562,0.6082639111195559,-0.04102746836070026,0.037176839083877915,138.7100821454469,43.0,0.2895577881485224,53.42582343146205,24.648830796296103,1387.9696257752187,-2.0719126481562853
143,4,23,4058119,0.5803606999081866,0.5319260286953562,-0.048434671212830405,0.037176839083877915,138.7100821454469,43.0,0.2895577881485224,53.42582343146205,24.648830796296103,1387.9696257752187,-2.0719126481562853
144,4,24,4986614,0.6131986151115796,0.5388027586653342,-0.07439585644624536,0.037176839083877915,138.7100821454469,43.0,0.2895577881485224,53.42582343146205,24.648830796296103,1387.9696257752187,-2.0719126481562853
145,4,25,6186568,0.48869009685407977,0.4753463454690039,-0.013343751385075875,0.037176839083877915,138.7100821454469,43.0,0.2895577881485224,53.42582343146205,24.648830796296103,1387.9696257752187,-2.0719126481562853
146,4,26,7621078,0.6605116778272295,0.6214326988226148,-0.03907897900461477,0.037176839083877915,138.7100821454469,43.0,0.2895577881485224,53.42582343146205,24.648830796296103,1387.9696257752187,-2.0719126481562853
147,4,27,1360099,0.7746574221742071,0.7279001568143706,-0.046757265359836486,0.037176839083877915,138.7100821454469,43.0,0.2895577881485224,53.42582343146205,24.648830796296103,1387.9696257752187,-2.0719126481562853
148,4,28,232003,0.5369272291285259,0.49239216051231666,-0.044535068616209206,0.037176839083877915,138.7100821454469,43.0,0.2895577881485224,53.42582343146205,24.648830796296103,1387.9696257752187,-2.0719126481562853
149,4,29,8914870,0.6081636818043202,0.522982130975093,-0.08518155082922718,0.037176839083877915,138.7100821454469,43.0,0.2895577881485224,53.42582343146205,24.648830796296103,1387.9696257752187,-2.0719126481562853
150,5,0,3225228,0.7242063297702978,0.6586517062108723,-0.06555462355942543,0.06560739840158442,199.84089275471806,42.0,0.17641239184886218,90.95492349937558,20.694247976630535,919.7201638302063,2.8547291960567236
151,5,1,7005739,0.6671530123237357,0.6405543403791715,-0.026598671944564223,0.06560739840158442,199.84089275471806,42.0,0.17641239184886218,90.95492349937558,20.694247976630535,919.7201638302063,2.8547291960567236
152,5,2,9301927,0.7576664565064044,0.6832245340370164,-0.07444192246938797,0.06560739840158442,199.84089275471806,42.0,0.17641239184886218,90.95492349937558,20.694247976630535,919.7201638302063,2.8547291960567236
153,5,3,621504,0.6733438299544856,0.61962470767452,-0.05371912227996556,0.06560739840158442,199.84089275471806,42.0,0.17641239184886218,90.95492349937558,20.694247976630535,919.7201638302063,2.8547291960567236
154,5,4,1593157,0.6996142457210551,0.6428729720074778,-0.05674127371357729,0.06560739840158442,199.84089275471806,42.0,0.17641239184886218,90.95492349937558,20.694247976630535,919.7201638302063,2.8547291960567236
155,5,5,7851696,0.7321299412347626,0.7042206506100631,-0.02790929062469949,0.06560739840158442,199.84089275471806,42.0,0.17641239184886218,90.95492349937558,20.694247976630535,919.7201638302063,2.8547291960567236
156,5,6,5799740,0.6224932829311518,0.5554488800896379,-0.06704440284151392,0.06560739840158442,199.84089275471806,42.0,0.17641239184886218,90.95492349937558,20.694247976630535,919.7201638302063,2.8547291960567236
157,5,7,4597342,0.6095320437602091,0.5907958387643021,-0.018736204995907002,0.06560739840158442,199.84089275471806,42.0,0.17641239184886218,90.95492349937558,20.694247976630535,919.7201638302063,2.8547291960567236
158,5,8,4295983,0.6761244329321636,0.6679332222937523,-0.008191210638411328,0.06560739840158442,199.84089275471806,42.0,0.17641239184886218,90.95492349937558,20.694247976630535,919.7201638302063,2.8547291960567236
159,5,9,5476400,0.6683952459720138,0.6388453331614149,-0.029549912810598933,0.06560739840158442,199.84089275471806,42.0,0.17641239184886218,90.95492349937558,20.694247976630535,919.7201638302063,2.8547291960567236
160,5,10,8175648,0.7380328307006998,0.6811606927011298,-0.05687213799957003,0.06560739840158442,199.84089275471806,42.0,0.17641239184886218,90.95492349937558,20.694247976630535,919.7201638302063,2.8547291960567236
161,5,11,1895126,0.7024876831673477,0.64269917980912,-0.05978850335822772,0.06560739840158442,199.84089275471806,42.0,0.17641239184886218,90.95492349937558,20.694247976630535,919.7201638302063,2.8547291960567236
162,5,12,923174,0.7359544512515049,0.6633116974597867,-0.07264275379171825,0.06560739840158442,199.84089275471806,42.0,0.17641239184886218,90.95492349937558,20.694247976630535,919.7201638302063,2.8547291960567236
163,5,13,9625558,0.6473071651531707,0.6380344355572102,-0.009272729595960483,0.06560739840158442,199.84089275471806,42.0,0.17641239184886218,90.95492349937558,20.694247976630535,919.7201638302063,2.8547291960567236
164,5,14,6682717,0.6532989380842448,0.6139682957356989,-0.039330642348545886,0.06560739840158442,199.84089275471806,42.0,0.17641239184886218,90.95492349937558,20.694247976630535,919.7201638302063,2.8547291960567236
165,5,15,2924170,0.7002651711697172,0.6369937536788081,-0.06327141749090914,0.06560739840158442,199.84089275471806,42.0,0.17641239184886218,90.95492349937558,20.694247976630535,919.7201638302063,2.8547291960567236
166,5,16,2529710,0.6714414262948759,0.6548798719303407,-0.016561554364535214,0.06560739840158442,199.84089275471806,42.0,0.17641239184886218,90.95492349937558,20.694247976630535,919.7201638302063,2.8547291960567236
167,5,17,6290701,0.6600238819651272,0.6503437913920114,-0.009680090573115807,0.06560739840158442,199.84089275471806,42.0,0.17641239184886218,90.95492349937558,20.694247976630535,919.7201638302063,2.8547291960567236
168,5,18,9861365,0.6412250096374724,0.5982621266218535,-0.0429628830156189,0.06560739840158442,199.84089275471806,42.0,0.17641239184886218,90.95492349937558,20.694247976630535,919.7201638302063,2.8547291960567236
169,5,19,1161419,0.7410055528047015,0.7067157594520849,-0.034289793352616615,0.06560739840158442,199.84089275471806,42.0,0.17641239184886218,90.95492349937558,20.694247976630535,919.7201638302063,2.8547291960567236
170,5,20,2289204,0.6939318917330143,0.6471084423005099,-0.04682344943250438,0.06560739840158442,199.84089275471806,42.0,0.17641239184886218,90.95492349937558,20.694247976630535,919.7201638302063,2.8547291960567236
171,5,21,8567283,0.634185272604484,0.58701106852384,-0.04717420408064399,0.06560739840158442,199.84089275471806,42.0,0.17641239184886218,90.95492349937558,20.694247976630535,919.7201638302063,2.8547291960567236
172,5,22,5240975,0.6990288656967274,0.6455898205246058,-0.05343904517212161,0.06560739840158442,199.84089275471806,42.0,0.17641239184886218,90.95492349937558,20.694247976630535,919.7201638302063,2.8547291960567236
173,5,23,4058119,0.6313738932999924,0.6219805985098821,-0.009393294790110307,0.06560739840158442,199.84089275471806,42.0,0.17641239184886218,90.95492349937558,20.694247976630535,919.7201638302063,2.8547291960567236
174,5,24,4986614,0.6818920226382608,0.6153325253990639,-0.06655949723919685,0.06560739840158442,199.84089275471806,42.0,0.17641239184886218,90.95492349937558,20.694247976630535,919.7201638302063,2.8547291960567236
175,5,25,6186568,0.6810083728304636,0.6270253535815273,-0.053983019248936226,0.06560739840158442,199.84089275471806,42.0,0.17641239184886218,90.95492349937558,20.694247976630535,919.7201638302063,2.8547291960567236
176,5,26,7621078,0.6223878010545054,0.6018861499763799,-0.020501651078125516,0.06560739840158442,199.84089275471806,42.0,0.17641239184886218,90.95492349937558,20.694247976630535,919.7201638302063,2.8547291960567236
177,5,27,1360099,0.669621495884828,0.6352525821751238,-0.034368913709704185,0.06560739840158442,199.84089275471806,42.0,0.17641239184886218,90.95492349937558,20.694247976630535,919.7201638302063,2.8547291960567236
178,5,28,232003,0.6953082533262145,0.6615290374421362,-0.033779215884078284,0.06560739840158442,199.84089275471806,42.0,0.17641239184886218,90.95492349937558,20.694247976630535,919.7201638302063,2.8547291960567236
179,5,29,8914870,0.7165531649022618,0.643100376766518,-0.07345278813574385,0.06560739840158442,199.84089275471806,42.0,0.17641239184886218,90.95492349937558,20.694247976630535,919.7201638302063,2.8547291960567236
180,6,0,3225228,0.822504356573227,0.8057311819927977,-0.016773174580429262,0.02215997740262218,224.93422012888254,57.0,0.11758440956473351,11.070757452398539,29.28200628234296,1107.2335869463684,1.1216964069753885
181,6,1,7005739,0.807102236834921,0.7910276027233953,-0.016074634111525654,0.02215997740262218,224.93422012888254,57.0,0.11758440956473351,11.070757452398539,29.28200628234296,1107.2335869463684,1.1216964069753885
182,6,2,9301927,0.8315341156481033,0.8140608830567404,-0.01747323259136291,0.02215997740262218,224.93422012888254,57.0,0.11758440956473351,11.070757452398539,29.28200628234296,1107.2335869463684,1.1216964069753885
183,6,3,621504,0.8051391232968205,0.7876198492171321,-0.01751927407968834,0.02215997740262218,224.93422012888254,57.0,0.11758440956473351,11.070757452398539,29.28200628234296,1107.2335869463684,1.1216964069753885
184,6,4,1593157,0.8437364986013091,0.8303431919680436,-0.013393306633265434,0.02215997740262218,224.93422012888254,57.0,0.11758440956473351,11.070757452398539,29.28200628234296,1107.2335869463684,1.1216964069753885
185,6,5,7851696,0.8032159690947088,0.786608558803832,-0.016607410290876867,0.02215997740262218,224.93422012888254,57.0,0.11758440956473351,11.070757452398539,29.28200628234296,1107.2335869463684,1.1216964069753885
186,6,6,5799740,0.828395343753772,0.8109075673159274,-0.017487776437844604,0.02215997740262218,224.93422012888254,57.0,0.11758440956473351,11.070757452398539,29.28200628234296,1107.2335869463684,1.1216964069753885
187,6,7,4597342,0.8063384622846074,0.7912382962102317,-0.015100166074375698,0.02215997740262218,224.93422012888254,57.0,0.11758440956473351,11.070757452398539,29.28200628234296,1107.2335869463684,1.1216964069753885
188,6,8,4295983,0.8152935697737276,0.7995227847754608,-0.015770784998266785,0.02215997740262218,224.93422012888254,57.0,0.11758440956473351,11.070757452398539,29.28200628234296,1107.2335869463684,1.1216964069753885
189,6,9,5476400,0.8281411379888656,0.8115618014387705,-0.016579336550095025,0.02215997740262218,224.93422012888254,57.0,0.11758440956473351,11.070757452398539,29.28200628234296,1107.2335869463684,1.1216964069753885
190,6,10,8175648,0.8668553236503919,0.8509565600382177,-0.015898763612174127,0.02215997740262218,224.93422012888254,57.0,0.11758440956473351,11.070757452398539,29.28200628234296,1107.2335869463684,1.1216964069753885
191,6,11,1895126,0.8151009479488434,0.8003540097213386,-0.014746938227504724,0.02215997740262218,224.93422012888254,57.0,0.11758440956473351,11.070757452398539,29.28200628234296,1107.2335869463684,1.1216964069753885
192,6,12,923174,0.8163675360260357,0.8004635580512455,-0.015903977974790262,0.02215997740262218,224.93422012888254,57.0,0.11758440956473351,11.070757452398539,29.28200628234296,1107.2335869463684,1.1216964069753885
193,6,13,9625558,0.8094520448049765,0.7943314924442839,-0.01512055236069254,0.02215997740262218,224.93422012888254,57.0,0.11758440956473351,11.070757452398539,29.28200628234296,1107.2335869463684,1.1216964069753885
194,6,14,6682717,0.8193485317761479,0.8031954073460967,-0.016153124430051125,0.02215997740262218,224.93422012888254,57.0,0.11758440956473351,11.070757452398539,29.28200628234296,1107.2335869463684,1.1216964069753885
195,6,15,2924170,0.8271146040802153,0.8095309007102227,-0.017583703369992598,0.02215997740262218,224.93422012888254,57.0,0.11758440956473351,11.070757452398539,29.28200628234296,1107.2335869463684,1.1216964069753885
196,6,16,2529710,0.8184056346441824,0.8015837619782664,-0.01682187266591595,0.02215997740262218,224.93422012888254,57.0,0.11758440956473351,11.070757452398539,29.28200628234296,1107.2335869463684,1.1216964069753885
197,6,17,6290701,0.8370125465129259,0.8216090268614973,-0.01540351965142861,0.02215997740262218,224.93422012888254,57.0,0.11758440956473351,11.070757452398539,29.28200628234296,1107.2335869463684,1.1216964069753885
198,6,18,9861365,0.805531194709084,0.7889591315449233,-0.01657206316416071,0.02215997740262218,224.93422012888254,57.0,0.11758440956473351,11.070757452398539,29.28200628234296,1107.2335869463684,1.1216964069753885
199,6,19,1161419,0.8024903402172101,0.7859892798479845,-0.016501060369225606,0.02215997740262218,224.93422012888254,57.0,0.11758440956473351,11.070757452398539,29.28200628234296,1107.2335869463684,1.1216964069753885
200,6,20,2289204,0.8264475502490914,0.8093588082148725,-0.01708874203421895,0.02215997740262218,224.93422012888254,57.0,0.11758440956473351,11.070757452398539,29.28200628234296,1107.2335869463684,1.1216964069753885
201,6,21,8567283,0.8458106729530945,0.8310506634430899,-0.014760009510004668,0.02215997740262218,224.93422012888254,57.0,0.11758440956473351,11.070757452398539,29.28200628234296,1107.2335869463684,1.1216964069753885
202,6,22,5240975,0.8101893681047252,0.7956920025193202,-0.014497365585405042,0.02215997740262218,224.93422012888254,57.0,0.11758440956473351,11.070757452398539,29.28200628234296,1107.2335869463684,1.1216964069753885
203,6,23,4058119,0.8338786942331665,0.8185320201740521,-0.015346674059114385,0.02215997740262218,224.93422012888254,57.0,0.11758440956473351,11.070757452398539,29.28200628234296,1107.2335869463684,1.1216964069753885
204,6,24,4986614,0.800841042553141,0.7850928904368024,-0.01574815211633862,0.02215997740262218,224.93422012888254,57.0,0.11758440956473351,11.070757452398539,29.28200628234296,1107.2335869463684,1.1216964069753885
205,6,25,6186568,0.8240518892200026,0.8071616082695445,-0.01689028095045808,0.02215997740262218,224.93422012888254,57.0,0.11758440956473351,11.070757452398539,29.28200628234296,1107.2335869463684,1.1216964069753885
206,6,26,7621078,0.802938816107065,0.786877824267571,-0.016060991839493943,0.02215997740262218,224.93422012888254,57.0,0.11758440956473351,11.070757452398539,29.28200628234296,1107.2335869463684,1.1216964069753885
207,6,27,1360099,0.8261900724668143,0.8103198962028614,-0.01587017626395293,0.02215997740262218,224.93422012888254,57.0,0.11758440956473351,11.070757452398539,29.28200628234296,1107.2335869463684,1.1216964069753885
208,6,28,232003,0.8417890773584077,0.8259240980473105,-0.015864979311097205,0.02215997740262218,224.93422012888254,57.0,0.11758440956473351,11.070757452398539,29.28200628234296,1107.2335869463684,1.1216964069753885
209,6,29,8914870,0.7936735222114772,0.7767238731533553,-0.016949649058121907,0.02215997740262218,224.93422012888254,57.0,0.11758440956473351,11.070757452398539,29.28200628234296,1107.2335869463684,1.1216964069753885
210,7,0,3225228,0.6346632542814892,0.662575939811473,0.027912685529983827,0.024642402676593157,167.77010684333558,27.0,0.20463434439152478,65.82646897062659,17.54096809974818,978.0123913942222,-0.3384149204939604
211,7,1,7005739,0.7248846068495778,0.7457908293501486,0.020906222500570837,0.024642402676593157,167.77010684333558,27.0,0.20463434439152478,65.82646897062659,17.54096809974818,978.0123913942222,-0.3384149204939604
212,7,2,9301927,0.8311273992523034,0.8228040983992,-0.0083233008531034,0.024642402676593157,167.77010684333558,27.0,0.20463434439152478,65.82646897062659,17.54096809974818,978.0123913942222,-0.3384149204939604
213,7,3,621504,0.7152084329958037,0.7220616556661192,0.0068532226703155175,0.024642402676593157,167.77010684333558,27.0,0.20463434439152478,65.82646897062659,17.54096809974818,978.0123913942222,-0.3384149204939604
214,7,4,1593157,0.7502962842603961,0.7682993151812193,0.018003030920823226,0.024642402676593157,167.77010684333558,27.0,0.20463434439152478,65.82646897062659,17.54096809974818,978.0123913942222,-0.3384149204939604
215,7,5,7851696,0.6382238621991435,0.6708933370905911,0.03266947489144756,0.024642402676593157,167.77010684333558,27.0,0.20463434439152478,65.82646897062659,17.54096809974818,978.0123913942222,-0.3384149204939604
216,7,6,5799740,0.7399473498730311,0.7252090999300309,-0.014738249943000215,0.024642402676593157,167.77010684333558,27.0,0.20463434439152478,65.82646897062659,17.54096809974818,978.0123913942222,-0.3384149204939604
217,7,7,4597342,0.5888029594565662,0.6152176241068692,0.026414664650302955,0.024642402676593157,167.77010684333558,27.0,0.20463434439152478,65.82646897062659,17.54096809974818,978.0123913942222,-0.3384149204939604
218,7,8,4295983,0.8926551213049844,0.8709316702206952,-0.02172345108428919,0.024642402676593157,167.77010684333558,27.0,0.20463434439152478,65.82646897062659,17.54096809974818,978.0123913942222,-0.3384149204939604
219,7,9,5476400,0.8067699088048329,0.796886289979409,-0.009883618825423879,0.024642402676593157,167.77010684333558,27.0,0.20463434439152478,65.82646897062659,17.54096809974818,978.0123913942222,-0.3384149204939604
220,7,10,8175648,0.6884099313435713,0.7135238022791054,0.025113870935534077,0.024642402676593157,167.77010684333558,27.0,0.20463434439152478,65.82646897062659,17.54096809974818,978.0123913942222,-0.3384149204939604
221,7,11,1895126,0.7640243067845626,0.7606662203260208,-0.0033580864585417425,0.024642402676593157,167.77010684333558,27.0,0.20463434439152478,65.82646897062659,17.54096809974818,978.0123913942222,-0.3384149204939604
222,7,12,923174,0.811071429315448,0.8080137694422298,-0.003057659873218155,0.024642402676593157,167.77010684333558,27.0,0.20463434439152478,65.82646897062659,17.54096809974818,978.0123913942222,-0.3384149204939604
223,7,13,9625558,0.754197161942717,0.7739129547872857,0.019715792844568703,0.024642402676593157,167.77010684333558,27.0,0.20463434439152478,65.82646897062659,17.54096809974818,978.0123913942222,-0.3384149204939604
224,7,14,6682717,0.6936239229451334,0.7142461283115799,0.020622205366446433,0.024642402676593157,167.77010684333558,27.0,0.20463434439152478,65.82646897062659,17.54096809974818,978.0123913942222,-0.3384149204939604
225,7,15,2924170,0.8010138548088453,0.8004883929396077,-0.0005254618692376312,0.024642402676593157,167.77010684333558,27.0,0.20463434439152478,65.82646897062659,17.54096809974818,978.0123913942222,-0.3384149204939604
226,7,16,2529710,0.6781804693506258,0.703237575819768,0.025057106469142165,0.024642402676593157,167.77010684333558,27.0,0.20463434439152478,65.82646897062659,17.54096809974818,978.0123913942222,-0.3384149204939604
227,7,17,6290701,0.6297185124758474,0.6621491299606982,0.032430617484850766,0.024642402676593157,167.77010684333558,27.0,0.20463434439152478,65.82646897062659,17.54096809974818,978.0123913942222,-0.3384149204939604
228,7,18,9861365,0.8017667228874356,0.7896528050224968,-0.012113917864938761,0.024642402676593157,167.77010684333558,27.0,0.20463434439152478,65.82646897062659,17.54096809974818,978.0123913942222,-0.3384149204939604
229,7,19,1161419,0.7008889388122915,0.7047422267732119,0.0038532879609203263,0.024642402676593157,167.77010684333558,27.0,0.20463434439152478,65.82646897062659,17.54096809974818,978.0123913942222,-0.3384149204939604
230,7,20,2289204,0.636360865279406,0.6704428889569135,0.034082023677507456,0.024642402676593157,167.77010684333558,27.0,0.20463434439152478,65.82646897062659,17.54096809974818,978.0123913942222,-0.3384149204939604
231,7,21,8567283,0.734685194357856,0.7279910949652726,-0.006694099392583364,0.024642402676593157,167.77010684333558,27.0,0.20463434439152478,65.82646897062659,17.54096809974818,978.0123913942222,-0.3384149204939604
232,7,22,5240975,0.6661495678213092,0.6940084793357317,0.027858911514422546,0.024642402676593157,167.77010684333558,27.0,0.20463434439152478,65.82646897062659,17.54096809974818,978.0123913942222,-0.3384149204939604
233,7,23,4058119,0.8426462582463936,0.8309025009143973,-0.011743757331996285,0.024642402676593157,167.77010684333558,27.0,0.20463434439152478,65.82646897062659,17.54096809974818,978.0123913942222,-0.3384149204939604
234,7,24,4986614,0.48799828585398536,0.5347367410835397,0.04673845522955439,0.024642402676593157,167.77010684333558,27.0,0.20463434439152478,65.82646897062659,17.54096809974818,978.0123913942222,-0.3384149204939604
235,7,25,6186568,0.6877524791513635,0.7128128867403627,0.02506040758899919,0.024642402676593157,167.77010684333558,27.0,0.20463434439152478,65.82646897062659,17.54096809974818,978.0123913942222,-0.3384149204939604
236,7,26,7621078,0.7791701999870811,0.8044342901839238,0.025264090196842615,0.024642402676593157,167.77010684333558,27.0,0.20463434439152478,65.82646897062659,17.54096809974818,978.0123913942222,-0.3384149204939604
237,7,27,1360099,0.6917046336145107,0.7142611752430781,0.02255654162856735,0.024642402676593157,167.77010684333558,27.0,0.20463434439152478,65.82646897062659,17.54096809974818,978.0123913942222,-0.3384149204939604
238,7,28,232003,0.8288009929407946,0.830884239928553,0.0020832469877584137,0.024642402676593157,167.77010684333558,27.0,0.20463434439152478,65.82646897062659,17.54096809974818,978.0123913942222,-0.3384149204939604
239,7,29,8914870,0.6503872271488509,0.6645169214256728,0.01412969427682187,0.024642402676593157,167.77010684333558,27.0,0.20463434439152478,65.82646897062659,17.54096809974818,978.0123913942222,-0.3384149204939604
240,8,0,3225228,0.7857354522782842,0.7869842904708879,0.0012488381926036851,0.023080593379198894,168.05907832943055,47.0,0.24177112840116025,18.391036596149206,21.770258905850135,1272.896189632999,0.25642428919672966
241,8,1,7005739,0.7294730836712058,0.7334448299995401,0.003971746328334302,0.023080593379198894,168.05907832943055,47.0,0.24177112840116025,18.391036596149206,21.770258905850135,1272.896189632999,0.25642428919672966
242,8,2,9301927,0.703331455315843,0.7141093044397137,0.010777849123870697,0.023080593379198894,168.05907832943055,47.0,0.24177112840116025,18.391036596149206,21.770258905850135,1272.896189632999,0.25642428919672966
243,8,3,621504,0.8226257660411295,0.829063012953288,0.006437246912158523,0.023080593379198894,168.05907832943055,47.0,0.24177112840116025,18.391036596149206,21.770258905850135,1272.896189632999,0.25642428919672966
244,8,4,1593157,0.7614157894563334,0.764063270663164,0.002647481206830671,0.023080593379198894,168.05907832943055,47.0,0.24177112840116025,18.391036596149206,21.770258905850135,1272.896189632999,0.25642428919672966
245,8,5,7851696,0.7745484604764311,0.7643640310015463,-0.010184429474884849,0.023080593379198894,168.05907832943055,47.0,0.24177112840116025,18.391036596149206,21.770258905850135,1272.896189632999,0.25642428919672966
246,8,6,5799740,0.779771956726583,0.7791017707086779,-0.0006701860179050279,0.023080593379198894,168.05907832943055,47.0,0.24177112840116025,18.391036596149206,21.770258905850135,1272.896189632999,0.25642428919672966
247,8,7,4597342,0.675916794522142,0.6667427117348861,-0.009174082787255955,0.023080593379198894,168.05907832943055,47.0,0.24177112840116025,18.391036596149206,21.770258905850135,1272.896189632999,0.25642428919672966
248,8,8,4295983,0.7921587105485917,0.797771223750865,0.005612513202273295,0.023080593379198894,168.05907832943055,47.0,0.24177112840116025,18.391036596149206,21.770258905850135,1272.896189632999,0.25642428919672966
249,8,9,5476400,0.7873738595879349,0.7874845179725767,0.0001106583846417486,0.023080593379198894,168.05907832943055,47.0,0.24177112840116025,18.391036596149206,21.770258905850135,1272.896189632999,0.25642428919672966
250,8,10,8175648,0.8491267501905443,0.8529071233619684,0.0037803731714241007,0.023080593379198894,168.05907832943055,47.0,0.24177112840116025,18.391036596149206,21.770258905850135,1272.896189632999,0.25642428919672966
251,8,11,1895126,0.7500734803892054,0.767591586277294,0.017518105888088553,0.023080593379198894,168.05907832943055,47.0,0.24177112840116025,18.391036596149206,21.770258905850135,1272.896189632999,0.25642428919672966
252,8,12,923174,0.8031435997807994,0.8178952080081764,0.014751608227376978,0.023080593379198894,168.05907832943055,47.0,0.24177112840116025,18.391036596149206,21.770258905850135,1272.896189632999,0.25642428919672966
253,8,13,9625558,0.7964789194427532,0.7921794700238391,-0.004299449418914025,0.023080593379198894,168.05907832943055,47.0,0.24177112840116025,18.391036596149206,21.770258905850135,1272.896189632999,0.25642428919672966
254,8,14,6682717,0.8128148061545356,0.8123057384572522,-0.0005090676972834274,0.023080593379198894,168.05907832943055,47.0,0.24177112840116025,18.391036596149206,21.770258905850135,1272.896189632999,0.25642428919672966
255,8,15,2924170,0.7406025510443085,0.7340801048553096,-0.006522446188998887,0.023080593379198894,168.05907832943055,47.0,0.24177112840116025,18.391036596149206,21.770258905850135,1272.896189632999,0.25642428919672966
256,8,16,2529710,0.7811576740210385,0.7758749965323137,-0.005282677488724796,0.023080593379198894,168.05907832943055,47.0,0.24177112840116025,18.391036596149206,21.770258905850135,1272.896189632999,0.25642428919672966
257,8,17,6290701,0.7880772156330512,0.7954897122040507,0.007412496570999516,0.023080593379198894,168.05907832943055,47.0,0.24177112840116025,18.391036596149206,21.770258905850135,1272.896189632999,0.25642428919672966
258,8,18,9861365,0.763944848386408,0.7597721396459618,-0.004172708740446174,0.023080593379198894,168.05907832943055,47.0,0.24177112840116025,18.391036596149206,21.770258905850135,1272.896189632999,0.25642428919672966
259,8,19,1161419,0.7485140111398655,0.7487676400345298,0.00025362889466429284,0.023080593379198894,168.05907832943055,47.0,0.24177112840116025,18.391036596149206,21.770258905850135,1272.896189632999,0.25642428919672966
260,8,20,2289204,0.7905676415573089,0.7963104206896263,0.005742779132317466,0.023080593379198894,168.05907832943055,47.0,0.24177112840116025,18.391036596149206,21.770258905850135,1272.896189632999,0.25642428919672966
261,8,21,8567283,0.7747737190464061,0.771410783704697,-0.0033629353417091723,0.023080593379198894,168.05907832943055,47.0,0.24177112840116025,18.391036596149206,21.770258905850135,1272.896189632999,0.25642428919672966
262,8,22,5240975,0.7430715490019991,0.7434350016846947,0.0003634526826955531,0.023080593379198894,168.05907832943055,47.0,0.24177112840116025,18.391036596149206,21.770258905850135,1272.896189632999,0.25642428919672966
263,8,23,4058119,0.8794353471271849,0.8904224969208759,0.010987149793691087,0.023080593379198894,168.05907832943055,47.0,0.24177112840116025,18.391036596149206,21.770258905850135,1272.896189632999,0.25642428919672966
264,8,24,4986614,0.7460970637769999,0.7477220789116094,0.0016250151346094421,0.023080593379198894,168.05907832943055,47.0,0.24177112840116025,18.391036596149206,21.770258905850135,1272.896189632999,0.25642428919672966
265,8,25,6186568,0.6405155201067909,0.646492197016481,0.00597667690969006,0.023080593379198894,168.05907832943055,47.0,0.24177112840116025,18.391036596149206,21.770258905850135,1272.896189632999,0.25642428919672966
266,8,26,7621078,0.7190811573688873,0.7265690352764186,0.0074878779075312485,0.023080593379198894,168.05907832943055,47.0,0.24177112840116025,18.391036596149206,21.770258905850135,1272.896189632999,0.25642428919672966
267,8,27,1360099,0.8185155352553886,0.8150229344239724,-0.003492600831416115,0.023080593379198894,168.05907832943055,47.0,0.24177112840116025,18.391036596149206,21.770258905850135,1272.896189632999,0.25642428919672966
268,8,28,232003,0.7948736131550944,0.7992089750432889,0.0043353618881945,0.023080593379198894,168.05907832943055,47.0,0.24177112840116025,18.391036596149206,21.770258905850135,1272.896189632999,0.25642428919672966
269,8,29,8914870,0.7672024922348668,0.7546016199315595,-0.012600872303307309,0.023080593379198894,168.05907832943055,47.0,0.24177112840116025,18.391036596149206,21.770258905850135,1272.896189632999,0.25642428919672966
270,9,0,3225228,0.8598982150742515,0.8473256508397906,-0.012572564234460848,0.021900720808904952,252.18040204476517,38.0,0.12977003995329142,58.5568299330771,23.406589513731348,956.1594501825649,-1.0161754600703716
271,9,1,7005739,0.7831342817426573,0.7671334187100641,-0.016000863032593182,0.021900720808904952,252.18040204476517,38.0,0.12977003995329142,58.5568299330771,23.406589513731348,956.1594501825649,-1.0161754600703716
272,9,2,9301927,0.8551282276354054,0.8403690324614876,-0.014759195173917772,0.021900720808904952,252.18040204476517,38.0,0.12977003995329142,58.5568299330771,23.406589513731348,956.1594501825649,-1.0161754600703716
273,9,3,621504,0.8005186294110515,0.7884326905358384,-0.012085938875213031,0.021900720808904952,252.18040204476517,38.0,0.12977003995329142,58.5568299330771,23.406589513731348,956.1594501825649,-1.0161754600703716
274,9,4,1593157,0.7466346647546426,0.7332273619437207,-0.01340730281092184,0.021900720808904952,252.18040204476517,38.0,0.12977003995329142,58.5568299330771,23.406589513731348,956.1594501825649,-1.0161754600703716
275,9,5,7851696,0.7637379509461101,0.753036968206782,-0.010700982739328069,0.021900720808904952,252.18040204476517,38.0,0.12977003995329142,58.5568299330771,23.406589513731348,956.1594501825649,-1.0161754600703716
276,9,6,5799740,0.797832115179225,0.7865848516776867,-0.011247263501538374,0.021900720808904952,252.18040204476517,38.0,0.12977003995329142,58.5568299330771,23.406589513731348,956.1594501825649,-1.0161754600703716
277,9,7,4597342,0.8140363882195507,0.7968639186274041,-0.017172469592146578,0.021900720808904952,252.18040204476517,38.0,0.12977003995329142,58.5568299330771,23.406589513731348,956.1594501825649,-1.0161754600703716
278,9,8,4295983,0.8376293511007493,0.8223120620121428,-0.015317289088606523,0.021900720808904952,252.18040204476517,38.0,0.12977003995329142,58.5568299330771,23.406589513731348,956.1594501825649,-1.0161754600703716
279,9,9,5476400,0.8087861119913778,0.7963985812753422,-0.0123875307160356,0.021900720808904952,252.18040204476517,38.0,0.12977003995329142,58.5568299330771,23.406589513731348,956.1594501825649,-1.0161754600703716
280,9,10,8175648,0.8650456445347745,0.8471618042863234,-0.017883840248451133,0.021900720808904952,252.18040204476517,38.0,0.12977003995329142,58.5568299330771,23.406589513731348,956.1594501825649,-1.0161754600703716
281,9,11,1895126,0.8237166279805007,0.8132287134991404,-0.010487914481360328,0.021900720808904952,252.18040204476517,38.0,0.12977003995329142,58.5568299330771,23.406589513731348,956.1594501825649,-1.0161754600703716
282,9,12,923174,0.8358584919471886,0.8296874818528561,-0.006171010094332519,0.021900720808904952,252.18040204476517,38.0,0.12977003995329142,58.5568299330771,23.406589513731348,956.1594501825649,-1.0161754600703716
283,9,13,9625558,0.8651395302399241,0.8495542496668903,-0.015585280573033766,0.021900720808904952,252.18040204476517,38.0,0.12977003995329142,58.5568299330771,23.406589513731348,956.1594501825649,-1.0161754600703716
284,9,14,6682717,0.8335148391867825,0.8204383198821497,-0.013076519304632828,0.021900720808904952,252.18040204476517,38.0,0.12977003995329142,58.5568299330771,23.406589513731348,956.1594501825649,-1.0161754600703716
285,9,15,2924170,0.8359504712861029,0.8262821349464712,-0.009668336339631711,0.021900720808904952,252.18040204476517,38.0,0.12977003995329142,58.5568299330771,23.406589513731348,956.1594501825649,-1.0161754600703716
286,9,16,2529710,0.7616104043356191,0.7500310675793607,-0.01157933675625844,0.021900720808904952,252.18040204476517,38.0,0.12977003995329142,58.5568299330771,23.406589513731348,956.1594501825649,-1.0161754600703716
287,9,17,6290701,0.7850176577027549,0.7716738369734147,-0.01334382072934015,0.021900720808904952,252.18040204476517,38.0,0.12977003995329142,58.5568299330771,23.406589513731348,956.1594501825649,-1.0161754600703716
288,9,18,9861365,0.786200989005155,0.7731758534135594,-0.013025135591595571,0.021900720808904952,252.18040204476517,38.0,0.12977003995329142,58.5568299330771,23.406589513731348,956.1594501825649,-1.0161754600703716
289,9,19,1161419,0.8375083471604295,0.8250146295348522,-0.012493717625577383,0.021900720808904952,252.18040204476517,38.0,0.12977003995329142,58.5568299330771,23.406589513731348,956.1594501825649,-1.0161754600703716
290,9,20,2289204,0.7780537946594789,0.7635876642641604,-0.014466130395318522,0.021900720808904952,252.18040204476517,38.0,0.12977003995329142,58.5568299330771,23.406589513731348,956.1594501825649,-1.0161754600703716
291,9,21,8567283,0.8384391948478365,0.8233713514622369,-0.015067843385599522,0.021900720808904952,252.18040204476517,38.0,0.12977003995329142,58.5568299330771,23.406589513731348,956.1594501825649,-1.0161754600703716
292,9,22,5240975,0.7927353752463189,0.7830810648022628,-0.009654310444056069,0.021900720808904952,252.18040204476517,38.0,0.12977003995329142,58.5568299330771,23.406589513731348,956.1594501825649,-1.0161754600703716
293,9,23,4058119,0.8238806750312991,0.8103835282328219,-0.013497146798477244,0.021900720808904952,252.18040204476517,38.0,0.12977003995329142,58.5568299330771,23.406589513731348,956.1594501825649,-1.0161754600703716
294,9,24,4986614,0.7558156928063859,0.7423859830391851,-0.013429709767200815,0.021900720808904952,252.18040204476517,38.0,0.12977003995329142,58.5568299330771,23.406589513731348,956.1594501825649,-1.0161754600703716
295,9,25,6186568,0.7812954091460118,0.7693606131118295,-0.011934796034182349,0.021900720808904952,252.18040204476517,38.0,0.12977003995329142,58.5568299330771,23.406589513731348,956.1594501825649,-1.0161754600703716
296,9,26,7621078,0.8250807696815926,0.8154773037190448,-0.009603465962547797,0.021900720808904952,252.18040204476517,38.0,0.12977003995329142,58.5568299330771,23.406589513731348,956.1594501825649,-1.0161754600703716
297,9,27,1360099,0.8228035451346486,0.8123291507822022,-0.010474394352446348,0.021900720808904952,252.18040204476517,38.0,0.12977003995329142,58.5568299330771,23.406589513731348,956.1594501825649,-1.0161754600703716
298,9,28,232003,0.8245459227961754,0.8089143570766184,-0.01563156571955704,0.021900720808904952,252.18040204476517,38.0,0.12977003995329142,58.5568299330771,23.406589513731348,956.1594501825649,-1.0161754600703716
299,9,29,8914870,0.8245654206683511,0.8089249439289141,-0.015640476739437026,0.021900720808904952,252.18040204476517,38.0,0.12977003995329142,58.5568299330771,23.406589513731348,956.1594501825649,-1.0161754600703716
300,10,0,3225228,0.5974155186409519,0.5653981762219684,-0.03201734241898346,0.06423556943982849,194.555889677985,53.0,0.1635492891073227,49.133477974683046,16.16315876843301,1080.6582436220501,-2.9368241876363754
301,10,1,7005739,0.6308187982470963,0.5995655346748965,-0.03125326357219982,0.06423556943982849,194.555889677985,53.0,0.1635492891073227,49.133477974683046,16.16315876843301,1080.6582436220501,-2.9368241876363754
302,10,2,9301927,0.557293789357726,0.537743583172374,-0.01955020618535197,0.06423556943982849,194.555889677985,53.0,0.1635492891073227,49.133477974683046,16.16315876843301,1080.6582436220501,-2.9368241876363754
303,10,3,621504,0.6113846012561425,0.5842397358761734,-0.027144865379969074,0.06423556943982849,194.555889677985,53.0,0.1635492891073227,49.133477974683046,16.16315876843301,1080.6582436220501,-2.9368241876363754
304,10,4,1593157,0.6427412970080463,0.6024569153959488,-0.040284381612097464,0.06423556943982849,194.555889677985,53.0,0.1635492891073227,49.133477974683046,16.16315876843301,1080.6582436220501,-2.9368241876363754
305,10,5,7851696,0.660308264734991,0.607698811724697,-0.05260945301029407,0.06423556943982849,194.555889677985,53.0,0.1635492891073227,49.133477974683046,16.16315876843301,1080.6582436220501,-2.9368241876363754
306,10,6,5799740,0.5382892081891255,0.554956353432317,0.01666714524319146,0.06423556943982849,194.555889677985,53.0,0.1635492891073227,49.133477974683046,16.16315876843301,1080.6582436220501,-2.9368241876363754
307,10,7,4597342,0.6230716852365236,0.5841394332351564,-0.038932252001367185,0.06423556943982849,194.555889677985,53.0,0.1635492891073227,49.133477974683046,16.16315876843301,1080.6582436220501,-2.9368241876363754
308,10,8,4295983,0.6441068712012016,0.6067761983563622,-0.037330672844839374,0.06423556943982849,194.555889677985,53.0,0.1635492891073227,49.133477974683046,16.16315876843301,1080.6582436220501,-2.9368241876363754
309,10,9,5476400,0.6532423660439042,0.6319162170649502,-0.021326148978954018,0.06423556943982849,194.555889677985,53.0,0.1635492891073227,49.133477974683046,16.16315876843301,1080.6582436220501,-2.9368241876363754
310,10,10,8175648,0.6012713224833757,0.5913362236153413,-0.009935098868034342,0.06423556943982849,194.555889677985,53.0,0.1635492891073227,49.133477974683046,16.16315876843301,1080.6582436220501,-2.9368241876363754
311,10,11,1895126,0.6640385303775059,0.6343139102803987,-0.02972462009710719,0.06423556943982849,194.555889677985,53.0,0.1635492891073227,49.133477974683046,16.16315876843301,1080.6582436220501,-2.9368241876363754
312,10,12,923174,0.6157660367833585,0.6053040855733934,-0.01046195120996507,0.06423556943982849,194.555889677985,53.0,0.1635492891073227,49.133477974683046,16.16315876843301,1080.6582436220501,-2.9368241876363754
313,10,13,9625558,0.6416797874317588,0.5995876472817427,-0.042092140150016055,0.06423556943982849,194.555889677985,53.0,0.1635492891073227,49.133477974683046,16.16315876843301,1080.6582436220501,-2.9368241876363754
314,10,14,6682717,0.6571319560539399,0.6199796263588231,-0.03715232969511684,0.06423556943982849,194.555889677985,53.0,0.1635492891073227,49.133477974683046,16.16315876843301,1080.6582436220501,-2.9368241876363754
315,10,15,2924170,0.6101914033636393,0.5896807465164267,-0.02051065684721265,0.06423556943982849,194.555889677985,53.0,0.1635492891073227,49.133477974683046,16.16315876843301,1080.6582436220501,-2.9368241876363754
316,10,16,2529710,0.6005379938767971,0.5612954682269237,-0.039242525649873405,0.06423556943982849,194.555889677985,53.0,0.1635492891073227,49.133477974683046,16.16315876843301,1080.6582436220501,-2.9368241876363754
317,10,17,6290701,0.6780454826811715,0.6221931325649341,-0.05585235011623735,0.06423556943982849,194.555889677985,53.0,0.1635492891073227,49.133477974683046,16.16315876843301,1080.6582436220501,-2.9368241876363754
318,10,18,9861365,0.6314898363878179,0.5750505351201077,-0.05643930126771013,0.06423556943982849,194.555889677985,53.0,0.1635492891073227,49.133477974683046,16.16315876843301,1080.6582436220501,-2.9368241876363754
319,10,19,1161419,0.6304588300916022,0.5802136688654708,-0.05024516122613143,0.06423556943982849,194.555889677985,53.0,0.1635492891073227,49.133477974683046,16.16315876843301,1080.6582436220501,-2.9368241876363754
320,10,20,2289204,0.6261416175905941,0.6046511367090924,-0.021490480881501628,0.06423556943982849,194.555889677985,53.0,0.1635492891073227,49.133477974683046,16.16315876843301,1080.6582436220501,-2.9368241876363754
321,10,21,8567283,0.5958249338890999,0.5874420331677294,-0.00838290072137049,0.06423556943982849,194.555889677985,53.0,0.1635492891073227,49.133477974683046,16.16315876843301,1080.6582436220501,-2.9368241876363754
322,10,22,5240975,0.6374950052960922,0.5981500534814751,-0.03934495181461706,0.06423556943982849,194.555889677985,53.0,0.1635492891073227,49.133477974683046,16.16315876843301,1080.6582436220501,-2.9368241876363754
323,10,23,4058119,0.6150701681490667,0.5862527995424569,-0.028817368606609772,0.06423556943982849,194.555889677985,53.0,0.1635492891073227,49.133477974683046,16.16315876843301,1080.6582436220501,-2.9368241876363754
324,10,24,4986614,0.646005670063749,0.604319954526997,-0.04168571553675193,0.06423556943982849,194.555889677985,53.0,0.1635492891073227,49.133477974683046,16.16315876843301,1080.6582436220501,-2.9368241876363754
325,10,25,6186568,0.5439470294447735,0.5511919548485383,0.007244925403764868,0.06423556943982849,194.555889677985,53.0,0.1635492891073227,49.133477974683046,16.16315876843301,1080.6582436220501,-2.9368241876363754
326,10,26,7621078,0.5816890683520651,0.544933070666196,-0.036755997685869124,0.06423556943982849,194.555889677985,53.0,0.1635492891073227,49.133477974683046,16.16315876843301,1080.6582436220501,-2.9368241876363754
327,10,27,1360099,0.6252099200647705,0.5660525557303964,-0.05915736433437413,0.06423556943982849,194.555889677985,53.0,0.1635492891073227,49.133477974683046,16.16315876843301,1080.6582436220501,-2.9368241876363754
328,10,28,232003,0.5811988200035908,0.5736151259413728,-0.007583694062218038,0.06423556943982849,194.555889677985,53.0,0.1635492891073227,49.133477974683046,16.16315876843301,1080.6582436220501,-2.9368241876363754
329,10,29,8914870,0.6901090300562931,0.6563851402529194,-0.03372388980337371,0.06423556943982849,194.555889677985,53.0,0.1635492891073227,49.133477974683046,16.16315876843301,1080.6582436220501,-2.9368241876363754
330,11,0,3225228,0.38337161623330696,0.3768688986185292,-0.0065027176147777754,0.02790572987050272,115.6772881875435,32.0,0.2517434960231185,95.27593640610576,32.01256244522855,1004.4481755138845,2.1773519441485405
331,11,1,7005739,0.4519211762761875,0.4199948596529333,-0.03192631662325418,0.02790572987050272,115.6772881875435,32.0,0.2517434960231185,95.27593640610576,32.01256244522855,1004.4481755138845,2.1773519441485405
332,11,2,9301927,0.44181400254749453,0.41502498853012515,-0.026789014017369384,0.02790572987050272,115.6772881875435,32.0,0.2517434960231185,95.27593640610576,32.01256244522855,1004.4481755138845,2.1773519441485405
333,11,3,621504,0.3576031554390302,0.32543524396798834,-0.032167911471041866,0.02790572987050272,115.6772881875435,32.0,0.2517434960231185,95.27593640610576,32.01256244522855,1004.4481755138845,2.1773519441485405
334,11,4,1593157,0.6336327372709194,0.6175340240341439,-0.016098713236775475,0.02790572987050272,115.6772881875435,32.0,0.2517434960231185,95.27593640610576,32.01256244522855,1004.4481755138845,2.1773519441485405
335,11,5,7851696,0.4252108619080871,0.3920838025157631,-0.03312705939232402,0.02790572987050272,115.6772881875435,32.0,0.2517434960231185,95.27593640610576,32.01256244522855,1004.4481755138845,2.1773519441485405
336,11,6,5799740,0.3626406748018363,0.33723781686181437,-0.02540285794002195,0.02790572987050272,115.6772881875435,32.0,0.2517434960231185,95.27593640610576,32.01256244522855,1004.4481755138845,2.1773519441485405
337,11,7,4597342,0.4340217668370985,0.4083442956270444,-0.025677471210054092,0.02790572987050272,115.6772881875435,32.0,0.2517434960231185,95.27593640610576,32.01256244522855,1004.4481755138845,2.1773519441485405
338,11,8,4295983,0.47368768193756533,0.4403706900718091,-0.03331699186575621,0.02790572987050272,115.6772881875435,32.0,0.2517434960231185,95.27593640610576,32.01256244522855,1004.4481755138845,2.1773519441485405
339,11,9,5476400,0.5131435330713848,0.5092200976224179,-0.003923435448966894,0.02790572987050272,115.6772881875435,32.0,0.2517434960231185,95.27593640610576,32.01256244522855,1004.4481755138845,2.1773519441485405
340,11,10,8175648,0.6183363157887571,0.5890873811814601,-0.02924893460729705,0.02790572987050272,115.6772881875435,32.0,0.2517434960231185,95.27593640610576,32.01256244522855,1004.4481755138845,2.1773519441485405
341,11,11,1895126,0.5049563095472999,0.4817328436559582,-0.023223465891341666,0.02790572987050272,115.6772881875435,32.0,0.2517434960231185,95.27593640610576,32.01256244522855,1004.4481755138845,2.1773519441485405
342,11,12,923174,0.49157392451641313,0.4557406503040297,-0.035833274212383415,0.02790572987050272,115.6772881875435,32.0,0.2517434960231185,95.27593640610576,32.01256244522855,1004.4481755138845,2.1773519441485405
343,11,13,9625558,0.4817293498094255,0.45327700291931244,-0.028452346890113056,0.02790572987050272,115.6772881875435,32.0,0.2517434960231185,95.27593640610576,32.01256244522855,1004.4481755138845,2.1773519441485405
344,11,14,6682717,0.4089659553777339,0.39722908292444786,-0.011736872453286029,0.02790572987050272,115.6772881875435,32.0,0.2517434960231185,95.27593640610576,32.01256244522855,1004.4481755138845,2.1773519441485405
345,11,15,2924170,0.32873655013216135,0.3044151196437863,-0.02432143048837504,0.02790572987050272,115.6772881875435,32.0,0.2517434960231185,95.27593640610576,32.01256244522855,1004.4481755138845,2.1773519441485405
346,11,16,2529710,0.38187684070560424,0.3551180468841132,-0.026758793821491045,0.02790572987050272,115.6772881875435,32.0,0.2517434960231185,95.27593640610576,32.01256244522855,1004.4481755138845,2.1773519441485405
347,11,17,6290701,0.5599876527942885,0.5528439254890757,-0.007143727305212844,0.02790572987050272,115.6772881875435,32.0,0.2517434960231185,95.27593640610576,32.01256244522855,1004.4481755138845,2.1773519441485405
348,11,18,9861365,0.4954845483400749,0.46899852599337427,-0.02648602234670061,0.02790572987050272,115.6772881875435,32.0,0.2517434960231185,95.27593640610576,32.01256244522855,1004.4481755138845,2.1773519441485405
349,11,19,1161419,0.4748270711034391,0.43462113780729106,-0.04020593329614802,0.02790572987050272,115.6772881875435,32.0,0.2517434960231185,95.27593640610576,32.01256244522855,1004.4481755138845,2.1773519441485405
350,11,20,2289204,0.45891499227466376,0.42388215848397315,-0.03503283379069061,0.02790572987050272,115.6772881875435,32.0,0.2517434960231185,95.27593640610576,32.01256244522855,1004.4481755138845,2.1773519441485405
351,11,21,8567283,0.38307508426817943,0.3468969743246111,-0.03617810994356835,0.02790572987050272,115.6772881875435,32.0,0.2517434960231185,95.27593640610576,32.01256244522855,1004.4481755138845,2.1773519441485405
352,11,22,5240975,0.44705914710842226,0.4386175096756823,-0.008441637432739957,0.02790572987050272,115.6772881875435,32.0,0.2517434960231185,95.27593640610576,32.01256244522855,1004.4481755138845,2.1773519441485405
353,11,23,4058119,0.5242348749723599,0.5137282441095521,-0.010506630862807786,0.02790572987050272,115.6772881875435,32.0,0.2517434960231185,95.27593640610576,32.01256244522855,1004.4481755138845,2.1773519441485405
354,11,24,4986614,0.6009935439356278,0.5841373916733054,-0.0168561522623224,0.02790572987050272,115.6772881875435,32.0,0.2517434960231185,95.27593640610576,32.01256244522855,1004.4481755138845,2.1773519441485405
355,11,25,6186568,0.4587962871882239,0.430401816425616,-0.028394470762607926,0.02790572987050272,115.6772881875435,32.0,0.2517434960231185,95.27593640610576,32.01256244522855,1004.4481755138845,2.1773519441485405
356,11,26,7621078,0.478045376852803,0.4734859774185331,-0.004559399434269917,0.02790572987050272,115.6772881875435,32.0,0.2517434960231185,95.27593640610576,32.01256244522855,1004.4481755138845,2.1773519441485405
357,11,27,1360099,0.5151976607151538,0.49022724699688347,-0.024970413718270357,0.02790572987050272,115.6772881875435,32.0,0.2517434960231185,95.27593640610576,32.01256244522855,1004.4481755138845,2.1773519441485405
358,11,28,232003,0.30604810685459394,0.27558799352280267,-0.030460113331791272,0.02790572987050272,115.6772881875435,32.0,0.2517434960231185,95.27593640610576,32.01256244522855,1004.4481755138845,2.1773519441485405
359,11,29,8914870,0.37844043896502405,0.34461787338526745,-0.0338225655797566,0.02790572987050272,115.6772881875435,32.0,0.2517434960231185,95.27593640610576,32.01256244522855,1004.4481755138845,2.1773519441485405
360,12,0,3225228,0.5491898351743564,0.5029985715548484,-0.04619126361950798,0.03655729594122576,145.6591547228463,58.0,0.2131588624790311,67.01150889508426,33.21710977223727,1113.89350919252,2.2774975653737783
361,12,1,7005739,0.5769466248308682,0.5317659590672985,-0.045180665763569716,0.03655729594122576,145.6591547228463,58.0,0.2131588624790311,67.01150889508426,33.21710977223727,1113.89350919252,2.2774975653737783
362,12,2,9301927,0.5013138864232433,0.4617057290722092,-0.03960815735103407,0.03655729594122576,145.6591547228463,58.0,0.2131588624790311,67.01150889508426,33.21710977223727,1113.89350919252,2.2774975653737783
363,12,3,621504,0.5162991434200925,0.46235434508199386,-0.053944798338098676,0.03655729594122576,145.6591547228463,58.0,0.2131588624790311,67.01150889508426,33.21710977223727,1113.89350919252,2.2774975653737783
364,12,4,1593157,0.5545877930361105,0.5145786684779008,-0.04000912455820971,0.03655729594122576,145.6591547228463,58.0,0.2131588624790311,67.01150889508426,33.21710977223727,1113.89350919252,2.2774975653737783
365,12,5,7851696,0.5698408867370988,0.5310848090408868,-0.03875607769621192,0.03655729594122576,145.6591547228463,58.0,0.2131588624790311,67.01150889508426,33.21710977223727,1113.89350919252,2.2774975653737783
366,12,6,5799740,0.4432961042083542,0.3889935374011377,-0.05430256680721651,0.03655729594122576,145.6591547228463,58.0,0.2131588624790311,67.01150889508426,33.21710977223727,1113.89350919252,2.2774975653737783
367,12,7,4597342,0.39788631674591096,0.3394159903662698,-0.05847032637964117,0.03655729594122576,145.6591547228463,58.0,0.2131588624790311,67.01150889508426,33.21710977223727,1113.89350919252,2.2774975653737783
368,12,8,4295983,0.5614864442693305,0.5102488983826357,-0.051237545886694824,0.03655729594122576,145.6591547228463,58.0,0.2131588624790311,67.01150889508426,33.21710977223727,1113.89350919252,2.2774975653737783
369,12,9,5476400,0.5209138294837395,0.4746755741701015,-0.046238255313638066,0.03655729594122576,145.6591547228463,58.0,0.2131588624790311,67.01150889508426,33.21710977223727,1113.89350919252,2.2774975653737783
370,12,10,8175648,0.5900605689809191,0.535836548073029,-0.054224020907890025,0.03655729594122576,145.6591547228463,58.0,0.2131588624790311,67.01150889508426,33.21710977223727,1113.89350919252,2.2774975653737783
371,12,11,1895126,0.5217548356965304,0.48224597782436435,-0.039508857872166014,0.03655729594122576,145.6591547228463,58.0,0.2131588624790311,67.01150889508426,33.21710977223727,1113.89350919252,2.2774975653737783
372,12,12,923174,0.40132781541194923,0.35945201669052973,-0.0418757987214195,0.03655729594122576,145.6591547228463,58.0,0.2131588624790311,67.01150889508426,33.21710977223727,1113.89350919252,2.2774975653737783
373,12,13,9625558,0.5492960510657041,0.5074378144838589,-0.041858236581845176,0.03655729594122576,145.6591547228463,58.0,0.2131588624790311,67.01150889508426,33.21710977223727,1113.89350919252,2.2774975653737783
374,12,14,6682717,0.40842454561620056,0.35005420478357574,-0.05837034083262482,0.03655729594122576,145.6591547228463,58.0,0.2131588624790311,67.01150889508426,33.21710977223727,1113.89350919252,2.2774975653737783
375,12,15,2924170,0.4867219057638273,0.4500351418617414,-0.03668676390208592,0.03655729594122576,145.6591547228463,58.0,0.2131588624790311,67.01150889508426,33.21710977223727,1113.89350919252,2.2774975653737783
376,12,16,2529710,0.5803449236307152,0.538340024684666,-0.042004898946049196,0.03655729594122576,145.6591547228463,58.0,0.2131588624790311,67.01150889508426,33.21710977223727,1113.89350919252,2.2774975653737783
377,12,17,6290701,0.5659527315159139,0.5099001689276855,-0.05605256258822833,0.03655729594122576,145.6591547228463,58.0,0.2131588624790311,67.01150889508426,33.21710977223727,1113.89350919252,2.2774975653737783
378,12,18,9861365,0.5260552059644298,0.48114474976091176,-0.04491045620351802,0.03655729594122576,145.6591547228463,58.0,0.2131588624790311,67.01150889508426,33.21710977223727,1113.89350919252,2.2774975653737783
379,12,19,1161419,0.43715457844940747,0.39023233225775394,-0.04692224619165353,0.03655729594122576,145.6591547228463,58.0,0.2131588624790311,67.01150889508426,33.21710977223727,1113.89350919252,2.2774975653737783
380,12,20,2289204,0.545861492552596,0.5038607602631145,-0.042000732289481424,0.03655729594122576,145.6591547228463,58.0,0.2131588624790311,67.01150889508426,33.21710977223727,1113.89350919252,2.2774975653737783
381,12,21,8567283,0.5170374844536535,0.4617713460666636,-0.055266138386989905,0.03655729594122576,145.6591547228463,58.0,0.2131588624790311,67.01150889508426,33.21710977223727,1113.89350919252,2.2774975653737783
382,12,22,5240975,0.523664860172244,0.48185079380090545,-0.041814066371338554,0.03655729594122576,145.6591547228463,58.0,0.2131588624790311,67.01150889508426,33.21710977223727,1113.89350919252,2.2774975653737783
383,12,23,4058119,0.6346036991542979,0.5836868188400387,-0.05091688031425923,0.03655729594122576,145.6591547228463,58.0,0.2131588624790311,67.01150889508426,33.21710977223727,1113.89350919252,2.2774975653737783
384,12,24,4986614,0.6152661260095406,0.5718829019630509,-0.043383224046489643,0.03655729594122576,145.6591547228463,58.0,0.2131588624790311,67.01150889508426,33.21710977223727,1113.89350919252,2.2774975653737783
385,12,25,6186568,0.479563396116002,0.4469532159658014,-0.03261018015020062,0.03655729594122576,145.6591547228463,58.0,0.2131588624790311,67.01150889508426,33.21710977223727,1113.89350919252,2.2774975653737783
386,12,26,7621078,0.5390548245196621,0.49276522427494074,-0.046289600244721396,0.03655729594122576,145.6591547228463,58.0,0.2131588624790311,67.01150889508426,33.21710977223727,1113.89350919252,2.2774975653737783
387,12,27,1360099,0.5131766669968362,0.47979707213310446,-0.03337959486373171,0.03655729594122576,145.6591547228463,58.0,0.2131588624790311,67.01150889508426,33.21710977223727,1113.89350919252,2.2774975653737783
388,12,28,232003,0.4427465805623677,0.4095142739240524,-0.033232306638315334,0.03655729594122576,145.6591547228463,58.0,0.2131588624790311,67.01150889508426,33.21710977223727,1113.89350919252,2.2774975653737783
389,12,29,8914870,0.4919237147202359,0.45311087616136225,-0.03881283855887363,0.03655729594122576,145.6591547228463,58.0,0.2131588624790311,67.01150889508426,33.21710977223727,1113.89350919252,2.2774975653737783
390,13,0,3225228,0.8236417797542133,0.8043852627025752,-0.01925651705163811,0.0847189776126537,211.61292261143794,27.0,0.10291593857109547,32.47069007717073,15.238146919917327,1061.136304648547,-1.512436168268323
391,13,1,7005739,0.8409565211701167,0.7972988014950362,-0.043657719675080475,0.0847189776126537,211.61292261143794,27.0,0.10291593857109547,32.47069007717073,15.238146919917327,1061.136304648547,-1.512436168268323
392,13,2,9301927,0.8410994563247682,0.7820483646894814,-0.05905109163528688,0.0847189776126537,211.61292261143794,27.0,0.10291593857109547,32.47069007717073,15.238146919917327,1061.136304648547,-1.512436168268323
393,13,3,621504,0.813436712067664,0.7690329327369388,-0.044403779330725146,0.0847189776126537,211.61292261143794,27.0,0.10291593857109547,32.47069007717073,15.238146919917327,1061.136304648547,-1.512436168268323
394,13,4,1593157,0.8028358493149268,0.7823829416951767,-0.02045290761975005,0.0847189776126537,211.61292261143794,27.0,0.10291593857109547,32.47069007717073,15.238146919917327,1061.136304648547,-1.512436168268323
395,13,5,7851696,0.715821570316611,0.6910075757710121,-0.02481399454559885,0.0847189776126537,211.61292261143794,27.0,0.10291593857109547,32.47069007717073,15.238146919917327,1061.136304648547,-1.512436168268323
396,13,6,5799740,0.81904531290573,0.7962289285344825,-0.022816384371247556,0.0847189776126537,211.61292261143794,27.0,0.10291593857109547,32.47069007717073,15.238146919917327,1061.136304648547,-1.512436168268323
397,13,7,4597342,0.8200687600407608,0.7941870058301027,-0.02588175421065808,0.0847189776126537,211.61292261143794,27.0,0.10291593857109547,32.47069007717073,15.238146919917327,1061.136304648547,-1.512436168268323
398,13,8,4295983,0.8155610319439541,0.7879512981700201,-0.027609733773934053,0.0847189776126537,211.61292261143794,27.0,0.10291593857109547,32.47069007717073,15.238146919917327,1061.136304648547,-1.512436168268323
399,13,9,5476400,0.806857788967749,0.7760018141441498,-0.03085597482359914,0.0847189776126537,211.61292261143794,27.0,0.10291593857109547,32.47069007717073,15.238146919917327,1061.136304648547,-1.512436168268323
400,13,10,8175648,0.798160871535748,0.7664711126537884,-0.03168975888195957,0.0847189776126537,211.61292261143794,27.0,0.10291593857109547,32.47069007717073,15.238146919917327,1061.136304648547,-1.512436168268323
401,13,11,1895126,0.8495874697760635,0.8225598835183516,-0.027027586257711844,0.0847189776126537,211.61292261143794,27.0,0.10291593857109547,32.47069007717073,15.238146919917327,1061.136304648547,-1.512436168268323
402,13,12,923174,0.8345029854184262,0.8056630587555943,-0.02883992666283186,0.0847189776126537,211.61292261143794,27.0,0.10291593857109547,32.47069007717073,15.238146919917327,1061.136304648547,-1.512436168268323
403,13,13,9625558,0.8136763242282637,0.7850993215099084,-0.028577002718355393,0.0847189776126537,211.61292261143794,27.0,0.10291593857109547,32.47069007717073,15.238146919917327,1061.136304648547,-1.512436168268323
404,13,14,6682717,0.8469802067516992,0.8130327328520919,-0.03394747389960728,0.0847189776126537,211.61292261143794,27.0,0.10291593857109547,32.47069007717073,15.238146919917327,1061.136304648547,-1.512436168268323
405,13,15,2924170,0.8137000596776971,0.7642523409685662,-0.049447718709130895,0.0847189776126537,211.61292261143794,27.0,0.10291593857109547,32.47069007717073,15.238146919917327,1061.136304648547,-1.512436168268323
406,13,16,2529710,0.8151455103365297,0.7849796404078205,-0.030165869928709177,0.0847189776126537,211.61292261143794,27.0,0.10291593857109547,32.47069007717073,15.238146919917327,1061.136304648547,-1.512436168268323
407,13,17,6290701,0.8201802633112526,0.7809843882037257,-0.03919587510752687,0.0847189776126537,211.61292261143794,27.0,0.10291593857109547,32.47069007717073,15.238146919917327,1061.136304648547,-1.512436168268323
408,13,18,9861365,0.8084033730156657,0.799538691445669,-0.008864681569996646,0.0847189776126537,211.61292261143794,27.0,0.10291593857109547,32.47069007717073,15.238146919917327,1061.136304648547,-1.512436168268323
409,13,19,1161419,0.8297938408161674,0.7816908268639902,-0.0481030139521772,0.0847189776126537,211.61292261143794,27.0,0.10291593857109547,32.47069007717073,15.238146919917327,1061.136304648547,-1.512436168268323
410,13,20,2289204,0.8354569087244459,0.8021082626867426,-0.03334864603770327,0.0847189776126537,211.61292261143794,27.0,0.10291593857109547,32.47069007717073,15.238146919917327,1061.136304648547,-1.512436168268323
411,13,21,8567283,0.8240519795494375,0.7873555120930474,-0.0366964674563901,0.0847189776126537,211.61292261143794,27.0,0.10291593857109547,32.47069007717073,15.238146919917327,1061.136304648547,-1.512436168268323
412,13,22,5240975,0.825282410837953,0.8014217425325293,-0.02386066830542366,0.0847189776126537,211.61292261143794,27.0,0.10291593857109547,32.47069007717073,15.238146919917327,1061.136304648547,-1.512436168268323
413,13,23,4058119,0.8185536151909406,0.7896382623055445,-0.02891535288539615,0.0847189776126537,211.61292261143794,27.0,0.10291593857109547,32.47069007717073,15.238146919917327,1061.136304648547,-1.512436168268323
414,13,24,4986614,0.762661783387266,0.7695091766642896,0.006847393277023661,0.0847189776126537,211.61292261143794,27.0,0.10291593857109547,32.47069007717073,15.238146919917327,1061.136304648547,-1.512436168268323
415,13,25,6186568,0.8029413289089524,0.7763354135975763,-0.026605915311376127,0.0847189776126537,211.61292261143794,27.0,0.10291593857109547,32.47069007717073,15.238146919917327,1061.136304648547,-1.512436168268323
416,13,26,7621078,0.7749659518227252,0.7724845681030235,-0.0024813837197017463,0.0847189776126537,211.61292261143794,27.0,0.10291593857109547,32.47069007717073,15.238146919917327,1061.136304648547,-1.512436168268323
417,13,27,1360099,0.837473509838818,0.8043609745906588,-0.03311253524815916,0.0847189776126537,211.61292261143794,27.0,0.10291593857109547,32.47069007717073,15.238146919917327,1061.136304648547,-1.512436168268323
418,13,28,232003,0.8263769191388105,0.793657194235492,-0.03271972490331854,0.0847189776126537,211.61292261143794,27.0,0.10291593857109547,32.47069007717073,15.238146919917327,1061.136304648547,-1.512436168268323
419,13,29,8914870,0.8167299928963956,0.7733730565008823,-0.0433569363955133,0.0847189776126537,211.61292261143794,27.0,0.10291593857109547,32.47069007717073,15.238146919917327,1061.136304648547,-1.512436168268323
420,14,0,3225228,0.849661746334298,0.8468222420301672,-0.0028395043041308243,0.018583634736348584,355.8918473276948,46.0,0.19138071071356533,86.86657487414777,26.48287345020296,1170.8200616444983,-0.5289448779076338
421,14,1,7005739,0.7742757003957662,0.76563262541008,-0.008643074985686172,0.018583634736348584,355.8918473276948,46.0,0.19138071071356533,86.86657487414777,26.48287345020296,1170.8200616444983,-0.5289448779076338
422,14,2,9301927,0.8321000268392376,0.8389356289161027,0.006835602076865177,0.018583634736348584,355.8918473276948,46.0,0.19138071071356533,86.86657487414777,26.48287345020296,1170.8200616444983,-0.5289448779076338
423,14,3,621504,0.8185217413333011,0.816641287970245,-0.0018804533630560893,0.018583634736348584,355.8918473276948,46.0,0.19138071071356533,86.86657487414777,26.48287345020296,1170.8200616444983,-0.5289448779076338
424,14,4,1593157,0.7862121345184792,0.7770791673116804,-0.009132967206798792,0.018583634736348584,355.8918473276948,46.0,0.19138071071356533,86.86657487414777,26.48287345020296,1170.8200616444983,-0.5289448779076338
425,14,5,7851696,0.7626692939714953,0.7511416873360603,-0.01152760663543495,0.018583634736348584,355.8918473276948,46.0,0.19138071071356533,86.86657487414777,26.48287345020296,1170.8200616444983,-0.5289448779076338
426,14,6,5799740,0.86300346105425,0.8537499984323126,-0.00925346262193738,0.018583634736348584,355.8918473276948,46.0,0.19138071071356533,86.86657487414777,26.48287345020296,1170.8200616444983,-0.5289448779076338
427,14,7,4597342,0.7655660342952856,0.7529383876001936,-0.012627646695091976,0.018583634736348584,355.8918473276948,46.0,0.19138071071356533,86.86657487414777,26.48287345020296,1170.8200616444983,-0.5289448779076338
428,14,8,4295983,0.8085411977598201,0.8084645450112794,-7.665274854073978e-05,0.018583634736348584,355.8918473276948,46.0,0.19138071071356533,86.86657487414777,26.48287345020296,1170.8200616444983,-0.5289448779076338
429,14,9,5476400,0.8577475464349713,0.8543542489552626,-0.0033932974797087345,0.018583634736348584,355.8918473276948,46.0,0.19138071071356533,86.86657487414777,26.48287345020296,1170.8200616444983,-0.5289448779076338
430,14,10,8175648,0.879285488400628,0.8758158731356152,-0.003469615265012882,0.018583634736348584,355.8918473276948,46.0,0.19138071071356533,86.86657487414777,26.48287345020296,1170.8200616444983,-0.5289448779076338
431,14,11,1895126,0.8648228320548308,0.8793461060231758,0.014523273968344963,0.018583634736348584,355.8918473276948,46.0,0.19138071071356533,86.86657487414777,26.48287345020296,1170.8200616444983,-0.5289448779076338
432,14,12,923174,0.8849245871395733,0.890917416218791,0.00599282907921761,0.018583634736348584,355.8918473276948,46.0,0.19138071071356533,86.86657487414777,26.48287345020296,1170.8200616444983,-0.5289448779076338
433,14,13,9625558,0.8518974823723515,0.8369837201446735,-0.01491376222767804,0.018583634736348584,355.8918473276948,46.0,0.19138071071356533,86.86657487414777,26.48287345020296,1170.8200616444983,-0.5289448779076338
434,14,14,6682717,0.8747919867669601,0.8682530229877884,-0.006538963779171736,0.018583634736348584,355.8918473276948,46.0,0.19138071071356533,86.86657487414777,26.48287345020296,1170.8200616444983,-0.5289448779076338
435,14,15,2924170,0.8059421573018896,0.8046519734661243,-0.0012901838357652906,0.018583634736348584,355.8918473276948,46.0,0.19138071071356533,86.86657487414777,26.48287345020296,1170.8200616444983,-0.5289448779076338
436,14,16,2529710,0.8352639147323999,0.8251767549948827,-0.01008715973751717,0.018583634736348584,355.8918473276948,46.0,0.19138071071356533,86.86657487414777,26.48287345020296,1170.8200616444983,-0.5289448779076338
437,14,17,6290701,0.8307515808672981,0.8348765396652145,0.0041249587979164115,0.018583634736348584,355.8918473276948,46.0,0.19138071071356533,86.86657487414777,26.48287345020296,1170.8200616444983,-0.5289448779076338
438,14,18,9861365,0.755923161378896,0.7367023780642881,-0.01922078331460797,0.018583634736348584,355.8918473276948,46.0,0.19138071071356533,86.86657487414777,26.48287345020296,1170.8200616444983,-0.5289448779076338
439,14,19,1161419,0.8464367538245784,0.8394019460994929,-0.007034807725085468,0.018583634736348584,355.8918473276948,46.0,0.19138071071356533,86.86657487414777,26.48287345020296,1170.8200616444983,-0.5289448779076338
440,14,20,2289204,0.8273639933247496,0.8223154603181716,-0.005048533006578038,0.018583634736348584,355.8918473276948,46.0,0.19138071071356533,86.86657487414777,26.48287345020296,1170.8200616444983,-0.5289448779076338
441,14,21,8567283,0.8240741416955913,0.8194027559675096,-0.004671385728081789,0.018583634736348584,355.8918473276948,46.0,0.19138071071356533,86.86657487414777,26.48287345020296,1170.8200616444983,-0.5289448779076338
442,14,22,5240975,0.8210860485179877,0.8194870714169366,-0.0015989771010511689,0.018583634736348584,355.8918473276948,46.0,0.19138071071356533,86.86657487414777,26.48287345020296,1170.8200616444983,-0.5289448779076338
443,14,23,4058119,0.8945365854522745,0.9073396412165446,0.0128030557642701,0.018583634736348584,355.8918473276948,46.0,0.19138071071356533,86.86657487414777,26.48287345020296,1170.8200616444983,-0.5289448779076338
444,14,24,4986614,0.8106251247575594,0.7981472158867271,-0.012477908870832333,0.018583634736348584,355.8918473276948,46.0,0.19138071071356533,86.86657487414777,26.48287345020296,1170.8200616444983,-0.5289448779076338
445,14,25,6186568,0.8191550098865291,0.8187785952396751,-0.0003764146468540064,0.018583634736348584,355.8918473276948,46.0,0.19138071071356533,86.86657487414777,26.48287345020296,1170.8200616444983,-0.5289448779076338
446,14,26,7621078,0.8220754265269943,0.824700249292228,0.002624822765233681,0.018583634736348584,355.8918473276948,46.0,0.19138071071356533,86.86657487414777,26.48287345020296,1170.8200616444983,-0.5289448779076338
447,14,27,1360099,0.8450887334869536,0.8346224112891196,-0.010466322197833944,0.018583634736348584,355.8918473276948,46.0,0.19138071071356533,86.86657487414777,26.48287345020296,1170.8200616444983,-0.5289448779076338
448,14,28,232003,0.815757351293704,0.8169133650823518,0.001156013788647825,0.018583634736348584,355.8918473276948,46.0,0.19138071071356533,86.86657487414777,26.48287345020296,1170.8200616444983,-0.5289448779076338
449,14,29,8914870,0.742606405495273,0.7155352907414102,-0.027071114753862813,0.018583634736348584,355.8918473276948,46.0,0.19138071071356533,86.86657487414777,26.48287345020296,1170.8200616444983,-0.5289448779076338
450,15,0,3225228,0.5988641631937267,0.5470533204412363,-0.05181084275249037,0.038707178527730805,183.00572828243588,39.0,0.2809424676001072,35.09914460591972,19.003240786648583,905.1962001752855,1.2944597695022821
451,15,1,7005739,0.5260182747465113,0.4596908374461133,-0.06632743730039803,0.038707178527730805,183.00572828243588,39.0,0.2809424676001072,35.09914460591972,19.003240786648583,905.1962001752855,1.2944597695022821
452,15,2,9301927,0.629093570239133,0.5778744514946597,-0.05121911874447338,0.038707178527730805,183.00572828243588,39.0,0.2809424676001072,35.09914460591972,19.003240786648583,905.1962001752855,1.2944597695022821
453,15,3,621504,0.5632887037824039,0.5154006987917413,-0.04788800499066259,0.038707178527730805,183.00572828243588,39.0,0.2809424676001072,35.09914460591972,19.003240786648583,905.1962001752855,1.2944597695022821
454,15,4,1593157,0.4239965879165325,0.36989003174225243,-0.05410655617428006,0.038707178527730805,183.00572828243588,39.0,0.2809424676001072,35.09914460591972,19.003240786648583,905.1962001752855,1.2944597695022821
455,15,5,7851696,0.4847467993978877,0.42663484478414876,-0.058111954613738914,0.038707178527730805,183.00572828243588,39.0,0.2809424676001072,35.09914460591972,19.003240786648583,905.1962001752855,1.2944597695022821
456,15,6,5799740,0.6095742818250023,0.576443222708402,-0.0331310591166003,0.038707178527730805,183.00572828243588,39.0,0.2809424676001072,35.09914460591972,19.003240786648583,905.1962001752855,1.2944597695022821
457,15,7,4597342,0.5806111337798283,0.5416813888654244,-0.03892974491440393,0.038707178527730805,183.00572828243588,39.0,0.2809424676001072,35.09914460591972,19.003240786648583,905.1962001752855,1.2944597695022821
458,15,8,4295983,0.6947830524157139,0.6514082796627761,-0.043374772752937774,0.038707178527730805,183.00572828243588,39.0,0.2809424676001072,35.09914460591972,19.003240786648583,905.1962001752855,1.2944597695022821
459,15,9,5476400,0.588782618648907,0.5597431323010068,-0.029039486347900212,0.038707178527730805,183.00572828243588,39.0,0.2809424676001072,35.09914460591972,19.003240786648583,905.1962001752855,1.2944597695022821
460,15,10,8175648,0.7074399101245301,0.6642745370417049,-0.0431653730828252,0.038707178527730805,183.00572828243588,39.0,0.2809424676001072,35.09914460591972,19.003240786648583,905.1962001752855,1.2944597695022821
461,15,11,1895126,0.6164996005206642,0.5962342444010896,-0.020265356119574585,0.038707178527730805,183.00572828243588,39.0,0.2809424676001072,35.09914460591972,19.003240786648583,905.1962001752855,1.2944597695022821
462,15,12,923174,0.6610467452358237,0.6074104061980328,-0.05363633903779097,0.038707178527730805,183.00572828243588,39.0,0.2809424676001072,35.09914460591972,19.003240786648583,905.1962001752855,1.2944597695022821
463,15,13,9625558,0.6909636426809391,0.6510775853018677,-0.03988605737907147,0.038707178527730805,183.00572828243588,39.0,0.2809424676001072,35.09914460591972,19.003240786648583,905.1962001752855,1.2944597695022821
464,15,14,6682717,0.6272369128366575,0.5748585335371498,-0.05237837929950773,0.038707178527730805,183.00572828243588,39.0,0.2809424676001072,35.09914460591972,19.003240786648583,905.1962001752855,1.2944597695022821
465,15,15,2924170,0.5500134988192942,0.5142667320485962,-0.03574676677069799,0.038707178527730805,183.00572828243588,39.0,0.2809424676001072,35.09914460591972,19.003240786648583,905.1962001752855,1.2944597695022821
466,15,16,2529710,0.6492159680578696,0.592266837249065,-0.05694913080880459,0.038707178527730805,183.00572828243588,39.0,0.2809424676001072,35.09914460591972,19.003240786648583,905.1962001752855,1.2944597695022821
467,15,17,6290701,0.5267022987507921,0.4676482942230031,-0.05905400452778903,0.038707178527730805,183.00572828243588,39.0,0.2809424676001072,35.09914460591972,19.003240786648583,905.1962001752855,1.2944597695022821
468,15,18,9861365,0.6262874961786518,0.5831034835281479,-0.04318401265050387,0.038707178527730805,183.00572828243588,39.0,0.2809424676001072,35.09914460591972,19.003240786648583,905.1962001752855,1.2944597695022821
469,15,19,1161419,0.6857663146984547,0.6430892772193211,-0.04267703747913365,0.038707178527730805,183.00572828243588,39.0,0.2809424676001072,35.09914460591972,19.003240786648583,905.1962001752855,1.2944597695022821
470,15,20,2289204,0.6978311134124313,0.6404633426996459,-0.057367770712785426,0.038707178527730805,183.00572828243588,39.0,0.2809424676001072,35.09914460591972,19.003240786648583,905.1962001752855,1.2944597695022821
471,15,21,8567283,0.7006941460095274,0.6461038546620612,-0.05459029134746618,0.038707178527730805,183.00572828243588,39.0,0.2809424676001072,35.09914460591972,19.003240786648583,905.1962001752855,1.2944597695022821
472,15,22,5240975,0.6034222538686423,0.5658929315165057,-0.037529322352136685,0.038707178527730805,183.00572828243588,39.0,0.2809424676001072,35.09914460591972,19.003240786648583,905.1962001752855,1.2944597695022821
473,15,23,4058119,0.563921127654918,0.5119459729040251,-0.05197515475089287,0.038707178527730805,183.00572828243588,39.0,0.2809424676001072,35.09914460591972,19.003240786648583,905.1962001752855,1.2944597695022821
474,15,24,4986614,0.5703163639339921,0.5122007970179839,-0.058115566916008166,0.038707178527730805,183.00572828243588,39.0,0.2809424676001072,35.09914460591972,19.003240786648583,905.1962001752855,1.2944597695022821
475,15,25,6186568,0.6295813007355464,0.6032194787462184,-0.026361821989328016,0.038707178527730805,183.00572828243588,39.0,0.2809424676001072,35.09914460591972,19.003240786648583,905.1962001752855,1.2944597695022821
476,15,26,7621078,0.6680604137486205,0.6224328209969636,-0.04562759275165684,0.038707178527730805,183.00572828243588,39.0,0.2809424676001072,35.09914460591972,19.003240786648583,905.1962001752855,1.2944597695022821
477,15,27,1360099,0.6842818525966387,0.6314139587389905,-0.05286789385764812,0.038707178527730805,183.00572828243588,39.0,0.2809424676001072,35.09914460591972,19.003240786648583,905.1962001752855,1.2944597695022821
478,15,28,232003,0.6760074216752718,0.6518640906890996,-0.024143330986172273,0.038707178527730805,183.00572828243588,39.0,0.2809424676001072,35.09914460591972,19.003240786648583,905.1962001752855,1.2944597695022821
479,15,29,8914870,0.5236151213500596,0.4909767088436881,-0.032638412506371506,0.038707178527730805,183.00572828243588,39.0,0.2809424676001072,35.09914460591972,19.003240786648583,905.1962001752855,1.2944597695022821
480,16,0,3225228,0.739441497516221,0.6772594342405154,-0.062182063275705635,0.06991709795116857,187.67260589020265,45.0,0.11213736608624458,56.50256913155317,27.620927241346923,1024.4744970335894,-2.623276362195611
481,16,1,7005739,0.7184526482620386,0.6456326781151916,-0.07281997014684694,0.06991709795116857,187.67260589020265,45.0,0.11213736608624458,56.50256913155317,27.620927241346923,1024.4744970335894,-2.623276362195611
482,16,2,9301927,0.7024815533202569,0.6468597088061669,-0.05562184451408991,0.06991709795116857,187.67260589020265,45.0,0.11213736608624458,56.50256913155317,27.620927241346923,1024.4744970335894,-2.623276362195611
483,16,3,621504,0.6893291603906813,0.6261437668684666,-0.06318539352221464,0.06991709795116857,187.67260589020265,45.0,0.11213736608624458,56.50256913155317,27.620927241346923,1024.4744970335894,-2.623276362195611
484,16,4,1593157,0.6973530221774361,0.6497411016347248,-0.04761192054271135,0.06991709795116857,187.67260589020265,45.0,0.11213736608624458,56.50256913155317,27.620927241346923,1024.4744970335894,-2.623276362195611
485,16,5,7851696,0.7112898657331116,0.6673968500751206,-0.043893015657990975,0.06991709795116857,187.67260589020265,45.0,0.11213736608624458,56.50256913155317,27.620927241346923,1024.4744970335894,-2.623276362195611
486,16,6,5799740,0.6167763064580972,0.5673628589858777,-0.04941344747221954,0.06991709795116857,187.67260589020265,45.0,0.11213736608624458,56.50256913155317,27.620927241346923,1024.4744970335894,-2.623276362195611
487,16,7,4597342,0.6698738512273781,0.6242828641696551,-0.04559098705772302,0.06991709795116857,187.67260589020265,45.0,0.11213736608624458,56.50256913155317,27.620927241346923,1024.4744970335894,-2.623276362195611
488,16,8,4295983,0.690024847261525,0.6217843176145755,-0.06824052964694949,0.06991709795116857,187.67260589020265,45.0,0.11213736608624458,56.50256913155317,27.620927241346923,1024.4744970335894,-2.623276362195611
489,16,9,5476400,0.6569878779981572,0.6024605728928247,-0.054527305105332435,0.06991709795116857,187.67260589020265,45.0,0.11213736608624458,56.50256913155317,27.620927241346923,1024.4744970335894,-2.623276362195611
490,16,10,8175648,0.6824227911542783,0.6239091369495828,-0.05851365420469545,0.06991709795116857,187.67260589020265,45.0,0.11213736608624458,56.50256913155317,27.620927241346923,1024.4744970335894,-2.623276362195611
491,16,11,1895126,0.7098852721166343,0.6629914549194803,-0.04689381719715402,0.06991709795116857,187.67260589020265,45.0,0.11213736608624458,56.50256913155317,27.620927241346923,1024.4744970335894,-2.623276362195611
492,16,12,923174,0.7223714841120561,0.6684131848476177,-0.0539582992644384,0.06991709795116857,187.67260589020265,45.0,0.11213736608624458,56.50256913155317,27.620927241346923,1024.4744970335894,-2.623276362195611
493,16,13,9625558,0.7023199083038818,0.655599960403532,-0.046719947900349834,0.06991709795116857,187.67260589020265,45.0,0.11213736608624458,56.50256913155317,27.620927241346923,1024.4744970335894,-2.623276362195611
494,16,14,6682717,0.7019041865450704,0.6384035529844693,-0.0635006335606011,0.06991709795116857,187.67260589020265,45.0,0.11213736608624458,56.50256913155317,27.620927241346923,1024.4744970335894,-2.623276362195611
495,16,15,2924170,0.7049829407928423,0.655656417087598,-0.04932652370524426,0.06991709795116857,187.67260589020265,45.0,0.11213736608624458,56.50256913155317,27.620927241346923,1024.4744970335894,-2.623276362195611
496,16,16,2529710,0.6596182919049797,0.592673952260693,-0.0669443396442867,0.06991709795116857,187.67260589020265,45.0,0.11213736608624458,56.50256913155317,27.620927241346923,1024.4744970335894,-2.623276362195611
497,16,17,6290701,0.7102599818484499,0.6527310597879705,-0.057528922060479326,0.06991709795116857,187.67260589020265,45.0,0.11213736608624458,56.50256913155317,27.620927241346923,1024.4744970335894,-2.623276362195611
498,16,18,9861365,0.6945475481212476,0.6375111090563834,-0.05703643906486422,0.06991709795116857,187.67260589020265,45.0,0.11213736608624458,56.50256913155317,27.620927241346923,1024.4744970335894,-2.623276362195611
499,16,19,1161419,0.7583032274542525,0.7086863826298937,-0.0496168448243588,0.06991709795116857,187.67260589020265,45.0,0.11213736608624458,56.50256913155317,27.620927241346923,1024.4744970335894,-2.623276362195611
500,16,20,2289204,0.7033773702676833,0.6432534463306583,-0.06012392393702504,0.06991709795116857,187.67260589020265,45.0,0.11213736608624458,56.50256913155317,27.620927241346923,1024.4744970335894,-2.623276362195611
501,16,21,8567283,0.6394945901237222,0.58215970994841,-0.057334880175312186,0.06991709795116857,187.67260589020265,45.0,0.11213736608624458,56.50256913155317,27.620927241346923,1024.4744970335894,-2.623276362195611
502,16,22,5240975,0.6742392793814063,0.6166031798942382,-0.05763609948716808,0.06991709795116857,187.67260589020265,45.0,0.11213736608624458,56.50256913155317,27.620927241346923,1024.4744970335894,-2.623276362195611
503,16,23,4058119,0.6743495673278557,0.6177379841925307,-0.056611583135324994,0.06991709795116857,187.67260589020265,45.0,0.11213736608624458,56.50256913155317,27.620927241346923,1024.4744970335894,-2.623276362195611
504,16,24,4986614,0.6661040153041459,0.6010608678962736,-0.06504314740787231,0.06991709795116857,187.67260589020265,45.0,0.11213736608624458,56.50256913155317,27.620927241346923,1024.4744970335894,-2.623276362195611
505,16,25,6186568,0.6947460033764492,0.6288190025063116,-0.06592700087013759,0.06991709795116857,187.67260589020265,45.0,0.11213736608624458,56.50256913155317,27.620927241346923,1024.4744970335894,-2.623276362195611
506,16,26,7621078,0.648944793487376,0.5958202821746572,-0.05312451131271878,0.06991709795116857,187.67260589020265,45.0,0.11213736608624458,56.50256913155317,27.620927241346923,1024.4744970335894,-2.623276362195611
507,16,27,1360099,0.6827731547459879,0.6136595749142738,-0.06911357983171407,0.06991709795116857,187.67260589020265,45.0,0.11213736608624458,56.50256913155317,27.620927241346923,1024.4744970335894,-2.623276362195611
508,16,28,232003,0.696922944536627,0.6308415534884225,-0.06608139104820443,0.06991709795116857,187.67260589020265,45.0,0.11213736608624458,56.50256913155317,27.620927241346923,1024.4744970335894,-2.623276362195611
509,16,29,8914870,0.6787039044446321,0.622482439353869,-0.05622146509076309,0.06991709795116857,187.67260589020265,45.0,0.11213736608624458,56.50256913155317,27.620927241346923,1024.4744970335894,-2.623276362195611
510,17,0,3225228,0.7452016566178419,0.73088152062632,-0.014320135991521932,0.016562173410577107,288.5056880274989,39.0,0.2225760443136096,18.973129093647003,17.653934160951795,1158.8388332111074,1.8345918338745832
511,17,1,7005739,0.7887279035342808,0.7776728752190121,-0.011055028315268722,0.016562173410577107,288.5056880274989,39.0,0.2225760443136096,18.973129093647003,17.653934160951795,1158.8388332111074,1.8345918338745832
512,17,2,9301927,0.7803969278849634,0.7628358943507001,-0.017561033534263304,0.016562173410577107,288.5056880274989,39.0,0.2225760443136096,18.973129093647003,17.653934160951795,1158.8388332111074,1.8345918338745832
513,17,3,621504,0.8022910989762175,0.7956909920726108,-0.006600106903606684,0.016562173410577107,288.5056880274989,39.0,0.2225760443136096,18.973129093647003,17.653934160951795,1158.8388332111074,1.8345918338745832
514,17,4,1593157,0.7777024364524103,0.7625864083761452,-0.015116028076265109,0.016562173410577107,288.5056880274989,39.0,0.2225760443136096,18.973129093647003,17.653934160951795,1158.8388332111074,1.8345918338745832
515,17,5,7851696,0.73623897392646,0.7293771884912023,-0.006861785435257728,0.016562173410577107,288.5056880274989,39.0,0.2225760443136096,18.973129093647003,17.653934160951795,1158.8388332111074,1.8345918338745832
516,17,6,5799740,0.779251597231381,0.7672975755553764,-0.011954021676004678,0.016562173410577107,288.5056880274989,39.0,0.2225760443136096,18.973129093647003,17.653934160951795,1158.8388332111074,1.8345918338745832
517,17,7,4597342,0.7507173868066551,0.7399309537091499,-0.010786433097505266,0.016562173410577107,288.5056880274989,39.0,0.2225760443136096,18.973129093647003,17.653934160951795,1158.8388332111074,1.8345918338745832
518,17,8,4295983,0.7336572304552244,0.7261784132607397,-0.007478817194484622,0.016562173410577107,288.5056880274989,39.0,0.2225760443136096,18.973129093647003,17.653934160951795,1158.8388332111074,1.8345918338745832
519,17,9,5476400,0.8030730332650556,0.7898145739991549,-0.013258459265900746,0.016562173410577107,288.5056880274989,39.0,0.2225760443136096,18.973129093647003,17.653934160951795,1158.8388332111074,1.8345918338745832
520,17,10,8175648,0.7741369216822915,0.7645973234315526,-0.009539598250738912,0.016562173410577107,288.5056880274989,39.0,0.2225760443136096,18.973129093647003,17.653934160951795,1158.8388332111074,1.8345918338745832
521,17,11,1895126,0.701367604017727,0.6928147416793653,-0.008552862338361722,0.016562173410577107,288.5056880274989,39.0,0.2225760443136096,18.973129093647003,17.653934160951795,1158.8388332111074,1.8345918338745832
522,17,12,923174,0.7220879004411518,0.7073180207007363,-0.014769879740415437,0.016562173410577107,288.5056880274989,39.0,0.2225760443136096,18.973129093647003,17.653934160951795,1158.8388332111074,1.8345918338745832
523,17,13,9625558,0.8205642823934786,0.809332840853972,-0.011231441539506615,0.016562173410577107,288.5056880274989,39.0,0.2225760443136096,18.973129093647003,17.653934160951795,1158.8388332111074,1.8345918338745832
524,17,14,6682717,0.7356916080146622,0.728254004885886,-0.007437603128776171,0.016562173410577107,288.5056880274989,39.0,0.2225760443136096,18.973129093647003,17.653934160951795,1158.8388332111074,1.8345918338745832
525,17,15,2924170,0.7793250350764339,0.769875621289114,-0.009449413787319894,0.016562173410577107,288.5056880274989,39.0,0.2225760443136096,18.973129093647003,17.653934160951795,1158.8388332111074,1.8345918338745832
526,17,16,2529710,0.7517189715384189,0.748795092326235,-0.002923879212183955,0.016562173410577107,288.5056880274989,39.0,0.2225760443136096,18.973129093647003,17.653934160951795,1158.8388332111074,1.8345918338745832
527,17,17,6290701,0.721253776190051,0.7149814211118376,-0.006272355078213443,0.016562173410577107,288.5056880274989,39.0,0.2225760443136096,18.973129093647003,17.653934160951795,1158.8388332111074,1.8345918338745832
528,17,18,9861365,0.7309536571930306,0.7153918408120382,-0.01556181638099241,0.016562173410577107,288.5056880274989,39.0,0.2225760443136096,18.973129093647003,17.653934160951795,1158.8388332111074,1.8345918338745832
529,17,19,1161419,0.744752530588613,0.7365909929936856,-0.008161537594927437,0.016562173410577107,288.5056880274989,39.0,0.2225760443136096,18.973129093647003,17.653934160951795,1158.8388332111074,1.8345918338745832
530,17,20,2289204,0.7496436623379253,0.7424087606560321,-0.007234901681893224,0.016562173410577107,288.5056880274989,39.0,0.2225760443136096,18.973129093647003,17.653934160951795,1158.8388332111074,1.8345918338745832
531,17,21,8567283,0.7575492223526237,0.7429136135622395,-0.01463560879038417,0.016562173410577107,288.5056880274989,39.0,0.2225760443136096,18.973129093647003,17.653934160951795,1158.8388332111074,1.8345918338745832
532,17,22,5240975,0.7313411003971532,0.7273120701768724,-0.004029030220280783,0.016562173410577107,288.5056880274989,39.0,0.2225760443136096,18.973129093647003,17.653934160951795,1158.8388332111074,1.8345918338745832
533,17,23,4058119,0.7334886558323724,0.7239360487216677,-0.009552607110704714,0.016562173410577107,288.5056880274989,39.0,0.2225760443136096,18.973129093647003,17.653934160951795,1158.8388332111074,1.8345918338745832
534,17,24,4986614,0.755725822383293,0.7506801658988765,-0.005045656484416461,0.016562173410577107,288.5056880274989,39.0,0.2225760443136096,18.973129093647003,17.653934160951795,1158.8388332111074,1.8345918338745832
535,17,25,6186568,0.7978855761363283,0.7841557228710544,-0.013729853265273873,0.016562173410577107,288.5056880274989,39.0,0.2225760443136096,18.973129093647003,17.653934160951795,1158.8388332111074,1.8345918338745832
536,17,26,7621078,0.7787684809278298,0.7636766918848629,-0.01509178904296693,0.016562173410577107,288.5056880274989,39.0,0.2225760443136096,18.973129093647003,17.653934160951795,1158.8388332111074,1.8345918338745832
537,17,27,1360099,0.8193077506079336,0.8085677459067058,-0.010740004701227823,0.016562173410577107,288.5056880274989,39.0,0.2225760443136096,18.973129093647003,17.653934160951795,1158.8388332111074,1.8345918338745832
538,17,28,232003,0.7328133204335623,0.7277421798187343,-0.00507114061482794,0.016562173410577107,288.5056880274989,39.0,0.2225760443136096,18.973129093647003,17.653934160951795,1158.8388332111074,1.8345918338745832
539,17,29,8914870,0.7583766741545326,0.744311615236788,-0.014065058917744566,0.016562173410577107,288.5056880274989,39.0,0.2225760443136096,18.973129093647003,17.653934160951795,1158.8388332111074,1.8345918338745832
540,18,0,3225228,0.8291542599197788,0.8085775251149981,-0.020576734804780616,0.03939105781413478,151.29622590509993,26.0,0.1943540947511792,44.112565256655216,20.79626698360689,1226.1413359472049,-1.3589656110852957
541,18,1,7005739,0.7355178947036923,0.7094322583081505,-0.026085636395541845,0.03939105781413478,151.29622590509993,26.0,0.1943540947511792,44.112565256655216,20.79626698360689,1226.1413359472049,-1.3589656110852957
542,18,2,9301927,0.7452590737022219,0.7109496573083568,-0.03430941639386509,0.03939105781413478,151.29622590509993,26.0,0.1943540947511792,44.112565256655216,20.79626698360689,1226.1413359472049,-1.3589656110852957
543,18,3,621504,0.7539735807094703,0.7179718165017951,-0.0360017642076752,0.03939105781413478,151.29622590509993,26.0,0.1943540947511792,44.112565256655216,20.79626698360689,1226.1413359472049,-1.3589656110852957
544,18,4,1593157,0.669376251285689,0.6158168745427138,-0.05355937674297517,0.03939105781413478,151.29622590509993,26.0,0.1943540947511792,44.112565256655216,20.79626698360689,1226.1413359472049,-1.3589656110852957
545,18,5,7851696,0.5787604135120874,0.5098484180730226,-0.06891199543906479,0.03939105781413478,151.29622590509993,26.0,0.1943540947511792,44.112565256655216,20.79626698360689,1226.1413359472049,-1.3589656110852957
546,18,6,5799740,0.7161216420239491,0.7183202375155641,0.002198595491614941,0.03939105781413478,151.29622590509993,26.0,0.1943540947511792,44.112565256655216,20.79626698360689,1226.1413359472049,-1.3589656110852957
547,18,7,4597342,0.782992644195339,0.7522564200899623,-0.030736224105376686,0.03939105781413478,151.29622590509993,26.0,0.1943540947511792,44.112565256655216,20.79626698360689,1226.1413359472049,-1.3589656110852957
548,18,8,4295983,0.7801751553123872,0.7337899636357117,-0.04638519167667554,0.03939105781413478,151.29622590509993,26.0,0.1943540947511792,44.112565256655216,20.79626698360689,1226.1413359472049,-1.3589656110852957
549,18,9,5476400,0.7146284921545312,0.6887792933848679,-0.025849198769663295,0.03939105781413478,151.29622590509993,26.0,0.1943540947511792,44.112565256655216,20.79626698360689,1226.1413359472049,-1.3589656110852957
550,18,10,8175648,0.8132881383631229,0.779976742851222,-0.033311395511900876,0.03939105781413478,151.29622590509993,26.0,0.1943540947511792,44.112565256655216,20.79626698360689,1226.1413359472049,-1.3589656110852957
551,18,11,1895126,0.7682091968378925,0.7366439319027321,-0.03156526493516032,0.03939105781413478,151.29622590509993,26.0,0.1943540947511792,44.112565256655216,20.79626698360689,1226.1413359472049,-1.3589656110852957
552,18,12,923174,0.8640457185788173,0.8610446951745945,-0.0030010234042228134,0.03939105781413478,151.29622590509993,26.0,0.1943540947511792,44.112565256655216,20.79626698360689,1226.1413359472049,-1.3589656110852957
553,18,13,9625558,0.7368836518725259,0.6908356800419988,-0.04604797183052711,0.03939105781413478,151.29622590509993,26.0,0.1943540947511792,44.112565256655216,20.79626698360689,1226.1413359472049,-1.3589656110852957
554,18,14,6682717,0.7113121046008362,0.6605902476365351,-0.05072185696430109,0.03939105781413478,151.29622590509993,26.0,0.1943540947511792,44.112565256655216,20.79626698360689,1226.1413359472049,-1.3589656110852957
555,18,15,2924170,0.6616505245553101,0.6221086828290938,-0.03954184172621633,0.03939105781413478,151.29622590509993,26.0,0.1943540947511792,44.112565256655216,20.79626698360689,1226.1413359472049,-1.3589656110852957
556,18,16,2529710,0.7433959616579763,0.6923920935008924,-0.05100386815708391,0.03939105781413478,151.29622590509993,26.0,0.1943540947511792,44.112565256655216,20.79626698360689,1226.1413359472049,-1.3589656110852957
557,18,17,6290701,0.8041133837932563,0.7602316595177648,-0.04388172427549142,0.03939105781413478,151.29622590509993,26.0,0.1943540947511792,44.112565256655216,20.79626698360689,1226.1413359472049,-1.3589656110852957
558,18,18,9861365,0.7400482942670793,0.7118708310492468,-0.028177463217832543,0.03939105781413478,151.29622590509993,26.0,0.1943540947511792,44.112565256655216,20.79626698360689,1226.1413359472049,-1.3589656110852957
559,18,19,1161419,0.7229304871575898,0.7251744929640123,0.0022440058064224777,0.03939105781413478,151.29622590509993,26.0,0.1943540947511792,44.112565256655216,20.79626698360689,1226.1413359472049,-1.3589656110852957
560,18,20,2289204,0.7011036831136424,0.6575290223018752,-0.043574660811767196,0.03939105781413478,151.29622590509993,26.0,0.1943540947511792,44.112565256655216,20.79626698360689,1226.1413359472049,-1.3589656110852957
561,18,21,8567283,0.7655918541111261,0.7457530324491222,-0.019838821662003903,0.03939105781413478,151.29622590509993,26.0,0.1943540947511792,44.112565256655216,20.79626698360689,1226.1413359472049,-1.3589656110852957
562,18,22,5240975,0.8141983292002835,0.7777689853340528,-0.036429343866230646,0.03939105781413478,151.29622590509993,26.0,0.1943540947511792,44.112565256655216,20.79626698360689,1226.1413359472049,-1.3589656110852957
563,18,23,4058119,0.7743839452279816,0.7692128196980551,-0.00517112552992649,0.03939105781413478,151.29622590509993,26.0,0.1943540947511792,44.112565256655216,20.79626698360689,1226.1413359472049,-1.3589656110852957
564,18,24,4986614,0.7844232336629969,0.7607871991374959,-0.023636034525501004,0.03939105781413478,151.29622590509993,26.0,0.1943540947511792,44.112565256655216,20.79626698360689,1226.1413359472049,-1.3589656110852957
565,18,25,6186568,0.7495135652437876,0.7060787215317326,-0.04343484371205508,0.03939105781413478,151.29622590509993,26.0,0.1943540947511792,44.112565256655216,20.79626698360689,1226.1413359472049,-1.3589656110852957
566,18,26,7621078,0.6903662799785069,0.6408921705453288,-0.04947410943317809,0.03939105781413478,151.29622590509993,26.0,0.1943540947511792,44.112565256655216,20.79626698360689,1226.1413359472049,-1.3589656110852957
567,18,27,1360099,0.7844935336192302,0.7561260731388917,-0.028367460480338558,0.03939105781413478,151.29622590509993,26.0,0.1943540947511792,44.112565256655216,20.79626698360689,1226.1413359472049,-1.3589656110852957
568,18,28,232003,0.7733744832578058,0.7286729605873818,-0.04470152267042393,0.03939105781413478,151.29622590509993,26.0,0.1943540947511792,44.112565256655216,20.79626698360689,1226.1413359472049,-1.3589656110852957
569,18,29,8914870,0.7631250150730717,0.7528195611646474,-0.0103054539084243,0.03939105781413478,151.29622590509993,26.0,0.1943540947511792,44.112565256655216,20.79626698360689,1226.1413359472049,-1.3589656110852957
570,19,0,3225228,0.8285819202236354,0.8158847754103484,-0.012697144813286987,0.019538021644167805,128.79891172937894,52.0,0.1329386865720153,27.471749344840646,19.38307989286545,934.7699476466298,-0.09829432144761086
571,19,1,7005739,0.8129522115519886,0.8097689039829891,-0.0031833075689995383,0.019538021644167805,128.79891172937894,52.0,0.1329386865720153,27.471749344840646,19.38307989286545,934.7699476466298,-0.09829432144761086
572,19,2,9301927,0.7637830310433265,0.7454711046475192,-0.018311926395807254,0.019538021644167805,128.79891172937894,52.0,0.1329386865720153,27.471749344840646,19.38307989286545,934.7699476466298,-0.09829432144761086
573,19,3,621504,0.7235958912862334,0.7178541638506217,-0.005741727435611632,0.019538021644167805,128.79891172937894,52.0,0.1329386865720153,27.471749344840646,19.38307989286545,934.7699476466298,-0.09829432144761086
574,19,4,1593157,0.8316526028680321,0.8390059483889516,0.007353345520919485,0.019538021644167805,128.79891172937894,52.0,0.1329386865720153,27.471749344840646,19.38307989286545,934.7699476466298,-0.09829432144761086
575,19,5,7851696,0.7364232875123821,0.745138143663151,0.008714856150768946,0.019538021644167805,128.79891172937894,52.0,0.1329386865720153,27.471749344840646,19.38307989286545,934.7699476466298,-0.09829432144761086
576,19,6,5799740,0.7194209655164396,0.6985608233050328,-0.020860142211406862,0.019538021644167805,128.79891172937894,52.0,0.1329386865720153,27.471749344840646,19.38307989286545,934.7699476466298,-0.09829432144761086
577,19,7,4597342,0.7416079768221725,0.7509753499941983,0.00936737317202585,0.019538021644167805,128.79891172937894,52.0,0.1329386865720153,27.471749344840646,19.38307989286545,934.7699476466298,-0.09829432144761086
578,19,8,4295983,0.7980259202557587,0.7919805184190897,-0.006045401836669018,0.019538021644167805,128.79891172937894,52.0,0.1329386865720153,27.471749344840646,19.38307989286545,934.7699476466298,-0.09829432144761086
579,19,9,5476400,0.7679403037415067,0.7563204517274584,-0.011619852014048249,0.019538021644167805,128.79891172937894,52.0,0.1329386865720153,27.471749344840646,19.38307989286545,934.7699476466298,-0.09829432144761086
580,19,10,8175648,0.832135020067658,0.8241281535318484,-0.00800686653580962,0.019538021644167805,128.79891172937894,52.0,0.1329386865720153,27.471749344840646,19.38307989286545,934.7699476466298,-0.09829432144761086
581,19,11,1895126,0.6983301903851046,0.6900470536188179,-0.00828313676628667,0.019538021644167805,128.79891172937894,52.0,0.1329386865720153,27.471749344840646,19.38307989286545,934.7699476466298,-0.09829432144761086
582,19,12,923174,0.7996162849094046,0.7841318349400087,-0.015484449969395908,0.019538021644167805,128.79891172937894,52.0,0.1329386865720153,27.471749344840646,19.38307989286545,934.7699476466298,-0.09829432144761086
583,19,13,9625558,0.7653613725529725,0.7675260157511382,0.002164643198165672,0.019538021644167805,128.79891172937894,52.0,0.1329386865720153,27.471749344840646,19.38307989286545,934.7699476466298,-0.09829432144761086
584,19,14,6682717,0.6920085081144868,0.688376637214032,-0.0036318709004548033,0.019538021644167805,128.79891172937894,52.0,0.1329386865720153,27.471749344840646,19.38307989286545,934.7699476466298,-0.09829432144761086
585,19,15,2924170,0.7735211657935643,0.758048895186206,-0.01547227060735834,0.019538021644167805,128.79891172937894,52.0,0.1329386865720153,27.471749344840646,19.38307989286545,934.7699476466298,-0.09829432144761086
586,19,16,2529710,0.7626667692576069,0.7608966403017791,-0.0017701289558278432,0.019538021644167805,128.79891172937894,52.0,0.1329386865720153,27.471749344840646,19.38307989286545,934.7699476466298,-0.09829432144761086
587,19,17,6290701,0.7941379130602262,0.7870170070543085,-0.007120906005917638,0.019538021644167805,128.79891172937894,52.0,0.1329386865720153,27.471749344840646,19.38307989286545,934.7699476466298,-0.09829432144761086
588,19,18,9861365,0.7650532511479132,0.7539601983884171,-0.011093052759496125,0.019538021644167805,128.79891172937894,52.0,0.1329386865720153,27.471749344840646,19.38307989286545,934.7699476466298,-0.09829432144761086
589,19,19,1161419,0.8156642145779996,0.8057832619668335,-0.009880952611166172,0.019538021644167805,128.79891172937894,52.0,0.1329386865720153,27.471749344840646,19.38307989286545,934.7699476466298,-0.09829432144761086
590,19,20,2289204,0.7904946137898886,0.7859052665593531,-0.004589347230535501,0.019538021644167805,128.79891172937894,52.0,0.1329386865720153,27.471749344840646,19.38307989286545,934.7699476466298,-0.09829432144761086
591,19,21,8567283,0.7716814411445807,0.7673490380880795,-0.004332403056501177,0.019538021644167805,128.79891172937894,52.0,0.1329386865720153,27.471749344840646,19.38307989286545,934.7699476466298,-0.09829432144761086
592,19,22,5240975,0.7067030390142455,0.7094789054722941,0.0027758664580486148,0.019538021644167805,128.79891172937894,52.0,0.1329386865720153,27.471749344840646,19.38307989286545,934.7699476466298,-0.09829432144761086
593,19,23,4058119,0.7913205110697364,0.7794878537512971,-0.011832657318439299,0.019538021644167805,128.79891172937894,52.0,0.1329386865720153,27.471749344840646,19.38307989286545,934.7699476466298,-0.09829432144761086
594,19,24,4986614,0.7663324785260022,0.7606970494719133,-0.00563542905408887,0.019538021644167805,128.79891172937894,52.0,0.1329386865720153,27.471749344840646,19.38307989286545,934.7699476466298,-0.09829432144761086
595,19,25,6186568,0.7654490310908778,0.7556561893217014,-0.009792841769176386,0.019538021644167805,128.79891172937894,52.0,0.1329386865720153,27.471749344840646,19.38307989286545,934.7699476466298,-0.09829432144761086
596,19,26,7621078,0.7634400152324333,0.7573623432616092,-0.0060776719708240945,0.019538021644167805,128.79891172937894,52.0,0.1329386865720153,27.471749344840646,19.38307989286545,934.7699476466298,-0.09829432144761086
597,19,27,1360099,0.8382167359365497,0.8308959681209305,-0.007320767815619189,0.019538021644167805,128.79891172937894,52.0,0.1329386865720153,27.471749344840646,19.38307989286545,934.7699476466298,-0.09829432144761086
598,19,28,232003,0.7813816271651971,0.7770455543423124,-0.004336072822884729,0.019538021644167805,128.79891172937894,52.0,0.1329386865720153,27.471749344840646,19.38307989286545,934.7699476466298,-0.09829432144761086
599,19,29,8914870,0.7871170870677491,0.7686546984593227,-0.018462388608426417,0.019538021644167805,128.79891172937894,52.0,0.1329386865720153,27.471749344840646,19.38307989286545,934.7699476466298,-0.09829432144761086
600,20,0,3225228,0.8254511147546574,0.8042749479622138,-0.021176166792443607,0.020536178294942604,190.19481916339916,34.0,0.24474413990974425,70.62617194838822,25.651788154893886,1326.3050656141806,0.8813023902475834
601,20,1,7005739,0.6531841438019451,0.641240899370961,-0.011943244430984157,0.020536178294942604,190.19481916339916,34.0,0.24474413990974425,70.62617194838822,25.651788154893886,1326.3050656141806,0.8813023902475834
602,20,2,9301927,0.8277080623476983,0.8069897172553914,-0.020718345092306967,0.020536178294942604,190.19481916339916,34.0,0.24474413990974425,70.62617194838822,25.651788154893886,1326.3050656141806,0.8813023902475834
603,20,3,621504,0.720884347398352,0.7076694202701475,-0.013214927128204601,0.020536178294942604,190.19481916339916,34.0,0.24474413990974425,70.62617194838822,25.651788154893886,1326.3050656141806,0.8813023902475834
604,20,4,1593157,0.6209460541565228,0.6275093209738777,0.0065632668173548625,0.020536178294942604,190.19481916339916,34.0,0.24474413990974425,70.62617194838822,25.651788154893886,1326.3050656141806,0.8813023902475834
605,20,5,7851696,0.568938519223539,0.5700042294346362,0.0010657102110972483,0.020536178294942604,190.19481916339916,34.0,0.24474413990974425,70.62617194838822,25.651788154893886,1326.3050656141806,0.8813023902475834
606,20,6,5799740,0.7286276731138152,0.7125782405848108,-0.01604943252900437,0.020536178294942604,190.19481916339916,34.0,0.24474413990974425,70.62617194838822,25.651788154893886,1326.3050656141806,0.8813023902475834
607,20,7,4597342,0.7180521791692412,0.7147214106226392,-0.003330768546602081,0.020536178294942604,190.19481916339916,34.0,0.24474413990974425,70.62617194838822,25.651788154893886,1326.3050656141806,0.8813023902475834
608,20,8,4295983,0.5553381909218158,0.561170787703503,0.005832596781687238,0.020536178294942604,190.19481916339916,34.0,0.24474413990974425,70.62617194838822,25.651788154893886,1326.3050656141806,0.8813023902475834
609,20,9,5476400,0.6909424785941354,0.6890747019116693,-0.0018677766824660713,0.020536178294942604,190.19481916339916,34.0,0.24474413990974425,70.62617194838822,25.651788154893886,1326.3050656141806,0.8813023902475834
610,20,10,8175648,0.8329606527989477,0.8186498387750397,-0.014310814023907992,0.020536178294942604,190.19481916339916,34.0,0.24474413990974425,70.62617194838822,25.651788154893886,1326.3050656141806,0.8813023902475834
611,20,11,1895126,0.8153649213307762,0.7933417891245909,-0.022023132206185347,0.020536178294942604,190.19481916339916,34.0,0.24474413990974425,70.62617194838822,25.651788154893886,1326.3050656141806,0.8813023902475834
612,20,12,923174,0.8770196682210675,0.8602374341407265,-0.016782234080340963,0.020536178294942604,190.19481916339916,34.0,0.24474413990974425,70.62617194838822,25.651788154893886,1326.3050656141806,0.8813023902475834
613,20,13,9625558,0.7088577825712808,0.701876294949768,-0.00698148762151285,0.020536178294942604,190.19481916339916,34.0,0.24474413990974425,70.62617194838822,25.651788154893886,1326.3050656141806,0.8813023902475834
614,20,14,6682717,0.7723204940900505,0.7456850107395449,-0.026635483350505695,0.020536178294942604,190.19481916339916,34.0,0.24474413990974425,70.62617194838822,25.651788154893886,1326.3050656141806,0.8813023902475834
615,20,15,2924170,0.673475808306394,0.6676071778860408,-0.005868630420353127,0.020536178294942604,190.19481916339916,34.0,0.24474413990974425,70.62617194838822,25.651788154893886,1326.3050656141806,0.8813023902475834
616,20,16,2529710,0.7453423361154146,0.7245117482007665,-0.02083058791464809,0.020536178294942604,190.19481916339916,34.0,0.24474413990974425,70.62617194838822,25.651788154893886,1326.3050656141806,0.8813023902475834
617,20,17,6290701,0.6211116476019883,0.6074015308104481,-0.013710116791540217,0.020536178294942604,190.19481916339916,34.0,0.24474413990974425,70.62617194838822,25.651788154893886,1326.3050656141806,0.8813023902475834
618,20,18,9861365,0.8282989867782385,0.8120401592561329,-0.016258827522105612,0.020536178294942604,190.19481916339916,34.0,0.24474413990974425,70.62617194838822,25.651788154893886,1326.3050656141806,0.8813023902475834
619,20,19,1161419,0.7776450533423286,0.7696686232084892,-0.007976430133839418,0.020536178294942604,190.19481916339916,34.0,0.24474413990974425,70.62617194838822,25.651788154893886,1326.3050656141806,0.8813023902475834
620,20,20,2289204,0.7950250652978212,0.7747931190182322,-0.02023194627958902,0.020536178294942604,190.19481916339916,34.0,0.24474413990974425,70.62617194838822,25.651788154893886,1326.3050656141806,0.8813023902475834
621,20,21,8567283,0.7020376366850474,0.6800190393477294,-0.022018597337317924,0.020536178294942604,190.19481916339916,34.0,0.24474413990974425,70.62617194838822,25.651788154893886,1326.3050656141806,0.8813023902475834
622,20,22,5240975,0.7028286339127786,0.6957876319905038,-0.007041001922274859,0.020536178294942604,190.19481916339916,34.0,0.24474413990974425,70.62617194838822,25.651788154893886,1326.3050656141806,0.8813023902475834
623,20,23,4058119,0.8012662266560168,0.7865771702018045,-0.014689056454212257,0.020536178294942604,190.19481916339916,34.0,0.24474413990974425,70.62617194838822,25.651788154893886,1326.3050656141806,0.8813023902475834
624,20,24,4986614,0.5695704131295619,0.5614650949146492,-0.008105318214912671,0.020536178294942604,190.19481916339916,34.0,0.24474413990974425,70.62617194838822,25.651788154893886,1326.3050656141806,0.8813023902475834
625,20,25,6186568,0.8278525062014647,0.8116162351298782,-0.016236271071586428,0.020536178294942604,190.19481916339916,34.0,0.24474413990974425,70.62617194838822,25.651788154893886,1326.3050656141806,0.8813023902475834
626,20,26,7621078,0.7817325983766601,0.7611979770391917,-0.020534621337468417,0.020536178294942604,190.19481916339916,34.0,0.24474413990974425,70.62617194838822,25.651788154893886,1326.3050656141806,0.8813023902475834
627,20,27,1360099,0.7872170599427732,0.7596314276425533,-0.02758563230021993,0.020536178294942604,190.19481916339916,34.0,0.24474413990974425,70.62617194838822,25.651788154893886,1326.3050656141806,0.8813023902475834
628,20,28,232003,0.8230931039997071,0.8033200409537042,-0.019773063046002903,0.020536178294942604,190.19481916339916,34.0,0.24474413990974425,70.62617194838822,25.651788154893886,1326.3050656141806,0.8813023902475834
629,20,29,8914870,0.734191691022857,0.7171359186993852,-0.017055772323471774,0.020536178294942604,190.19481916339916,34.0,0.24474413990974425,70.62617194838822,25.651788154893886,1326.3050656141806,0.8813023902475834
630,21,0,3225228,0.602476479725609,0.55214937857259,-0.05032710115301897,0.03971058359386453,241.11066723144913,48.0,0.2609653199091554,35.74715574271977,11.363055295978606,991.9683991854686,2.708178162574768
631,21,1,7005739,0.5667548075899845,0.5273001951330492,-0.03945461245693538,0.03971058359386453,241.11066723144913,48.0,0.2609653199091554,35.74715574271977,11.363055295978606,991.9683991854686,2.708178162574768
632,21,2,9301927,0.6310460931146413,0.5824120182427988,-0.04863407487184257,0.03971058359386453,241.11066723144913,48.0,0.2609653199091554,35.74715574271977,11.363055295978606,991.9683991854686,2.708178162574768
633,21,3,621504,0.6595628940944492,0.6206895651138418,-0.03887332898060747,0.03971058359386453,241.11066723144913,48.0,0.2609653199091554,35.74715574271977,11.363055295978606,991.9683991854686,2.708178162574768
634,21,4,1593157,0.579095798730542,0.5437589628865332,-0.03533683584400871,0.03971058359386453,241.11066723144913,48.0,0.2609653199091554,35.74715574271977,11.363055295978606,991.9683991854686,2.708178162574768
635,21,5,7851696,0.6647596972922339,0.6204903342288457,-0.044269363063388245,0.03971058359386453,241.11066723144913,48.0,0.2609653199091554,35.74715574271977,11.363055295978606,991.9683991854686,2.708178162574768
636,21,6,5799740,0.5192624568140348,0.4875867796921065,-0.031675677121928314,0.03971058359386453,241.11066723144913,48.0,0.2609653199091554,35.74715574271977,11.363055295978606,991.9683991854686,2.708178162574768
637,21,7,4597342,0.5434065218383571,0.49972126663910854,-0.043685255199248596,0.03971058359386453,241.11066723144913,48.0,0.2609653199091554,35.74715574271977,11.363055295978606,991.9683991854686,2.708178162574768
638,21,8,4295983,0.5696807948154466,0.5306418480547207,-0.039038946760725945,0.03971058359386453,241.11066723144913,48.0,0.2609653199091554,35.74715574271977,11.363055295978606,991.9683991854686,2.708178162574768
639,21,9,5476400,0.6563768178749109,0.6282540707291375,-0.02812274714577334,0.03971058359386453,241.11066723144913,48.0,0.2609653199091554,35.74715574271977,11.363055295978606,991.9683991854686,2.708178162574768
640,21,10,8175648,0.6654250736539479,0.6295959122747969,-0.03582916137915093,0.03971058359386453,241.11066723144913,48.0,0.2609653199091554,35.74715574271977,11.363055295978606,991.9683991854686,2.708178162574768
641,21,11,1895126,0.6488824995608282,0.617746848261222,-0.03113565129960627,0.03971058359386453,241.11066723144913,48.0,0.2609653199091554,35.74715574271977,11.363055295978606,991.9683991854686,2.708178162574768
642,21,12,923174,0.630157078140667,0.5940752050164639,-0.03608187312420308,0.03971058359386453,241.11066723144913,48.0,0.2609653199091554,35.74715574271977,11.363055295978606,991.9683991854686,2.708178162574768
643,21,13,9625558,0.7770367450457047,0.7534003506904721,-0.02363639435523268,0.03971058359386453,241.11066723144913,48.0,0.2609653199091554,35.74715574271977,11.363055295978606,991.9683991854686,2.708178162574768
644,21,14,6682717,0.740814600788583,0.7093990180052834,-0.03141558278329959,0.03971058359386453,241.11066723144913,48.0,0.2609653199091554,35.74715574271977,11.363055295978606,991.9683991854686,2.708178162574768
645,21,15,2924170,0.6220368069384532,0.5930456943790797,-0.028991112559373478,0.03971058359386453,241.11066723144913,48.0,0.2609653199091554,35.74715574271977,11.363055295978606,991.9683991854686,2.708178162574768
646,21,16,2529710,0.6094548134594374,0.5660822700602102,-0.04337254339922725,0.03971058359386453,241.11066723144913,48.0,0.2609653199091554,35.74715574271977,11.363055295978606,991.9683991854686,2.708178162574768
647,21,17,6290701,0.47689218679467704,0.43463512973980994,-0.0422570570548671,0.03971058359386453,241.11066723144913,48.0,0.2609653199091554,35.74715574271977,11.363055295978606,991.9683991854686,2.708178162574768
648,21,18,9861365,0.6058697710167736,0.580228756147975,-0.02564101486879866,0.03971058359386453,241.11066723144913,48.0,0.2609653199091554,35.74715574271977,11.363055295978606,991.9683991854686,2.708178162574768
649,21,19,1161419,0.6151284585501019,0.5818959334222142,-0.03323252512788766,0.03971058359386453,241.11066723144913,48.0,0.2609653199091554,35.74715574271977,11.363055295978606,991.9683991854686,2.708178162574768
650,21,20,2289204,0.5771825432141285,0.5223489413593421,-0.05483360185478647,0.03971058359386453,241.11066723144913,48.0,0.2609653199091554,35.74715574271977,11.363055295978606,991.9683991854686,2.708178162574768
651,21,21,8567283,0.6007220359906597,0.5648108275253844,-0.03591120846527529,0.03971058359386453,241.11066723144913,48.0,0.2609653199091554,35.74715574271977,11.363055295978606,991.9683991854686,2.708178162574768
652,21,22,5240975,0.6495437606032415,0.6097664718669455,-0.039777288736295935,0.03971058359386453,241.11066723144913,48.0,0.2609653199091554,35.74715574271977,11.363055295978606,991.9683991854686,2.708178162574768
653,21,23,4058119,0.6664917270859944,0.6323333308115849,-0.03415839627440942,0.03971058359386453,241.11066723144913,48.0,0.2609653199091554,35.74715574271977,11.363055295978606,991.9683991854686,2.708178162574768
654,21,24,4986614,0.5698383357828735,0.5478273628552351,-0.022010972927638317,0.03971058359386453,241.11066723144913,48.0,0.2609653199091554,35.74715574271977,11.363055295978606,991.9683991854686,2.708178162574768
655,21,25,6186568,0.6684010454202253,0.6187208286167794,-0.04968021680344592,0.03971058359386453,241.11066723144913,48.0,0.2609653199091554,35.74715574271977,11.363055295978606,991.9683991854686,2.708178162574768
656,21,26,7621078,0.6314004437554647,0.5826429904981265,-0.04875745325733816,0.03971058359386453,241.11066723144913,48.0,0.2609653199091554,35.74715574271977,11.363055295978606,991.9683991854686,2.708178162574768
657,21,27,1360099,0.6648434522960882,0.6383901070959397,-0.026453345200148526,0.03971058359386453,241.11066723144913,48.0,0.2609653199091554,35.74715574271977,11.363055295978606,991.9683991854686,2.708178162574768
658,21,28,232003,0.7085942217372134,0.6585120124718717,-0.05008220926534168,0.03971058359386453,241.11066723144913,48.0,0.2609653199091554,35.74715574271977,11.363055295978606,991.9683991854686,2.708178162574768
659,21,29,8914870,0.5499872419546081,0.5256217871085817,-0.02436545484602648,0.03971058359386453,241.11066723144913,48.0,0.2609653199091554,35.74715574271977,11.363055295978606,991.9683991854686,2.708178162574768
660,22,0,3225228,0.7605464119796259,0.7160899576808397,-0.0444564542987862,0.04841890010045698,172.8773436173758,36.0,0.17296608053147794,84.8782313708216,42.05291374601135,1094.309315771885,-1.9254490658640862
661,22,1,7005739,0.6303917611797376,0.6003270563285131,-0.030064704851224477,0.04841890010045698,172.8773436173758,36.0,0.17296608053147794,84.8782313708216,42.05291374601135,1094.309315771885,-1.9254490658640862
662,22,2,9301927,0.6412853350474657,0.588916642205881,-0.05236869284158463,0.04841890010045698,172.8773436173758,36.0,0.17296608053147794,84.8782313708216,42.05291374601135,1094.309315771885,-1.9254490658640862
663,22,3,621504,0.6284370647044305,0.5790997058505598,-0.049337358853870694,0.04841890010045698,172.8773436173758,36.0,0.17296608053147794,84.8782313708216,42.05291374601135,1094.309315771885,-1.9254490658640862
664,22,4,1593157,0.528475881672438,0.5245864355391481,-0.0038894461332898977,0.04841890010045698,172.8773436173758,36.0,0.17296608053147794,84.8782313708216,42.05291374601135,1094.309315771885,-1.9254490658640862
665,22,5,7851696,0.5760362316279398,0.5380968460318057,-0.03793938559613408,0.04841890010045698,172.8773436173758,36.0,0.17296608053147794,84.8782313708216,42.05291374601135,1094.309315771885,-1.9254490658640862
666,22,6,5799740,0.6452619754983646,0.591308224254972,-0.053953751243392634,0.04841890010045698,172.8773436173758,36.0,0.17296608053147794,84.8782313708216,42.05291374601135,1094.309315771885,-1.9254490658640862
667,22,7,4597342,0.6896564755322495,0.6381004017784627,-0.05155607375378679,0.04841890010045698,172.8773436173758,36.0,0.17296608053147794,84.8782313708216,42.05291374601135,1094.309315771885,-1.9254490658640862
668,22,8,4295983,0.7127272136008802,0.6653225557383919,-0.047404657862488264,0.04841890010045698,172.8773436173758,36.0,0.17296608053147794,84.8782313708216,42.05291374601135,1094.309315771885,-1.9254490658640862
669,22,9,5476400,0.722031790070636,0.6703058584385629,-0.05172593163207306,0.04841890010045698,172.8773436173758,36.0,0.17296608053147794,84.8782313708216,42.05291374601135,1094.309315771885,-1.9254490658640862
670,22,10,8175648,0.7787750945287608,0.7253818407702569,-0.0533932537585039,0.04841890010045698,172.8773436173758,36.0,0.17296608053147794,84.8782313708216,42.05291374601135,1094.309315771885,-1.9254490658640862
671,22,11,1895126,0.7045798562584061,0.6479681527064612,-0.05661170355194489,0.04841890010045698,172.8773436173758,36.0,0.17296608053147794,84.8782313708216,42.05291374601135,1094.309315771885,-1.9254490658640862
672,22,12,923174,0.6798648204847363,0.6441268212584607,-0.03573799922627563,0.04841890010045698,172.8773436173758,36.0,0.17296608053147794,84.8782313708216,42.05291374601135,1094.309315771885,-1.9254490658640862
673,22,13,9625558,0.6843756236942496,0.6286353426871413,-0.05574028100710837,0.04841890010045698,172.8773436173758,36.0,0.17296608053147794,84.8782313708216,42.05291374601135,1094.309315771885,-1.9254490658640862
674,22,14,6682717,0.685806576207917,0.6317533351037016,-0.05405324110421539,0.04841890010045698,172.8773436173758,36.0,0.17296608053147794,84.8782313708216,42.05291374601135,1094.309315771885,-1.9254490658640862
675,22,15,2924170,0.6464254956846777,0.5927416232672004,-0.053683872417477296,0.04841890010045698,172.8773436173758,36.0,0.17296608053147794,84.8782313708216,42.05291374601135,1094.309315771885,-1.9254490658640862
676,22,16,2529710,0.6872938010959894,0.6367318429400687,-0.05056195815592068,0.04841890010045698,172.8773436173758,36.0,0.17296608053147794,84.8782313708216,42.05291374601135,1094.309315771885,-1.9254490658640862
677,22,17,6290701,0.6743236350728881,0.6378481394475084,-0.03647549562537966,0.04841890010045698,172.8773436173758,36.0,0.17296608053147794,84.8782313708216,42.05291374601135,1094.309315771885,-1.9254490658640862
678,22,18,9861365,0.6601425235370239,0.6093557782808132,-0.05078674525621063,0.04841890010045698,172.8773436173758,36.0,0.17296608053147794,84.8782313708216,42.05291374601135,1094.309315771885,-1.9254490658640862
679,22,19,1161419,0.704765301994401,0.6644276678861322,-0.04033763410826885,0.04841890010045698,172.8773436173758,36.0,0.17296608053147794,84.8782313708216,42.05291374601135,1094.309315771885,-1.9254490658640862
680,22,20,2289204,0.6819949157709663,0.6361681255368563,-0.04582679023410996,0.04841890010045698,172.8773436173758,36.0,0.17296608053147794,84.8782313708216,42.05291374601135,1094.309315771885,-1.9254490658640862
681,22,21,8567283,0.7319623475598834,0.6906455802210815,-0.04131676733880196,0.04841890010045698,172.8773436173758,36.0,0.17296608053147794,84.8782313708216,42.05291374601135,1094.309315771885,-1.9254490658640862
682,22,22,5240975,0.6657286541662758,0.6174233929799917,-0.04830526118628409,0.04841890010045698,172.8773436173758,36.0,0.17296608053147794,84.8782313708216,42.05291374601135,1094.309315771885,-1.9254490658640862
683,22,23,4058119,0.686611141907138,0.6525909924510566,-0.03402014945608145,0.04841890010045698,172.8773436173758,36.0,0.17296608053147794,84.8782313708216,42.05291374601135,1094.309315771885,-1.9254490658640862
684,22,24,4986614,0.6442262800796337,0.6001381557065911,-0.04408812437304255,0.04841890010045698,172.8773436173758,36.0,0.17296608053147794,84.8782313708216,42.05291374601135,1094.309315771885,-1.9254490658640862
685,22,25,6186568,0.6778325451850663,0.627130145714214,-0.05070239947085231,0.04841890010045698,172.8773436173758,36.0,0.17296608053147794,84.8782313708216,42.05291374601135,1094.309315771885,-1.9254490658640862
686,22,26,7621078,0.7429591969053881,0.6904495292689783,-0.05250966763640985,0.04841890010045698,172.8773436173758,36.0,0.17296608053147794,84.8782313708216,42.05291374601135,1094.309315771885,-1.9254490658640862
687,22,27,1360099,0.6634612054666517,0.6415870811799883,-0.021874124286663355,0.04841890010045698,172.8773436173758,36.0,0.17296608053147794,84.8782313708216,42.05291374601135,1094.309315771885,-1.9254490658640862
688,22,28,232003,0.6964447582734182,0.6461363114421776,-0.05030844683124058,0.04841890010045698,172.8773436173758,36.0,0.17296608053147794,84.8782313708216,42.05291374601135,1094.309315771885,-1.9254490658640862
689,22,29,8914870,0.6051234283365362,0.5577007620316665,-0.04742266630486969,0.04841890010045698,172.8773436173758,36.0,0.17296608053147794,84.8782313708216,42.05291374601135,1094.309315771885,-1.9254490658640862
690,23,0,3225228,0.552325163613766,0.5465393702178718,-0.005785793395894245,0.03904762311850951,163.23371364967832,56.0,0.18592685144394636,43.01542081870139,27.069258050334792,968.1992554861262,2.030981255695224
691,23,1,7005739,0.6351250624932088,0.63983771473009,0.004712652236881221,0.03904762311850951,163.23371364967832,56.0,0.18592685144394636,43.01542081870139,27.069258050334792,968.1992554861262,2.030981255695224
692,23,2,9301927,0.5270347775808479,0.5222333486494155,-0.004801428931432428,0.03904762311850951,163.23371364967832,56.0,0.18592685144394636,43.01542081870139,27.069258050334792,968.1992554861262,2.030981255695224
693,23,3,621504,0.5829263223041792,0.573865533764434,-0.009060788539745124,0.03904762311850951,163.23371364967832,56.0,0.18592685144394636,43.01542081870139,27.069258050334792,968.1992554861262,2.030981255695224
694,23,4,1593157,0.6594464256283894,0.6542539276032777,-0.00519249802511168,0.03904762311850951,163.23371364967832,56.0,0.18592685144394636,43.01542081870139,27.069258050334792,968.1992554861262,2.030981255695224
695,23,5,7851696,0.6135294595388638,0.6207033161730705,0.007173856634206666,0.03904762311850951,163.23371364967832,56.0,0.18592685144394636,43.01542081870139,27.069258050334792,968.1992554861262,2.030981255695224
696,23,6,5799740,0.513897492194686,0.524721716487624,0.010824224292938056,0.03904762311850951,163.23371364967832,56.0,0.18592685144394636,43.01542081870139,27.069258050334792,968.1992554861262,2.030981255695224
697,23,7,4597342,0.5361637059570536,0.5443539827870739,0.008190276830020271,0.03904762311850951,163.23371364967832,56.0,0.18592685144394636,43.01542081870139,27.069258050334792,968.1992554861262,2.030981255695224
698,23,8,4295983,0.5792457448671479,0.5910016775198957,0.01175593265274788,0.03904762311850951,163.23371364967832,56.0,0.18592685144394636,43.01542081870139,27.069258050334792,968.1992554861262,2.030981255695224
699,23,9,5476400,0.5585562169352081,0.5555446685249508,-0.003011548410257303,0.03904762311850951,163.23371364967832,56.0,0.18592685144394636,43.01542081870139,27.069258050334792,968.1992554861262,2.030981255695224
700,23,10,8175648,0.5651937628724101,0.5340647489482976,-0.031129013924112492,0.03904762311850951,163.23371364967832,56.0,0.18592685144394636,43.01542081870139,27.069258050334792,968.1992554861262,2.030981255695224
701,23,11,1895126,0.571121559612299,0.5677907884727267,-0.003330771139572364,0.03904762311850951,163.23371364967832,56.0,0.18592685144394636,43.01542081870139,27.069258050334792,968.1992554861262,2.030981255695224
702,23,12,923174,0.5104105889873257,0.5063690666574027,-0.004041522329923053,0.03904762311850951,163.23371364967832,56.0,0.18592685144394636,43.01542081870139,27.069258050334792,968.1992554861262,2.030981255695224
703,23,13,9625558,0.6032201444004108,0.6021558723890089,-0.0010642720114019122,0.03904762311850951,163.23371364967832,56.0,0.18592685144394636,43.01542081870139,27.069258050334792,968.1992554861262,2.030981255695224
704,23,14,6682717,0.5245566718680272,0.5243180476783154,-0.00023862418971187793,0.03904762311850951,163.23371364967832,56.0,0.18592685144394636,43.01542081870139,27.069258050334792,968.1992554861262,2.030981255695224
705,23,15,2924170,0.6197715524379789,0.6217333440692787,0.0019617916312998362,0.03904762311850951,163.23371364967832,56.0,0.18592685144394636,43.01542081870139,27.069258050334792,968.1992554861262,2.030981255695224
706,23,16,2529710,0.5127295150768049,0.51664048586144,0.003910970784635093,0.03904762311850951,163.23371364967832,56.0,0.18592685144394636,43.01542081870139,27.069258050334792,968.1992554861262,2.030981255695224
707,23,17,6290701,0.7026565794393685,0.6986084719198542,-0.0040481075195143434,0.03904762311850951,163.23371364967832,56.0,0.18592685144394636,43.01542081870139,27.069258050334792,968.1992554861262,2.030981255695224
708,23,18,9861365,0.6017008657827968,0.6122324689764899,0.010531603193693062,0.03904762311850951,163.23371364967832,56.0,0.18592685144394636,43.01542081870139,27.069258050334792,968.1992554861262,2.030981255695224
709,23,19,1161419,0.4921350309471298,0.4924593792840496,0.0003243483369197997,0.03904762311850951,163.23371364967832,56.0,0.18592685144394636,43.01542081870139,27.069258050334792,968.1992554861262,2.030981255695224
710,23,20,2289204,0.5500631420977055,0.5633648297751577,0.013301687677452212,0.03904762311850951,163.23371364967832,56.0,0.18592685144394636,43.01542081870139,27.069258050334792,968.1992554861262,2.030981255695224
711,23,21,8567283,0.525037866511724,0.5337180560379923,0.008680189526268256,0.03904762311850951,163.23371364967832,56.0,0.18592685144394636,43.01542081870139,27.069258050334792,968.1992554861262,2.030981255695224
712,23,22,5240975,0.5010136226995687,0.5103047780759393,0.009291155376370597,0.03904762311850951,163.23371364967832,56.0,0.18592685144394636,43.01542081870139,27.069258050334792,968.1992554861262,2.030981255695224
713,23,23,4058119,0.5647365378402468,0.5662303383544851,0.0014938005142383082,0.03904762311850951,163.23371364967832,56.0,0.18592685144394636,43.01542081870139,27.069258050334792,968.1992554861262,2.030981255695224
714,23,24,4986614,0.5359804712056668,0.5390095507744507,0.0030290795687838434,0.03904762311850951,163.23371364967832,56.0,0.18592685144394636,43.01542081870139,27.069258050334792,968.1992554861262,2.030981255695224
715,23,25,6186568,0.5036037406759425,0.5107862739879808,0.0071825333120383306,0.03904762311850951,163.23371364967832,56.0,0.18592685144394636,43.01542081870139,27.069258050334792,968.1992554861262,2.030981255695224
716,23,26,7621078,0.5576792642774916,0.5589429751614025,0.0012637108839108624,0.03904762311850951,163.23371364967832,56.0,0.18592685144394636,43.01542081870139,27.069258050334792,968.1992554861262,2.030981255695224
717,23,27,1360099,0.6224172781749815,0.6225528400805567,0.00013556190557517667,0.03904762311850951,163.23371364967832,56.0,0.18592685144394636,43.01542081870139,27.069258050334792,968.1992554861262,2.030981255695224
718,23,28,232003,0.6639652765621212,0.65780208139849,-0.006163195163631285,0.03904762311850951,163.23371364967832,56.0,0.18592685144394636,43.01542081870139,27.069258050334792,968.1992554861262,2.030981255695224
719,23,29,8914870,0.5465235669114517,0.5669171492342369,0.02039358232278521,0.03904762311850951,163.23371364967832,56.0,0.18592685144394636,43.01542081870139,27.069258050334792,968.1992554861262,2.030981255695224
720,24,0,3225228,0.7152807268084331,0.7305747416733646,0.015294014864931427,0.07537551326394301,232.04546344101786,29.0,0.2988772563636303,77.55657960660756,18.349563392881038,1248.3131362997372,-2.790180439129472
721,24,1,7005739,0.7483465057382888,0.6441888532595585,-0.10415765247873021,0.07537551326394301,232.04546344101786,29.0,0.2988772563636303,77.55657960660756,18.349563392881038,1248.3131362997372,-2.790180439129472
722,24,2,9301927,0.6963456268195708,0.6017177029880907,-0.09462792383148011,0.07537551326394301,232.04546344101786,29.0,0.2988772563636303,77.55657960660756,18.349563392881038,1248.3131362997372,-2.790180439129472
723,24,3,621504,0.6868549370500681,0.5547720158377066,-0.13208292121236143,0.07537551326394301,232.04546344101786,29.0,0.2988772563636303,77.55657960660756,18.349563392881038,1248.3131362997372,-2.790180439129472
724,24,4,1593157,0.7526579069511676,0.7174046447573886,-0.035253262193779,0.07537551326394301,232.04546344101786,29.0,0.2988772563636303,77.55657960660756,18.349563392881038,1248.3131362997372,-2.790180439129472
725,24,5,7851696,0.7226126026459103,0.6157829634610708,-0.10682963918483956,0.07537551326394301,232.04546344101786,29.0,0.2988772563636303,77.55657960660756,18.349563392881038,1248.3131362997372,-2.790180439129472
726,24,6,5799740,0.6280484345594036,0.5869220364086509,-0.0411263981507527,0.07537551326394301,232.04546344101786,29.0,0.2988772563636303,77.55657960660756,18.349563392881038,1248.3131362997372,-2.790180439129472
727,24,7,4597342,0.6857487443512411,0.6317723864486017,-0.05397635790263944,0.07537551326394301,232.04546344101786,29.0,0.2988772563636303,77.55657960660756,18.349563392881038,1248.3131362997372,-2.790180439129472
728,24,8,4295983,0.6991328362729907,0.5748221616625949,-0.1243106746103958,0.07537551326394301,232.04546344101786,29.0,0.2988772563636303,77.55657960660756,18.349563392881038,1248.3131362997372,-2.790180439129472
729,24,9,5476400,0.7755329591805875,0.7506004449140067,-0.02493251426658083,0.07537551326394301,232.04546344101786,29.0,0.2988772563636303,77.55657960660756,18.349563392881038,1248.3131362997372,-2.790180439129472
730,24,10,8175648,0.7064309595332479,0.6108822605255828,-0.09554869900766505,0.07537551326394301,232.04546344101786,29.0,0.2988772563636303,77.55657960660756,18.349563392881038,1248.3131362997372,-2.790180439129472
731,24,11,1895126,0.8088220945095754,0.7095868651158848,-0.09923522939369067,0.07537551326394301,232.04546344101786,29.0,0.2988772563636303,77.55657960660756,18.349563392881038,1248.3131362997372,-2.790180439129472
732,24,12,923174,0.720501479597913,0.6018938673988358,-0.11860761219907723,0.07537551326394301,232.04546344101786,29.0,0.2988772563636303,77.55657960660756,18.349563392881038,1248.3131362997372,-2.790180439129472
733,24,13,9625558,0.685732133314492,0.6087295262542436,-0.07700260706024842,0.07537551326394301,232.04546344101786,29.0,0.2988772563636303,77.55657960660756,18.349563392881038,1248.3131362997372,-2.790180439129472
734,24,14,6682717,0.7014236052026429,0.6479803091544463,-0.05344329604819664,0.07537551326394301,232.04546344101786,29.0,0.2988772563636303,77.55657960660756,18.349563392881038,1248.3131362997372,-2.790180439129472
735,24,15,2924170,0.6273906312068341,0.5535075954682523,-0.07388303573858179,0.07537551326394301,232.04546344101786,29.0,0.2988772563636303,77.55657960660756,18.349563392881038,1248.3131362997372,-2.790180439129472
736,24,16,2529710,0.6549644556193434,0.6168261700429652,-0.038138285576378106,0.07537551326394301,232.04546344101786,29.0,0.2988772563636303,77.55657960660756,18.349563392881038,1248.3131362997372,-2.790180439129472
737,24,17,6290701,0.743567311566249,0.7499334186045243,0.006366107038275337,0.07537551326394301,232.04546344101786,29.0,0.2988772563636303,77.55657960660756,18.349563392881038,1248.3131362997372,-2.790180439129472
738,24,18,9861365,0.6534352811999459,0.597754426925462,-0.05568085427448388,0.07537551326394301,232.04546344101786,29.0,0.2988772563636303,77.55657960660756,18.349563392881038,1248.3131362997372,-2.790180439129472
739,24,19,1161419,0.5540491352754564,0.4183923278034617,-0.1356568074719947,0.07537551326394301,232.04546344101786,29.0,0.2988772563636303,77.55657960660756,18.349563392881038,1248.3131362997372,-2.790180439129472
740,24,20,2289204,0.7519232824434825,0.6622949573477571,-0.08962832509572538,0.07537551326394301,232.04546344101786,29.0,0.2988772563636303,77.55657960660756,18.349563392881038,1248.3131362997372,-2.790180439129472
741,24,21,8567283,0.6156183584209489,0.4773752499479949,-0.138243108472954,0.07537551326394301,232.04546344101786,29.0,0.2988772563636303,77.55657960660756,18.349563392881038,1248.3131362997372,-2.790180439129472
742,24,22,5240975,0.7901424557871916,0.8067154263905154,0.016572970603323856,0.07537551326394301,232.04546344101786,29.0,0.2988772563636303,77.55657960660756,18.349563392881038,1248.3131362997372,-2.790180439129472
743,24,23,4058119,0.695809873244026,0.7012387280466824,0.005428854802656424,0.07537551326394301,232.04546344101786,29.0,0.2988772563636303,77.55657960660756,18.349563392881038,1248.3131362997372,-2.790180439129472
744,24,24,4986614,0.7005654770149291,0.6297274599184037,-0.07083801709652537,0.07537551326394301,232.04546344101786,29.0,0.2988772563636303,77.55657960660756,18.349563392881038,1248.3131362997372,-2.790180439129472
745,24,25,6186568,0.6256360404839343,0.5925964045458473,-0.03303963593808701,0.07537551326394301,232.04546344101786,29.0,0.2988772563636303,77.55657960660756,18.349563392881038,1248.3131362997372,-2.790180439129472
746,24,26,7621078,0.6657202837991314,0.675239875794855,0.009519591995723609,0.07537551326394301,232.04546344101786,29.0,0.2988772563636303,77.55657960660756,18.349563392881038,1248.3131362997372,-2.790180439129472
747,24,27,1360099,0.7239362164795626,0.6363121652840227,-0.08762405119553995,0.07537551326394301,232.04546344101786,29.0,0.2988772563636303,77.55657960660756,18.349563392881038,1248.3131362997372,-2.790180439129472
748,24,28,232003,0.5751549537231488,0.48205829067759215,-0.0930966630455567,0.07537551326394301,232.04546344101786,29.0,0.2988772563636303,77.55657960660756,18.349563392881038,1248.3131362997372,-2.790180439129472
749,24,29,8914870,0.6378736109774245,0.503014007367736,-0.1348596036096884,0.07537551326394301,232.04546344101786,29.0,0.2988772563636303,77.55657960660756,18.349563392881038,1248.3131362997372,-2.790180439129472
750,25,0,3225228,0.7818120817771648,0.773530552562459,-0.008281529214705818,0.030345649966806897,205.17791269197429,44.0,0.20770500022917987,23.1493638176471,34.76220520801522,1017.3962191231344,-0.7758746948093176
751,25,1,7005739,0.7109615933181014,0.6947623449567505,-0.016199248361350893,0.030345649966806897,205.17791269197429,44.0,0.20770500022917987,23.1493638176471,34.76220520801522,1017.3962191231344,-0.7758746948093176
752,25,2,9301927,0.7554709537453473,0.7547046832316924,-0.0007662705136549652,0.030345649966806897,205.17791269197429,44.0,0.20770500022917987,23.1493638176471,34.76220520801522,1017.3962191231344,-0.7758746948093176
753,25,3,621504,0.7173517992196019,0.7058995813792965,-0.011452217840305368,0.030345649966806897,205.17791269197429,44.0,0.20770500022917987,23.1493638176471,34.76220520801522,1017.3962191231344,-0.7758746948093176
754,25,4,1593157,0.7296223135315281,0.7150424861468533,-0.014579827384674782,0.030345649966806897,205.17791269197429,44.0,0.20770500022917987,23.1493638176471,34.76220520801522,1017.3962191231344,-0.7758746948093176
755,25,5,7851696,0.734256024696308,0.717751544517506,-0.016504480178802017,0.030345649966806897,205.17791269197429,44.0,0.20770500022917987,23.1493638176471,34.76220520801522,1017.3962191231344,-0.7758746948093176
756,25,6,5799740,0.7200061280704482,0.7170595099340747,-0.0029466181363734245,0.030345649966806897,205.17791269197429,44.0,0.20770500022917987,23.1493638176471,34.76220520801522,1017.3962191231344,-0.7758746948093176
757,25,7,4597342,0.7354445218009829,0.7185978541535427,-0.01684666764744014,0.030345649966806897,205.17791269197429,44.0,0.20770500022917987,23.1493638176471,34.76220520801522,1017.3962191231344,-0.7758746948093176
758,25,8,4295983,0.7376594256557995,0.7282453000091437,-0.00941412564665578,0.030345649966806897,205.17791269197429,44.0,0.20770500022917987,23.1493638176471,34.76220520801522,1017.3962191231344,-0.7758746948093176
759,25,9,5476400,0.7576029807234763,0.7544553959059536,-0.0031475848175227528,0.030345649966806897,205.17791269197429,44.0,0.20770500022917987,23.1493638176471,34.76220520801522,1017.3962191231344,-0.7758746948093176
760,25,10,8175648,0.7837796966781488,0.7715105069193673,-0.012269189758781551,0.030345649966806897,205.17791269197429,44.0,0.20770500022917987,23.1493638176471,34.76220520801522,1017.3962191231344,-0.7758746948093176
761,25,11,1895126,0.729294869196641,0.7205045606025752,-0.008790308594065821,0.030345649966806897,205.17791269197429,44.0,0.20770500022917987,23.1493638176471,34.76220520801522,1017.3962191231344,-0.7758746948093176
762,25,12,923174,0.758308350129915,0.7475982971952839,-0.01071005293463112,0.030345649966806897,205.17791269197429,44.0,0.20770500022917987,23.1493638176471,34.76220520801522,1017.3962191231344,-0.7758746948093176
763,25,13,9625558,0.7796691007615562,0.770025080155536,-0.00964402060602021,0.030345649966806897,205.17791269197429,44.0,0.20770500022917987,23.1493638176471,34.76220520801522,1017.3962191231344,-0.7758746948093176
764,25,14,6682717,0.7525579504503874,0.7531633237503254,0.000605373299937928,0.030345649966806897,205.17791269197429,44.0,0.20770500022917987,23.1493638176471,34.76220520801522,1017.3962191231344,-0.7758746948093176
765,25,15,2924170,0.7183647290368319,0.7103950349856514,-0.007969694051180531,0.030345649966806897,205.17791269197429,44.0,0.20770500022917987,23.1493638176471,34.76220520801522,1017.3962191231344,-0.7758746948093176
766,25,16,2529710,0.7333197593012952,0.7291483607432111,-0.004171398558084127,0.030345649966806897,205.17791269197429,44.0,0.20770500022917987,23.1493638176471,34.76220520801522,1017.3962191231344,-0.7758746948093176
767,25,17,6290701,0.7114781859522717,0.6985535173350047,-0.012924668617267043,0.030345649966806897,205.17791269197429,44.0,0.20770500022917987,23.1493638176471,34.76220520801522,1017.3962191231344,-0.7758746948093176
768,25,18,9861365,0.7245916818576927,0.7154174790457555,-0.00917420281193726,0.030345649966806897,205.17791269197429,44.0,0.20770500022917987,23.1493638176471,34.76220520801522,1017.3962191231344,-0.7758746948093176
769,25,19,1161419,0.7369913783605082,0.7295482178658087,-0.007443160494699508,0.030345649966806897,205.17791269197429,44.0,0.20770500022917987,23.1493638176471,34.76220520801522,1017.3962191231344,-0.7758746948093176
770,25,20,2289204,0.7598967513827637,0.760771857144519,0.0008751057617553126,0.030345649966806897,205.17791269197429,44.0,0.20770500022917987,23.1493638176471,34.76220520801522,1017.3962191231344,-0.7758746948093176
771,25,21,8567283,0.7731751993222301,0.7558021900914335,-0.017373009230796654,0.030345649966806897,205.17791269197429,44.0,0.20770500022917987,23.1493638176471,34.76220520801522,1017.3962191231344,-0.7758746948093176
772,25,22,5240975,0.7504801218780922,0.7481065282853251,-0.0023735935927671203,0.030345649966806897,205.17791269197429,44.0,0.20770500022917987,23.1493638176471,34.76220520801522,1017.3962191231344,-0.7758746948093176
773,25,23,4058119,0.7185178130899111,0.6976073046678429,-0.020910508422068208,0.030345649966806897,205.17791269197429,44.0,0.20770500022917987,23.1493638176471,34.76220520801522,1017.3962191231344,-0.7758746948093176
774,25,24,4986614,0.7115255087138358,0.6963797570199816,-0.015145751693854237,0.030345649966806897,205.17791269197429,44.0,0.20770500022917987,23.1493638176471,34.76220520801522,1017.3962191231344,-0.7758746948093176
775,25,25,6186568,0.7418966498437021,0.7352804570227957,-0.006616192820906419,0.030345649966806897,205.17791269197429,44.0,0.20770500022917987,23.1493638176471,34.76220520801522,1017.3962191231344,-0.7758746948093176
776,25,26,7621078,0.6777576837835098,0.6656573344051929,-0.012100349378316833,0.030345649966806897,205.17791269197429,44.0,0.20770500022917987,23.1493638176471,34.76220520801522,1017.3962191231344,-0.7758746948093176
777,25,27,1360099,0.7415847185686458,0.7303847339579843,-0.011199984610661518,0.030345649966806897,205.17791269197429,44.0,0.20770500022917987,23.1493638176471,34.76220520801522,1017.3962191231344,-0.7758746948093176
778,25,28,232003,0.7523198897664698,0.7351301193737861,-0.017189770392683656,0.030345649966806897,205.17791269197429,44.0,0.20770500022917987,23.1493638176471,34.76220520801522,1017.3962191231344,-0.7758746948093176
779,25,29,8914870,0.7585558872182612,0.7413475595957668,-0.017208327622494357,0.030345649966806897,205.17791269197429,44.0,0.20770500022917987,23.1493638176471,34.76220520801522,1017.3962191231344,-0.7758746948093176
780,26,0,3225228,0.7959482271605324,0.7842390924695049,-0.011709134691027523,0.029866126648785418,129.70702434038523,41.0,0.12085072435438633,74.91714344359934,14.164935806835686,1068.3602418417113,0.016210617497563362
781,26,1,7005739,0.7954385683632748,0.7986900066786321,0.0032514383153573467,0.029866126648785418,129.70702434038523,41.0,0.12085072435438633,74.91714344359934,14.164935806835686,1068.3602418417113,0.016210617497563362
782,26,2,9301927,0.8033569487847951,0.8068461973471949,0.0034892485623997382,0.029866126648785418,129.70702434038523,41.0,0.12085072435438633,74.91714344359934,14.164935806835686,1068.3602418417113,0.016210617497563362
783,26,3,621504,0.7590750267713176,0.7413851066281498,-0.017689920143167726,0.029866126648785418,129.70702434038523,41.0,0.12085072435438633,74.91714344359934,14.164935806835686,1068.3602418417113,0.016210617497563362
784,26,4,1593157,0.7808399681813007,0.7679076633950804,-0.012932304786220317,0.029866126648785418,129.70702434038523,41.0,0.12085072435438633,74.91714344359934,14.164935806835686,1068.3602418417113,0.016210617497563362
785,26,5,7851696,0.8237351554302784,0.8105563850646175,-0.013178770365660952,0.029866126648785418,129.70702434038523,41.0,0.12085072435438633,74.91714344359934,14.164935806835686,1068.3602418417113,0.016210617497563362
786,26,6,5799740,0.7797224881038319,0.7991428110989126,0.019420322995080674,0.029866126648785418,129.70702434038523,41.0,0.12085072435438633,74.91714344359934,14.164935806835686,1068.3602418417113,0.016210617497563362
787,26,7,4597342,0.7823167160209612,0.7828136557702409,0.0004969397492796679,0.029866126648785418,129.70702434038523,41.0,0.12085072435438633,74.91714344359934,14.164935806835686,1068.3602418417113,0.016210617497563362
788,26,8,4295983,0.8159830718317387,0.8093994463314294,-0.006583625500309331,0.029866126648785418,129.70702434038523,41.0,0.12085072435438633,74.91714344359934,14.164935806835686,1068.3602418417113,0.016210617497563362
789,26,9,5476400,0.8802779514344676,0.8862485023425748,0.005970550908107164,0.029866126648785418,129.70702434038523,41.0,0.12085072435438633,74.91714344359934,14.164935806835686,1068.3602418417113,0.016210617497563362
790,26,10,8175648,0.8395146934611176,0.8403177127033805,0.0008030192422628923,0.029866126648785418,129.70702434038523,41.0,0.12085072435438633,74.91714344359934,14.164935806835686,1068.3602418417113,0.016210617497563362
791,26,11,1895126,0.8246466628737316,0.8167046962155978,-0.007941966658133737,0.029866126648785418,129.70702434038523,41.0,0.12085072435438633,74.91714344359934,14.164935806835686,1068.3602418417113,0.016210617497563362
792,26,12,923174,0.834096371969276,0.8441657151138676,0.010069343144591625,0.029866126648785418,129.70702434038523,41.0,0.12085072435438633,74.91714344359934,14.164935806835686,1068.3602418417113,0.016210617497563362
793,26,13,9625558,0.8132443073224916,0.7978713393155331,-0.015372968006958532,0.029866126648785418,129.70702434038523,41.0,0.12085072435438633,74.91714344359934,14.164935806835686,1068.3602418417113,0.016210617497563362
794,26,14,6682717,0.7919922101726369,0.7849494580368445,-0.007042752135792418,0.029866126648785418,129.70702434038523,41.0,0.12085072435438633,74.91714344359934,14.164935806835686,1068.3602418417113,0.016210617497563362
795,26,15,2924170,0.8041599328122458,0.804144278063163,-1.565474908282738e-05,0.029866126648785418,129.70702434038523,41.0,0.12085072435438633,74.91714344359934,14.164935806835686,1068.3602418417113,0.016210617497563362
796,26,16,2529710,0.7962119433511731,0.7999668218111468,0.0037548784599736873,0.029866126648785418,129.70702434038523,41.0,0.12085072435438633,74.91714344359934,14.164935806835686,1068.3602418417113,0.016210617497563362
797,26,17,6290701,0.753136937312156,0.7544881821522558,0.0013512448400997412,0.029866126648785418,129.70702434038523,41.0,0.12085072435438633,74.91714344359934,14.164935806835686,1068.3602418417113,0.016210617497563362
798,26,18,9861365,0.8099473414798031,0.8017225130445361,-0.008224828435266951,0.029866126648785418,129.70702434038523,41.0,0.12085072435438633,74.91714344359934,14.164935806835686,1068.3602418417113,0.016210617497563362
799,26,19,1161419,0.7963215261640877,0.7787469312453046,-0.017574594918783104,0.029866126648785418,129.70702434038523,41.0,0.12085072435438633,74.91714344359934,14.164935806835686,1068.3602418417113,0.016210617497563362
800,26,20,2289204,0.7908610950474114,0.7934691359740816,0.0026080409266702187,0.029866126648785418,129.70702434038523,41.0,0.12085072435438633,74.91714344359934,14.164935806835686,1068.3602418417113,0.016210617497563362
801,26,21,8567283,0.7924823733404948,0.8013733615976879,0.008890988257193144,0.029866126648785418,129.70702434038523,41.0,0.12085072435438633,74.91714344359934,14.164935806835686,1068.3602418417113,0.016210617497563362
802,26,22,5240975,0.8046520992305954,0.8071518642008507,0.0024997649702552804,0.029866126648785418,129.70702434038523,41.0,0.12085072435438633,74.91714344359934,14.164935806835686,1068.3602418417113,0.016210617497563362
803,26,23,4058119,0.822334560657622,0.8217631597766324,-0.0005714008809896143,0.029866126648785418,129.70702434038523,41.0,0.12085072435438633,74.91714344359934,14.164935806835686,1068.3602418417113,0.016210617497563362
804,26,24,4986614,0.7601088618590692,0.7371386039748752,-0.022970257884194045,0.029866126648785418,129.70702434038523,41.0,0.12085072435438633,74.91714344359934,14.164935806835686,1068.3602418417113,0.016210617497563362
805,26,25,6186568,0.8175333006942354,0.8284841528246674,0.01095085213043201,0.029866126648785418,129.70702434038523,41.0,0.12085072435438633,74.91714344359934,14.164935806835686,1068.3602418417113,0.016210617497563362
806,26,26,7621078,0.8457749548041786,0.8466535537350417,0.0008785989308630615,0.029866126648785418,129.70702434038523,41.0,0.12085072435438633,74.91714344359934,14.164935806835686,1068.3602418417113,0.016210617497563362
807,26,27,1360099,0.8386234924080728,0.8400110537883415,0.0013875613802687425,0.029866126648785418,129.70702434038523,41.0,0.12085072435438633,74.91714344359934,14.164935806835686,1068.3602418417113,0.016210617497563362
808,26,28,232003,0.7715473251422796,0.7540251653850344,-0.017522159757245248,0.029866126648785418,129.70702434038523,41.0,0.12085072435438633,74.91714344359934,14.164935806835686,1068.3602418417113,0.016210617497563362
809,26,29,8914870,0.8541659676960001,0.8553171600865854,0.001151192390585365,0.029866126648785418,129.70702434038523,41.0,0.12085072435438633,74.91714344359934,14.164935806835686,1068.3602418417113,0.016210617497563362
810,27,0,3225228,0.6234919136317962,0.6155542848651129,-0.007937628766683358,0.016749028299979214,152.7403396032269,50.0,0.15653371661901475,91.60327795892954,16.325733952688232,1048.5982172128001,1.4409676976501942
811,27,1,7005739,0.6333119970507726,0.62564501149249,-0.007666985558282602,0.016749028299979214,152.7403396032269,50.0,0.15653371661901475,91.60327795892954,16.325733952688232,1048.5982172128001,1.4409676976501942
812,27,2,9301927,0.6187821793171451,0.6116842315370311,-0.007097947780113967,0.016749028299979214,152.7403396032269,50.0,0.15653371661901475,91.60327795892954,16.325733952688232,1048.5982172128001,1.4409676976501942
813,27,3,621504,0.6429399905287843,0.6308341191795823,-0.012105871349201935,0.016749028299979214,152.7403396032269,50.0,0.15653371661901475,91.60327795892954,16.325733952688232,1048.5982172128001,1.4409676976501942
814,27,4,1593157,0.6812780266267807,0.6753113735863971,-0.005966653040383574,0.016749028299979214,152.7403396032269,50.0,0.15653371661901475,91.60327795892954,16.325733952688232,1048.5982172128001,1.4409676976501942
815,27,5,7851696,0.6696255605099739,0.6623247421640425,-0.007300818345931437,0.016749028299979214,152.7403396032269,50.0,0.15653371661901475,91.60327795892954,16.325733952688232,1048.5982172128001,1.4409676976501942
816,27,6,5799740,0.5074875526404505,0.509806812417623,0.002319259777172511,0.016749028299979214,152.7403396032269,50.0,0.15653371661901475,91.60327795892954,16.325733952688232,1048.5982172128001,1.4409676976501942
817,27,7,4597342,0.5460665499880765,0.5324193061782319,-0.013647243809844611,0.016749028299979214,152.7403396032269,50.0,0.15653371661901475,91.60327795892954,16.325733952688232,1048.5982172128001,1.4409676976501942
818,27,8,4295983,0.6388485846118034,0.6302965245851577,-0.008552060026645658,0.016749028299979214,152.7403396032269,50.0,0.15653371661901475,91.60327795892954,16.325733952688232,1048.5982172128001,1.4409676976501942
819,27,9,5476400,0.6173965197355191,0.6152996871432449,-0.0020968325922742226,0.016749028299979214,152.7403396032269,50.0,0.15653371661901475,91.60327795892954,16.325733952688232,1048.5982172128001,1.4409676976501942
820,27,10,8175648,0.6651618032757527,0.6635934892466094,-0.0015683140291432585,0.016749028299979214,152.7403396032269,50.0,0.15653371661901475,91.60327795892954,16.325733952688232,1048.5982172128001,1.4409676976501942
821,27,11,1895126,0.63858248989035,0.6359523925723723,-0.0026300973179776976,0.016749028299979214,152.7403396032269,50.0,0.15653371661901475,91.60327795892954,16.325733952688232,1048.5982172128001,1.4409676976501942
822,27,12,923174,0.5646501321982006,0.563199759588441,-0.0014503726097595537,0.016749028299979214,152.7403396032269,50.0,0.15653371661901475,91.60327795892954,16.325733952688232,1048.5982172128001,1.4409676976501942
823,27,13,9625558,0.5948662709142182,0.5870906571006406,-0.007775613813577609,0.016749028299979214,152.7403396032269,50.0,0.15653371661901475,91.60327795892954,16.325733952688232,1048.5982172128001,1.4409676976501942
824,27,14,6682717,0.6588591769011788,0.6523776906689447,-0.006481486232234102,0.016749028299979214,152.7403396032269,50.0,0.15653371661901475,91.60327795892954,16.325733952688232,1048.5982172128001,1.4409676976501942
825,27,15,2924170,0.6141743805894025,0.606885241312933,-0.0072891392764695695,0.016749028299979214,152.7403396032269,50.0,0.15653371661901475,91.60327795892954,16.325733952688232,1048.5982172128001,1.4409676976501942
826,27,16,2529710,0.6391225495875879,0.6339146428101355,-0.005207906777452309,0.016749028299979214,152.7403396032269,50.0,0.15653371661901475,91.60327795892954,16.325733952688232,1048.5982172128001,1.4409676976501942
827,27,17,6290701,0.6119368785036506,0.601190379890333,-0.010746498613317668,0.016749028299979214,152.7403396032269,50.0,0.15653371661901475,91.60327795892954,16.325733952688232,1048.5982172128001,1.4409676976501942
828,27,18,9861365,0.6419570672789053,0.6357327639175255,-0.0062243033613798016,0.016749028299979214,152.7403396032269,50.0,0.15653371661901475,91.60327795892954,16.325733952688232,1048.5982172128001,1.4409676976501942
829,27,19,1161419,0.6628808621085569,0.6518384834261648,-0.011042378682392107,0.016749028299979214,152.7403396032269,50.0,0.15653371661901475,91.60327795892954,16.325733952688232,1048.5982172128001,1.4409676976501942
830,27,20,2289204,0.6119097252152967,0.609119907310802,-0.002789817904494729,0.016749028299979214,152.7403396032269,50.0,0.15653371661901475,91.60327795892954,16.325733952688232,1048.5982172128001,1.4409676976501942
831,27,21,8567283,0.5626461848669657,0.5551093172208521,-0.00753686764611361,0.016749028299979214,152.7403396032269,50.0,0.15653371661901475,91.60327795892954,16.325733952688232,1048.5982172128001,1.4409676976501942
832,27,22,5240975,0.5762209417213123,0.5717732614192602,-0.004447680302052115,0.016749028299979214,152.7403396032269,50.0,0.15653371661901475,91.60327795892954,16.325733952688232,1048.5982172128001,1.4409676976501942
833,27,23,4058119,0.5361895780522002,0.5252549033159528,-0.01093467473624743,0.016749028299979214,152.7403396032269,50.0,0.15653371661901475,91.60327795892954,16.325733952688232,1048.5982172128001,1.4409676976501942
834,27,24,4986614,0.5774127910218854,0.5729472681431884,-0.004465522878696948,0.016749028299979214,152.7403396032269,50.0,0.15653371661901475,91.60327795892954,16.325733952688232,1048.5982172128001,1.4409676976501942
835,27,25,6186568,0.584822569032982,0.5823449456354225,-0.002477623397559525,0.016749028299979214,152.7403396032269,50.0,0.15653371661901475,91.60327795892954,16.325733952688232,1048.5982172128001,1.4409676976501942
836,27,26,7621078,0.5012025647945711,0.4962848343312889,-0.004917730463282255,0.016749028299979214,152.7403396032269,50.0,0.15653371661901475,91.60327795892954,16.325733952688232,1048.5982172128001,1.4409676976501942
837,27,27,1360099,0.6464439917209113,0.6427896916183085,-0.0036543001026028143,0.016749028299979214,152.7403396032269,50.0,0.15653371661901475,91.60327795892954,16.325733952688232,1048.5982172128001,1.4409676976501942
838,27,28,232003,0.5734953140421393,0.5656889302146709,-0.007806383827468344,0.016749028299979214,152.7403396032269,50.0,0.15653371661901475,91.60327795892954,16.325733952688232,1048.5982172128001,1.4409676976501942
839,27,29,8914870,0.6024491622530305,0.5910025895035289,-0.01144657274950156,0.016749028299979214,152.7403396032269,50.0,0.15653371661901475,91.60327795892954,16.325733952688232,1048.5982172128001,1.4409676976501942
840,28,0,3225228,0.8128700503065882,0.8329295604006809,0.02005951009409268,0.033631050438433854,223.51378686700505,36.0,0.27124152388423683,51.437136605381966,29.718091024717094,1127.6986769787854,-0.6753600127995014
841,28,1,7005739,0.5955434579868223,0.5741873731082396,-0.02135608487858265,0.033631050438433854,223.51378686700505,36.0,0.27124152388423683,51.437136605381966,29.718091024717094,1127.6986769787854,-0.6753600127995014
842,28,2,9301927,0.7110022600941587,0.7292373001006365,0.0182350400064778,0.033631050438433854,223.51378686700505,36.0,0.27124152388423683,51.437136605381966,29.718091024717094,1127.6986769787854,-0.6753600127995014
843,28,3,621504,0.5910126530178578,0.5877400454761419,-0.0032726075417158773,0.033631050438433854,223.51378686700505,36.0,0.27124152388423683,51.437136605381966,29.718091024717094,1127.6986769787854,-0.6753600127995014
844,28,4,1593157,0.5753074164570438,0.5574220683692852,-0.017885348087758546,0.033631050438433854,223.51378686700505,36.0,0.27124152388423683,51.437136605381966,29.718091024717094,1127.6986769787854,-0.6753600127995014
845,28,5,7851696,0.6344412264309346,0.6240067482565229,-0.010434478174411677,0.033631050438433854,223.51378686700505,36.0,0.27124152388423683,51.437136605381966,29.718091024717094,1127.6986769787854,-0.6753600127995014
846,28,6,5799740,0.7871347268599809,0.8099817404652104,0.02284701360522956,0.033631050438433854,223.51378686700505,36.0,0.27124152388423683,51.437136605381966,29.718091024717094,1127.6986769787854,-0.6753600127995014
847,28,7,4597342,0.6068097299516961,0.5867052712111696,-0.020104458740526576,0.033631050438433854,223.51378686700505,36.0,0.27124152388423683,51.437136605381966,29.718091024717094,1127.6986769787854,-0.6753600127995014
848,28,8,4295983,0.7432150731598568,0.7437230057608388,0.0005079326009820306,0.033631050438433854,223.51378686700505,36.0,0.27124152388423683,51.437136605381966,29.718091024717094,1127.6986769787854,-0.6753600127995014
849,28,9,5476400,0.6503910187957983,0.6493855323021189,-0.001005486493679375,0.033631050438433854,223.51378686700505,36.0,0.27124152388423683,51.437136605381966,29.718091024717094,1127.6986769787854,-0.6753600127995014
850,28,10,8175648,0.8328164285881484,0.8548063010769291,0.021989872488780704,0.033631050438433854,223.51378686700505,36.0,0.27124152388423683,51.437136605381966,29.718091024717094,1127.6986769787854,-0.6753600127995014
851,28,11,1895126,0.7068268227626119,0.7134739679792653,0.006647145216653438,0.033631050438433854,223.51378686700505,36.0,0.27124152388423683,51.437136605381966,29.718091024717094,1127.6986769787854,-0.6753600127995014
852,28,12,923174,0.833035250041872,0.8512508992201903,0.018215649178318305,0.033631050438433854,223.51378686700505,36.0,0.27124152388423683,51.437136605381966,29.718091024717094,1127.6986769787854,-0.6753600127995014
853,28,13,9625558,0.7997534902761617,0.8127941789016447,0.013040688625483021,0.033631050438433854,223.51378686700505,36.0,0.27124152388423683,51.437136605381966,29.718091024717094,1127.6986769787854,-0.6753600127995014
854,28,14,6682717,0.8354703457316782,0.8388314321745627,0.0033610864428844645,0.033631050438433854,223.51378686700505,36.0,0.27124152388423683,51.437136605381966,29.718091024717094,1127.6986769787854,-0.6753600127995014
855,28,15,2924170,0.6504919218245518,0.6378980594116873,-0.012593862412864532,0.033631050438433854,223.51378686700505,36.0,0.27124152388423683,51.437136605381966,29.718091024717094,1127.6986769787854,-0.6753600127995014
856,28,16,2529710,0.628203555838706,0.6151299765361846,-0.013073579302521399,0.033631050438433854,223.51378686700505,36.0,0.27124152388423683,51.437136605381966,29.718091024717094,1127.6986769787854,-0.6753600127995014
857,28,17,6290701,0.7060576460595988,0.7050819828412112,-0.0009756632183876013,0.033631050438433854,223.51378686700505,36.0,0.27124152388423683,51.437136605381966,29.718091024717094,1127.6986769787854,-0.6753600127995014
858,28,18,9861365,0.7720031030046547,0.776082997556327,0.004079894551672347,0.033631050438433854,223.51378686700505,36.0,0.27124152388423683,51.437136605381966,29.718091024717094,1127.6986769787854,-0.6753600127995014
859,28,19,1161419,0.6877622803785739,0.6630781781675242,-0.024684102211049663,0.033631050438433854,223.51378686700505,36.0,0.27124152388423683,51.437136605381966,29.718091024717094,1127.6986769787854,-0.6753600127995014
860,28,20,2289204,0.6050528303025745,0.5792289167393699,-0.02582391356320457,0.033631050438433854,223.51378686700505,36.0,0.27124152388423683,51.437136605381966,29.718091024717094,1127.6986769787854,-0.6753600127995014
861,28,21,8567283,0.6422786361100636,0.6469284788689645,0.004649842758900902,0.033631050438433854,223.51378686700505,36.0,0.27124152388423683,51.437136605381966,29.718091024717094,1127.6986769787854,-0.6753600127995014
862,28,22,5240975,0.7657565853452347,0.7840795522639913,0.018322966918756567,0.033631050438433854,223.51378686700505,36.0,0.27124152388423683,51.437136605381966,29.718091024717094,1127.6986769787854,-0.6753600127995014
863,28,23,4058119,0.7974534622865637,0.8075207311239395,0.010067268837375853,0.033631050438433854,223.51378686700505,36.0,0.27124152388423683,51.437136605381966,29.718091024717094,1127.6986769787854,-0.6753600127995014
864,28,24,4986614,0.723142363063364,0.7232967050591975,0.00015434199583352903,0.033631050438433854,223.51378686700505,36.0,0.27124152388423683,51.437136605381966,29.718091024717094,1127.6986769787854,-0.6753600127995014
865,28,25,6186568,0.7055609244983512,0.7156112900184827,0.010050365520131499,0.033631050438433854,223.51378686700505,36.0,0.27124152388423683,51.437136605381966,29.718091024717094,1127.6986769787854,-0.6753600127995014
866,28,26,7621078,0.7481236555594188,0.7597493308566172,0.011625675297198379,0.033631050438433854,223.51378686700505,36.0,0.27124152388423683,51.437136605381966,29.718091024717094,1127.6986769787854,-0.6753600127995014
867,28,27,1360099,0.7969532565639755,0.8022503630577867,0.00529710649381121,0.033631050438433854,223.51378686700505,36.0,0.27124152388423683,51.437136605381966,29.718091024717094,1127.6986769787854,-0.6753600127995014
868,28,28,232003,0.7152947567317295,0.7112643052300742,-0.004030451501655263,0.033631050438433854,223.51378686700505,36.0,0.27124152388423683,51.437136605381966,29.718091024717094,1127.6986769787854,-0.6753600127995014
869,28,29,8914870,0.6953311424502534,0.6992800381677944,0.003948895717540979,0.033631050438433854,223.51378686700505,36.0,0.27124152388423683,51.437136605381966,29.718091024717094,1127.6986769787854,-0.6753600127995014
870,29,0,3225228,0.6715449655570106,0.6750082371975893,0.003463271640578691,0.04017377929119033,268.7976169218203,55.0,0.23475555293262004,60.827871561050415,21.900014733242934,884.992562001248,-1.752508319914341
871,29,1,7005739,0.5834907247795954,0.5897201475128899,0.006229422733294521,0.04017377929119033,268.7976169218203,55.0,0.23475555293262004,60.827871561050415,21.900014733242934,884.992562001248,-1.752508319914341
872,29,2,9301927,0.6332836743849592,0.6289764357838884,-0.004307238601070851,0.04017377929119033,268.7976169218203,55.0,0.23475555293262004,60.827871561050415,21.900014733242934,884.992562001248,-1.752508319914341
873,29,3,621504,0.6051975042065755,0.6135855012317806,0.008387997025205096,0.04017377929119033,268.7976169218203,55.0,0.23475555293262004,60.827871561050415,21.900014733242934,884.992562001248,-1.752508319914341
874,29,4,1593157,0.6586579446282014,0.6961395038987513,0.03748155927054997,0.04017377929119033,268.7976169218203,55.0,0.23475555293262004,60.827871561050415,21.900014733242934,884.992562001248,-1.752508319914341
875,29,5,7851696,0.6085268723314186,0.630977906924447,0.02245103459302844,0.04017377929119033,268.7976169218203,55.0,0.23475555293262004,60.827871561050415,21.900014733242934,884.992562001248,-1.752508319914341
876,29,6,5799740,0.6876385911232528,0.7010795494752677,0.013440958352014976,0.04017377929119033,268.7976169218203,55.0,0.23475555293262004,60.827871561050415,21.900014733242934,884.992562001248,-1.752508319914341
877,29,7,4597342,0.7371084891128752,0.7187871594429395,-0.018321329669935715,0.04017377929119033,268.7976169218203,55.0,0.23475555293262004,60.827871561050415,21.900014733242934,884.992562001248,-1.752508319914341
878,29,8,4295983,0.7695411727065383,0.7694676007369612,-7.35719695771353e-05,0.04017377929119033,268.7976169218203,55.0,0.23475555293262004,60.827871561050415,21.900014733242934,884.992562001248,-1.752508319914341
879,29,9,5476400,0.7201336698821723,0.7314068683244833,0.011273198442311005,0.04017377929119033,268.7976169218203,55.0,0.23475555293262004,60.827871561050415,21.900014733242934,884.992562001248,-1.752508319914341
880,29,10,8175648,0.6759767308501495,0.6764995237297163,0.0005227928795668024,0.04017377929119033,268.7976169218203,55.0,0.23475555293262004,60.827871561050415,21.900014733242934,884.992562001248,-1.752508319914341
881,29,11,1895126,0.7515154436166601,0.7352649741049527,-0.01625046951170739,0.04017377929119033,268.7976169218203,55.0,0.23475555293262004,60.827871561050415,21.900014733242934,884.992562001248,-1.752508319914341
882,29,12,923174,0.7561464723561914,0.7510903122011446,-0.0050561601550467294,0.04017377929119033,268.7976169218203,55.0,0.23475555293262004,60.827871561050415,21.900014733242934,884.992562001248,-1.752508319914341
883,29,13,9625558,0.7627718140789229,0.7696429376544254,0.006871123575502458,0.04017377929119033,268.7976169218203,55.0,0.23475555293262004,60.827871561050415,21.900014733242934,884.992562001248,-1.752508319914341
884,29,14,6682717,0.7330348496527688,0.7334137649557667,0.00037891530299793974,0.04017377929119033,268.7976169218203,55.0,0.23475555293262004,60.827871561050415,21.900014733242934,884.992562001248,-1.752508319914341
885,29,15,2924170,0.6611663652081579,0.6711186360582312,0.00995227085007333,0.04017377929119033,268.7976169218203,55.0,0.23475555293262004,60.827871561050415,21.900014733242934,884.992562001248,-1.752508319914341
886,29,16,2529710,0.654688336992919,0.6606425998876405,0.0059542628947215626,0.04017377929119033,268.7976169218203,55.0,0.23475555293262004,60.827871561050415,21.900014733242934,884.992562001248,-1.752508319914341
887,29,17,6290701,0.7211197498799735,0.719082248836273,-0.002037501043700485,0.04017377929119033,268.7976169218203,55.0,0.23475555293262004,60.827871561050415,21.900014733242934,884.992562001248,-1.752508319914341
888,29,18,9861365,0.6407814057728264,0.6550028571450759,0.014221451372249505,0.04017377929119033,268.7976169218203,55.0,0.23475555293262004,60.827871561050415,21.900014733242934,884.992562001248,-1.752508319914341
889,29,19,1161419,0.611530602067993,0.6138513827375799,0.0023207806695868527,0.04017377929119033,268.7976169218203,55.0,0.23475555293262004,60.827871561050415,21.900014733242934,884.992562001248,-1.752508319914341
890,29,20,2289204,0.6999606853844672,0.7012060195666123,0.0012453341821451192,0.04017377929119033,268.7976169218203,55.0,0.23475555293262004,60.827871561050415,21.900014733242934,884.992562001248,-1.752508319914341
891,29,21,8567283,0.6693998323232777,0.6713549237113511,0.001955091388073371,0.04017377929119033,268.7976169218203,55.0,0.23475555293262004,60.827871561050415,21.900014733242934,884.992562001248,-1.752508319914341
892,29,22,5240975,0.6422303947027377,0.6390275046965597,-0.0032028900061780163,0.04017377929119033,268.7976169218203,55.0,0.23475555293262004,60.827871561050415,21.900014733242934,884.992562001248,-1.752508319914341
893,29,23,4058119,0.698098519679074,0.7007159997060008,0.002617480026926855,0.04017377929119033,268.7976169218203,55.0,0.23475555293262004,60.827871561050415,21.900014733242934,884.992562001248,-1.752508319914341
894,29,24,4986614,0.5692395635022423,0.5992172569079226,0.02997769340568035,0.04017377929119033,268.7976169218203,55.0,0.23475555293262004,60.827871561050415,21.900014733242934,884.992562001248,-1.752508319914341
895,29,25,6186568,0.6223411590261989,0.628887003767709,0.006545844741510098,0.04017377929119033,268.7976169218203,55.0,0.23475555293262004,60.827871561050415,21.900014733242934,884.992562001248,-1.752508319914341
896,29,26,7621078,0.6727986251416737,0.679277056386882,0.006478431245208305,0.04017377929119033,268.7976169218203,55.0,0.23475555293262004,60.827871561050415,21.900014733242934,884.992562001248,-1.752508319914341
897,29,27,1360099,0.6595332080827638,0.6864695502034868,0.026936342120722934,0.04017377929119033,268.7976169218203,55.0,0.23475555293262004,60.827871561050415,21.900014733242934,884.992562001248,-1.752508319914341
898,29,28,232003,0.6958759390753755,0.7016141671621903,0.0057382280868147895,0.04017377929119033,268.7976169218203,55.0,0.23475555293262004,60.827871561050415,21.900014733242934,884.992562001248,-1.752508319914341
899,29,29,8914870,0.6129569892794259,0.6243267794024606,0.01136979012303474,0.04017377929119033,268.7976169218203,55.0,0.23475555293262004,60.827871561050415,21.900014733242934,884.992562001248,-1.752508319914341
900,30,0,3225228,0.7118976497895388,0.6312888435245805,-0.08060880626495837,0.09616645341420887,177.47463818876648,30.0,0.14926806483417748,14.68507718294859,22.400380494263075,1184.6751494557973,2.51784847676754
901,30,1,7005739,0.7429681402152649,0.6608328265518071,-0.08213531366345783,0.09616645341420887,177.47463818876648,30.0,0.14926806483417748,14.68507718294859,22.400380494263075,1184.6751494557973,2.51784847676754
902,30,2,9301927,0.7401936656425147,0.6428565654790437,-0.09733710016347097,0.09616645341420887,177.47463818876648,30.0,0.14926806483417748,14.68507718294859,22.400380494263075,1184.6751494557973,2.51784847676754
903,30,3,621504,0.7300937753847312,0.6504901922397348,-0.07960358314499638,0.09616645341420887,177.47463818876648,30.0,0.14926806483417748,14.68507718294859,22.400380494263075,1184.6751494557973,2.51784847676754
904,30,4,1593157,0.7292609590938565,0.6683479287456549,-0.06091303034820161,0.09616645341420887,177.47463818876648,30.0,0.14926806483417748,14.68507718294859,22.400380494263075,1184.6751494557973,2.51784847676754
905,30,5,7851696,0.7027100748880508,0.6299710602871823,-0.07273901460086851,0.09616645341420887,177.47463818876648,30.0,0.14926806483417748,14.68507718294859,22.400380494263075,1184.6751494557973,2.51784847676754
906,30,6,5799740,0.6968574331366298,0.6063705562029168,-0.09048687693371305,0.09616645341420887,177.47463818876648,30.0,0.14926806483417748,14.68507718294859,22.400380494263075,1184.6751494557973,2.51784847676754
907,30,7,4597342,0.6963360733620358,0.635636277672,-0.06069979569003581,0.09616645341420887,177.47463818876648,30.0,0.14926806483417748,14.68507718294859,22.400380494263075,1184.6751494557973,2.51784847676754
908,30,8,4295983,0.7431958387054213,0.6598572509403507,-0.08333858776507053,0.09616645341420887,177.47463818876648,30.0,0.14926806483417748,14.68507718294859,22.400380494263075,1184.6751494557973,2.51784847676754
909,30,9,5476400,0.7596185298802743,0.6680382245539876,-0.09158030532628669,0.09616645341420887,177.47463818876648,30.0,0.14926806483417748,14.68507718294859,22.400380494263075,1184.6751494557973,2.51784847676754
910,30,10,8175648,0.7435028446658448,0.652353170784475,-0.09114967388136985,0.09616645341420887,177.47463818876648,30.0,0.14926806483417748,14.68507718294859,22.400380494263075,1184.6751494557973,2.51784847676754
911,30,11,1895126,0.694322295163501,0.6201098331426778,-0.07421246202082321,0.09616645341420887,177.47463818876648,30.0,0.14926806483417748,14.68507718294859,22.400380494263075,1184.6751494557973,2.51784847676754
912,30,12,923174,0.6839418695559534,0.5876358082918911,-0.09630606126406227,0.09616645341420887,177.47463818876648,30.0,0.14926806483417748,14.68507718294859,22.400380494263075,1184.6751494557973,2.51784847676754
913,30,13,9625558,0.7176788600850302,0.634808043634409,-0.08287081645062122,0.09616645341420887,177.47463818876648,30.0,0.14926806483417748,14.68507718294859,22.400380494263075,1184.6751494557973,2.51784847676754
914,30,14,6682717,0.7116287470274614,0.6255374725242804,-0.08609127450318099,0.09616645341420887,177.47463818876648,30.0,0.14926806483417748,14.68507718294859,22.400380494263075,1184.6751494557973,2.51784847676754
915,30,15,2924170,0.7239522577225601,0.6285378380817785,-0.09541441964078157,0.09616645341420887,177.47463818876648,30.0,0.14926806483417748,14.68507718294859,22.400380494263075,1184.6751494557973,2.51784847676754
916,30,16,2529710,0.704576637818776,0.626085345732569,-0.07849129208620698,0.09616645341420887,177.47463818876648,30.0,0.14926806483417748,14.68507718294859,22.400380494263075,1184.6751494557973,2.51784847676754
917,30,17,6290701,0.7166249657605586,0.6415899257738286,-0.07503503998673,0.09616645341420887,177.47463818876648,30.0,0.14926806483417748,14.68507718294859,22.400380494263075,1184.6751494557973,2.51784847676754
918,30,18,9861365,0.7558418705933528,0.6776648406907847,-0.07817702990256814,0.09616645341420887,177.47463818876648,30.0,0.14926806483417748,14.68507718294859,22.400380494263075,1184.6751494557973,2.51784847676754
919,30,19,1161419,0.7390368243789939,0.6512531815765694,-0.08778364280242446,0.09616645341420887,177.47463818876648,30.0,0.14926806483417748,14.68507718294859,22.400380494263075,1184.6751494557973,2.51784847676754
920,30,20,2289204,0.7371455947542487,0.6551997439758694,-0.08194585077837924,0.09616645341420887,177.47463818876648,30.0,0.14926806483417748,14.68507718294859,22.400380494263075,1184.6751494557973,2.51784847676754
921,30,21,8567283,0.7328750863716901,0.6481758540747191,-0.08469923229697096,0.09616645341420887,177.47463818876648,30.0,0.14926806483417748,14.68507718294859,22.400380494263075,1184.6751494557973,2.51784847676754
922,30,22,5240975,0.715882939358017,0.6357078784224598,-0.08017506093555715,0.09616645341420887,177.47463818876648,30.0,0.14926806483417748,14.68507718294859,22.400380494263075,1184.6751494557973,2.51784847676754
923,30,23,4058119,0.7322620633562417,0.6368475858176387,-0.095414477538603,0.09616645341420887,177.47463818876648,30.0,0.14926806483417748,14.68507718294859,22.400380494263075,1184.6751494557973,2.51784847676754
924,30,24,4986614,0.6874841956458969,0.6188119247355065,-0.06867227091039041,0.09616645341420887,177.47463818876648,30.0,0.14926806483417748,14.68507718294859,22.400380494263075,1184.6751494557973,2.51784847676754
925,30,25,6186568,0.6892804225421991,0.6154418783533868,-0.0738385441888123,0.09616645341420887,177.47463818876648,30.0,0.14926806483417748,14.68507718294859,22.400380494263075,1184.6751494557973,2.51784847676754
926,30,26,7621078,0.720570040681109,0.6524762846660269,-0.06809375601508205,0.09616645341420887,177.47463818876648,30.0,0.14926806483417748,14.68507718294859,22.400380494263075,1184.6751494557973,2.51784847676754
927,30,27,1360099,0.686850362739668,0.5999257544117347,-0.08692460832793336,0.09616645341420887,177.47463818876648,30.0,0.14926806483417748,14.68507718294859,22.400380494263075,1184.6751494557973,2.51784847676754
928,30,28,232003,0.7130345829611854,0.6378447510307834,-0.07518983193040196,0.09616645341420887,177.47463818876648,30.0,0.14926806483417748,14.68507718294859,22.400380494263075,1184.6751494557973,2.51784847676754
929,30,29,8914870,0.7655235482984439,0.6756960493523908,-0.08982749894605313,0.09616645341420887,177.47463818876648,30.0,0.14926806483417748,14.68507718294859,22.400380494263075,1184.6751494557973,2.51784847676754
930,31,0,3225228,0.7167301747149665,0.7267803902092271,0.010050215494260661,0.013578705267092846,176.35942574652972,50.0,0.12389000970870256,46.77979899570346,46.67106097556939,808.8657880165803,-0.23930319026112556
931,31,1,7005739,0.7324209295942156,0.7441950566438922,0.01177412704967662,0.013578705267092846,176.35942574652972,50.0,0.12389000970870256,46.77979899570346,46.67106097556939,808.8657880165803,-0.23930319026112556
932,31,2,9301927,0.7471141160411977,0.7529846687053613,0.005870552664163586,0.013578705267092846,176.35942574652972,50.0,0.12389000970870256,46.77979899570346,46.67106097556939,808.8657880165803,-0.23930319026112556
933,31,3,621504,0.6897453794401619,0.6971119465239526,0.007366567083790687,0.013578705267092846,176.35942574652972,50.0,0.12389000970870256,46.77979899570346,46.67106097556939,808.8657880165803,-0.23930319026112556
934,31,4,1593157,0.7375713640073939,0.749994488479772,0.012423124472378144,0.013578705267092846,176.35942574652972,50.0,0.12389000970870256,46.77979899570346,46.67106097556939,808.8657880165803,-0.23930319026112556
935,31,5,7851696,0.7308836210374287,0.7440868413946812,0.01320322035725252,0.013578705267092846,176.35942574652972,50.0,0.12389000970870256,46.77979899570346,46.67106097556939,808.8657880165803,-0.23930319026112556
936,31,6,5799740,0.668503952277913,0.6747680358073761,0.00626408352946306,0.013578705267092846,176.35942574652972,50.0,0.12389000970870256,46.77979899570346,46.67106097556939,808.8657880165803,-0.23930319026112556
937,31,7,4597342,0.6681613936157713,0.6811001177186191,0.012938724102847798,0.013578705267092846,176.35942574652972,50.0,0.12389000970870256,46.77979899570346,46.67106097556939,808.8657880165803,-0.23930319026112556
938,31,8,4295983,0.7373664066726706,0.7464576355092364,0.009091228836565768,0.013578705267092846,176.35942574652972,50.0,0.12389000970870256,46.77979899570346,46.67106097556939,808.8657880165803,-0.23930319026112556
939,31,9,5476400,0.7291196294194573,0.7372562269450891,0.008136597525631784,0.013578705267092846,176.35942574652972,50.0,0.12389000970870256,46.77979899570346,46.67106097556939,808.8657880165803,-0.23930319026112556
940,31,10,8175648,0.740434695646464,0.7457861358981898,0.0053514402517257365,0.013578705267092846,176.35942574652972,50.0,0.12389000970870256,46.77979899570346,46.67106097556939,808.8657880165803,-0.23930319026112556
941,31,11,1895126,0.7128121000667158,0.7253743278504015,0.012562227783685653,0.013578705267092846,176.35942574652972,50.0,0.12389000970870256,46.77979899570346,46.67106097556939,808.8657880165803,-0.23930319026112556
942,31,12,923174,0.7566167466952375,0.7649397146140874,0.0083229679188499,0.013578705267092846,176.35942574652972,50.0,0.12389000970870256,46.77979899570346,46.67106097556939,808.8657880165803,-0.23930319026112556
943,31,13,9625558,0.7016327757765489,0.7098589817160968,0.008226205939547926,0.013578705267092846,176.35942574652972,50.0,0.12389000970870256,46.77979899570346,46.67106097556939,808.8657880165803,-0.23930319026112556
944,31,14,6682717,0.7072910875189296,0.7169679687344361,0.009676881215506583,0.013578705267092846,176.35942574652972,50.0,0.12389000970870256,46.77979899570346,46.67106097556939,808.8657880165803,-0.23930319026112556
945,31,15,2924170,0.6821768293593409,0.6907195377405296,0.008542708381188757,0.013578705267092846,176.35942574652972,50.0,0.12389000970870256,46.77979899570346,46.67106097556939,808.8657880165803,-0.23930319026112556
946,31,16,2529710,0.7181276789608864,0.7294416258936012,0.011313946932714813,0.013578705267092846,176.35942574652972,50.0,0.12389000970870256,46.77979899570346,46.67106097556939,808.8657880165803,-0.23930319026112556
947,31,17,6290701,0.727317386719162,0.7358477248655403,0.008530338146378269,0.013578705267092846,176.35942574652972,50.0,0.12389000970870256,46.77979899570346,46.67106097556939,808.8657880165803,-0.23930319026112556
948,31,18,9861365,0.6899608307696425,0.6998633381654072,0.009902507395764704,0.013578705267092846,176.35942574652972,50.0,0.12389000970870256,46.77979899570346,46.67106097556939,808.8657880165803,-0.23930319026112556
949,31,19,1161419,0.708404936504236,0.7210413910902996,0.012636454586063661,0.013578705267092846,176.35942574652972,50.0,0.12389000970870256,46.77979899570346,46.67106097556939,808.8657880165803,-0.23930319026112556
950,31,20,2289204,0.7221662179970234,0.733461977257325,0.011295759260301574,0.013578705267092846,176.35942574652972,50.0,0.12389000970870256,46.77979899570346,46.67106097556939,808.8657880165803,-0.23930319026112556
951,31,21,8567283,0.720807432912952,0.7304447029229192,0.00963727000996717,0.013578705267092846,176.35942574652972,50.0,0.12389000970870256,46.77979899570346,46.67106097556939,808.8657880165803,-0.23930319026112556
952,31,22,5240975,0.6757761682653414,0.6896464467784513,0.013870278513109957,0.013578705267092846,176.35942574652972,50.0,0.12389000970870256,46.77979899570346,46.67106097556939,808.8657880165803,-0.23930319026112556
953,31,23,4058119,0.7518389503829619,0.7619853738028154,0.0101464234198535,0.013578705267092846,176.35942574652972,50.0,0.12389000970870256,46.77979899570346,46.67106097556939,808.8657880165803,-0.23930319026112556
954,31,24,4986614,0.7355013826975327,0.7465803652899476,0.01107898259241491,0.013578705267092846,176.35942574652972,50.0,0.12389000970870256,46.77979899570346,46.67106097556939,808.8657880165803,-0.23930319026112556
955,31,25,6186568,0.7282352564558532,0.7374387395851363,0.009203483129283097,0.013578705267092846,176.35942574652972,50.0,0.12389000970870256,46.77979899570346,46.67106097556939,808.8657880165803,-0.23930319026112556
956,31,26,7621078,0.6979535266457132,0.7077525957344734,0.00979906908876016,0.013578705267092846,176.35942574652972,50.0,0.12389000970870256,46.77979899570346,46.67106097556939,808.8657880165803,-0.23930319026112556
957,31,27,1360099,0.7303159890667195,0.7404958415323034,0.01017985246558395,0.013578705267092846,176.35942574652972,50.0,0.12389000970870256,46.77979899570346,46.67106097556939,808.8657880165803,-0.23930319026112556
958,31,28,232003,0.7120238869319155,0.7193447319015314,0.007320844969615825,0.013578705267092846,176.35942574652972,50.0,0.12389000970870256,46.77979899570346,46.67106097556939,808.8657880165803,-0.23930319026112556
959,31,29,8914870,0.7458140790677783,0.7564766585541008,0.010662579486322543,0.013578705267092846,176.35942574652972,50.0,0.12389000970870256,46.77979899570346,46.67106097556939,808.8657880165803,-0.23930319026112556
